date,symbol,open,high,low,close,volume,quote_volume
2004-08-19,GOOGL,2.479,2.58,2.379,2.487,893181924,2221343444.99
2004-08-20,GOOGL,2.504,2.704,2.491,2.685,456686856,1226204208.36
2004-08-23,GOOGL,2.745,2.813,2.703,2.712,365122512,990212252.54
2004-08-24,GOOGL,2.758,2.766,2.567,2.6,304946748,792861544.8
2004-08-25,GOOGL,2.602,2.677,2.575,2.628,183772044,482952931.63
2004-08-26,GOOGL,2.602,2.676,2.594,2.675,141897960,379577043.0
2004-08-27,GOOGL,2.68,2.693,2.62,2.631,124235640,326863968.84
2004-08-30,GOOGL,2.61,2.615,2.529,2.529,103935960,262854042.84
2004-08-31,GOOGL,2.536,2.571,2.532,2.538,98357544,249631446.67
2004-09-01,GOOGL,2.546,2.553,2.471,2.485,182765052,454171154.22
2004-09-02,GOOGL,2.459,2.538,2.453,2.516,302373324,760771283.18
2004-09-03,GOOGL,2.502,2.522,2.462,2.479,103048848,255458094.19
2004-09-07,GOOGL,2.504,2.528,2.469,2.518,116950932,294482446.78
2004-09-08,GOOGL,2.497,2.554,2.491,2.536,99712188,252870108.77
2004-09-09,GOOGL,2.542,2.546,2.504,2.536,81234684,206011158.62
2004-09-10,GOOGL,2.519,2.642,2.511,2.611,173977848,454256161.13
2004-09-13,GOOGL,2.643,2.687,2.639,2.665,156882960,418093088.4
2004-09-14,GOOGL,2.664,2.776,2.647,2.764,216579204,598624919.86
2004-09-15,GOOGL,2.741,2.832,2.732,2.776,214261524,594789990.62
2004-09-16,GOOGL,2.785,2.871,2.768,2.825,185326488,523547328.6
2004-09-17,GOOGL,2.836,2.912,2.815,2.912,189450360,551679448.32
2004-09-20,GOOGL,2.899,3.014,2.895,2.959,212575212,629010052.31
2004-09-21,GOOGL,2.97,2.985,2.913,2.921,144575280,422304392.88
2004-09-22,GOOGL,2.91,2.967,2.896,2.935,151624224,445017097.44
2004-09-23,GOOGL,2.946,3.04,2.901,2.995,170713116,511285782.42
2004-09-24,GOOGL,2.998,3.076,2.969,2.97,182469348,541933963.56
2004-09-27,GOOGL,2.964,2.997,2.92,2.932,141322536,414357675.55
2004-09-28,GOOGL,3.007,3.158,2.98,3.145,338581080,1064837496.6
2004-09-29,GOOGL,3.141,3.347,3.129,3.249,610329060,1982959115.94
2004-09-30,GOOGL,3.22,3.28,3.198,3.213,275160564,884090892.13
2004-10-01,GOOGL,3.242,3.328,3.195,3.287,302497200,994308296.4
2004-10-04,GOOGL,3.353,3.393,3.322,3.348,260455284,872004290.83
2004-10-05,GOOGL,3.338,3.434,3.278,3.43,299464236,1027162329.48
2004-10-06,GOOGL,3.41,3.432,3.371,3.398,267628104,909400297.39
2004-10-07,GOOGL,3.394,3.468,3.385,3.442,282301416,971681473.87
2004-10-08,GOOGL,3.439,3.463,3.397,3.414,221390388,755826784.63
2004-10-11,GOOGL,3.396,3.442,3.318,3.353,209442348,702260192.84
2004-10-12,GOOGL,3.333,3.411,3.307,3.406,233310456,794655413.14
2004-10-13,GOOGL,3.553,3.558,3.472,3.493,395324280,1380867710.04
2004-10-14,GOOGL,3.496,3.529,3.435,3.52,208842948,735127176.96
2004-10-15,GOOGL,3.593,3.607,3.519,3.572,263895840,942635940.48
2004-10-18,GOOGL,3.55,3.699,3.5,3.698,280726992,1038128416.42
2004-10-19,GOOGL,3.731,3.778,3.653,3.667,362197440,1328178012.48
2004-10-20,GOOGL,3.67,3.693,3.461,3.483,454453092,1582860119.44
2004-10-21,GOOGL,3.58,3.722,3.511,3.703,582996420,2158835743.26
2004-10-22,GOOGL,4.228,4.466,4.067,4.274,1474200324,6300732184.78
2004-10-25,GOOGL,4.373,4.82,4.277,4.645,1309257432,6081500771.64
2004-10-26,GOOGL,4.619,4.775,4.462,4.507,891391716,4017502464.01
2004-10-27,GOOGL,4.529,4.698,4.506,4.61,533725740,2460475661.4
2004-10-28,GOOGL,4.628,4.819,4.601,4.792,593278128,2842988789.38
2004-10-29,GOOGL,4.93,4.957,4.725,4.726,845653500,3996558441.0
2004-11-01,GOOGL,4.798,4.9,4.741,4.859,488507004,2373655532.44
2004-11-02,GOOGL,4.928,4.939,4.793,4.831,453398148,2190366452.99
2004-11-03,GOOGL,4.913,4.997,4.729,4.751,554992452,2636769139.45
2004-11-04,GOOGL,4.671,4.72,4.545,4.579,575807616,2636623073.66
2004-11-05,GOOGL,4.511,4.519,4.178,4.198,792530676,3327043777.85
2004-11-08,GOOGL,4.237,4.349,4.199,4.277,447224328,1912778450.86
2004-11-09,GOOGL,4.316,4.343,4.097,4.182,442125432,1848968556.62
2004-11-10,GOOGL,4.231,4.277,4.123,4.161,425334240,1769815772.64
2004-11-11,GOOGL,4.193,4.555,4.154,4.537,598820580,2716848971.46
2004-11-12,GOOGL,4.592,4.705,4.398,4.512,669174156,3019313791.87
2004-11-15,GOOGL,4.473,4.668,4.431,4.583,475583940,2179601197.02
2004-11-16,GOOGL,4.4,4.449,4.235,4.277,835859304,3574970243.21
2004-11-17,GOOGL,4.19,4.4,4.189,4.276,724590684,3098349764.78
2004-11-18,GOOGL,4.221,4.324,4.108,4.153,664518816,2759746642.85
2004-11-19,GOOGL,4.192,4.214,4.128,4.199,350421228,1471418736.37
2004-11-22,GOOGL,4.077,4.202,3.999,4.093,494233272,2022896782.3
2004-11-23,GOOGL,4.164,4.235,4.127,4.153,496035468,2060035298.6
2004-11-24,GOOGL,4.334,4.393,4.276,4.332,610628760,2645243788.32
2004-11-26,GOOGL,4.358,4.463,4.346,4.447,258944796,1151527507.81
2004-11-29,GOOGL,4.471,4.535,4.4,4.488,426237336,1912953163.97
2004-11-30,GOOGL,4.48,4.536,4.468,4.511,307692000,1387998612.0
2004-12-01,GOOGL,4.51,4.524,4.451,4.461,314249436,1401866734.0
2004-12-02,GOOGL,4.46,4.499,4.426,4.447,250185564,1112575203.11
2004-12-03,GOOGL,4.461,4.488,4.403,4.472,234533232,1048832613.5
2004-12-06,GOOGL,4.44,4.479,4.363,4.37,249909840,1092106000.8
2004-12-07,GOOGL,4.363,4.368,4.228,4.25,274561164,1166884947.0
2004-12-08,GOOGL,4.223,4.305,4.183,4.214,301370328,1269974562.19
2004-12-09,GOOGL,4.22,4.301,4.176,4.299,305853840,1314865658.16
2004-12-10,GOOGL,4.299,4.335,4.246,4.255,172515312,734052652.56
2004-12-13,GOOGL,4.268,4.293,4.201,4.225,192551256,813529056.6
2004-12-14,GOOGL,4.239,4.433,4.204,4.43,443092464,1962899615.52
2004-12-15,GOOGL,4.412,4.479,4.379,4.457,458381160,2043004830.12
2004-12-16,GOOGL,4.386,4.474,4.362,4.375,342569088,1498739760.0
2004-12-17,GOOGL,4.382,4.474,4.377,4.464,295152552,1317560992.13
2004-12-20,GOOGL,4.512,4.672,4.508,4.586,392986620,1802236639.32
2004-12-21,GOOGL,4.618,4.657,4.546,4.555,220431348,1004064790.14
2004-12-22,GOOGL,4.559,4.632,4.537,4.618,156123720,720979338.96
2004-12-23,GOOGL,4.647,4.675,4.611,4.658,144439416,672798799.73
2004-12-27,GOOGL,4.689,4.792,4.688,4.757,243919836,1160326659.85
2004-12-28,GOOGL,4.762,4.798,4.735,4.778,165666168,791552950.7
2004-12-29,GOOGL,4.754,4.797,4.754,4.782,107016876,511754701.03
2004-12-30,GOOGL,4.784,4.914,4.756,4.898,235935828,1155613685.54
2004-12-31,GOOGL,4.939,4.955,4.773,4.779,306433260,1464444549.54
2005-01-03,GOOGL,4.893,5.048,4.845,5.025,633134232,3181499515.8
2005-01-04,GOOGL,4.993,5.03,4.796,4.821,549685764,2650035068.24
2005-01-05,GOOGL,4.795,4.881,4.765,4.797,329134536,1578858369.19
2005-01-06,GOOGL,4.836,4.856,4.653,4.674,415068516,1940030243.78
2005-01-07,GOOGL,4.726,4.815,4.68,4.805,386129484,1855352170.62
2005-01-10,GOOGL,4.821,4.911,4.755,4.835,301282416,1456700481.36
2005-01-11,GOOGL,4.849,4.901,4.789,4.798,278069652,1334178190.3
2005-01-12,GOOGL,4.817,4.857,4.722,4.843,326784888,1582619212.58
2005-01-13,GOOGL,4.843,4.893,4.81,4.842,273702024,1325265200.21
2005-01-14,GOOGL,4.859,4.958,4.812,4.957,385226388,1909567205.32
2005-01-18,GOOGL,4.982,5.082,4.925,5.055,526377096,2660836220.28
2005-01-19,GOOGL,5.073,5.089,4.876,4.891,449857692,2200253971.57
2005-01-20,GOOGL,4.772,4.865,4.76,4.807,359703936,1729096820.35
2005-01-21,GOOGL,4.822,4.843,4.663,4.667,369965664,1726629753.89
2005-01-24,GOOGL,4.677,4.693,4.47,4.48,560347092,2510354972.16
2005-01-25,GOOGL,4.51,4.518,4.37,4.391,425941632,1870309706.11
2005-01-26,GOOGL,4.444,4.695,4.441,4.691,491823684,2307144901.64
2005-01-27,GOOGL,4.679,4.682,4.591,4.662,264830904,1234641674.45
2005-01-28,GOOGL,4.71,4.826,4.619,4.718,487839672,2301627572.5
2005-01-31,GOOGL,4.801,4.868,4.753,4.849,383484132,1859514556.07
2005-02-01,GOOGL,4.819,4.875,4.726,4.757,752806440,3581100235.08
2005-02-02,GOOGL,5.343,5.374,5.049,5.106,1310660028,6692230102.97
2005-02-03,GOOGL,5.106,5.289,5.102,5.227,519004476,2712836396.05
2005-02-04,GOOGL,5.118,5.15,5.022,5.066,592179228,2999979969.05
2005-02-07,GOOGL,5.088,5.116,4.847,4.859,517897584,2516464360.66
2005-02-08,GOOGL,4.882,4.958,4.822,4.924,458740800,2258839699.2
2005-02-09,GOOGL,4.977,4.997,4.697,4.749,686173140,3258636241.86
2005-02-10,GOOGL,4.759,4.765,4.592,4.66,758548692,3534836904.72
2005-02-11,GOOGL,4.627,4.767,4.613,4.645,524115360,2434515847.2
2005-02-14,GOOGL,4.533,4.786,4.487,4.784,1540945512,7371883329.41
2005-02-15,GOOGL,4.799,4.954,4.786,4.84,1030280688,4986558529.92
2005-02-16,GOOGL,4.826,4.941,4.817,4.918,660630708,3248981821.94
2005-02-17,GOOGL,4.904,4.952,4.879,4.906,416159424,2041678134.14
2005-02-18,GOOGL,4.921,4.929,4.875,4.907,339096564,1663946839.55
2005-02-22,GOOGL,4.871,4.931,4.72,4.744,538808652,2556108245.09
2005-02-23,GOOGL,4.792,4.821,4.677,4.808,622816560,2994502020.48
2005-02-24,GOOGL,4.546,4.706,4.517,4.682,1031539428,4829667601.9
2005-02-25,GOOGL,4.689,4.708,4.599,4.608,398541060,1836477204.48
2005-02-28,GOOGL,4.611,4.707,4.607,4.66,312423264,1455892410.24
2005-03-01,GOOGL,4.692,4.704,4.512,4.612,372075552,1716012445.82
2005-03-02,GOOGL,4.61,4.652,4.57,4.59,291128580,1336280182.2
2005-03-03,GOOGL,4.614,4.654,4.569,4.636,304039656,1409527845.22
2005-03-04,GOOGL,4.628,4.642,4.588,4.608,270693036,1247353509.89
2005-03-07,GOOGL,4.655,4.7,4.636,4.68,346349304,1620914742.72
2005-03-08,GOOGL,4.688,4.706,4.585,4.591,321522156,1476108218.2
2005-03-09,GOOGL,4.566,4.577,4.466,4.496,453961584,2041011281.66
2005-03-10,GOOGL,4.487,4.492,4.398,4.462,437981580,1954273809.96
2005-03-11,GOOGL,4.473,4.486,4.391,4.408,320810868,1414134306.14
2005-03-14,GOOGL,4.421,4.422,4.278,4.338,445418136,1932223873.97
2005-03-15,GOOGL,4.346,4.462,4.319,4.428,416467116,1844116389.65
2005-03-16,GOOGL,4.38,4.428,4.338,4.353,283967748,1236111607.04
2005-03-17,GOOGL,4.391,4.453,4.358,4.444,330093576,1466935851.74
2005-03-18,GOOGL,4.433,4.472,4.42,4.463,283316400,1264441093.2
2005-03-21,GOOGL,4.444,4.516,4.394,4.484,299048652,1340934155.57
2005-03-22,GOOGL,4.491,4.51,4.409,4.427,225042732,996264174.56
2005-03-23,GOOGL,4.412,4.468,4.412,4.437,193606200,859030709.4
2005-03-24,GOOGL,4.479,4.483,4.442,4.443,148059792,657829655.86
2005-03-28,GOOGL,4.504,4.581,4.486,4.497,349170480,1570219648.56
2005-03-29,GOOGL,4.488,4.543,4.414,4.451,258661080,1151300467.08
2005-03-30,GOOGL,4.478,4.498,4.452,4.473,249194556,1114647248.99
2005-03-31,GOOGL,4.411,4.497,4.404,4.475,270473256,1210367820.6
2005-04-01,GOOGL,4.506,4.535,4.462,4.463,247032720,1102507029.36
2005-04-04,GOOGL,4.461,4.594,4.458,4.593,322732944,1482312411.79
2005-04-05,GOOGL,4.654,4.716,4.65,4.674,349118532,1631780018.57
2005-04-06,GOOGL,4.691,4.701,4.65,4.691,209893896,984612266.14
2005-04-07,GOOGL,4.68,4.824,4.676,4.803,387300312,1860203398.54
2005-04-08,GOOGL,4.801,4.836,4.746,4.761,204459336,973430898.7
2005-04-11,GOOGL,4.787,4.829,4.767,4.79,216203580,1035615148.2
2005-04-12,GOOGL,4.784,4.82,4.695,4.808,292491216,1406297766.53
2005-04-13,GOOGL,4.796,4.817,4.703,4.783,261969768,1253001400.34
2005-04-14,GOOGL,4.791,4.818,4.712,4.746,245861892,1166860539.43
2005-04-15,GOOGL,4.712,4.718,4.578,4.586,462632904,2121634497.74
2005-04-18,GOOGL,4.576,4.657,4.549,4.635,261749988,1213211194.38
2005-04-19,GOOGL,4.693,4.76,4.661,4.745,336862800,1598413986.0
2005-04-20,GOOGL,4.923,4.97,4.856,4.911,617441940,3032257367.34
2005-04-21,GOOGL,4.968,5.082,4.941,5.062,709365924,3590810307.29
2005-04-22,GOOGL,5.525,5.553,5.311,5.35,1326875796,7098785508.6
2005-04-25,GOOGL,5.4,5.571,5.392,5.541,792806400,4392940262.4
2005-04-26,GOOGL,5.459,5.503,5.411,5.423,690189120,3742895597.76
2005-04-27,GOOGL,5.404,5.475,5.373,5.448,410181408,2234668310.78
2005-04-28,GOOGL,5.441,5.505,5.397,5.44,346964688,1887487902.72
2005-04-29,GOOGL,5.501,5.509,5.4,5.454,366441192,1998570261.17
2005-05-02,GOOGL,5.504,5.545,5.459,5.51,390305304,2150582225.04
2005-05-03,GOOGL,5.499,5.656,5.486,5.607,710496792,3983755512.74
2005-05-04,GOOGL,5.633,5.699,5.627,5.664,482856660,2734900122.24
2005-05-05,GOOGL,5.667,5.667,5.599,5.627,300083616,1688570507.23
2005-05-06,GOOGL,5.662,5.683,5.614,5.652,270285444,1527653329.49
2005-05-09,GOOGL,5.652,5.664,5.588,5.603,221250528,1239666708.38
2005-05-10,GOOGL,5.589,5.647,5.571,5.647,253578168,1431955914.7
2005-05-11,GOOGL,5.676,5.751,5.65,5.733,458692848,2629686097.58
2005-05-12,GOOGL,5.722,5.757,5.657,5.67,357570072,2027422308.24
2005-05-13,GOOGL,5.681,5.729,5.635,5.683,296323380,1684005768.54
2005-05-16,GOOGL,5.694,5.742,5.666,5.728,227028744,1300420645.63
2005-05-17,GOOGL,5.715,5.787,5.706,5.779,312043644,1803300218.68
2005-05-18,GOOGL,5.791,5.949,5.789,5.929,491987520,2916994006.08
2005-05-19,GOOGL,5.958,5.978,5.907,5.929,388271340,2302060774.86
2005-05-20,GOOGL,5.979,5.991,5.941,5.989,326213460,1953692411.94
2005-05-23,GOOGL,6.028,6.398,6.017,6.332,854676468,5411811395.38
2005-05-24,GOOGL,6.37,6.58,6.284,6.346,1160562276,7364928203.5
2005-05-25,GOOGL,6.265,6.469,6.213,6.465,721593684,4665103167.06
2005-05-26,GOOGL,6.469,6.538,6.403,6.425,541322136,3477994723.8
2005-05-27,GOOGL,6.457,6.595,6.427,6.594,486876636,3210464537.78
2005-05-31,GOOGL,6.679,6.901,6.677,6.873,888582528,6107227714.94
2005-06-01,GOOGL,7.02,7.26,6.991,7.139,1406260332,10039292510.15
2005-06-02,GOOGL,7.157,7.183,7.055,7.137,718245036,5126114821.93
2005-06-03,GOOGL,7.109,7.171,6.877,6.947,750540708,5214006298.48
2005-06-06,GOOGL,7.0,7.282,6.986,7.212,900134964,6491773360.37
2005-06-07,GOOGL,7.365,7.427,7.196,7.266,971947080,7062167483.28
2005-06-08,GOOGL,7.259,7.268,6.891,6.93,1027007964,7117165190.52
2005-06-09,GOOGL,7.058,7.152,6.955,7.097,656986356,4662632168.53
2005-06-10,GOOGL,7.114,7.121,6.941,7.003,507356136,3553015020.41
2005-06-13,GOOGL,6.936,7.045,6.855,7.009,511615872,3585915646.85
2005-06-14,GOOGL,6.906,6.972,6.885,6.9,403272324,2782579035.6
2005-06-15,GOOGL,6.817,6.874,6.629,6.812,834488676,5684536860.91
2005-06-16,GOOGL,6.799,6.899,6.769,6.877,497997504,3424728835.01
2005-06-17,GOOGL,6.916,6.948,6.839,6.948,416958624,2897028519.55
2005-06-20,GOOGL,6.844,7.131,6.736,7.107,840147012,5970924814.28
2005-06-21,GOOGL,7.141,7.196,7.064,7.135,604686708,4314439661.58
2005-06-22,GOOGL,7.181,7.246,7.156,7.171,418541040,3001357797.84
2005-06-23,GOOGL,7.139,7.308,7.102,7.182,561693744,4034084469.41
2005-06-24,GOOGL,7.211,7.387,7.178,7.369,710137152,5233000673.09
2005-06-27,GOOGL,7.409,7.548,7.285,7.538,711403884,5362562477.59
2005-06-28,GOOGL,7.592,7.666,7.486,7.486,760698540,5694589270.44
2005-06-29,GOOGL,7.499,7.545,7.242,7.256,731216052,5305703673.31
2005-06-30,GOOGL,7.296,7.41,7.215,7.292,603172224,4398331857.41
2005-07-01,GOOGL,7.314,7.344,7.17,7.22,368734896,2662265949.12
2005-07-05,GOOGL,7.241,7.337,7.195,7.33,299460240,2195043559.2
2005-07-06,GOOGL,7.37,7.377,7.223,7.227,319691988,2310413997.28
2005-07-07,GOOGL,7.174,7.333,7.152,7.326,426457116,3124224831.82
2005-07-08,GOOGL,7.344,7.375,7.289,7.343,298005696,2188255825.73
2005-07-11,GOOGL,7.348,7.352,7.214,7.272,335276388,2438129893.54
2005-07-12,GOOGL,7.273,7.298,7.212,7.233,234361404,1695136035.13
2005-07-13,GOOGL,7.251,7.418,7.241,7.408,457058484,3385889249.47
2005-07-14,GOOGL,7.569,7.604,7.438,7.459,426281292,3179632157.03
2005-07-15,GOOGL,7.467,7.521,7.431,7.466,337198464,2517523732.22
2005-07-18,GOOGL,7.437,7.484,7.381,7.425,248063688,1841872883.4
2005-07-19,GOOGL,7.489,7.693,7.481,7.682,504351144,3874425488.21
2005-07-20,GOOGL,7.575,7.749,7.481,7.734,571843584,4422638278.66
2005-07-21,GOOGL,7.785,7.878,7.715,7.782,790784424,6153884387.57
2005-07-22,GOOGL,7.595,7.666,7.346,7.496,934536528,7005285813.89
2005-07-25,GOOGL,7.496,7.518,7.312,7.334,385965648,2830672062.43
2005-07-26,GOOGL,7.313,7.387,7.241,7.34,392283324,2879359598.16
2005-07-27,GOOGL,7.381,7.393,7.248,7.361,288427284,2123113237.52
2005-07-28,GOOGL,7.373,7.373,7.27,7.276,236786976,1722862037.38
2005-07-29,GOOGL,7.242,7.259,7.114,7.133,334197468,2383830539.24
2005-08-01,GOOGL,7.142,7.251,7.142,7.229,226269504,1635702244.42
2005-08-02,GOOGL,7.229,7.425,7.217,7.417,291316392,2160693679.46
2005-08-03,GOOGL,7.387,7.43,7.328,7.37,236986776,1746592539.12
2005-08-04,GOOGL,7.326,7.412,7.319,7.38,209250540,1544268985.2
2005-08-05,GOOGL,7.375,7.4,7.221,7.247,237350412,1720078435.76
2005-08-08,GOOGL,7.278,7.329,7.201,7.22,179092728,1293049496.16
2005-08-09,GOOGL,7.237,7.255,7.152,7.228,230940828,1669240304.78
2005-08-10,GOOGL,7.221,7.247,7.062,7.082,274884840,1946734436.88
2005-08-11,GOOGL,7.087,7.104,6.956,7.041,300295404,2114379939.56
2005-08-12,GOOGL,7.024,7.194,6.982,7.182,263172564,1890105354.65
2005-08-15,GOOGL,7.184,7.258,7.034,7.04,326661012,2299693524.48
2005-08-16,GOOGL,7.062,7.134,7.024,7.081,284083632,2011596198.19
2005-08-17,GOOGL,7.078,7.104,7.04,7.067,155176668,1096633512.76
2005-08-18,GOOGL,6.84,6.953,6.817,6.941,474437088,3293067827.81
2005-08-19,GOOGL,6.966,6.977,6.932,6.941,221494284,1537391825.24
2005-08-22,GOOGL,6.972,6.977,6.776,6.792,272247480,1849104884.16
2005-08-23,GOOGL,6.846,6.935,6.795,6.931,232635132,1612394099.89
2005-08-24,GOOGL,6.881,7.059,6.853,7.005,343380276,2405378833.38
2005-08-25,GOOGL,7.004,7.04,6.94,7.005,174888936,1225096996.68
2005-08-26,GOOGL,7.027,7.065,7.007,7.03,150061788,1054934369.64
2005-08-29,GOOGL,6.996,7.167,6.996,7.15,235883880,1686569742.0
2005-08-30,GOOGL,7.124,7.177,7.087,7.121,191488320,1363588326.72
2005-08-31,GOOGL,7.145,7.152,7.049,7.09,201158640,1426214757.6
2005-09-01,GOOGL,7.087,7.127,7.065,7.096,109574316,777539346.34
2005-09-02,GOOGL,7.102,7.189,7.101,7.15,137242620,981284733.0
2005-09-06,GOOGL,7.164,7.174,7.11,7.117,168323508,1197958406.44
2005-09-07,GOOGL,7.087,7.325,7.072,7.31,299680020,2190660946.2
2005-09-08,GOOGL,7.309,7.419,7.272,7.322,264267468,1934966400.7
2005-09-09,GOOGL,7.369,7.414,7.351,7.414,175444380,1300744633.32
2005-09-12,GOOGL,7.48,7.72,7.462,7.678,415044540,3186711978.12
2005-09-13,GOOGL,7.66,7.822,7.59,7.726,411584004,3179898014.9
2005-09-14,GOOGL,7.653,7.766,7.444,7.511,450580968,3384313650.65
2005-09-15,GOOGL,7.425,7.604,7.385,7.502,618029352,4636456198.7
2005-09-16,GOOGL,7.536,7.548,7.434,7.442,302888808,2254098509.14
2005-09-19,GOOGL,7.462,7.585,7.454,7.531,230245524,1733979041.24
2005-09-20,GOOGL,7.589,7.717,7.566,7.633,373665960,2852192272.68
2005-09-21,GOOGL,7.645,7.778,7.584,7.732,404383212,3126690995.18
2005-09-22,GOOGL,7.722,7.913,7.689,7.719,519735744,4011840207.94
2005-09-23,GOOGL,7.759,7.863,7.749,7.818,339012648,2650400882.06
2005-09-26,GOOGL,7.92,7.956,7.748,7.791,395380224,3080407325.18
2005-09-27,GOOGL,7.807,7.893,7.768,7.782,274649076,2137319109.43
2005-09-28,GOOGL,7.789,7.811,7.576,7.585,319576104,2423984748.84
2005-09-29,GOOGL,7.602,7.702,7.587,7.675,224327448,1721713163.4
2005-09-30,GOOGL,7.789,7.871,7.741,7.845,365685948,2868806262.06
2005-10-03,GOOGL,7.775,7.935,7.754,7.9,366045588,2891760145.2
2005-10-04,GOOGL,7.931,7.964,7.703,7.709,365406228,2816916611.65
2005-10-05,GOOGL,7.751,7.806,7.635,7.702,332802864,2563247658.53
2005-10-06,GOOGL,7.787,7.796,7.687,7.753,319432248,2476558218.74
2005-10-07,GOOGL,7.803,7.85,7.698,7.759,270541188,2099129077.69
2005-10-10,GOOGL,7.767,7.804,7.664,7.701,222665112,1714744027.51
2005-10-11,GOOGL,7.7,7.75,7.557,7.588,341362296,2590257102.05
2005-10-12,GOOGL,7.566,7.615,7.412,7.461,371875752,2774564985.67
2005-10-13,GOOGL,7.486,7.486,7.206,7.373,422285292,3113509457.92
2005-10-14,GOOGL,7.434,7.442,7.252,7.341,340423236,2499046975.48
2005-10-17,GOOGL,7.375,7.566,7.302,7.561,302365332,2286184275.25
2005-10-18,GOOGL,7.56,7.634,7.505,7.518,282828888,2126307579.98
2005-10-19,GOOGL,7.536,7.681,7.535,7.652,280147572,2143689220.94
2005-10-20,GOOGL,7.684,7.713,7.467,7.516,555911532,4178231074.51
2005-10-21,GOOGL,8.572,8.588,8.255,8.426,914780304,7707938841.5
2005-10-24,GOOGL,8.512,8.659,8.483,8.643,376890732,3257466596.68
2005-10-25,GOOGL,8.572,8.612,8.499,8.6,274856868,2363769064.8
2005-10-26,GOOGL,8.584,8.825,8.582,8.811,355943700,3136219940.7
2005-10-27,GOOGL,8.84,8.852,8.718,8.752,205170624,1795653301.25
2005-10-28,GOOGL,8.807,8.898,8.801,8.879,235903860,2094590372.94
2005-10-31,GOOGL,8.93,9.29,8.912,9.225,573142284,5287237569.9
2005-11-01,GOOGL,9.218,9.517,9.147,9.405,653589756,6147011655.18
2005-11-02,GOOGL,9.462,9.544,9.35,9.412,422193384,3973684130.21
2005-11-03,GOOGL,9.48,9.583,9.454,9.567,297638064,2847503358.29
2005-11-04,GOOGL,9.667,9.712,9.555,9.678,352643004,3412878992.71
2005-11-07,GOOGL,9.794,9.853,9.721,9.792,383276340,3753041921.28
2005-11-08,GOOGL,9.773,9.806,9.633,9.665,315584100,3050120326.5
2005-11-09,GOOGL,9.585,9.625,9.371,9.399,418257324,3931200588.28
2005-11-10,GOOGL,9.379,9.701,9.356,9.695,364782852,3536569750.14
2005-11-11,GOOGL,9.795,9.839,9.639,9.678,282273444,2731842391.03
2005-11-14,GOOGL,9.72,9.872,9.706,9.841,312003684,3070428254.24
2005-11-15,GOOGL,9.776,9.841,9.691,9.737,344651004,3355866825.95
2005-11-16,GOOGL,9.821,9.887,9.77,9.87,347460192,3429432095.04
2005-11-17,GOOGL,9.96,10.01,9.904,10.001,368119512,3681563239.51
2005-11-18,GOOGL,10.002,10.027,9.912,9.921,280742976,2785251064.9
2005-11-21,GOOGL,9.895,10.163,9.754,10.148,412990596,4191028568.21
2005-11-22,GOOGL,10.13,10.345,10.07,10.324,383456160,3958801395.84
2005-11-23,GOOGL,10.338,10.528,10.307,10.482,402996600,4224210361.2
2005-11-25,GOOGL,10.555,10.628,10.543,10.625,193410396,2054985457.5
2005-11-28,GOOGL,10.655,10.69,10.472,10.498,439895664,4618024680.67
2005-11-29,GOOGL,10.522,10.57,9.969,10.003,858972168,8592298596.5
2005-11-30,GOOGL,10.021,10.125,9.806,10.037,623240136,6255461245.03
2005-12-01,GOOGL,10.144,10.298,10.121,10.265,389406204,3997254684.06
2005-12-02,GOOGL,10.336,10.4,10.259,10.354,301438260,3121091744.04
2005-12-05,GOOGL,10.337,10.349,10.022,10.061,411164424,4136725269.86
2005-12-06,GOOGL,10.131,10.322,9.958,10.028,604406988,6060993275.66
2005-12-07,GOOGL,10.068,10.082,9.891,10.02,466169364,4671017027.28
2005-12-08,GOOGL,10.047,10.18,9.981,10.18,356043600,3624523848.0
2005-12-09,GOOGL,10.287,10.307,10.128,10.144,305430264,3098284598.02
2005-12-12,GOOGL,10.278,10.293,10.162,10.228,277725996,2840581487.09
2005-12-13,GOOGL,10.226,10.362,10.204,10.349,326225448,3376107161.35
2005-12-14,GOOGL,10.338,10.405,10.3,10.386,264950784,2751778842.62
2005-12-15,GOOGL,10.389,10.489,10.325,10.475,241590168,2530657009.8
2005-12-16,GOOGL,10.544,10.721,10.48,10.663,652566780,6958319575.14
2005-12-19,GOOGL,10.714,11.061,10.414,10.525,876594528,9226157407.2
2005-12-20,GOOGL,10.606,10.714,10.527,10.653,402984612,4292995071.64
2005-12-21,GOOGL,10.747,10.829,10.429,10.568,448427124,4738977846.43
2005-12-22,GOOGL,10.703,10.73,10.558,10.71,301562136,3229730476.56
2005-12-23,GOOGL,10.713,10.721,10.629,10.682,183620196,1961430933.67
2005-12-27,GOOGL,10.705,10.705,10.48,10.526,267843888,2819324765.09
2005-12-28,GOOGL,10.519,10.604,10.443,10.577,284431284,3008429690.87
2005-12-29,GOOGL,10.609,10.628,10.391,10.415,277554168,2890726659.72
2005-12-30,GOOGL,10.344,10.367,10.256,10.284,303180516,3117908426.54
2006-01-03,GOOGL,10.474,10.8,10.367,10.789,524323152,5656922486.93
2006-01-04,GOOGL,11.004,11.129,10.901,11.037,610844544,6741891232.13
2006-01-05,GOOGL,11.056,11.194,10.944,11.186,431899668,4831229686.25
2006-01-06,GOOGL,11.325,11.663,11.235,11.543,709565724,8190517152.13
2006-01-09,GOOGL,11.562,11.735,11.426,11.574,511164324,5916215885.98
2006-01-10,GOOGL,11.513,11.657,11.454,11.645,363520116,4233191750.82
2006-01-11,GOOGL,11.682,11.778,11.631,11.691,359935704,4208008315.46
2006-01-12,GOOGL,11.743,11.775,11.44,11.493,404606988,4650148113.08
2006-01-13,GOOGL,11.51,11.574,11.443,11.558,305957736,3536259512.69
2006-01-17,GOOGL,11.479,11.648,11.466,11.579,330481188,3826641675.85
2006-01-18,GOOGL,11.088,11.338,10.988,11.029,818608572,9028433940.59
2006-01-19,GOOGL,11.184,11.242,10.734,10.819,580910508,6284870786.05
2006-01-20,GOOGL,10.875,10.908,9.785,9.902,1643023332,16269217033.46
2006-01-23,GOOGL,10.099,10.619,10.058,10.597,908746344,9629985007.37
2006-01-24,GOOGL,10.809,11.03,10.77,10.982,617965416,6786496198.51
2006-01-25,GOOGL,11.186,11.26,10.64,10.734,748842408,8038074407.47
2006-01-26,GOOGL,10.896,10.907,10.5,10.765,516526956,5560412681.34
2006-01-27,GOOGL,10.783,10.863,10.634,10.746,337749912,3629460554.35
2006-01-30,GOOGL,10.64,10.741,10.535,10.581,343212444,3631530869.96
2006-01-31,GOOGL,10.673,10.897,10.51,10.725,881757360,9456847686.0
2006-02-01,GOOGL,9.644,9.965,9.606,9.96,1083815100,10794798396.0
2006-02-02,GOOGL,10.01,10.077,9.816,9.817,471835692,4632010988.36
2006-02-03,GOOGL,9.758,9.764,9.236,9.458,730540728,6909454205.42
2006-02-06,GOOGL,9.552,9.665,9.409,9.546,357258384,3410388533.66
2006-02-07,GOOGL,9.494,9.512,9.007,9.12,664542792,6060630263.04
2006-02-08,GOOGL,9.134,9.189,8.792,9.149,831331836,7605854967.56
2006-02-09,GOOGL,9.202,9.281,8.828,8.894,476019504,4233717468.58
2006-02-10,GOOGL,8.972,9.036,8.754,8.989,608331060,5468287898.34
2006-02-13,GOOGL,8.593,8.691,8.475,8.57,787923288,6752502578.16
2006-02-14,GOOGL,8.56,8.718,8.488,8.511,585573840,4983818952.24
2006-02-15,GOOGL,8.46,8.577,8.375,8.487,517362120,4390852312.44
2006-02-16,GOOGL,8.569,9.098,8.54,9.084,851767380,7737454879.92
2006-02-17,GOOGL,9.169,9.225,9.014,9.141,572235192,5230801890.07
2006-02-21,GOOGL,9.084,9.26,9.051,9.087,347092560,3154030092.72
2006-02-22,GOOGL,9.101,9.146,9.02,9.06,258788952,2344627905.12
2006-02-23,GOOGL,9.063,9.451,9.058,9.372,501561936,4700638464.19
2006-02-24,GOOGL,9.353,9.422,9.258,9.355,259112628,2423998634.94
2006-02-27,GOOGL,9.451,9.71,9.427,9.677,408079512,3948985437.62
2006-02-28,GOOGL,9.747,9.855,8.391,8.989,1575926496,14166003272.54
2006-03-01,GOOGL,9.136,9.158,8.956,9.043,481965552,4358414486.74
2006-03-02,GOOGL,9.03,9.447,8.979,9.332,732478788,6835492049.62
2006-03-03,GOOGL,9.526,9.599,9.315,9.375,478001520,4481264250.0
2006-03-06,GOOGL,9.442,9.504,9.101,9.125,357230412,3259727509.5
2006-03-07,GOOGL,9.049,9.134,8.878,9.034,414736848,3746732684.83
2006-03-08,GOOGL,8.774,8.925,8.69,8.772,469354176,4117174831.87
2006-03-09,GOOGL,8.81,8.888,8.465,8.503,555859584,4726474042.75
2006-03-10,GOOGL,8.515,8.54,8.219,8.366,772250976,6460651665.22
2006-03-13,GOOGL,8.451,8.58,8.316,8.355,545150304,4554730789.92
2006-03-14,GOOGL,8.357,8.735,8.245,8.705,737289972,6418109206.26
2006-03-15,GOOGL,8.695,8.733,8.441,8.54,510241248,4357460257.92
2006-03-16,GOOGL,8.642,8.645,8.376,8.398,400267332,3361445054.14
2006-03-17,GOOGL,8.399,8.472,8.303,8.423,341725932,2878357525.24
2006-03-20,GOOGL,8.486,8.678,8.466,8.631,415887696,3589526704.18
2006-03-21,GOOGL,8.676,8.717,8.406,8.426,392850756,3310160470.06
2006-03-22,GOOGL,8.422,8.53,8.366,8.434,303536160,2560023973.44
2006-03-23,GOOGL,8.487,8.571,8.433,8.475,297090612,2517842936.7
2006-03-24,GOOGL,9.138,9.174,8.986,9.068,606616776,5500800924.77
2006-03-27,GOOGL,9.1,9.214,9.048,9.164,280667052,2572032864.53
2006-03-28,GOOGL,9.214,9.367,9.201,9.35,357474168,3342383470.8
2006-03-29,GOOGL,9.418,9.891,9.408,9.791,760338900,7444478169.9
2006-03-30,GOOGL,9.648,9.755,9.509,9.629,587879532,5660692013.63
2006-03-31,GOOGL,9.637,9.714,9.52,9.668,1459395144,14109432252.19
2006-04-03,GOOGL,9.656,9.729,9.616,9.66,324583092,3135472668.72
2006-04-04,GOOGL,9.665,10.037,9.622,10.023,627999372,6294437705.56
2006-04-05,GOOGL,10.119,10.277,9.986,10.114,535883580,5419926528.12
2006-04-06,GOOGL,10.077,10.26,10.05,10.193,343596060,3502274639.58
2006-04-07,GOOGL,10.223,10.234,10.015,10.068,280754964,2826640977.55
2006-04-10,GOOGL,10.091,10.341,10.046,10.322,372431196,3844234805.11
2006-04-11,GOOGL,10.323,10.389,10.07,10.155,443843712,4507232895.36
2006-04-12,GOOGL,10.139,10.197,10.044,10.138,240439320,2437573826.16
2006-04-13,GOOGL,10.13,10.158,9.928,9.969,261853884,2610421369.6
2006-04-17,GOOGL,10.001,10.226,9.936,10.085,330049620,3328550417.7
2006-04-18,GOOGL,10.112,10.159,9.953,10.021,325178496,3258613708.42
2006-04-19,GOOGL,10.227,10.254,10.082,10.176,270996732,2757662744.83
2006-04-20,GOOGL,10.189,10.312,10.119,10.287,490369140,5044427343.18
2006-04-21,GOOGL,11.128,11.173,10.812,10.835,901149948,9763959686.58
2006-04-24,GOOGL,10.892,11.024,10.821,10.92,353102544,3855879780.48
2006-04-25,GOOGL,10.898,10.933,10.56,10.589,382377240,4048992594.36
2006-04-26,GOOGL,10.603,10.66,10.499,10.559,290820888,3070777756.39
2006-04-27,GOOGL,10.484,10.583,10.396,10.412,333182484,3469096023.41
2006-04-28,GOOGL,10.377,10.553,10.32,10.36,296555148,3072311333.28
2006-05-01,GOOGL,10.374,10.398,9.88,9.888,414033552,4093963762.18
2006-05-02,GOOGL,9.942,9.977,9.628,9.787,523647828,5124941292.64
2006-05-03,GOOGL,9.825,9.953,9.69,9.771,322565112,3151783709.35
2006-05-04,GOOGL,9.792,9.888,9.723,9.786,185893920,1819157901.12
2006-05-05,GOOGL,9.856,9.933,9.712,9.774,242357400,2368801227.6
2006-05-08,GOOGL,9.794,9.844,9.669,9.786,204539256,2001621159.22
2006-05-09,GOOGL,9.809,10.139,9.761,10.134,365258376,3701528382.38
2006-05-10,GOOGL,10.122,10.206,9.962,9.99,247240512,2469932714.88
2006-05-11,GOOGL,10.0,10.032,9.543,9.593,355356288,3408932870.78
2006-05-12,GOOGL,9.508,9.541,9.26,9.274,403100496,3738353999.9
2006-05-15,GOOGL,9.319,9.424,9.129,9.326,343260396,3201246453.1
2006-05-16,GOOGL,9.32,9.342,9.169,9.204,259384356,2387373612.62
2006-05-17,GOOGL,9.187,9.416,9.177,9.284,425326248,3948728886.43
2006-05-18,GOOGL,9.39,9.465,9.19,9.197,233166600,2144433220.2
2006-05-19,GOOGL,9.253,9.284,8.938,9.172,455472072,4177589844.38
2006-05-22,GOOGL,9.119,9.247,9.054,9.196,343831824,3161877453.5
2006-05-23,GOOGL,9.276,9.516,9.26,9.31,358960680,3341923930.8
2006-05-24,GOOGL,9.354,9.505,9.212,9.451,381769848,3608106833.45
2006-05-25,GOOGL,9.397,9.494,9.229,9.494,327456216,3108869314.7
2006-05-26,GOOGL,9.533,9.566,9.421,9.453,146533320,1385179473.96
2006-05-30,GOOGL,9.377,9.445,9.208,9.22,172467360,1590149059.2
2006-05-31,GOOGL,9.266,9.376,9.092,9.217,318932748,2939603138.32
2006-06-01,GOOGL,9.26,9.494,9.212,9.485,250868880,2379491326.8
2006-06-02,GOOGL,9.589,9.595,9.357,9.406,255200544,2400416316.86
2006-06-05,GOOGL,9.325,9.456,9.275,9.282,222117660,2061696120.12
2006-06-06,GOOGL,9.335,9.668,9.328,9.668,409981608,3963702186.14
2006-06-07,GOOGL,9.748,9.788,9.581,9.581,356095548,3411751445.39
2006-06-08,GOOGL,9.612,9.774,9.385,9.75,413965620,4036164795.0
2006-06-09,GOOGL,9.722,9.802,9.552,9.583,246053700,2357932607.1
2006-06-12,GOOGL,9.627,9.68,9.445,9.458,200563236,1896927086.09
2006-06-13,GOOGL,9.442,9.593,9.373,9.581,306057636,2932338210.52
2006-06-14,GOOGL,9.664,9.695,9.383,9.529,310569120,2959413144.48
2006-06-15,GOOGL,9.584,9.724,9.494,9.693,271156572,2628320652.4
2006-06-16,GOOGL,9.645,9.691,9.618,9.685,211971816,2052947037.96
2006-06-19,GOOGL,9.689,9.787,9.593,9.622,305018676,2934889700.47
2006-06-20,GOOGL,9.619,9.714,9.581,9.598,161434404,1549447409.59
2006-06-21,GOOGL,9.694,10.015,9.662,9.968,349426224,3483080600.83
2006-06-22,GOOGL,9.955,10.064,9.618,9.914,236239524,2342078640.94
2006-06-23,GOOGL,9.984,10.157,9.934,10.036,212379408,2131439738.69
2006-06-26,GOOGL,10.083,10.121,9.996,10.02,141905952,1421897639.04
2006-06-27,GOOGL,10.057,10.114,9.941,9.973,164119716,1636765927.67
2006-06-28,GOOGL,10.015,10.076,9.944,10.067,148271580,1492649995.86
2006-06-29,GOOGL,10.114,10.367,10.06,10.357,266061672,2755600736.9
2006-06-30,GOOGL,10.302,10.395,10.221,10.395,250069680,2599474323.6
2006-07-03,GOOGL,10.412,10.505,10.398,10.491,86181732,904132550.41
2006-07-05,GOOGL,10.449,10.481,10.303,10.448,199224576,2081498370.05
2006-07-06,GOOGL,10.495,10.545,10.461,10.491,147336516,1545707389.36
2006-07-07,GOOGL,10.561,10.607,10.309,10.423,241434324,2516469959.05
2006-07-10,GOOGL,10.497,10.541,10.322,10.367,177278544,1837846665.65
2006-07-11,GOOGL,10.375,10.537,10.239,10.524,238613148,2511164769.55
2006-07-12,GOOGL,10.463,10.479,10.33,10.343,196071732,2027969924.08
2006-07-13,GOOGL,10.263,10.37,10.085,10.135,276703020,2804385107.7
2006-07-14,GOOGL,10.172,10.2,9.881,10.002,301781916,3018422723.83
2006-07-17,GOOGL,10.03,10.188,10.008,10.111,232243524,2348214271.16
2006-07-18,GOOGL,10.157,10.178,9.86,9.991,341130528,3408235105.25
2006-07-19,GOOGL,9.792,9.944,9.783,9.891,340399260,3366889080.66
2006-07-20,GOOGL,10.022,10.026,9.56,9.596,501046452,4808041753.39
2006-07-21,GOOGL,9.572,9.711,9.363,9.67,469713816,4542132600.72
2006-07-24,GOOGL,9.738,9.764,9.45,9.69,323120556,3131038187.64
2006-07-25,GOOGL,9.544,9.7,9.514,9.652,230213556,2222021242.51
2006-07-26,GOOGL,9.623,9.715,9.494,9.556,221054724,2112398942.54
2006-07-27,GOOGL,9.603,9.606,9.369,9.479,225418356,2136740596.52
2006-07-28,GOOGL,9.469,9.657,9.463,9.621,163180656,1569961091.38
2006-07-31,GOOGL,9.618,9.647,9.502,9.583,183628188,1759708925.6
2006-08-01,GOOGL,9.547,9.563,9.309,9.309,218309472,2032242874.85
2006-08-02,GOOGL,9.311,9.35,9.053,9.103,283628088,2581866485.06
2006-08-03,GOOGL,9.048,9.368,9.007,9.306,252826920,2352807317.52
2006-08-04,GOOGL,9.409,9.437,9.215,9.267,203604192,1886800047.26
2006-08-07,GOOGL,9.209,9.413,9.2,9.369,157718124,1477661103.76
2006-08-08,GOOGL,9.49,9.531,9.397,9.445,229498272,2167611179.04
2006-08-09,GOOGL,9.489,9.536,9.33,9.344,172267560,1609668080.64
2006-08-10,GOOGL,9.268,9.362,9.233,9.276,170305524,1579754040.62
2006-08-11,GOOGL,9.281,9.303,9.122,9.135,150509340,1374902820.9
2006-08-14,GOOGL,9.209,9.299,9.139,9.158,198533268,1818167668.34
2006-08-15,GOOGL,9.274,9.461,9.236,9.444,267660072,2527781719.97
2006-08-16,GOOGL,9.506,9.629,9.472,9.611,233893872,2247954003.79
2006-08-17,GOOGL,9.578,9.668,9.517,9.564,203004792,1941537830.69
2006-08-18,GOOGL,9.576,9.596,9.438,9.503,197889912,1880547833.74
2006-08-21,GOOGL,9.373,9.395,9.301,9.353,160771068,1503691799.0
2006-08-22,GOOGL,9.364,9.402,9.292,9.377,166397436,1560308757.37
2006-08-23,GOOGL,9.361,9.377,9.238,9.257,145546308,1347322173.16
2006-08-24,GOOGL,9.282,9.331,9.228,9.264,139160700,1289184724.8
2006-08-25,GOOGL,9.248,9.304,9.234,9.253,98569332,912062029.0
2006-08-28,GOOGL,9.311,9.443,9.296,9.443,166393440,1571253253.92
2006-08-29,GOOGL,9.439,9.477,9.35,9.394,178221600,1674213710.4
2006-08-30,GOOGL,9.4,9.535,9.383,9.438,161614224,1525315046.11
2006-08-31,GOOGL,9.457,9.473,9.375,9.383,118277604,1109798758.33
2006-09-01,GOOGL,9.444,9.452,9.35,9.385,106809084,1002403253.34
2006-09-05,GOOGL,9.417,9.554,9.356,9.528,162809028,1551244418.78
2006-09-06,GOOGL,9.472,9.499,9.411,9.423,148815036,1402284084.23
2006-09-07,GOOGL,9.405,9.463,9.355,9.382,153526320,1440383934.24
2006-09-08,GOOGL,9.339,9.439,9.339,9.367,123212664,1154133023.69
2006-09-11,GOOGL,9.377,9.536,9.365,9.521,180986832,1723175627.47
2006-09-12,GOOGL,9.544,9.735,9.541,9.715,217470312,2112724081.08
2006-09-13,GOOGL,9.795,10.083,9.794,10.079,390337272,3934209364.49
2006-09-14,GOOGL,10.022,10.071,9.963,10.014,214429356,2147295570.98
2006-09-15,GOOGL,10.101,10.165,10.083,10.161,313214472,3182572249.99
2006-09-18,GOOGL,10.164,10.379,10.15,10.28,283983732,2919352764.96
2006-09-19,GOOGL,10.299,10.3,9.736,10.01,571144284,5717154282.84
2006-09-20,GOOGL,10.092,10.099,9.782,9.841,365546088,3597339052.01
2006-09-21,GOOGL,9.923,10.125,9.912,10.085,427256316,4308879946.86
2006-09-22,GOOGL,10.039,10.1,9.949,10.009,185798016,1859652342.14
2006-09-25,GOOGL,10.054,10.15,9.978,10.014,229262508,2295834755.11
2006-09-26,GOOGL,10.052,10.106,9.96,10.086,211364424,2131821580.46
2006-09-27,GOOGL,10.072,10.194,9.974,9.988,234832932,2345511324.82
2006-09-28,GOOGL,10.017,10.089,9.929,10.004,204091704,2041733406.82
2006-09-29,GOOGL,10.043,10.055,9.951,9.963,132303564,1318140408.13
2006-10-02,GOOGL,9.963,10.064,9.935,9.951,145929924,1452148673.72
2006-10-03,GOOGL,9.948,10.076,9.871,10.016,218369412,2187188030.59
2006-10-04,GOOGL,10.039,10.307,9.991,10.305,266205528,2743247966.04
2006-10-05,GOOGL,10.28,10.368,10.185,10.208,231360408,2361727044.86
2006-10-06,GOOGL,10.169,10.459,10.157,10.424,293166540,3055968012.96
2006-10-09,GOOGL,10.53,10.708,10.496,10.635,303028668,3222709884.18
2006-10-10,GOOGL,10.698,10.854,10.471,10.576,391152456,4136828374.66
2006-10-11,GOOGL,10.536,10.657,10.505,10.573,225190584,2380940044.63
2006-10-12,GOOGL,10.624,10.651,10.511,10.596,193566240,2051027879.04
2006-10-13,GOOGL,10.604,10.647,10.549,10.592,144755100,1533246019.2
2006-10-16,GOOGL,10.602,10.639,10.445,10.455,172603224,1804566706.92
2006-10-17,GOOGL,10.419,10.504,10.33,10.427,208231560,2171230476.12
2006-10-18,GOOGL,10.486,10.529,10.349,10.394,240451308,2499250895.35
2006-10-19,GOOGL,10.417,10.647,10.401,10.562,459679860,4855138681.32
2006-10-20,GOOGL,11.378,11.405,11.244,11.395,465450084,5303803707.18
2006-10-23,GOOGL,11.46,12.014,11.412,11.918,603575820,7193416622.76
2006-10-24,GOOGL,11.807,11.846,11.686,11.733,346061592,4060340658.94
2006-10-25,GOOGL,11.837,12.109,11.778,12.062,367132500,4428352215.0
2006-10-26,GOOGL,12.089,12.195,12.003,12.025,280986732,3378865452.3
2006-10-27,GOOGL,11.995,12.029,11.713,11.78,263895840,3108692995.2
2006-10-30,GOOGL,11.77,11.91,11.651,11.814,262261476,3098357077.46
2006-10-31,GOOGL,11.851,11.952,11.746,11.809,251164584,2966002572.46
2006-11-01,GOOGL,11.868,11.877,11.533,11.589,216834948,2512900212.37
2006-11-02,GOOGL,11.589,11.743,11.561,11.649,209258532,2437652639.27
2006-11-03,GOOGL,11.706,11.744,11.528,11.696,196111692,2293722349.63
2006-11-06,GOOGL,11.744,11.89,11.709,11.823,199460340,2358219599.82
2006-11-07,GOOGL,11.823,11.874,11.695,11.715,195688116,2292486278.94
2006-11-08,GOOGL,11.66,11.942,11.616,11.775,318281400,3747763485.0
2006-11-09,GOOGL,11.812,11.886,11.697,11.716,194972832,2284301699.71
2006-11-10,GOOGL,11.745,11.768,11.658,11.739,111756132,1311905233.55
2006-11-13,GOOGL,11.772,11.928,11.754,11.924,173502324,2068841711.38
2006-11-14,GOOGL,11.916,12.145,11.911,12.129,288647064,3501000239.26
2006-11-15,GOOGL,12.232,12.391,12.195,12.195,334493172,4079144232.54
2006-11-16,GOOGL,12.271,12.337,12.21,12.293,203500296,2501629138.73
2006-11-17,GOOGL,12.227,12.386,12.221,12.365,220219560,2723014859.4
2006-11-20,GOOGL,12.355,12.355,12.212,12.272,204775020,2512999045.44
2006-11-21,GOOGL,12.309,12.642,12.291,12.634,336762900,4254662478.6
2006-11-22,GOOGL,12.667,12.717,12.538,12.593,179847972,2264825511.4
2006-11-24,GOOGL,12.506,12.58,12.494,12.519,69238692,866799185.15
2006-11-27,GOOGL,12.429,12.439,12.017,12.017,292695012,3517315959.2
2006-11-28,GOOGL,11.927,12.143,11.825,12.134,311592096,3780858492.86
2006-11-29,GOOGL,12.252,12.264,11.955,12.014,252359388,3031845687.43
2006-11-30,GOOGL,12.003,12.157,11.937,12.018,222876900,2678534584.2
2006-12-01,GOOGL,12.047,12.107,11.862,11.919,225030744,2682141437.74
2006-12-04,GOOGL,11.973,12.083,11.883,12.019,195800004,2353320248.08
2006-12-05,GOOGL,12.082,12.133,12.02,12.072,163955880,1979275383.36
2006-12-06,GOOGL,12.071,12.206,12.011,12.115,177833988,2154458764.62
2006-12-07,GOOGL,12.152,12.191,11.959,11.964,186385428,2229915260.59
2006-12-08,GOOGL,11.947,12.112,11.899,12.001,158837004,1906202885.0
2006-12-11,GOOGL,12.021,12.119,11.993,11.996,130405464,1564343946.14
2006-12-12,GOOGL,11.994,12.056,11.906,11.943,167072760,1995349972.68
2006-12-13,GOOGL,12.015,12.035,11.825,11.874,186297516,2212096704.98
2006-12-14,GOOGL,11.905,11.992,11.831,11.951,189766044,2267893991.84
2006-12-15,GOOGL,11.964,12.001,11.895,11.906,207424368,2469594525.41
2006-12-18,GOOGL,11.961,11.967,11.421,11.472,320343336,3674978750.59
2006-12-19,GOOGL,11.446,11.634,11.366,11.617,263216520,3057786312.84
2006-12-20,GOOGL,11.651,11.688,11.461,11.475,174537288,2002815379.8
2006-12-21,GOOGL,11.507,11.533,11.213,11.309,277853868,3142249393.21
2006-12-22,GOOGL,11.341,11.369,11.223,11.293,159372468,1799793281.12
2006-12-26,GOOGL,11.317,11.39,11.269,11.342,82889028,940127355.58
2006-12-27,GOOGL,11.403,11.603,11.381,11.602,169090740,1961790765.48
2006-12-28,GOOGL,11.58,11.616,11.459,11.466,124523352,1427784754.03
2006-12-29,GOOGL,11.455,11.514,11.4,11.415,102265632,1167362189.28
2007-01-03,GOOGL,11.552,11.816,11.431,11.591,307951740,3569468618.34
2007-01-04,GOOGL,11.626,11.997,11.61,11.98,315188496,3775958182.08
2007-01-05,GOOGL,11.961,12.085,11.852,12.077,274609116,3316454293.93
2007-01-08,GOOGL,12.089,12.143,11.953,11.988,189985824,2277550058.11
2007-01-09,GOOGL,12.034,12.103,11.929,12.035,215040744,2588015354.04
2007-01-10,GOOGL,12.009,12.235,11.949,12.133,238501260,2893735787.58
2007-01-11,GOOGL,12.325,12.438,12.3,12.388,288039672,3568235456.74
2007-01-12,GOOGL,12.444,12.519,12.395,12.519,178769052,2238009761.99
2007-01-16,GOOGL,12.582,12.717,12.476,12.501,302453244,3780968003.24
2007-01-17,GOOGL,12.479,12.587,12.255,12.327,267696036,3299889035.77
2007-01-18,GOOGL,12.259,12.307,12.083,12.093,237042720,2866557612.96
2007-01-19,GOOGL,12.097,12.166,12.066,12.14,198932868,2415045017.52
2007-01-22,GOOGL,12.209,12.212,11.862,11.92,215955828,2574193469.76
2007-01-23,GOOGL,11.918,12.017,11.832,11.875,186433380,2213896387.5
2007-01-24,GOOGL,12.009,12.383,11.98,12.372,242129628,2995627757.62
2007-01-25,GOOGL,12.419,12.506,12.039,12.099,254485260,3079017160.74
2007-01-26,GOOGL,12.17,12.343,12.073,12.291,219640140,2699596960.74
2007-01-29,GOOGL,12.345,12.364,12.159,12.208,190836972,2329737754.18
2007-01-30,GOOGL,12.246,12.345,12.177,12.254,167052780,2047064766.12
2007-01-31,GOOGL,12.308,12.519,12.283,12.432,487755756,6063779558.59
2007-02-01,GOOGL,12.543,12.544,11.937,11.942,625721652,7472367968.18
2007-02-02,GOOGL,11.963,12.023,11.844,11.936,251208540,2998425133.44
2007-02-05,GOOGL,11.837,11.849,11.556,11.58,287987724,3334897843.92
2007-02-06,GOOGL,11.604,11.733,11.583,11.688,212663124,2485606593.31
2007-02-07,GOOGL,11.746,11.759,11.621,11.651,164627208,1918071600.41
2007-02-08,GOOGL,11.603,11.744,11.531,11.676,162904932,1902077986.03
2007-02-09,GOOGL,11.692,11.717,11.44,11.45,194149656,2223013561.2
2007-02-12,GOOGL,11.42,11.462,11.28,11.361,229949820,2612459905.02
2007-02-13,GOOGL,11.382,11.472,11.335,11.381,162341496,1847608565.98
2007-02-14,GOOGL,11.403,11.629,11.384,11.55,227724048,2630212754.4
2007-02-15,GOOGL,11.552,11.555,11.421,11.439,161534304,1847790903.46
2007-02-16,GOOGL,11.472,11.655,11.454,11.649,246832920,2875356685.08
2007-02-20,GOOGL,11.613,11.719,11.52,11.703,162541296,1902220787.09
2007-02-21,GOOGL,11.647,11.866,11.595,11.796,225398376,2658799243.3
2007-02-22,GOOGL,11.866,12.004,11.76,11.796,229526244,2707491574.22
2007-02-23,GOOGL,11.793,11.823,11.596,11.666,155148696,1809964687.54
2007-02-26,GOOGL,11.721,11.781,11.496,11.525,158637204,1828293776.1
2007-02-27,GOOGL,11.279,11.398,11.085,11.125,372139488,4140051804.0
2007-02-28,GOOGL,11.165,11.246,10.983,11.141,320970708,3575934657.83
2007-03-01,GOOGL,10.973,11.215,10.907,11.111,347060592,3856190237.71
2007-03-02,GOOGL,11.034,11.123,10.875,10.875,263080656,2861002134.0
2007-03-05,GOOGL,10.833,11.044,10.833,10.931,253949796,2775925220.08
2007-03-06,GOOGL,11.092,11.378,11.09,11.342,301046652,3414471126.98
2007-03-07,GOOGL,11.47,11.481,11.261,11.295,261102636,2949154273.62
2007-03-08,GOOGL,11.384,11.539,11.257,11.272,214297488,2415561284.74
2007-03-09,GOOGL,11.353,11.363,11.158,11.228,198908892,2233349039.38
2007-03-12,GOOGL,11.219,11.285,11.183,11.273,138477384,1561055549.83
2007-03-13,GOOGL,11.158,11.203,10.977,10.982,254836908,2798618923.66
2007-03-14,GOOGL,10.987,11.122,10.882,11.106,320355324,3557866228.34
2007-03-15,GOOGL,11.102,11.151,11.005,11.061,157610232,1743326776.15
2007-03-16,GOOGL,11.047,11.073,10.904,10.928,226137636,2471232086.21
2007-03-19,GOOGL,10.988,11.118,10.923,11.086,207700092,2302563219.91
2007-03-20,GOOGL,11.051,11.096,10.996,11.038,136723140,1509150019.32
2007-03-21,GOOGL,11.039,11.318,11.036,11.317,231700068,2622149669.56
2007-03-22,GOOGL,11.294,11.457,11.218,11.454,227000772,2600066842.49
2007-03-23,GOOGL,11.439,11.487,11.331,11.448,164287548,1880763849.5
2007-03-26,GOOGL,11.417,11.527,11.294,11.527,188223588,2169653298.88
2007-03-27,GOOGL,11.491,11.533,11.411,11.493,149498352,1718184559.54
2007-03-28,GOOGL,11.449,11.538,11.407,11.45,183480336,2100849847.2
2007-03-29,GOOGL,11.516,11.552,11.279,11.426,159380460,1821081135.96
2007-03-30,GOOGL,11.455,11.487,11.307,11.357,135072792,1534021698.74
2007-04-02,GOOGL,11.347,11.367,11.208,11.367,137802060,1566396016.02
2007-04-03,GOOGL,11.503,11.756,11.502,11.715,259811928,3043696736.52
2007-04-04,GOOGL,11.704,11.725,11.64,11.676,151000848,1763085901.25
2007-04-05,GOOGL,11.683,11.703,11.641,11.688,108523368,1268421125.18
2007-04-09,GOOGL,11.725,11.725,11.542,11.607,122361516,1420250116.21
2007-04-10,GOOGL,11.579,11.67,11.531,11.564,119052828,1376726902.99
2007-04-11,GOOGL,11.553,11.636,11.468,11.515,152327520,1754051392.8
2007-04-12,GOOGL,11.502,11.601,11.459,11.586,108207684,1253694226.82
2007-04-13,GOOGL,11.612,11.62,11.486,11.559,111680208,1290911524.27
2007-04-16,GOOGL,11.613,11.824,11.605,11.757,202912884,2385646777.19
2007-04-17,GOOGL,11.745,11.809,11.691,11.72,128275596,1503389985.12
2007-04-18,GOOGL,11.682,11.896,11.639,11.8,226593180,2673799524.0
2007-04-19,GOOGL,11.762,11.947,11.641,11.692,439943616,5143820758.27
2007-04-20,GOOGL,12.16,12.209,11.949,11.96,485973540,5812243538.4
2007-04-23,GOOGL,11.901,12.023,11.856,11.876,226757016,2692966322.02
2007-04-24,GOOGL,11.864,11.898,11.788,11.838,147640212,1747764829.66
2007-04-25,GOOGL,11.899,11.933,11.802,11.849,158513328,1878224423.47
2007-04-26,GOOGL,11.852,12.009,11.827,11.928,164831004,1966104215.71
2007-04-27,GOOGL,11.901,11.958,11.857,11.874,116910972,1388200881.53
2007-04-30,GOOGL,11.878,11.932,11.685,11.685,145502352,1700194983.12
2007-05-01,GOOGL,11.705,11.721,11.506,11.626,146181672,1699508118.67
2007-05-02,GOOGL,11.617,11.678,11.545,11.546,122385492,1413062890.63
2007-05-03,GOOGL,11.557,11.752,11.534,11.731,143624232,1684855865.59
2007-05-04,GOOGL,11.654,11.771,11.549,11.679,157842000,1843436718.0
2007-05-07,GOOGL,11.704,11.721,11.563,11.583,120683196,1397873459.27
2007-05-08,GOOGL,11.555,11.606,11.52,11.572,116087796,1343367975.31
2007-05-09,GOOGL,11.555,11.694,11.499,11.632,155440404,1808082779.33
2007-05-10,GOOGL,11.578,11.638,11.428,11.439,147304548,1685016724.57
2007-05-11,GOOGL,11.448,11.577,11.428,11.57,117646236,1361166950.52
2007-05-14,GOOGL,11.539,11.589,11.403,11.447,154753092,1771458644.12
2007-05-15,GOOGL,11.452,11.466,11.339,11.353,164595240,1868649759.72
2007-05-16,GOOGL,11.453,11.729,11.379,11.716,261905832,3068488727.71
2007-05-17,GOOGL,11.712,11.78,11.671,11.675,186237576,2174323699.8
2007-05-18,GOOGL,11.701,11.718,11.645,11.659,147688164,1721896304.08
2007-05-21,GOOGL,11.639,11.879,11.57,11.666,246125628,2871301576.25
2007-05-22,GOOGL,11.725,11.874,11.725,11.796,153406440,1809582366.24
2007-05-23,GOOGL,11.919,11.983,11.744,11.749,202205592,2375713500.41
2007-05-24,GOOGL,11.779,11.879,11.688,11.758,166777056,1960964624.45
2007-05-25,GOOGL,11.891,12.021,11.831,11.986,213726060,2561720555.16
2007-05-29,GOOGL,12.023,12.191,11.998,12.075,208511280,2517773706.0
2007-05-30,GOOGL,12.01,12.366,11.973,12.36,289542168,3578741196.48
2007-05-31,GOOGL,12.408,12.612,12.322,12.343,356615028,4401699290.6
2007-06-01,GOOGL,12.419,12.519,12.343,12.404,191768040,2378690768.16
2007-06-04,GOOGL,12.343,12.655,12.335,12.57,283755960,3566812417.2
2007-06-05,GOOGL,12.636,12.866,12.558,12.862,417466116,5369449183.99
2007-06-06,GOOGL,12.81,12.91,12.773,12.847,315152532,4048764578.6
2007-06-07,GOOGL,12.884,13.051,12.705,12.768,424794780,5423779751.04
2007-06-08,GOOGL,12.796,12.881,12.629,12.779,254073672,3246807454.49
2007-06-11,GOOGL,12.742,12.847,12.642,12.676,185722092,2354213238.19
2007-06-12,GOOGL,12.61,12.684,12.473,12.513,256523220,3209875051.86
2007-06-13,GOOGL,12.57,12.606,12.362,12.524,281078640,3520228887.36
2007-06-14,GOOGL,12.528,12.54,12.437,12.465,184663152,2301826189.68
2007-06-15,GOOGL,12.598,12.618,12.425,12.541,246717036,3094078348.48
2007-06-18,GOOGL,12.548,12.791,12.5,12.771,193242564,2467900784.84
2007-06-19,GOOGL,12.742,12.822,12.681,12.749,174037788,2218807759.21
2007-06-20,GOOGL,12.815,12.859,12.619,12.642,173354472,2191547235.02
2007-06-21,GOOGL,12.667,12.774,12.55,12.744,176211612,2245640783.33
2007-06-22,GOOGL,12.802,13.014,12.794,13.014,287859852,3746208113.93
2007-06-25,GOOGL,13.113,13.262,12.974,13.074,316683000,4140313542.0
2007-06-26,GOOGL,13.206,13.218,13.045,13.145,227352420,2988547560.9
2007-06-27,GOOGL,13.014,13.088,12.879,13.046,244679076,3192083225.5
2007-06-28,GOOGL,13.011,13.126,12.985,13.015,166569264,2167898970.96
2007-06-29,GOOGL,13.04,13.074,12.877,12.957,155068776,2009226130.63
2007-07-02,GOOGL,13.026,13.184,12.994,13.148,139364496,1832364393.41
2007-07-03,GOOGL,13.165,13.247,13.076,13.246,74797128,990762757.49
2007-07-05,GOOGL,13.276,13.495,13.192,13.427,197518284,2652077999.27
2007-07-06,GOOGL,13.417,13.482,13.355,13.371,109770120,1467736274.52
2007-07-09,GOOGL,13.461,13.603,13.393,13.45,149042808,2004625767.6
2007-07-10,GOOGL,13.48,13.56,13.427,13.469,154085760,2075381101.44
2007-07-11,GOOGL,13.476,13.547,13.386,13.497,132239628,1784838259.12
2007-07-12,GOOGL,13.531,13.568,13.392,13.518,137526336,1859081010.05
2007-07-13,GOOGL,13.582,13.7,13.566,13.688,209274516,2864549575.01
2007-07-16,GOOGL,13.641,13.847,13.617,13.708,263716020,3615019202.16
2007-07-17,GOOGL,13.759,13.826,13.693,13.758,172970856,2379733036.85
2007-07-18,GOOGL,13.73,13.746,13.481,13.622,242956800,3309557529.6
2007-07-19,GOOGL,13.72,13.721,13.442,13.599,444642912,6046698960.29
2007-07-20,GOOGL,12.69,12.969,12.63,12.893,710181108,9156365025.44
2007-07-23,GOOGL,12.866,12.89,12.696,12.705,254013732,3227244465.06
2007-07-24,GOOGL,12.625,12.858,12.571,12.742,222661116,2837147940.07
2007-07-25,GOOGL,12.815,12.816,12.532,12.637,221578200,2800083713.4
2007-07-26,GOOGL,12.611,12.707,12.367,12.593,275060664,3463838941.75
2007-07-27,GOOGL,12.606,12.807,12.531,12.689,220143636,2793402597.2
2007-07-30,GOOGL,12.715,12.874,12.655,12.794,158373468,2026230149.59
2007-07-31,GOOGL,12.896,12.901,12.642,12.642,170649180,2157346933.56
2007-08-01,GOOGL,12.655,12.804,12.596,12.715,176950872,2249930337.48
2007-08-02,GOOGL,12.735,12.766,12.618,12.667,126069804,1596926207.27
2007-08-03,GOOGL,12.644,12.722,12.469,12.469,126920952,1582577350.49
2007-08-06,GOOGL,12.469,12.646,12.457,12.642,145913940,1844644029.48
2007-08-07,GOOGL,12.636,12.887,12.619,12.792,170401428,2179775066.98
2007-08-08,GOOGL,12.874,13.034,12.818,13.034,162589248,2119188258.43
2007-08-09,GOOGL,12.91,13.059,12.757,12.76,193666140,2471179946.4
2007-08-10,GOOGL,12.647,12.859,12.534,12.785,234772992,3001572702.72
2007-08-13,GOOGL,12.879,12.884,12.718,12.779,127044828,1623505857.01
2007-08-14,GOOGL,12.784,12.826,12.593,12.608,145202652,1830715036.42
2007-08-15,GOOGL,12.618,12.684,12.313,12.334,216163620,2666162089.08
2007-08-16,GOOGL,12.197,12.306,11.91,12.184,345478176,4209306096.38
2007-08-17,GOOGL,12.331,12.419,12.188,12.396,218956824,2714188790.3
2007-08-20,GOOGL,12.456,12.458,12.295,12.343,107784108,1330379245.04
2007-08-21,GOOGL,12.368,12.597,12.339,12.558,144279576,1811862915.41
2007-08-22,GOOGL,12.641,12.797,12.624,12.711,129977892,1652148985.21
2007-08-23,GOOGL,12.791,12.794,12.568,12.697,122944932,1561031801.6
2007-08-24,GOOGL,12.707,12.78,12.605,12.766,98809092,1261396868.47
2007-08-27,GOOGL,12.752,12.827,12.677,12.723,92910996,1182106602.11
2007-08-28,GOOGL,12.68,12.766,12.538,12.553,130825044,1642246777.33
2007-08-29,GOOGL,12.589,12.724,12.574,12.714,101870028,1295175535.99
2007-08-30,GOOGL,12.701,12.776,12.657,12.677,105961932,1343279411.96
2007-08-31,GOOGL,12.719,12.804,12.679,12.773,118984896,1519794076.61
2007-09-04,GOOGL,12.767,13.089,12.757,13.018,147600252,1921460080.54
2007-09-05,GOOGL,12.975,13.125,12.946,13.084,132383484,1732105504.66
2007-09-06,GOOGL,13.122,13.134,12.847,12.978,144890964,1880394930.79
2007-09-07,GOOGL,12.837,12.921,12.811,12.874,146397456,1884720848.54
2007-09-10,GOOGL,12.922,12.942,12.664,12.754,128902968,1644028453.87
2007-09-11,GOOGL,12.816,12.931,12.785,12.923,108035856,1396147367.09
2007-09-12,GOOGL,12.903,13.088,12.866,12.956,119320560,1545917175.36
2007-09-13,GOOGL,12.991,13.069,12.97,13.009,75568356,983068743.2
2007-09-14,GOOGL,12.97,13.145,12.945,13.107,110485404,1448132190.23
2007-09-17,GOOGL,13.052,13.12,12.991,13.022,87812100,1143489166.2
2007-09-18,GOOGL,13.052,13.318,12.996,13.269,168459372,2235287407.07
2007-09-19,GOOGL,13.368,13.62,13.358,13.556,220854924,2993909349.74
2007-09-20,GOOGL,13.56,13.803,13.536,13.704,220779000,3025555416.0
2007-09-21,GOOGL,13.791,13.902,13.704,13.884,320147532,4444928334.29
2007-09-24,GOOGL,13.907,14.166,13.882,14.081,211668120,2980498797.72
2007-09-25,GOOGL,13.981,14.119,13.953,14.105,109114776,1539063915.48
2007-09-26,GOOGL,14.14,14.174,13.976,14.084,133710156,1883173837.1
2007-09-27,GOOGL,14.173,14.173,14.025,14.068,82169748,1155964014.86
2007-09-28,GOOGL,14.055,14.119,13.984,14.062,105474420,1483181294.04
2007-10-01,GOOGL,14.129,14.486,14.12,14.441,188263548,2718713896.67
2007-10-02,GOOGL,14.461,14.794,14.378,14.487,282417300,4091379425.1
2007-10-03,GOOGL,14.533,14.601,14.387,14.477,155024820,2244294319.14
2007-10-04,GOOGL,14.504,14.504,14.305,14.354,119348532,1713128828.33
2007-10-05,GOOGL,14.554,14.774,14.551,14.726,202545252,2982681380.95
2007-10-08,GOOGL,14.75,15.128,14.724,15.112,200918880,3036286114.56
2007-10-09,GOOGL,15.248,15.463,15.081,15.25,350361288,5343009642.0
2007-10-10,GOOGL,15.403,15.51,15.29,15.503,215208576,3336378553.73
2007-10-11,GOOGL,15.707,15.9,15.097,15.419,471488040,7269874088.76
2007-10-12,GOOGL,15.468,15.825,15.326,15.8,272675052,4308265821.6
2007-10-15,GOOGL,15.827,15.862,15.259,15.372,277474248,4265334140.26
2007-10-16,GOOGL,15.332,15.516,15.171,15.27,240770988,3676572986.76
2007-10-17,GOOGL,15.628,15.716,15.409,15.703,240978780,3784089782.34
2007-10-18,GOOGL,15.751,15.899,15.58,15.856,491076432,7786507905.79
2007-10-19,GOOGL,16.226,16.323,15.945,15.982,630928440,10083498328.08
2007-10-22,GOOGL,15.832,16.237,15.773,16.132,266309424,4296103627.97
2007-10-23,GOOGL,16.392,16.797,16.361,16.752,271476252,4547770173.5
2007-10-24,GOOGL,16.676,16.794,16.35,16.753,295871832,4956740801.5
2007-10-25,GOOGL,16.824,16.831,16.449,16.572,231588180,3837879318.96
2007-10-26,GOOGL,16.709,16.771,16.561,16.723,134021844,2241247297.21
2007-10-29,GOOGL,16.801,16.857,16.661,16.838,122529348,2063149161.62
2007-10-30,GOOGL,16.795,17.35,16.795,17.223,275747976,4749207390.65
2007-10-31,GOOGL,17.369,17.526,17.254,17.526,274796928,4816090960.13
2007-11-01,GOOGL,17.422,17.693,17.397,17.432,260826912,4546734729.98
2007-11-02,GOOGL,17.613,17.689,17.286,17.631,233426340,4115539800.54
2007-11-05,GOOGL,17.526,18.102,17.503,17.988,354992652,6385607824.18
2007-11-06,GOOGL,18.283,18.388,17.972,18.388,337114548,6198862308.62
2007-11-07,GOOGL,18.372,18.523,17.926,18.169,330609060,6006836011.14
2007-11-08,GOOGL,18.21,18.217,16.787,17.2,659827512,11349033206.4
2007-11-09,GOOGL,16.752,16.903,16.391,16.459,455068476,7489972046.48
2007-11-12,GOOGL,16.305,16.607,15.523,15.668,408682908,6403243802.54
2007-11-13,GOOGL,15.989,16.384,15.668,16.374,337478184,5525867784.82
2007-11-14,GOOGL,16.69,16.745,15.773,15.907,323464212,5145345220.28
2007-11-15,GOOGL,15.83,16.051,15.468,15.608,278429292,4345724389.54
2007-11-16,GOOGL,15.715,15.753,15.271,15.707,361350288,5675728973.62
2007-11-19,GOOGL,15.607,15.785,15.332,15.514,220874904,3426653260.66
2007-11-20,GOOGL,15.778,16.339,15.688,16.077,393230376,6321964754.95
2007-11-21,GOOGL,15.959,16.608,15.917,16.374,280259460,4588968398.04
2007-11-23,GOOGL,16.609,16.814,16.562,16.775,109438452,1835830032.3
2007-11-26,GOOGL,16.862,17.189,16.485,16.51,271332396,4479697857.96
2007-11-27,GOOGL,16.728,16.768,16.119,16.697,355823820,5941190322.54
2007-11-28,GOOGL,16.909,17.211,16.662,17.161,316343340,5428768057.74
2007-11-29,GOOGL,17.123,17.422,17.049,17.278,248071680,4286182487.04
2007-11-30,GOOGL,17.625,17.627,16.909,17.179,315504180,5420046308.22
2007-12-03,GOOGL,17.13,17.228,16.885,16.895,172830996,2919979677.42
2007-12-04,GOOGL,16.815,17.154,16.785,16.96,169102728,2867982266.88
2007-12-05,GOOGL,17.172,17.326,17.043,17.315,168215616,2912653391.04
2007-12-06,GOOGL,17.298,17.763,17.278,17.731,196163640,3478177500.84
2007-12-07,GOOGL,17.724,17.799,17.613,17.721,153929916,2727792041.44
2007-12-10,GOOGL,17.749,17.967,17.699,17.809,154093752,2744255629.37
2007-12-11,GOOGL,17.847,17.873,17.322,17.333,245318436,4252104451.19
2007-12-12,GOOGL,17.699,17.707,17.067,17.336,246117636,4266695337.7
2007-12-13,GOOGL,17.261,17.293,16.887,17.205,201430368,3465609481.44
2007-12-14,GOOGL,17.043,17.345,17.037,17.104,146793060,2510748498.24
2007-12-17,GOOGL,17.055,17.239,16.452,16.59,219220560,3636869090.4
2007-12-18,GOOGL,16.712,16.775,16.175,16.692,286381332,4780277193.74
2007-12-19,GOOGL,16.713,16.844,16.584,16.791,176667156,2966418216.4
2007-12-20,GOOGL,17.001,17.129,16.872,17.097,176711112,3021229881.86
2007-12-21,GOOGL,17.3,17.334,17.185,17.27,215064720,3714167714.4
2007-12-24,GOOGL,17.228,17.37,17.18,17.37,65070864,1130280907.68
2007-12-26,GOOGL,17.327,17.68,17.308,17.621,101098800,1781461954.8
2007-12-27,GOOGL,17.528,17.749,17.371,17.371,117582300,2042522133.3
2007-12-28,GOOGL,17.475,17.549,17.267,17.415,102405492,1783391643.18
2007-12-31,GOOGL,17.317,17.414,17.119,17.141,94952952,1627588550.23
2008-01-02,GOOGL,17.176,17.287,16.8,16.985,172103724,2923181752.14
2008-01-03,GOOGL,16.987,17.026,16.77,16.989,129969900,2208058631.1
2008-01-04,GOOGL,16.849,16.88,16.237,16.286,214177608,3488096523.89
2008-01-07,GOOGL,16.211,16.417,15.799,16.094,255879864,4118130531.22
2008-01-08,GOOGL,16.187,16.36,15.642,15.659,213350436,3340854477.32
2008-01-09,GOOGL,15.618,16.196,15.431,16.192,269318412,4360803727.1
2008-01-10,GOOGL,15.989,16.291,15.868,16.032,253114632,4057933780.22
2008-01-11,GOOGL,15.932,16.1,15.62,15.822,198880920,3146693916.24
2008-01-14,GOOGL,16.141,16.296,15.995,16.208,177722100,2880519796.8
2008-01-15,GOOGL,16.011,16.089,15.751,15.807,222505272,3517140834.5
2008-01-16,GOOGL,15.592,15.865,14.921,15.269,421977600,6443175974.4
2008-01-17,GOOGL,15.388,15.512,14.824,14.893,328343328,4890017183.9
2008-01-18,GOOGL,15.081,15.121,14.835,14.88,341242416,5077687150.08
2008-01-22,GOOGL,13.932,14.812,13.912,14.486,379679940,5500043610.84
2008-01-23,GOOGL,13.9,14.08,12.866,13.6,677949372,9220111459.2
2008-01-24,GOOGL,13.852,14.37,13.737,14.241,375659964,5349773547.32
2008-01-25,GOOGL,14.67,14.75,14.035,14.041,278361360,3908471855.76
2008-01-28,GOOGL,14.154,14.185,13.599,13.782,232435332,3203423745.62
2008-01-29,GOOGL,13.894,13.915,13.403,13.647,251068680,3426334275.96
2008-01-30,GOOGL,13.614,13.893,13.473,13.591,317266416,4311967859.86
2008-01-31,GOOGL,13.362,14.204,13.245,13.989,594257148,8313063243.37
2008-02-01,GOOGL,13.105,13.304,12.642,12.789,703315980,8994708068.22
2008-02-04,GOOGL,12.619,12.711,12.21,12.281,525757716,6456830510.2
2008-02-05,GOOGL,12.133,12.618,12.11,12.563,447683868,5624252433.68
2008-02-06,GOOGL,12.671,12.671,12.343,12.437,305150544,3795157315.73
2008-02-07,GOOGL,12.317,12.746,12.265,12.517,316838844,3965871810.35
2008-02-08,GOOGL,12.628,12.834,12.61,12.808,272882844,3495083465.95
2008-02-11,GOOGL,12.903,12.982,12.727,12.919,232806960,3007633116.24
2008-02-12,GOOGL,12.974,13.153,12.718,12.843,266225508,3419134199.24
2008-02-13,GOOGL,12.952,13.262,12.858,13.253,264723012,3508374078.04
2008-02-14,GOOGL,13.345,13.412,13.163,13.194,258808932,3414725048.81
2008-02-15,GOOGL,13.096,13.204,12.998,13.129,209394396,2749139025.08
2008-02-19,GOOGL,13.261,13.264,12.556,12.616,253761984,3201461190.14
2008-02-20,GOOGL,12.482,12.667,12.365,12.618,266221512,3359183038.42
2008-02-21,GOOGL,12.713,12.722,12.382,12.465,226884888,2828120128.92
2008-02-22,GOOGL,12.446,12.618,12.334,12.588,220415364,2774588602.03
2008-02-25,GOOGL,12.542,12.556,12.041,12.058,334577088,4034330527.1
2008-02-26,GOOGL,11.433,11.563,11.077,11.507,930560508,10707959765.56
2008-02-27,GOOGL,11.406,11.787,11.394,11.722,404471124,4741210515.53
2008-02-28,GOOGL,11.663,11.876,11.585,11.785,263212524,3101959595.34
2008-02-29,GOOGL,11.697,11.892,11.518,11.68,376638984,4399143333.12
2008-03-03,GOOGL,11.688,11.718,11.158,11.329,301877820,3419973822.78
2008-03-04,GOOGL,11.179,11.238,10.803,11.021,544323132,5998985237.77
2008-03-05,GOOGL,11.037,11.258,11.006,11.098,297166536,3297954216.53
2008-03-06,GOOGL,11.098,11.237,10.689,10.726,298505196,3201766732.3
2008-03-07,GOOGL,10.632,10.907,10.566,10.742,322549128,3464822732.98
2008-03-10,GOOGL,10.63,10.684,10.239,10.253,319184496,3272598637.49
2008-03-11,GOOGL,10.542,10.911,10.527,10.903,352722924,3845738040.37
2008-03-12,GOOGL,10.907,11.103,10.859,10.912,265809924,2900517890.69
2008-03-13,GOOGL,10.726,11.08,10.629,10.982,308754936,3390746707.15
2008-03-14,GOOGL,10.981,11.139,10.675,10.856,262713024,2852012588.54
2008-03-17,GOOGL,10.61,10.751,10.216,10.408,315212472,3280731408.58
2008-03-18,GOOGL,10.634,10.928,10.549,10.886,289198512,3148215001.63
2008-03-19,GOOGL,10.935,11.093,10.701,10.709,246912840,2644189603.56
2008-03-20,GOOGL,10.593,10.801,10.349,10.747,396139464,4257310819.61
2008-03-24,GOOGL,10.868,11.546,10.851,11.417,270269460,3085666424.82
2008-03-25,GOOGL,11.34,11.34,11.056,11.174,233030736,2603885444.06
2008-03-26,GOOGL,11.219,11.474,11.138,11.358,208818972,2371765883.98
2008-03-27,GOOGL,11.056,11.121,10.919,11.008,233054712,2565466269.7
2008-03-28,GOOGL,11.092,11.244,10.766,10.86,174872952,1899120258.72
2008-03-31,GOOGL,10.799,10.974,10.709,10.919,177678144,1940067654.34
2008-04-01,GOOGL,11.099,11.564,11.078,11.545,243480276,2810979786.42
2008-04-02,GOOGL,11.648,11.793,11.413,11.544,239720040,2767328141.76
2008-04-03,GOOGL,11.446,11.485,11.109,11.282,270864864,3055897395.65
2008-04-04,GOOGL,11.329,11.845,11.309,11.678,235652112,2751945363.94
2008-04-07,GOOGL,11.825,12.034,11.738,11.82,237502260,2807276713.2
2008-04-08,GOOGL,11.726,11.754,11.453,11.597,181698120,2107153097.64
2008-04-09,GOOGL,11.629,11.7,11.342,11.507,241682076,2781035648.53
2008-04-10,GOOGL,11.526,11.747,11.449,11.628,202693104,2356915413.31
2008-04-11,GOOGL,11.504,11.583,11.279,11.34,166621212,1889484544.08
2008-04-14,GOOGL,11.333,11.34,11.159,11.196,153550296,1719149114.02
2008-04-15,GOOGL,11.357,11.396,10.999,11.077,182920896,2026214764.99
2008-04-16,GOOGL,11.016,11.36,10.932,11.28,304922772,3439528868.16
2008-04-17,GOOGL,11.295,11.387,11.069,11.144,533585880,5946281046.72
2008-04-18,GOOGL,13.267,13.577,13.009,13.372,728694576,9744103870.27
2008-04-21,GOOGL,13.371,13.45,13.145,13.331,297290412,3963178482.37
2008-04-22,GOOGL,13.326,13.902,13.326,13.758,317222460,4364346604.68
2008-04-23,GOOGL,13.831,13.865,13.41,13.547,196663140,2664195557.58
2008-04-24,GOOGL,13.666,13.745,13.387,13.461,165238596,2224276740.76
2008-04-25,GOOGL,13.61,13.708,13.454,13.487,166409424,2244363901.49
2008-04-28,GOOGL,13.532,13.803,13.361,13.687,160183656,2192433699.67
2008-04-29,GOOGL,13.655,13.966,13.634,13.844,173666160,2404234319.04
2008-04-30,GOOGL,13.937,14.498,13.844,14.236,315803880,4495784035.68
2008-05-01,GOOGL,14.336,14.748,14.303,14.702,263847888,3879091649.38
2008-05-02,GOOGL,14.836,14.934,14.36,14.41,279672048,4030074211.68
2008-05-05,GOOGL,14.845,14.849,14.554,14.747,250988760,3701331243.72
2008-05-06,GOOGL,14.65,14.675,14.452,14.535,184986828,2688783544.98
2008-05-07,GOOGL,14.632,14.861,14.289,14.353,264255480,3792858904.44
2008-05-08,GOOGL,14.531,14.608,14.351,14.452,204711084,2958484585.97
2008-05-09,GOOGL,14.353,14.502,14.162,14.209,179216604,2546488726.24
2008-05-12,GOOGL,14.248,14.545,14.103,14.5,194361444,2818240938.0
2008-05-13,GOOGL,14.532,14.575,14.342,14.452,206333460,2981931163.92
2008-05-14,GOOGL,14.539,14.655,14.26,14.286,174856968,2498006644.85
2008-05-15,GOOGL,14.353,14.451,14.269,14.402,173534292,2499240873.38
2008-05-16,GOOGL,14.413,14.494,14.336,14.379,170793036,2455833064.64
2008-05-19,GOOGL,14.342,14.598,14.217,14.316,223955820,3206151519.12
2008-05-20,GOOGL,14.245,14.439,14.202,14.343,132411456,1899177513.41
2008-05-21,GOOGL,14.341,14.413,13.582,13.634,258465276,3523915572.98
2008-05-22,GOOGL,13.682,13.738,13.392,13.621,202848948,2763005520.71
2008-05-23,GOOGL,13.559,13.708,13.332,13.501,177082740,2390794072.74
2008-05-27,GOOGL,13.509,13.946,13.482,13.904,154465380,2147686643.52
2008-05-28,GOOGL,14.079,14.167,13.909,14.086,161853984,2279875218.62
2008-05-29,GOOGL,14.249,14.523,14.209,14.452,193606200,2797996802.4
2008-05-30,GOOGL,14.464,14.624,14.41,14.521,128878992,1871451842.83
2008-06-02,GOOGL,14.44,14.474,14.161,14.254,146821032,2092786990.13
2008-06-03,GOOGL,14.291,14.39,13.897,14.063,172039788,2419395538.64
2008-06-04,GOOGL,14.014,14.328,13.995,14.185,134393472,1906371400.32
2008-06-05,GOOGL,14.305,14.577,14.284,14.534,156511332,2274735699.29
2008-06-06,GOOGL,14.372,14.396,14.055,14.055,189190620,2659074164.1
2008-06-09,GOOGL,14.082,14.13,13.52,13.829,211320468,2922350751.97
2008-06-10,GOOGL,13.623,13.853,13.554,13.737,146149704,2007658483.85
2008-06-11,GOOGL,13.789,13.816,13.497,13.515,152363484,2059192486.26
2008-06-12,GOOGL,13.603,13.832,13.557,13.707,219444336,3007923513.55
2008-06-13,GOOGL,13.919,14.271,13.915,14.167,247128624,3501071216.21
2008-06-16,GOOGL,14.043,14.355,14.043,14.199,141570288,2010156519.31
2008-06-17,GOOGL,14.287,14.33,14.09,14.116,138377484,1953336564.14
2008-06-18,GOOGL,13.994,14.105,13.861,13.941,135112752,1883606875.63
2008-06-19,GOOGL,13.767,13.976,13.654,13.887,227096676,3153691539.61
2008-06-20,GOOGL,13.807,13.807,13.498,13.546,239084676,3238641021.1
2008-06-23,GOOGL,13.519,13.712,13.436,13.515,145290564,1963601972.46
2008-06-24,GOOGL,13.514,13.664,13.265,13.443,186717096,2510037921.53
2008-06-25,GOOGL,13.509,13.827,13.477,13.659,164723112,2249952986.81
2008-06-26,GOOGL,13.488,13.508,13.095,13.109,226153620,2964647804.58
2008-06-27,GOOGL,13.081,13.138,12.769,13.09,217682100,2849458689.0
2008-06-30,GOOGL,13.199,13.337,12.966,13.049,150461388,1963370652.01
2008-07-01,GOOGL,12.88,13.305,12.816,13.255,198197604,2627109241.02
2008-07-02,GOOGL,13.3,13.396,13.041,13.065,168751080,2204732860.2
2008-07-03,GOOGL,13.16,13.367,13.076,13.312,95923980,1276940021.76
2008-07-07,GOOGL,13.443,13.609,13.277,13.483,170037792,2292619549.54
2008-07-08,GOOGL,13.535,13.763,13.386,13.746,197098704,2709318785.18
2008-07-09,GOOGL,13.653,13.775,13.404,13.425,165993840,2228467302.0
2008-07-10,GOOGL,13.51,13.622,13.156,13.4,173094732,2319469408.8
2008-07-11,GOOGL,13.299,13.374,12.876,13.232,199056744,2633918836.61
2008-07-14,GOOGL,13.361,13.388,12.778,12.931,176815008,2286394868.45
2008-07-15,GOOGL,12.798,13.076,12.422,12.793,242597160,3103545467.88
2008-07-16,GOOGL,12.743,13.299,12.657,13.277,189498312,2515969088.42
2008-07-17,GOOGL,13.241,13.313,13.002,13.224,351144504,4643534920.9
2008-07-18,GOOGL,12.354,12.369,11.854,11.932,451244304,5384247035.33
2008-07-21,GOOGL,11.921,12.0,11.544,11.621,235823940,2740510006.74
2008-07-22,GOOGL,11.57,11.905,11.542,11.827,187472340,2217235365.18
2008-07-23,GOOGL,11.939,12.326,11.852,12.127,195568236,2371655997.97
2008-07-24,GOOGL,12.313,12.317,11.79,11.79,141494364,1668218551.56
2008-07-25,GOOGL,12.06,12.224,11.936,12.196,127212660,1551485601.36
2008-07-28,GOOGL,12.198,12.198,11.778,11.827,126273600,1493437867.2
2008-07-29,GOOGL,11.881,12.079,11.849,11.976,111999888,1341310658.69
2008-07-30,GOOGL,12.035,12.048,11.721,11.966,139488372,1669117859.35
2008-07-31,GOOGL,11.764,11.921,11.687,11.744,114489396,1344563466.62
2008-08-01,GOOGL,11.713,11.731,11.465,11.598,120195684,1394029543.03
2008-08-04,GOOGL,11.604,11.726,11.45,11.477,99380520,1140590228.04
2008-08-05,GOOGL,11.591,11.901,11.56,11.895,143236620,1703799594.9
2008-08-06,GOOGL,11.858,12.141,11.713,12.056,134896968,1626317846.21
2008-08-07,GOOGL,11.948,11.998,11.81,11.877,110841048,1316459127.1
2008-08-08,GOOGL,11.903,12.289,11.792,12.271,149422428,1833562613.99
2008-08-11,GOOGL,12.208,12.615,12.191,12.415,169402428,2103131143.62
2008-08-12,GOOGL,12.444,12.547,12.345,12.459,110117772,1371957321.35
2008-08-13,GOOGL,12.434,12.482,12.243,12.395,144874980,1795725377.1
2008-08-14,GOOGL,12.338,12.583,12.303,12.531,116627256,1461456144.94
2008-08-15,GOOGL,12.568,12.659,12.531,12.646,141686172,1791763331.11
2008-08-18,GOOGL,12.638,12.642,12.283,12.352,133222644,1645566098.69
2008-08-19,GOOGL,12.157,12.352,12.063,12.159,121738140,1480214044.26
2008-08-20,GOOGL,12.264,12.313,11.962,12.023,159124716,1913156460.47
2008-08-21,GOOGL,11.971,12.144,11.881,12.061,140423436,1693647061.6
2008-08-22,GOOGL,12.184,12.268,12.134,12.161,91796112,1116332518.03
2008-08-25,GOOGL,12.05,12.32,11.936,11.973,80491428,963723867.44
2008-08-26,GOOGL,11.985,11.985,11.666,11.754,132195672,1553827928.69
2008-08-27,GOOGL,11.743,11.771,11.523,11.616,175308516,2036383721.86
2008-08-28,GOOGL,11.713,11.811,11.659,11.745,121066812,1421929706.94
2008-08-29,GOOGL,11.645,11.676,11.461,11.485,153774072,1766095216.92
2008-09-02,GOOGL,11.819,11.953,11.438,11.533,244215540,2816537822.82
2008-09-03,GOOGL,11.619,11.757,11.393,11.512,172411416,1984800220.99
2008-09-04,GOOGL,11.403,11.483,11.14,11.162,193746060,2162593521.72
2008-09-05,GOOGL,11.043,11.216,10.909,11.013,181190628,1995452386.16
2008-09-08,GOOGL,11.205,11.228,10.351,10.41,360355284,3751298506.44
2008-09-09,GOOGL,10.49,10.718,10.287,10.378,288894816,2998150400.45
2008-09-10,GOOGL,10.522,10.522,10.156,10.267,248822928,2554665001.78
2008-09-11,GOOGL,10.123,10.786,10.074,10.752,258597144,2780436492.29
2008-09-12,GOOGL,10.665,10.957,10.635,10.849,240878880,2613294969.12
2008-09-15,GOOGL,10.511,10.956,10.503,10.755,262433304,2822470184.52
2008-09-16,GOOGL,10.559,11.137,10.548,10.98,279348372,3067245124.56
2008-09-17,GOOGL,10.87,10.886,10.249,10.275,364710924,3747404744.1
2008-09-18,GOOGL,10.477,10.887,10.176,10.884,343232424,3735741702.82
2008-09-19,GOOGL,11.428,11.454,10.989,11.134,399839760,4451815887.84
2008-09-22,GOOGL,11.257,11.257,10.635,10.663,176115708,1877921794.4
2008-09-23,GOOGL,10.74,10.927,10.553,10.641,207959832,2212900572.31
2008-09-24,GOOGL,10.668,11.031,10.662,10.786,169510320,1828338311.52
2008-09-25,GOOGL,10.878,11.155,10.808,10.897,200611188,2186060115.64
2008-09-26,GOOGL,10.61,10.837,10.437,10.685,211488300,2259752485.5
2008-09-29,GOOGL,10.399,10.498,9.437,9.445,430085484,4062157396.38
2008-09-30,GOOGL,9.816,10.537,9.725,9.929,123328548,1224529153.09
2008-10-01,GOOGL,10.192,10.337,9.993,10.206,249142608,2542749457.25
2008-10-02,GOOGL,10.158,10.163,9.569,9.68,239156604,2315035926.72
2008-10-03,GOOGL,9.85,10.226,9.496,9.591,319396284,3063329759.84
2008-10-06,GOOGL,9.271,9.32,8.854,9.202,448375176,4125948369.55
2008-10-07,GOOGL,9.255,9.295,8.561,8.577,441733824,3788751008.45
2008-10-08,GOOGL,8.184,8.899,8.084,8.381,472582944,3960717653.66
2008-10-09,GOOGL,8.54,8.641,7.974,8.155,322677000,2631430935.0
2008-10-10,GOOGL,7.763,8.475,7.692,8.23,423488088,3485306964.24
2008-10-13,GOOGL,8.82,9.468,8.571,9.445,355863780,3361133402.1
2008-10-14,GOOGL,9.755,9.779,8.85,8.991,311080608,2796925746.53
2008-10-15,GOOGL,8.791,8.899,8.399,8.408,268587144,2258280706.75
2008-10-16,GOOGL,8.249,8.837,7.671,8.751,648938412,5678860043.41
2008-10-17,GOOGL,9.394,9.569,9.012,9.235,569398032,5258390825.52
2008-10-20,GOOGL,9.414,9.444,8.914,9.403,269865864,2537548719.19
2008-10-21,GOOGL,9.231,9.514,8.974,8.992,231048720,2077590090.24
2008-10-22,GOOGL,8.849,9.164,8.527,8.817,262137600,2311267219.2
2008-10-23,GOOGL,8.767,8.875,8.378,8.734,258896844,2261205035.5
2008-10-24,GOOGL,8.093,8.688,8.05,8.411,294065640,2473386098.04
2008-10-27,GOOGL,8.3,8.503,8.071,8.168,247779972,2023866811.3
2008-10-28,GOOGL,8.405,9.155,8.143,9.141,323891784,2960694797.54
2008-10-29,GOOGL,9.068,9.197,8.735,8.875,389873736,3460129407.0
2008-10-30,GOOGL,9.134,9.222,8.884,8.916,319236444,2846312134.7
2008-10-31,GOOGL,8.829,9.221,8.782,8.908,296635068,2642425185.74
2008-11-03,GOOGL,8.864,8.998,8.464,8.589,237941820,2043682291.98
2008-11-04,GOOGL,8.761,9.23,8.565,9.096,293702004,2671513428.38
2008-11-05,GOOGL,8.977,9.144,8.461,8.484,277582140,2355006875.76
2008-11-06,GOOGL,8.428,8.538,8.077,8.211,342649008,2813491004.69
2008-11-07,GOOGL,8.258,8.457,8.065,8.209,187064748,1535614516.33
2008-11-10,GOOGL,8.131,8.167,7.671,7.902,322880796,2551404049.99
2008-11-11,GOOGL,7.652,7.841,7.45,7.721,405458136,3130542268.06
2008-11-12,GOOGL,7.488,7.746,7.133,7.214,401641956,2897445070.58
2008-11-13,GOOGL,7.233,7.759,6.941,7.736,528858612,4091250222.43
2008-11-14,GOOGL,7.517,8.056,7.5,7.685,380303316,2922630983.46
2008-11-17,GOOGL,7.511,7.689,7.386,7.44,301450248,2242789845.12
2008-11-18,GOOGL,7.476,7.529,7.074,7.373,333510156,2458970380.19
2008-11-19,GOOGL,7.322,7.441,6.906,6.945,313070616,2174275428.12
2008-11-20,GOOGL,6.814,7.014,6.421,6.434,390784824,2514309557.62
2008-11-21,GOOGL,6.507,6.677,6.13,6.505,409370220,2662953281.1
2008-11-24,GOOGL,6.675,6.692,6.173,6.382,401785812,2564197052.18
2008-11-25,GOOGL,6.66,7.106,6.627,6.992,430417152,3009476726.78
2008-11-26,GOOGL,6.948,7.324,6.847,7.241,254009736,1839284498.38
2008-11-28,GOOGL,7.203,7.349,7.146,7.262,102517380,744481213.56
2008-12-01,GOOGL,7.107,7.124,6.593,6.594,228219552,1504879725.89
2008-12-02,GOOGL,6.686,6.886,6.509,6.82,233354412,1591477089.84
2008-12-03,GOOGL,6.689,6.975,6.578,6.927,235955808,1634465882.02
2008-12-04,GOOGL,6.855,7.027,6.663,6.801,195268536,1328021313.34
2008-12-05,GOOGL,6.718,7.046,6.545,7.04,260587152,1834533550.08
2008-12-08,GOOGL,7.189,7.671,6.991,7.489,325446228,2437266801.49
2008-12-09,GOOGL,7.379,7.883,7.363,7.585,275320404,2088305264.34
2008-12-10,GOOGL,7.666,7.806,7.549,7.655,209270520,1601965830.6
2008-12-11,GOOGL,7.54,7.756,7.382,7.442,246920832,1837584831.74
2008-12-12,GOOGL,7.33,7.845,7.288,7.827,228655116,1789683592.93
2008-12-15,GOOGL,7.784,7.895,7.563,7.701,269246484,2073467173.28
2008-12-16,GOOGL,7.797,8.168,7.716,8.063,282101616,2274585329.81
2008-12-17,GOOGL,7.899,7.985,7.745,7.815,231356412,1808050359.78
2008-12-18,GOOGL,7.851,7.941,7.663,7.692,190349460,1464168046.32
2008-12-19,GOOGL,7.709,7.878,7.66,7.689,224279496,1724485044.74
2008-12-22,GOOGL,7.649,7.672,7.204,7.365,156547296,1152970835.04
2008-12-23,GOOGL,7.447,7.519,7.354,7.388,150956892,1115269518.1
2008-12-24,GOOGL,7.473,7.594,7.397,7.51,76783140,576641381.4
2008-12-26,GOOGL,7.538,7.567,7.395,7.446,78285636,582914845.66
2008-12-29,GOOGL,7.442,7.471,7.228,7.373,147927924,1090672583.65
2008-12-30,GOOGL,7.457,7.606,7.405,7.514,153586260,1154047157.64
2008-12-31,GOOGL,7.541,7.709,7.501,7.626,115356528,879708882.53
2009-01-02,GOOGL,7.65,7.978,7.573,7.965,144275580,1149154994.7
2009-01-05,GOOGL,7.957,8.211,7.809,8.132,195364440,1588703626.08
2009-01-06,GOOGL,8.254,8.448,8.091,8.281,256750992,2126154964.75
2009-01-07,GOOGL,8.139,8.203,7.902,7.982,179600220,1433568956.04
2009-01-08,GOOGL,7.89,8.061,7.867,8.061,143883972,1159848698.29
2009-01-09,GOOGL,8.118,8.118,7.769,7.81,173446380,1354616227.8
2009-01-12,GOOGL,7.841,7.906,7.69,7.751,132039828,1023440706.83
2009-01-13,GOOGL,7.729,7.947,7.694,7.792,177122700,1380140078.4
2009-01-14,GOOGL,7.685,7.779,7.381,7.461,218497284,1630208235.92
2009-01-15,GOOGL,7.377,7.525,7.109,7.412,237142620,1757701099.44
2009-01-16,GOOGL,7.561,7.641,7.33,7.429,208767024,1550930221.3
2009-01-20,GOOGL,7.415,7.424,7.009,7.009,201726072,1413898038.65
2009-01-21,GOOGL,7.148,7.524,7.148,7.513,196783020,1478430829.26
2009-01-22,GOOGL,7.388,7.669,7.317,7.598,330349320,2509994133.36
2009-01-23,GOOGL,7.667,8.229,7.541,8.049,428882688,3452076755.71
2009-01-26,GOOGL,8.053,8.131,7.946,8.028,184243572,1479107396.02
2009-01-27,GOOGL,8.092,8.276,8.038,8.217,196894908,1617885459.04
2009-01-28,GOOGL,8.378,8.734,8.337,8.643,307348344,2656411737.19
2009-01-29,GOOGL,8.541,8.553,8.431,8.511,291060648,2477217175.13
2009-01-30,GOOGL,8.545,8.646,8.329,8.392,186693120,1566728663.04
2009-02-02,GOOGL,8.287,8.552,8.23,8.442,208067724,1756507726.01
2009-02-03,GOOGL,8.492,8.503,8.275,8.439,261997740,2210998927.86
2009-02-04,GOOGL,8.43,8.786,8.408,8.503,272423304,2316415353.91
2009-02-05,GOOGL,8.451,8.81,8.354,8.768,290285424,2545222597.63
2009-02-06,GOOGL,8.836,9.266,8.811,9.204,281242476,2588555749.1
2009-02-09,GOOGL,9.204,9.445,9.105,9.389,198892908,1867405513.21
2009-02-10,GOOGL,9.32,9.358,8.872,8.887,283863852,2522698052.72
2009-02-11,GOOGL,8.898,9.048,8.751,8.876,209054736,1855569836.74
2009-02-12,GOOGL,8.755,9.014,8.713,9.0,221789988,1996109892.0
2009-02-13,GOOGL,8.978,8.998,8.806,8.867,165702132,1469280804.44
2009-02-17,GOOGL,8.59,8.604,8.421,8.494,226988784,1928042731.3
2009-02-18,GOOGL,8.608,8.76,8.441,8.753,240739020,2107188642.06
2009-02-19,GOOGL,8.861,8.919,8.463,8.494,199348452,1693265751.29
2009-02-20,GOOGL,8.38,8.649,8.304,8.588,248435316,2133562493.81
2009-02-23,GOOGL,8.602,8.671,8.169,8.182,208635156,1707052846.39
2009-02-24,GOOGL,8.206,8.667,8.202,8.563,243592164,2085879700.33
2009-02-25,GOOGL,8.482,8.733,8.402,8.469,257306436,2179128206.48
2009-02-26,GOOGL,8.576,8.738,8.358,8.358,223999776,1872190127.81
2009-02-27,GOOGL,8.254,8.523,8.208,8.378,216583200,1814534049.6
2009-03-02,GOOGL,8.263,8.446,8.081,8.11,231308460,1875911610.6
2009-03-03,GOOGL,8.182,8.272,7.991,8.068,260731008,2103577772.54
2009-03-04,GOOGL,8.011,8.156,7.818,7.906,312423264,2470018325.18
2009-03-05,GOOGL,7.845,7.91,7.502,7.577,260934804,1977103009.91
2009-03-06,GOOGL,7.616,7.689,7.294,7.649,289078632,2211162456.17
2009-03-09,GOOGL,7.436,7.6,7.175,7.211,258593148,1864715190.23
2009-03-10,GOOGL,7.393,7.697,7.294,7.639,268938792,2054423432.09
2009-03-11,GOOGL,7.687,7.933,7.578,7.881,236707056,1865488308.34
2009-03-12,GOOGL,7.872,8.056,7.775,8.02,200763036,1610119548.72
2009-03-13,GOOGL,8.084,8.117,7.908,8.042,156099744,1255354141.25
2009-03-16,GOOGL,8.081,8.174,7.898,7.925,197674128,1566567464.4
2009-03-17,GOOGL,7.937,8.313,7.91,8.313,188311500,1565433499.5
2009-03-18,GOOGL,8.3,8.428,8.132,8.257,200287512,1653773986.58
2009-03-19,GOOGL,8.222,8.329,8.115,8.179,164283552,1343675171.81
2009-03-20,GOOGL,8.188,8.255,8.09,8.184,189326484,1549447945.06
2009-03-23,GOOGL,8.269,8.663,8.256,8.641,170689140,1474924858.74
2009-03-24,GOOGL,8.589,8.771,8.527,8.606,152647200,1313681803.2
2009-03-25,GOOGL,8.686,8.709,8.335,8.529,173278548,1477892735.89
2009-03-26,GOOGL,8.754,8.903,8.639,8.758,239891868,2100972979.94
2009-03-27,GOOGL,8.676,8.726,8.564,8.619,132779088,1144422959.47
2009-03-30,GOOGL,8.492,8.523,8.33,8.495,123640236,1050323804.82
2009-03-31,GOOGL,8.65,8.763,8.582,8.628,146065788,1260255618.86
2009-04-01,GOOGL,8.522,8.806,8.443,8.778,131915952,1157958226.66
2009-04-02,GOOGL,9.006,9.166,8.932,8.986,179340480,1611553553.28
2009-04-03,GOOGL,9.036,9.215,8.875,9.167,151440408,1388254220.14
2009-04-06,GOOGL,9.098,9.168,8.959,9.128,131080788,1196505432.86
2009-04-07,GOOGL,8.989,9.017,8.808,8.891,147056796,1307481973.24
2009-04-08,GOOGL,9.011,9.048,8.83,8.974,110497392,991603595.81
2009-04-09,GOOGL,9.16,9.28,9.079,9.234,135168696,1248147738.86
2009-04-13,GOOGL,9.205,9.398,9.179,9.373,121881996,1142399948.51
2009-04-14,GOOGL,9.344,9.345,9.063,9.145,137006856,1252927698.12
2009-04-15,GOOGL,9.1,9.446,9.027,9.407,197030772,1853468472.2
2009-04-16,GOOGL,9.457,9.74,9.445,9.637,406996596,3922226195.65
2009-04-17,GOOGL,9.569,9.911,9.539,9.723,428802768,4169249313.26
2009-04-20,GOOGL,9.572,9.684,9.318,9.403,176978844,1664132070.13
2009-04-21,GOOGL,9.325,9.526,9.323,9.456,147668184,1396350347.9
2009-04-22,GOOGL,9.463,9.668,9.395,9.516,139931928,1331592226.85
2009-04-23,GOOGL,9.606,9.662,9.447,9.536,104255640,994181783.04
2009-04-24,GOOGL,9.57,9.747,9.432,9.655,135280584,1306134038.52
2009-04-27,GOOGL,9.527,9.655,9.488,9.567,91532376,875690241.19
2009-04-28,GOOGL,9.513,9.644,9.458,9.512,117626256,1118860947.07
2009-04-29,GOOGL,9.568,9.791,9.564,9.704,144255600,1399856342.4
2009-04-30,GOOGL,9.811,10.009,9.787,9.816,174053772,1708511825.95
2009-05-01,GOOGL,9.792,9.856,9.706,9.759,97010892,946729295.03
2009-05-04,GOOGL,9.87,9.975,9.787,9.965,127991880,1275439084.2
2009-05-05,GOOGL,9.915,10.04,9.847,9.99,95935968,958400320.32
2009-05-06,GOOGL,10.084,10.121,9.94,10.002,105210684,1052317261.37
2009-05-07,GOOGL,10.017,10.039,9.73,9.832,119872008,1178581582.66
2009-05-08,GOOGL,9.986,10.167,9.792,10.097,154449396,1559475551.41
2009-05-11,GOOGL,9.985,10.213,9.945,10.113,102269628,1034252747.96
2009-05-12,GOOGL,10.164,10.188,9.794,9.891,151480368,1498292319.89
2009-05-13,GOOGL,9.769,9.826,9.627,9.656,113598288,1096905068.93
2009-05-14,GOOGL,9.638,9.723,9.536,9.606,117362520,1127384367.12
2009-05-15,GOOGL,9.695,9.77,9.645,9.668,120227652,1162360939.54
2009-05-18,GOOGL,9.785,9.849,9.554,9.837,133933932,1317508089.08
2009-05-19,GOOGL,9.819,9.956,9.742,9.888,113386500,1121165712.0
2009-05-20,GOOGL,9.967,10.056,9.792,9.846,91268640,898631029.44
2009-05-21,GOOGL,9.824,9.986,9.763,9.829,108683208,1068247251.43
2009-05-22,GOOGL,9.833,9.882,9.717,9.755,68675256,669927122.28
2009-05-26,GOOGL,9.716,10.04,9.668,10.024,124055820,1243535539.68
2009-05-27,GOOGL,10.055,10.21,10.035,10.053,121250628,1218932563.28
2009-05-28,GOOGL,10.131,10.204,10.03,10.173,106645248,1084902107.9
2009-05-29,GOOGL,10.216,10.343,10.181,10.343,105822072,1094517690.7
2009-06-01,GOOGL,10.38,10.649,10.375,10.574,132763104,1403837061.7
2009-06-02,GOOGL,10.566,10.658,10.496,10.62,104839056,1113390774.72
2009-06-03,GOOGL,10.56,10.72,10.511,10.7,141170688,1510526361.6
2009-06-04,GOOGL,10.791,10.938,10.771,10.914,145378476,1586660687.06
2009-06-05,GOOGL,11.033,11.089,10.894,11.014,147084768,1619991634.75
2009-06-08,GOOGL,10.895,10.93,10.761,10.877,123824052,1346834213.6
2009-06-09,GOOGL,10.872,10.92,10.703,10.799,130065804,1404580617.4
2009-06-10,GOOGL,10.814,10.855,10.577,10.724,134221644,1439392910.26
2009-06-11,GOOGL,10.703,10.752,10.619,10.635,114493392,1217637223.92
2009-06-12,GOOGL,10.581,10.602,10.441,10.531,116619264,1228117469.18
2009-06-15,GOOGL,10.449,10.449,10.263,10.331,149326524,1542692319.44
2009-06-16,GOOGL,10.394,10.438,10.298,10.312,121866012,1256682315.74
2009-06-17,GOOGL,10.317,10.404,10.202,10.291,139464396,1435228099.24
2009-06-18,GOOGL,10.304,10.379,10.238,10.264,123284592,1265393052.29
2009-06-19,GOOGL,10.367,10.423,10.277,10.414,170193636,1772396525.3
2009-06-22,GOOGL,10.336,10.349,9.963,10.098,164811024,1664261720.35
2009-06-23,GOOGL,10.081,10.139,9.979,10.056,115868016,1165168768.9
2009-06-24,GOOGL,10.132,10.219,10.078,10.146,98213688,996476078.45
2009-06-25,GOOGL,10.089,10.31,10.077,10.307,121658220,1253931273.54
2009-06-26,GOOGL,10.255,10.615,10.241,10.543,130137732,1372042108.48
2009-06-29,GOOGL,10.56,10.605,10.467,10.514,86685228,911408487.19
2009-06-30,GOOGL,10.511,10.59,10.367,10.451,103652244,1083269602.04
2009-07-01,GOOGL,10.516,10.57,10.366,10.386,92339568,959038753.25
2009-07-02,GOOGL,10.298,10.298,10.084,10.126,100603296,1018708975.3
2009-07-06,GOOGL,10.077,10.179,9.957,10.154,90413496,918058638.38
2009-07-07,GOOGL,10.12,10.143,9.816,9.832,130241628,1280535686.5
2009-07-08,GOOGL,9.916,10.064,9.868,9.977,137510352,1371940781.9
2009-07-09,GOOGL,10.067,10.274,10.059,10.173,130892976,1331574244.85
2009-07-10,GOOGL,10.153,10.346,10.131,10.273,116946936,1201395873.53
2009-07-13,GOOGL,10.316,10.523,10.292,10.518,161666172,1700404797.1
2009-07-14,GOOGL,10.503,10.578,10.433,10.528,115716168,1218259816.7
2009-07-15,GOOGL,10.651,10.875,10.622,10.862,150928920,1639389929.04
2009-07-16,GOOGL,10.825,11.05,10.761,10.972,261917820,2873762321.04
2009-07-17,GOOGL,10.734,10.795,10.578,10.666,273889836,2921308990.78
2009-07-20,GOOGL,10.656,10.73,10.566,10.664,126013860,1343811803.04
2009-07-21,GOOGL,10.683,10.706,10.553,10.607,118609272,1258088548.1
2009-07-22,GOOGL,10.61,10.664,10.498,10.602,103364532,1095870768.26
2009-07-23,GOOGL,10.627,10.937,10.548,10.841,138988872,1506778361.35
2009-07-24,GOOGL,10.803,11.167,10.783,11.074,144930924,1604965052.38
2009-07-27,GOOGL,11.057,11.075,10.848,11.026,100075824,1103436035.42
2009-07-28,GOOGL,10.932,10.977,10.811,10.904,101198700,1103470624.8
2009-07-29,GOOGL,10.839,10.853,10.706,10.814,79400520,858637223.28
2009-07-30,GOOGL,10.972,11.192,10.972,11.047,127816056,1411983970.63
2009-07-31,GOOGL,11.155,11.222,10.967,10.983,114301584,1255374297.07
2009-08-03,GOOGL,11.124,11.252,11.097,11.21,103508388,1160329029.48
2009-08-04,GOOGL,11.139,11.254,11.116,11.248,95496408,1074143597.18
2009-08-05,GOOGL,11.304,11.326,11.103,11.183,93586320,1046575816.56
2009-08-06,GOOGL,11.262,11.276,11.119,11.164,84351564,941700860.5
2009-08-07,GOOGL,11.296,11.389,11.279,11.331,101622276,1151482009.36
2009-08-10,GOOGL,11.283,11.364,11.249,11.319,69610320,787919212.08
2009-08-11,GOOGL,11.246,11.334,11.214,11.253,68431500,770059669.5
2009-08-12,GOOGL,11.289,11.446,11.277,11.368,93562344,1063616726.59
2009-08-13,GOOGL,11.456,11.52,11.376,11.46,79728192,913685080.32
2009-08-14,GOOGL,11.472,11.482,11.326,11.403,66936996,763282565.39
2009-08-17,GOOGL,11.192,11.204,10.985,11.028,104703192,1154666801.38
2009-08-18,GOOGL,11.034,11.098,10.965,11.038,93949956,1037019614.33
2009-08-19,GOOGL,10.907,11.031,10.872,11.006,90109800,991748458.8
2009-08-20,GOOGL,11.205,11.457,11.186,11.413,159796044,1823752250.17
2009-08-21,GOOGL,11.54,11.554,11.469,11.533,142277580,1640887330.14
2009-08-24,GOOGL,11.585,11.653,11.513,11.619,98037864,1139101941.82
2009-08-25,GOOGL,11.629,11.759,11.619,11.685,93546360,1093089216.6
2009-08-26,GOOGL,11.719,11.725,11.569,11.601,79432488,921496293.29
2009-08-27,GOOGL,11.616,11.616,11.421,11.553,79876044,922807936.33
2009-08-28,GOOGL,11.633,11.71,11.487,11.521,70793136,815607719.86
2009-08-31,GOOGL,11.398,11.449,11.353,11.444,78237684,895352055.7
2009-09-01,GOOGL,11.395,11.572,11.265,11.298,103692204,1171514520.79
2009-09-02,GOOGL,11.299,11.362,11.219,11.23,72119808,809905443.84
2009-09-03,GOOGL,11.299,11.36,11.279,11.342,65782152,746101167.98
2009-09-04,GOOGL,11.343,11.467,11.298,11.435,59908032,685048345.92
2009-09-08,GOOGL,11.509,11.576,11.3,11.369,106161732,1206952731.11
2009-09-09,GOOGL,11.38,11.558,11.373,11.501,87728184,1008961844.18
2009-09-10,GOOGL,11.568,11.674,11.453,11.674,101282616,1182373259.18
2009-09-11,GOOGL,11.661,11.733,11.592,11.704,76039884,889970802.34
2009-09-14,GOOGL,11.664,11.819,11.652,11.778,78948972,929860992.22
2009-09-15,GOOGL,11.777,11.872,11.718,11.838,95828076,1134412763.69
2009-09-16,GOOGL,11.894,12.131,11.861,12.104,103308588,1250447149.15
2009-09-17,GOOGL,12.161,12.329,12.076,12.189,179144676,2183594455.76
2009-09-18,GOOGL,12.315,12.32,12.177,12.183,131208660,1598515104.78
2009-09-21,GOOGL,12.091,12.367,12.053,12.32,84571344,1041918958.08
2009-09-22,GOOGL,12.417,12.444,12.34,12.371,121526352,1503402500.59
2009-09-23,GOOGL,12.414,12.568,12.338,12.356,108059832,1335187284.19
2009-09-24,GOOGL,12.406,12.43,12.221,12.314,101002896,1243749661.34
2009-09-25,GOOGL,12.253,12.393,12.196,12.208,81902016,999859811.33
2009-09-28,GOOGL,12.267,12.432,12.228,12.358,73498428,908293573.22
2009-09-29,GOOGL,12.383,12.388,12.221,12.358,83884032,1036638867.46
2009-09-30,GOOGL,12.395,12.398,12.078,12.292,125542332,1543166344.94
2009-10-01,GOOGL,12.221,12.307,12.072,12.077,112415472,1357641655.34
2009-10-02,GOOGL,11.991,12.19,11.963,12.012,103927968,1248382751.62
2009-10-05,GOOGL,12.088,12.207,11.982,12.11,85698216,1037805395.76
2009-10-06,GOOGL,12.189,12.379,12.189,12.363,109182708,1349825819.0
2009-10-07,GOOGL,12.37,12.865,12.34,12.829,194773032,2498743227.53
2009-10-08,GOOGL,12.88,12.971,12.725,12.746,171979848,2192055142.61
2009-10-09,GOOGL,12.807,12.928,12.754,12.797,109414476,1400177049.37
2009-10-12,GOOGL,12.975,13.033,12.873,12.991,132755112,1724621659.99
2009-10-13,GOOGL,12.999,13.075,12.925,13.042,121374504,1582966281.17
2009-10-14,GOOGL,13.199,13.277,13.138,13.27,130205664,1727829161.28
2009-10-15,GOOGL,13.231,13.309,13.071,13.136,243771984,3202188781.82
2009-10-16,GOOGL,13.568,13.752,13.498,13.63,353322324,4815783276.12
2009-10-19,GOOGL,13.701,13.723,13.603,13.686,128587284,1759845568.82
2009-10-20,GOOGL,13.675,13.707,13.403,13.677,161586252,2210015168.6
2009-10-21,GOOGL,13.632,13.866,13.609,13.661,146677176,2003756901.34
2009-10-22,GOOGL,13.634,13.758,13.584,13.735,93366540,1282389426.9
2009-10-23,GOOGL,13.764,13.83,13.664,13.725,95612292,1312278707.7
2009-10-26,GOOGL,13.777,13.923,13.656,13.738,118697184,1630661913.79
2009-10-27,GOOGL,13.658,13.747,13.489,13.592,128531340,1746997973.28
2009-10-28,GOOGL,13.581,13.634,13.343,13.394,102609288,1374348803.47
2009-10-29,GOOGL,13.461,13.679,13.411,13.66,100803096,1376970291.36
2009-10-30,GOOGL,13.634,13.638,13.243,13.29,138601260,1842010745.4
2009-11-02,GOOGL,13.314,13.373,13.095,13.237,127955916,1693752460.09
2009-11-03,GOOGL,13.138,13.324,13.096,13.319,95112792,1266807276.65
2009-11-04,GOOGL,13.406,13.522,13.297,13.394,93214692,1248517584.65
2009-11-05,GOOGL,13.473,13.628,13.452,13.601,73834092,1004217485.29
2009-11-06,GOOGL,13.578,13.678,13.522,13.661,72994932,997183766.05
2009-11-09,GOOGL,13.769,13.946,13.739,13.944,105890004,1476530215.78
2009-11-10,GOOGL,13.95,14.1,13.931,14.049,89142768,1252366747.63
2009-11-11,GOOGL,14.142,14.217,14.027,14.144,92695212,1311081078.53
2009-11-12,GOOGL,14.119,14.202,14.018,14.077,75376548,1061075666.2
2009-11-13,GOOGL,14.112,14.192,14.046,14.181,66605328,944530156.37
2009-11-16,GOOGL,14.254,14.303,14.199,14.285,87880032,1255366257.12
2009-11-17,GOOGL,14.251,14.316,14.222,14.315,76591332,1096404917.58
2009-11-18,GOOGL,14.295,14.347,14.181,14.295,61922016,885175218.72
2009-11-19,GOOGL,14.223,14.229,14.13,14.204,86633280,1230539109.12
2009-11-20,GOOGL,14.117,14.169,14.115,14.129,80167752,1132690168.01
2009-11-23,GOOGL,14.291,14.541,14.275,14.436,101798100,1469557371.6
2009-11-24,GOOGL,14.44,14.484,14.292,14.454,64143792,927134369.57
2009-11-25,GOOGL,14.537,14.553,14.444,14.52,58389552,847816295.04
2009-11-27,GOOGL,14.179,14.439,14.154,14.372,55328616,795182869.15
2009-11-30,GOOGL,14.393,14.469,14.306,14.452,68934996,996248562.19
2009-12-01,GOOGL,14.579,14.656,14.452,14.622,92719188,1355739966.94
2009-12-02,GOOGL,14.65,14.7,14.532,14.564,66461472,967944878.21
2009-12-03,GOOGL,14.602,14.662,14.502,14.52,57090852,828959171.04
2009-12-04,GOOGL,14.7,14.745,14.357,14.502,100443456,1456630998.91
2009-12-07,GOOGL,14.482,14.593,14.402,14.533,65382552,950204628.22
2009-12-08,GOOGL,14.464,14.642,14.427,14.552,60899040,886202830.08
2009-12-09,GOOGL,14.564,14.609,14.466,14.601,71168760,1039135064.76
2009-12-10,GOOGL,14.636,14.742,14.636,14.663,66665268,977512824.68
2009-12-11,GOOGL,14.742,14.743,14.569,14.638,68731200,1006087305.6
2009-12-14,GOOGL,14.758,14.807,14.69,14.768,76459464,1129153364.35
2009-12-15,GOOGL,14.707,14.784,14.65,14.703,91124784,1339807699.15
2009-12-16,GOOGL,14.839,14.883,14.79,14.818,112263624,1663522380.43
2009-12-17,GOOGL,14.785,14.815,14.719,14.723,105446448,1552488053.9
2009-12-18,GOOGL,14.775,14.847,14.75,14.785,141118740,2086440570.9
2009-12-21,GOOGL,14.814,14.87,14.766,14.841,102745152,1524840800.83
2009-12-22,GOOGL,14.907,14.911,14.845,14.901,75156768,1119910999.97
2009-12-23,GOOGL,14.96,15.193,14.944,15.163,82825092,1255876870.0
2009-12-24,GOOGL,15.194,15.357,15.178,15.332,34313652,526096912.46
2009-12-28,GOOGL,15.41,15.518,15.332,15.44,67848084,1047574416.96
2009-12-29,GOOGL,15.487,15.489,15.327,15.354,56935008,874180112.83
2009-12-30,GOOGL,15.332,15.437,15.32,15.437,58565376,904073709.31
2009-12-31,GOOGL,15.487,15.503,15.369,15.369,48743208,749134363.75
2010-01-04,GOOGL,15.542,15.605,15.474,15.537,78169752,1214523436.82
2010-01-05,GOOGL,15.547,15.564,15.407,15.468,120067812,1857208916.02
2010-01-06,GOOGL,15.515,15.515,15.031,15.078,158988852,2397233910.46
2010-01-07,GOOGL,15.107,15.121,14.691,14.727,256315428,3774757308.16
2010-01-08,GOOGL,14.675,14.954,14.604,14.924,188783028,2817397909.87
2010-01-11,GOOGL,14.984,14.984,14.726,14.901,288227484,4294877739.08
2010-01-12,GOOGL,14.815,14.828,14.576,14.637,193937868,2838668573.92
2010-01-13,GOOGL,14.291,14.585,14.226,14.553,259604136,3778018991.21
2010-01-14,GOOGL,14.474,14.73,14.447,14.622,169434396,2477469738.31
2010-01-15,GOOGL,14.708,14.714,14.329,14.378,217162620,3122364150.36
2010-01-19,GOOGL,14.407,14.636,14.286,14.567,172495332,2512739501.24
2010-01-20,GOOGL,14.526,14.526,14.261,14.388,129897972,1868972021.14
2010-01-21,GOOGL,14.463,14.547,14.186,14.452,252055692,3642708860.78
2010-01-22,GOOGL,13.993,14.145,13.259,13.634,271743984,3704957477.86
2010-01-25,GOOGL,13.549,13.631,13.275,13.386,176619204,2364224664.74
2010-01-26,GOOGL,13.336,13.624,13.294,13.446,174045780,2340219557.88
2010-01-27,GOOGL,13.418,13.576,13.27,13.438,158417424,2128813343.71
2010-01-28,GOOGL,13.497,13.56,13.153,13.245,129034836,1709066402.82
2010-01-29,GOOGL,13.349,13.411,13.029,13.137,165454380,2173574190.06
2010-02-01,GOOGL,13.252,13.282,13.146,13.213,89941968,1188403223.18
2010-02-02,GOOGL,13.261,13.261,13.079,13.166,163684152,2155065545.23
2010-02-03,GOOGL,13.105,13.438,13.094,13.406,119844036,1606629146.62
2010-02-04,GOOGL,13.312,13.337,13.028,13.058,134972892,1762476023.74
2010-02-05,GOOGL,13.099,13.225,12.951,13.17,126113760,1660918219.2
2010-02-08,GOOGL,13.2,13.436,13.176,13.224,107664228,1423751751.07
2010-02-09,GOOGL,13.375,13.424,13.264,13.298,112671216,1498301830.37
2010-02-10,GOOGL,13.239,13.331,13.081,13.249,106873020,1415960641.98
2010-02-11,GOOGL,13.221,13.398,13.126,13.297,96303600,1280548969.2
2010-02-12,GOOGL,13.212,13.315,13.151,13.216,91096812,1203935467.39
2010-02-16,GOOGL,13.309,13.489,13.245,13.418,146029824,1959428178.43
2010-02-17,GOOGL,13.436,13.47,13.327,13.342,81106812,1082127085.7
2010-02-18,GOOGL,13.325,13.51,13.29,13.466,93382524,1257489068.18
2010-02-19,GOOGL,13.399,13.486,13.379,13.405,102021876,1367603247.78
2010-02-22,GOOGL,13.568,13.572,13.411,13.456,85698216,1153155194.5
2010-02-23,GOOGL,13.461,13.476,13.195,13.264,114789096,1522562569.34
2010-02-24,GOOGL,13.237,13.347,13.151,13.175,92970936,1224892081.8
2010-02-25,GOOGL,13.067,13.101,12.89,13.05,132235632,1725674997.6
2010-02-26,GOOGL,13.074,13.182,12.977,13.059,81890028,1069401875.65
2010-03-01,GOOGL,13.118,13.22,13.082,13.205,89426484,1180876721.22
2010-03-02,GOOGL,13.274,13.526,13.262,13.412,174097728,2334998727.94
2010-03-03,GOOGL,13.445,13.587,13.368,13.518,123452424,1668829867.63
2010-03-04,GOOGL,13.547,13.786,13.54,13.748,127224648,1749084460.7
2010-03-05,GOOGL,13.915,14.072,13.879,13.986,156331512,2186452526.83
2010-03-08,GOOGL,14.0,14.01,13.907,13.943,95360544,1329612064.99
2010-03-09,GOOGL,13.878,13.997,13.795,13.887,126936936,1762773230.23
2010-03-10,GOOGL,13.975,14.341,13.937,14.29,225969804,3229108499.16
2010-03-11,GOOGL,14.235,14.532,14.234,14.406,169162668,2436957395.21
2010-03-12,GOOGL,14.579,14.583,14.357,14.366,110025864,1580631562.22
2010-03-15,GOOGL,14.048,14.116,13.783,13.961,185969844,2596324992.08
2010-03-16,GOOGL,13.927,14.091,13.901,14.011,137122740,1921226710.14
2010-03-17,GOOGL,14.088,14.166,13.987,14.02,132731136,1860890526.72
2010-03-18,GOOGL,13.999,14.091,13.955,14.041,71016912,997148461.39
2010-03-19,GOOGL,13.882,14.08,13.814,13.882,191576232,2659461252.62
2010-03-22,GOOGL,13.785,14.052,13.74,13.82,160031808,2211639586.56
2010-03-23,GOOGL,13.809,13.84,13.436,13.609,219831948,2991692980.33
2010-03-24,GOOGL,13.523,13.878,13.379,13.816,262345392,3624563935.87
2010-03-25,GOOGL,13.858,14.179,13.849,13.953,157078764,2191719994.09
2010-03-26,GOOGL,14.013,14.065,13.882,13.949,107740152,1502867380.25
2010-03-29,GOOGL,13.956,13.999,13.896,13.943,124055820,1729710298.26
2010-03-30,GOOGL,13.952,14.071,13.889,14.048,79036884,1110310146.43
2010-03-31,GOOGL,14.007,14.123,13.952,14.058,121110768,1702575176.54
2010-04-01,GOOGL,14.163,14.215,14.019,14.1,84023892,1184736877.2
2010-04-05,GOOGL,14.152,14.251,14.105,14.155,75983940,1075552670.7
2010-04-06,GOOGL,14.116,14.152,14.016,14.086,82321596,1159582001.26
2010-04-07,GOOGL,14.063,14.099,13.928,13.97,103136760,1440820537.2
2010-04-08,GOOGL,13.964,14.126,13.883,14.068,77822100,1094801302.8
2010-04-09,GOOGL,14.068,14.099,13.981,14.036,82181736,1153502846.5
2010-04-12,GOOGL,14.064,14.229,14.036,14.197,94001904,1334545031.09
2010-04-13,GOOGL,14.193,14.598,14.158,14.546,156335508,2274056299.37
2010-04-14,GOOGL,14.627,14.684,14.477,14.601,135971892,1985325595.09
2010-04-15,GOOGL,14.679,14.82,14.583,14.757,270201528,3987363948.7
2010-04-16,GOOGL,13.956,14.1,13.625,13.638,488930580,6668035250.04
2010-04-19,GOOGL,13.603,13.733,13.51,13.637,155604240,2121975020.88
2010-04-20,GOOGL,13.737,13.873,13.66,13.759,118976904,1637003222.14
2010-04-21,GOOGL,13.794,13.888,13.688,13.741,95564340,1313149595.94
2010-04-22,GOOGL,13.684,13.696,13.469,13.561,131096772,1777803325.09
2010-04-23,GOOGL,13.566,13.617,13.442,13.51,83492424,1127982648.24
2010-04-26,GOOGL,13.509,13.51,13.119,13.179,174577248,2300753551.39
2010-04-27,GOOGL,13.112,13.345,13.07,13.115,153634212,2014912690.38
2010-04-28,GOOGL,13.19,13.258,12.916,13.118,136107756,1785461543.21
2010-04-29,GOOGL,13.222,13.299,13.056,13.188,122233644,1612017297.07
2010-04-30,GOOGL,13.166,13.329,13.025,13.032,97318584,1268255786.69
2010-05-03,GOOGL,13.051,13.211,13.016,13.153,74237688,976448310.26
2010-05-04,GOOGL,13.052,13.057,12.499,12.552,242808948,3047737915.3
2010-05-05,GOOGL,12.419,12.784,12.406,12.637,183104712,2313894245.54
2010-05-06,GOOGL,12.611,12.829,11.403,12.362,199803996,2469976998.55
2010-05-07,GOOGL,12.394,12.526,11.932,12.225,203356440,2486032479.0
2010-05-10,GOOGL,12.741,12.96,12.707,12.931,164954880,2133031553.28
2010-05-11,GOOGL,12.783,12.887,12.598,12.619,132771096,1675438460.42
2010-05-12,GOOGL,12.693,12.693,12.444,12.528,153917928,1928283801.98
2010-05-13,GOOGL,12.804,12.94,12.652,12.664,132898968,1683032530.75
2010-05-14,GOOGL,12.637,12.667,12.302,12.581,164475360,2069264504.16
2010-05-17,GOOGL,12.563,12.602,12.354,12.592,111640248,1405774002.82
2010-05-18,GOOGL,12.642,12.667,12.322,12.354,112906980,1394852830.92
2010-05-19,GOOGL,12.302,12.381,12.091,12.256,137690172,1687530748.03
2010-05-20,GOOGL,12.024,12.037,11.745,11.775,196335468,2311850135.7
2010-05-21,GOOGL,11.628,12.023,11.512,11.702,387244368,4531533594.34
2010-05-24,GOOGL,11.917,12.141,11.819,11.828,173650176,2053934281.73
2010-05-25,GOOGL,11.605,11.836,11.502,11.826,120575304,1425923545.1
2010-05-26,GOOGL,11.95,12.141,11.775,11.786,138884976,1636898327.14
2010-05-27,GOOGL,12.021,12.204,11.925,12.158,112251636,1364755390.49
2010-05-28,GOOGL,12.215,12.232,11.973,12.038,115676208,1392510191.9
2010-06-01,GOOGL,11.909,12.173,11.902,11.958,106565328,1274308192.22
2010-06-02,GOOGL,12.064,12.243,11.935,12.23,101530368,1241716400.64
2010-06-03,GOOGL,12.273,12.593,12.263,12.533,145881972,1828338755.08
2010-06-04,GOOGL,12.388,12.624,12.313,12.363,156655188,1936728089.24
2010-06-07,GOOGL,12.371,12.417,11.977,12.036,145162692,1747178160.91
2010-06-08,GOOGL,12.093,12.118,11.838,12.017,107296596,1289383194.13
2010-06-09,GOOGL,12.078,12.119,11.7,11.751,109050840,1281456420.84
2010-06-10,GOOGL,11.908,12.109,11.796,12.073,103012884,1243674548.53
2010-06-11,GOOGL,11.961,12.115,11.939,12.109,71196732,862121227.79
2010-06-14,GOOGL,12.258,12.258,11.978,11.978,81534384,976618851.55
2010-06-15,GOOGL,11.975,12.404,11.953,12.345,170213616,2101287089.52
2010-06-16,GOOGL,12.3,12.494,12.298,12.426,91480428,1136735798.33
2010-06-17,GOOGL,12.48,12.54,12.313,12.397,79012908,979523020.48
2010-06-18,GOOGL,12.457,12.481,12.348,12.395,114801084,1422959436.18
2010-06-21,GOOGL,12.392,12.419,12.02,12.111,119220660,1443881413.26
2010-06-22,GOOGL,12.144,12.31,12.041,12.054,88699212,1069180301.45
2010-06-23,GOOGL,12.07,12.07,11.853,11.95,81082836,968939890.2
2010-06-24,GOOGL,11.89,11.967,11.732,11.777,75668256,891145050.91
2010-06-25,GOOGL,11.826,11.841,11.665,11.717,89718192,1051228055.66
2010-06-28,GOOGL,11.715,11.838,11.626,11.702,70421508,824072486.62
2010-06-29,GOOGL,11.488,11.516,11.183,11.261,139943916,1575908438.08
2010-06-30,GOOGL,11.278,11.349,11.024,11.03,143983872,1588142108.16
2010-07-01,GOOGL,11.038,11.115,10.749,10.895,140403456,1529695653.12
2010-07-02,GOOGL,10.947,10.964,10.808,10.822,77362560,837217624.32
2010-07-06,GOOGL,11.006,11.097,10.749,10.81,102301596,1105880252.76
2010-07-07,GOOGL,10.865,11.187,10.793,11.16,125062812,1395700981.92
2010-07-08,GOOGL,11.243,11.337,11.147,11.318,106649244,1207056143.59
2010-07-09,GOOGL,11.699,11.732,11.472,11.589,173086740,2005902229.86
2010-07-12,GOOGL,11.71,11.885,11.678,11.795,133242624,1571596750.08
2010-07-13,GOOGL,11.955,12.221,11.906,12.127,158892948,1926894780.4
2010-07-14,GOOGL,12.144,12.242,12.059,12.18,124595280,1517570510.4
2010-07-15,GOOGL,12.19,12.263,11.965,12.246,194133672,2377360947.31
2010-07-16,GOOGL,11.629,11.665,11.391,11.393,312679008,3562351938.14
2010-07-19,GOOGL,11.428,11.642,11.342,11.556,181829988,2101227341.33
2010-07-20,GOOGL,11.429,11.973,11.418,11.938,162017820,1934168735.16
2010-07-21,GOOGL,11.998,12.04,11.786,11.837,131052816,1551272182.99
2010-07-22,GOOGL,11.979,12.121,11.96,12.018,85822092,1031409901.66
2010-07-23,GOOGL,11.918,12.161,11.899,12.148,90485424,1099216930.75
2010-07-26,GOOGL,12.124,12.165,12.02,12.121,79728192,966385415.23
2010-07-27,GOOGL,12.161,12.333,12.151,12.212,97949952,1196164813.82
2010-07-28,GOOGL,12.269,12.277,11.965,12.007,99740160,1197580101.12
2010-07-29,GOOGL,12.046,12.119,11.882,12.022,106912980,1285307845.56
2010-07-30,GOOGL,11.89,12.081,11.877,12.019,85678236,1029766718.48
2010-08-02,GOOGL,12.122,12.228,12.071,12.157,74273652,902944787.36
2010-08-03,GOOGL,12.159,12.208,12.066,12.142,72019908,874465722.94
2010-08-04,GOOGL,12.201,12.568,12.173,12.551,152347500,1912113472.5
2010-08-05,GOOGL,12.541,12.608,12.483,12.595,96719184,1218178122.48
2010-08-06,GOOGL,12.528,12.537,12.297,12.4,132647220,1644825528.0
2010-08-09,GOOGL,12.45,12.531,12.428,12.527,74813112,937183854.02
2010-08-10,GOOGL,12.453,12.543,12.359,12.487,82877040,1034885598.48
2010-08-11,GOOGL,12.338,12.345,12.184,12.19,88831080,1082850865.2
2010-08-12,GOOGL,11.996,12.264,11.961,12.197,88095816,1074504667.75
2010-08-13,GOOGL,12.122,12.176,12.048,12.056,77310612,932056738.27
2010-08-16,GOOGL,11.99,12.143,11.911,12.037,52147800,627703068.6
2010-08-17,GOOGL,12.11,12.263,12.048,12.16,75552372,918716843.52
2010-08-18,GOOGL,12.158,12.168,11.937,11.952,107348544,1283029797.89
2010-08-19,GOOGL,11.924,11.961,11.583,11.601,156843000,1819535643.0
2010-08-20,GOOGL,11.601,11.69,11.428,11.453,156547296,1792936181.09
2010-08-23,GOOGL,11.44,11.608,11.347,11.504,119328552,1372755662.21
2010-08-24,GOOGL,11.346,11.363,11.178,11.19,110397492,1235347935.48
2010-08-25,GOOGL,11.155,11.349,11.155,11.27,103580316,1167350161.32
2010-08-26,GOOGL,11.305,11.335,11.166,11.179,71008920,793808716.68
2010-08-27,GOOGL,11.219,11.403,11.097,11.374,92403504,1050997454.5
2010-08-30,GOOGL,11.382,11.397,11.215,11.222,49206744,552198081.17
2010-08-31,GOOGL,11.158,11.276,11.106,11.156,77794128,867871291.97
2010-09-01,GOOGL,11.279,11.525,11.217,11.411,129002868,1472051726.75
2010-09-02,GOOGL,11.473,11.513,11.411,11.482,67300632,772745856.62
2010-09-03,GOOGL,11.664,11.697,11.587,11.658,101514384,1183454688.67
2010-09-07,GOOGL,11.515,11.591,11.478,11.512,68327604,786587377.25
2010-09-08,GOOGL,11.532,11.713,11.515,11.665,95975928,1119559200.12
2010-09-09,GOOGL,11.845,11.909,11.665,11.804,97126776,1146484463.9
2010-09-10,GOOGL,11.874,11.894,11.777,11.803,78893028,931174409.48
2010-09-13,GOOGL,11.921,12.007,11.887,11.955,89570340,1070813414.7
2010-09-14,GOOGL,11.949,12.017,11.901,11.909,88571340,1054796088.06
2010-09-15,GOOGL,11.898,11.946,11.862,11.915,96015888,1144029305.52
2010-09-16,GOOGL,11.898,11.96,11.884,11.925,78701220,938512048.5
2010-09-17,GOOGL,11.992,12.176,11.928,12.15,225438336,2739075782.4
2010-09-20,GOOGL,12.209,12.653,12.198,12.6,175963860,2217144636.0
2010-09-21,GOOGL,12.635,12.89,12.615,12.728,178473348,2271608773.34
2010-09-22,GOOGL,12.713,12.835,12.684,12.791,101382516,1296783762.16
2010-09-23,GOOGL,12.757,12.883,12.675,12.729,92603304,1178747456.62
2010-09-24,GOOGL,12.933,13.084,12.847,13.071,134141724,1753366474.4
2010-09-27,GOOGL,13.11,13.308,13.11,13.148,124171704,1632609564.19
2010-09-28,GOOGL,13.225,13.227,12.852,13.068,146041812,1908474399.22
2010-09-29,GOOGL,13.085,13.211,13.007,13.081,86801112,1135445346.07
2010-09-30,GOOGL,13.117,13.185,12.864,13.034,129634236,1689652632.02
2010-10-01,GOOGL,13.138,13.154,12.965,13.03,88911000,1158510330.0
2010-10-04,GOOGL,13.013,13.095,12.862,12.949,77542380,1004096278.62
2010-10-05,GOOGL,13.098,13.386,13.053,13.342,140143716,1869797458.87
2010-10-06,GOOGL,13.368,13.385,13.137,13.246,110381508,1462113454.97
2010-10-07,GOOGL,13.292,13.317,13.117,13.138,95736168,1257781775.18
2010-10-08,GOOGL,13.207,13.327,13.079,13.296,114253632,1519116291.07
2010-10-11,GOOGL,13.348,13.5,13.316,13.357,104946948,1401776384.44
2010-10-12,GOOGL,13.389,13.535,13.331,13.421,149993856,2013067541.38
2010-10-13,GOOGL,13.56,13.572,13.444,13.468,122101776,1644466719.17
2010-10-14,GOOGL,13.49,13.516,13.314,13.409,265098636,3554707610.12
2010-10-15,GOOGL,14.855,14.914,14.665,14.909,592399008,8832076810.27
2010-10-18,GOOGL,14.887,15.362,14.887,15.312,283644072,4343158030.46
2010-10-19,GOOGL,15.093,15.241,14.944,15.068,183332484,2762453868.91
2010-10-20,GOOGL,15.075,15.304,15.059,15.071,140862996,2122946212.72
2010-10-21,GOOGL,15.159,15.27,15.022,15.171,116703180,1770503943.78
2010-10-22,GOOGL,15.169,15.241,15.123,15.184,90153756,1368894631.1
2010-10-25,GOOGL,15.26,15.487,15.245,15.283,126209664,1928862294.91
2010-10-26,GOOGL,15.198,15.4,15.147,15.335,100415484,1539871447.14
2010-10-27,GOOGL,15.264,15.369,15.179,15.282,89586324,1369058203.37
2010-10-28,GOOGL,15.371,15.394,15.203,15.334,87284628,1338422485.75
2010-10-29,GOOGL,15.297,15.344,15.195,15.213,91040868,1385004724.88
2010-11-01,GOOGL,15.263,15.386,15.151,15.245,123360516,1880631066.42
2010-11-02,GOOGL,15.336,15.369,15.235,15.26,79824096,1218115704.96
2010-11-03,GOOGL,15.307,15.415,15.208,15.374,135084780,2076793407.72
2010-11-04,GOOGL,15.484,15.615,15.421,15.475,142689168,2208114874.8
2010-11-05,GOOGL,15.448,15.505,15.397,15.495,70557372,1093286479.14
2010-11-08,GOOGL,15.469,15.605,15.447,15.537,83967948,1304610008.08
2010-11-09,GOOGL,15.617,15.638,15.382,15.489,89398512,1384693552.37
2010-11-10,GOOGL,15.421,15.444,15.308,15.441,99780120,1540704832.92
2010-11-11,GOOGL,15.362,15.366,15.226,15.3,90373536,1382715100.8
2010-11-12,GOOGL,15.22,15.292,14.903,14.955,135584280,2027662907.4
2010-11-15,GOOGL,14.95,14.973,14.726,14.761,139016844,2052027634.28
2010-11-16,GOOGL,14.694,14.821,14.463,14.47,132163704,1912408796.88
2010-11-17,GOOGL,14.502,14.613,14.412,14.466,97602300,1411914871.8
2010-11-18,GOOGL,14.601,14.873,14.59,14.788,103496400,1530504763.2
2010-11-19,GOOGL,14.799,14.821,14.634,14.646,91808100,1344621432.6
2010-11-22,GOOGL,14.563,14.711,14.446,14.656,87376536,1280590511.62
2010-11-23,GOOGL,14.551,14.601,14.333,14.452,86417496,1248905652.19
2010-11-24,GOOGL,14.559,14.789,14.552,14.749,95760144,1412366363.86
2010-11-26,GOOGL,14.637,14.699,14.551,14.626,52391556,766278898.06
2010-11-29,GOOGL,14.605,14.621,14.376,14.43,114273612,1648968221.16
2010-11-30,GOOGL,14.237,14.237,13.716,13.776,284411304,3918050123.9
2010-12-01,GOOGL,13.956,14.169,13.941,13.99,150013836,2098693565.64
2010-12-02,GOOGL,14.097,14.212,14.015,14.175,101814084,1443214640.7
2010-12-03,GOOGL,14.116,14.29,14.08,14.204,105142752,1493447649.41
2010-12-06,GOOGL,14.392,14.427,14.294,14.337,83668248,1199551671.58
2010-12-07,GOOGL,14.657,14.7,14.526,14.555,121566312,1769397671.16
2010-12-08,GOOGL,14.674,14.688,14.469,14.639,70205724,1027741593.64
2010-12-09,GOOGL,14.722,14.764,14.601,14.663,74681244,1095051080.77
2010-12-10,GOOGL,14.703,14.725,14.633,14.68,68119812,999998840.16
2010-12-13,GOOGL,14.802,14.948,14.727,14.74,95844060,1412741444.4
2010-12-14,GOOGL,14.801,14.831,14.687,14.747,65666268,968380454.2
2010-12-15,GOOGL,14.73,14.785,14.605,14.633,86621292,1267529365.84
2010-12-16,GOOGL,14.696,14.719,14.578,14.668,63812124,935996234.83
2010-12-17,GOOGL,14.65,14.689,14.568,14.645,123360516,1806614756.82
2010-12-20,GOOGL,14.741,14.821,14.592,14.751,78853068,1163161606.07
2010-12-21,GOOGL,14.838,14.99,14.814,14.95,75104820,1122817059.0
2010-12-22,GOOGL,14.973,15.047,14.955,15.01,48251700,724258017.0
2010-12-23,GOOGL,15.006,15.022,14.924,14.978,44387568,664836993.5
2010-12-27,GOOGL,14.941,14.967,14.861,14.932,48275676,720852394.03
2010-12-28,GOOGL,14.924,14.969,14.824,14.847,42549408,631731060.58
2010-12-29,GOOGL,14.923,14.933,14.847,14.898,40727232,606754302.34
2010-12-30,GOOGL,14.824,14.906,14.809,14.845,39540420,586977534.9
2010-12-31,GOOGL,14.793,14.834,14.676,14.724,61510428,905679541.87
2011-01-03,GOOGL,14.786,15.012,14.786,14.981,94513392,1415905125.55
2011-01-04,GOOGL,15.013,15.027,14.876,14.926,72907020,1088210180.52
2011-01-05,GOOGL,14.875,15.13,14.875,15.098,101190708,1527777309.38
2011-01-06,GOOGL,15.138,15.33,15.123,15.208,82229688,1250549095.1
2011-01-07,GOOGL,15.268,15.326,15.125,15.281,83963952,1283053150.51
2011-01-10,GOOGL,15.24,15.255,15.086,15.226,63104832,960834172.03
2011-01-11,GOOGL,15.313,15.34,15.233,15.27,57514428,878245315.56
2011-01-12,GOOGL,15.353,15.353,15.24,15.292,65242692,997691246.06
2011-01-13,GOOGL,15.294,15.361,15.224,15.287,53306640,814898605.68
2011-01-14,GOOGL,15.305,15.475,15.297,15.473,94529376,1462653034.85
2011-01-18,GOOGL,15.519,15.914,15.5,15.856,144535320,2291752033.92
2011-01-19,GOOGL,15.918,15.938,15.609,15.661,136107756,2131583566.72
2011-01-20,GOOGL,15.672,15.718,15.451,15.537,219212568,3405905669.02
2011-01-21,GOOGL,15.855,15.908,15.155,15.167,355819824,5396719270.61
2011-01-24,GOOGL,15.061,15.183,14.904,15.148,183784032,2783960516.74
2011-01-25,GOOGL,15.077,15.386,15.035,15.367,145726128,2239373408.98
2011-01-26,GOOGL,15.377,15.431,15.252,15.283,81442476,1244685360.71
2011-01-27,GOOGL,15.317,15.362,15.202,15.29,80687232,1233707777.28
2011-01-28,GOOGL,15.346,15.378,14.868,14.898,169074756,2518875714.89
2011-01-31,GOOGL,14.963,14.984,14.763,14.882,112083804,1668031171.13
2011-02-01,GOOGL,14.985,15.204,14.951,15.147,109702188,1661659041.64
2011-02-02,GOOGL,15.146,15.229,15.06,15.171,70357572,1067394724.81
2011-02-03,GOOGL,15.108,15.157,15.025,15.125,59744196,903630964.5
2011-02-04,GOOGL,15.125,15.157,15.037,15.146,61969968,938597135.33
2011-02-07,GOOGL,15.125,15.329,15.102,15.228,71912016,1095076179.65
2011-02-08,GOOGL,15.244,15.36,15.233,15.329,67728204,1038205639.12
2011-02-09,GOOGL,15.292,15.356,15.179,15.283,73626300,1125230742.9
2011-02-10,GOOGL,15.218,15.307,15.16,15.281,93282624,1425451777.34
2011-02-11,GOOGL,15.215,15.493,15.196,15.481,103492404,1602165906.32
2011-02-14,GOOGL,15.452,15.608,15.37,15.571,85034880,1324078116.48
2011-02-15,GOOGL,15.551,15.619,15.446,15.472,83596320,1293402263.04
2011-02-16,GOOGL,15.509,15.53,15.421,15.474,67292640,1041286311.36
2011-02-17,GOOGL,15.4,15.549,15.376,15.5,59092848,915939144.0
2011-02-18,GOOGL,15.518,15.646,15.473,15.619,128587284,2008404788.8
2011-02-22,GOOGL,15.37,15.491,15.066,15.127,145450404,2200228261.31
2011-02-23,GOOGL,15.13,15.238,14.973,15.154,115468416,1749808376.06
2011-02-24,GOOGL,15.156,15.198,14.907,15.092,108359532,1635362056.94
2011-02-25,GOOGL,15.167,15.238,15.109,15.122,77218704,1167701241.89
2011-02-28,GOOGL,15.121,15.282,15.072,15.206,91168740,1386311860.44
2011-03-01,GOOGL,15.314,15.35,14.856,14.892,132795072,1977584212.22
2011-03-02,GOOGL,14.869,15.022,14.754,14.893,80986932,1206138378.28
2011-03-03,GOOGL,15.032,15.158,14.997,15.11,77734188,1174563580.68
2011-03-04,GOOGL,15.08,15.096,14.878,14.889,120319560,1791437928.84
2011-03-07,GOOGL,14.887,14.965,14.551,14.667,138369492,2029465339.16
2011-03-08,GOOGL,14.698,14.823,14.631,14.683,91304604,1340625500.53
2011-03-09,GOOGL,14.65,14.737,14.52,14.669,85953960,1260858639.24
2011-03-10,GOOGL,14.513,14.542,14.364,14.385,124998876,1798108831.26
2011-03-11,GOOGL,14.334,14.378,14.212,14.296,121158720,1732085061.12
2011-03-14,GOOGL,14.199,14.335,14.081,14.13,112531356,1590068060.28
2011-03-15,GOOGL,13.82,14.155,13.77,14.119,160063776,2259940453.34
2011-03-16,GOOGL,14.08,14.125,13.666,13.81,151788060,2096193108.6
2011-03-17,GOOGL,13.993,14.105,13.895,13.916,115856028,1612252485.65
2011-03-18,GOOGL,13.997,14.08,13.875,13.908,131812056,1833242074.85
2011-03-21,GOOGL,14.135,14.373,14.106,14.291,120715164,1725140408.72
2011-03-22,GOOGL,14.31,14.359,14.192,14.311,75400524,1079056898.96
2011-03-23,GOOGL,14.258,14.438,14.179,14.431,72575352,1047334904.71
2011-03-24,GOOGL,14.512,14.586,14.348,14.548,83864052,1220054228.5
2011-03-25,GOOGL,14.548,14.549,14.359,14.371,114221664,1641479533.34
2011-03-28,GOOGL,14.429,14.501,14.247,14.263,88647264,1264375926.43
2011-03-29,GOOGL,14.279,14.425,14.204,14.421,64127808,924787119.17
2011-03-30,GOOGL,14.486,14.514,14.392,14.423,56835108,819732762.68
2011-03-31,GOOGL,14.452,14.58,14.421,14.545,81094824,1179524215.08
2011-04-01,GOOGL,14.595,14.754,14.595,14.67,104423472,1531892334.24
2011-04-04,GOOGL,14.7,14.743,14.455,14.568,82097820,1196001041.76
2011-04-05,GOOGL,14.404,14.415,14.023,14.107,241658100,3409070816.7
2011-04-06,GOOGL,14.184,14.258,14.08,14.233,106625268,1517597439.44
2011-04-07,GOOGL,14.272,14.394,14.234,14.378,101158740,1454460363.72
2011-04-08,GOOGL,14.499,14.499,14.33,14.332,75995928,1089173640.1
2011-04-11,GOOGL,14.284,14.331,14.204,14.313,74253672,1062792807.34
2011-04-12,GOOGL,14.254,14.301,14.081,14.145,83340576,1178852447.52
2011-04-13,GOOGL,14.266,14.318,14.173,14.285,82693224,1181272704.84
2011-04-14,GOOGL,14.258,14.364,14.182,14.341,218033748,3126821980.07
2011-04-15,GOOGL,13.517,13.529,13.14,13.156,561186252,7382966331.31
2011-04-18,GOOGL,13.049,13.08,12.866,13.06,201390408,2630158728.48
2011-04-19,GOOGL,13.137,13.16,12.913,12.928,107256636,1386613790.21
2011-04-20,GOOGL,13.037,13.059,12.925,13.032,122277600,1593521683.2
2011-04-21,GOOGL,13.076,13.096,12.95,13.017,98705196,1284845536.33
2011-04-25,GOOGL,13.02,13.064,12.94,13.016,65166768,848210652.29
2011-04-26,GOOGL,13.052,13.323,13.02,13.208,139860000,1847270880.0
2011-04-27,GOOGL,13.337,13.339,13.246,13.331,91844064,1224373217.18
2011-04-28,GOOGL,13.338,13.368,13.239,13.336,79920000,1065813120.0
2011-04-29,GOOGL,13.386,13.488,13.349,13.488,168970860,2279078959.68
2011-05-02,GOOGL,13.527,13.528,13.315,13.35,85262652,1138256404.2
2011-05-03,GOOGL,13.315,13.436,13.129,13.235,83176740,1100844153.9
2011-05-04,GOOGL,13.266,13.361,13.213,13.282,84595320,1123595040.24
2011-05-05,GOOGL,13.234,13.372,13.175,13.244,79832088,1057296173.47
2011-05-06,GOOGL,13.34,13.422,13.267,13.27,82161756,1090286502.12
2011-05-09,GOOGL,13.262,13.349,13.166,13.329,77870052,1037929923.11
2011-05-10,GOOGL,13.386,13.496,13.325,13.452,81634284,1098144388.37
2011-05-11,GOOGL,13.39,13.474,13.23,13.273,93458448,1240473980.3
2011-05-12,GOOGL,13.268,13.31,13.161,13.263,57874068,767583763.88
2011-05-13,GOOGL,13.253,13.285,13.115,13.127,84263652,1106128959.8
2011-05-16,GOOGL,13.047,13.071,12.801,12.851,118209672,1519112494.87
2011-05-17,GOOGL,12.777,13.168,12.767,13.15,132011856,1735955906.4
2011-05-18,GOOGL,13.127,13.146,13.032,13.134,78049872,1025107018.85
2011-05-19,GOOGL,13.206,13.3,13.131,13.169,98649252,1299111999.59
2011-05-20,GOOGL,13.183,13.188,12.968,12.99,92607300,1202968827.0
2011-05-23,GOOGL,12.806,12.89,12.727,12.85,91908000,1181017800.0
2011-05-24,GOOGL,12.9,12.989,12.844,12.847,75924000,975395628.0
2011-05-25,GOOGL,12.824,12.959,12.822,12.882,52011936,670017759.55
2011-05-26,GOOGL,12.833,12.943,12.766,12.844,84655260,1087312159.44
2011-05-27,GOOGL,12.853,12.935,12.799,12.913,69762168,900838875.38
2011-05-31,GOOGL,13.014,13.115,12.977,13.114,107384508,1408240437.91
2011-06-01,GOOGL,13.09,13.218,13.022,13.029,118117764,1538956347.16
2011-06-02,GOOGL,13.078,13.146,12.952,13.09,88091820,1153121923.8
2011-06-03,GOOGL,12.94,13.079,12.928,12.967,69870060,906005068.02
2011-06-06,GOOGL,12.978,13.059,12.872,12.917,77606316,1002440783.77
2011-06-07,GOOGL,12.962,13.005,12.865,12.866,76227696,980745536.74
2011-06-08,GOOGL,12.804,12.921,12.786,12.87,66069864,850319149.68
2011-06-09,GOOGL,12.89,12.89,12.782,12.809,67496436,864561848.72
2011-06-10,GOOGL,12.744,12.808,12.625,12.63,97498404,1231404842.52
2011-06-13,GOOGL,12.642,12.647,12.448,12.512,96994908,1213600288.9
2011-06-14,GOOGL,12.597,12.744,12.568,12.602,93566340,1179123016.68
2011-06-15,GOOGL,12.519,12.602,12.41,12.468,82849068,1032962179.82
2011-06-16,GOOGL,12.464,12.557,12.312,12.404,110169720,1366545206.88
2011-06-17,GOOGL,12.548,12.56,12.018,12.023,209606184,2520095150.23
2011-06-20,GOOGL,12.023,12.053,11.88,12.012,121022856,1453726546.27
2011-06-21,GOOGL,12.077,12.244,12.016,12.221,110505384,1350486297.86
2011-06-22,GOOGL,12.183,12.205,12.066,12.073,96187716,1161274295.27
2011-06-23,GOOGL,11.952,11.97,11.743,11.904,191875932,2284091094.53
2011-06-24,GOOGL,11.916,11.917,11.726,11.772,152071776,1790188947.07
2011-06-27,GOOGL,11.75,12.107,11.74,11.968,137650212,1647397737.22
2011-06-28,GOOGL,11.998,12.301,11.998,12.237,108495396,1327658160.85
2011-06-29,GOOGL,12.309,12.401,12.206,12.334,93626280,1154786537.52
2011-06-30,GOOGL,12.444,12.56,12.432,12.553,97038864,1218128859.79
2011-07-01,GOOGL,12.562,12.92,12.553,12.916,145322532,1876985823.31
2011-07-05,GOOGL,13.022,13.272,13.022,13.199,153814032,2030191408.37
2011-07-06,GOOGL,13.225,13.349,13.214,13.271,107716176,1429501371.7
2011-07-07,GOOGL,13.411,13.651,13.284,13.55,157262580,2130907959.0
2011-07-08,GOOGL,13.211,13.328,13.071,13.188,190617192,2513859528.1
2011-07-11,GOOGL,13.093,13.286,13.027,13.071,113458428,1483015112.39
2011-07-12,GOOGL,13.093,13.372,13.039,13.238,113534352,1502967751.78
2011-07-13,GOOGL,13.312,13.485,13.299,13.343,111496392,1487696358.46
2011-07-14,GOOGL,13.364,13.436,13.057,13.112,265714020,3484042230.24
2011-07-15,GOOGL,14.812,14.88,14.58,14.814,548734716,8128956082.82
2011-07-18,GOOGL,14.687,14.924,14.675,14.748,178553268,2633303596.46
2011-07-19,GOOGL,14.778,14.989,14.763,14.937,118581300,1771248878.1
2011-07-20,GOOGL,14.928,14.944,14.758,14.758,89022888,1313799781.1
2011-07-21,GOOGL,14.725,15.073,14.725,15.047,138641220,2086134437.34
2011-07-22,GOOGL,15.007,15.357,14.979,15.325,140986872,2160623813.4
2011-07-25,GOOGL,15.205,15.503,15.196,15.344,125138736,1920128765.18
2011-07-26,GOOGL,15.321,15.555,15.3,15.432,93622284,1444779086.69
2011-07-27,GOOGL,15.299,15.393,14.991,15.052,157218624,2366454728.45
2011-07-28,GOOGL,15.002,15.27,14.948,15.145,124211664,1881185651.28
2011-07-29,GOOGL,14.978,15.244,14.965,14.965,165330504,2474170992.36
2011-08-01,GOOGL,15.152,15.258,14.853,15.041,158485356,2383778239.6
2011-08-02,GOOGL,15.022,15.113,14.665,14.685,127895976,1878152407.56
2011-08-03,GOOGL,14.731,14.948,14.468,14.902,152874972,2278142832.74
2011-08-04,GOOGL,14.737,14.845,14.315,14.316,196387416,2811482247.46
2011-08-05,GOOGL,14.441,14.626,13.931,14.354,236926836,3400847803.94
2011-08-08,GOOGL,13.956,14.105,13.494,13.535,299564136,4054600580.76
2011-08-09,GOOGL,13.907,14.244,13.411,14.214,258529212,3674734219.37
2011-08-10,GOOGL,13.916,13.984,13.578,13.609,214569216,2920072460.54
2011-08-11,GOOGL,13.729,14.093,13.595,13.935,193030776,2689883863.56
2011-08-12,GOOGL,14.117,14.142,13.892,13.975,126045828,1761490446.3
2011-08-15,GOOGL,13.719,14.006,13.536,13.813,285510204,3943752447.85
2011-08-16,GOOGL,13.694,13.695,13.146,13.361,277298424,3704984243.06
2011-08-17,GOOGL,13.387,13.478,13.157,13.216,163000836,2154219048.58
2011-08-18,GOOGL,12.976,13.012,12.407,12.516,251376372,3146226671.95
2011-08-19,GOOGL,12.378,12.763,12.168,12.169,216183600,2630738228.4
2011-08-22,GOOGL,12.494,12.568,12.259,12.349,196039764,2420895045.64
2011-08-23,GOOGL,12.481,12.925,12.371,12.861,173698128,2233931624.21
2011-08-24,GOOGL,12.874,13.138,12.822,12.972,143636220,1863249045.84
2011-08-25,GOOGL,13.148,13.318,12.848,12.891,131588280,1696304517.48
2011-08-26,GOOGL,12.89,13.149,12.72,13.06,143708148,1876828412.88
2011-08-29,GOOGL,13.251,13.373,13.226,13.363,93338568,1247283284.18
2011-08-30,GOOGL,13.341,13.46,13.158,13.403,119440440,1600860217.32
2011-08-31,GOOGL,13.504,13.542,13.287,13.41,107624268,1443241433.88
2011-09-01,GOOGL,13.405,13.481,13.168,13.2,96523380,1274108616.0
2011-09-02,GOOGL,13.001,13.087,12.908,13.01,95951952,1248334895.52
2011-09-06,GOOGL,12.662,12.959,12.655,12.944,108523368,1404726475.39
2011-09-07,GOOGL,13.149,13.285,13.074,13.238,110121768,1457791964.78
2011-09-08,GOOGL,13.232,13.364,13.185,13.261,95124780,1261449707.58
2011-09-09,GOOGL,13.173,13.254,12.92,13.011,130621248,1699513057.73
2011-09-12,GOOGL,12.84,13.188,12.828,13.141,106709184,1402265386.94
2011-09-13,GOOGL,13.188,13.234,12.975,13.126,94073832,1234813118.83
2011-09-14,GOOGL,13.202,13.311,13.035,13.19,107668224,1420143874.56
2011-09-15,GOOGL,13.275,13.51,13.251,13.45,118313568,1591317489.6
2011-09-16,GOOGL,13.505,13.556,13.464,13.552,141230628,1913957470.66
2011-09-19,GOOGL,13.395,13.632,13.272,13.551,98637264,1336633564.46
2011-09-20,GOOGL,13.619,13.845,13.452,13.55,111052836,1504765927.8
2011-09-21,GOOGL,13.577,13.758,13.358,13.366,100471428,1342901106.65
2011-09-22,GOOGL,13.045,13.108,12.742,12.907,175835988,2269515097.12
2011-09-23,GOOGL,12.805,13.05,12.754,13.027,110980908,1445748288.52
2011-09-26,GOOGL,13.07,13.211,12.723,13.185,105262632,1387887802.92
2011-09-27,GOOGL,13.342,13.561,13.288,13.37,120315564,1608619090.68
2011-09-28,GOOGL,13.423,13.486,13.081,13.109,90441468,1185597204.01
2011-09-29,GOOGL,13.288,13.319,12.876,13.076,116147736,1518747795.94
2011-09-30,GOOGL,12.896,12.99,12.751,12.767,108835056,1389497159.95
2011-10-03,GOOGL,12.639,12.692,12.271,12.284,178797024,2196342642.82
2011-10-04,GOOGL,12.147,12.48,11.914,12.442,166185648,2067681832.42
2011-10-05,GOOGL,12.304,12.588,11.918,12.511,181182636,2266775959.0
2011-10-06,GOOGL,12.58,12.772,12.459,12.759,136835028,1745878122.25
2011-10-07,GOOGL,12.812,12.903,12.65,12.769,114121764,1457220804.52
2011-10-10,GOOGL,13.019,13.323,12.97,13.316,92795112,1235659711.39
2011-10-11,GOOGL,13.224,13.555,13.224,13.465,114021864,1535304398.76
2011-10-12,GOOGL,13.588,13.764,13.501,13.597,126984888,1726613522.14
2011-10-13,GOOGL,13.635,13.857,13.585,13.857,227276496,3149370405.07
2011-10-14,GOOGL,14.86,14.864,14.565,14.667,340854804,4999317410.27
2011-10-17,GOOGL,14.47,14.671,14.328,14.437,160167672,2312340680.66
2011-10-18,GOOGL,14.382,14.689,14.313,14.638,151879968,2223218971.58
2011-10-19,GOOGL,14.56,14.677,14.358,14.395,117142740,1686269742.3
2011-10-20,GOOGL,14.425,14.598,14.366,14.469,135024840,1953674409.96
2011-10-21,GOOGL,14.613,14.694,14.544,14.638,135504360,1983512821.68
2011-10-24,GOOGL,14.544,14.873,14.539,14.785,136938924,2024641991.34
2011-10-25,GOOGL,14.702,14.75,14.448,14.456,101518380,1467549701.28
2011-10-26,GOOGL,14.614,14.63,14.201,14.534,114809076,1668635110.58
2011-10-27,GOOGL,14.834,14.94,14.707,14.841,151060788,2241893154.71
2011-10-28,GOOGL,14.738,14.93,14.731,14.877,100219680,1490968179.36
2011-10-31,GOOGL,14.752,14.866,14.667,14.691,102209688,1501562526.41
2011-11-01,GOOGL,14.38,14.514,14.297,14.344,124878996,1791264318.62
2011-11-02,GOOGL,14.499,14.575,14.39,14.497,84751164,1228637624.51
2011-11-03,GOOGL,14.551,14.812,14.47,14.812,106685208,1580221300.9
2011-11-04,GOOGL,14.712,14.867,14.686,14.778,113278608,1674031269.02
2011-11-07,GOOGL,14.708,15.091,14.681,15.08,134161704,2023158496.32
2011-11-08,GOOGL,15.097,15.23,14.963,15.179,121054824,1837491173.5
2011-11-09,GOOGL,14.979,15.106,14.84,14.897,148291560,2209099369.32
2011-11-10,GOOGL,15.02,15.021,14.664,14.752,114621264,1690892886.53
2011-11-11,GOOGL,14.906,15.173,14.839,15.08,158920920,2396527473.6
2011-11-14,GOOGL,15.072,15.322,15.066,15.196,127420452,1936281188.59
2011-11-15,GOOGL,15.191,15.322,15.134,15.284,106932960,1634363360.64
2011-11-16,GOOGL,15.173,15.327,15.136,15.158,104235660,1580004134.28
2011-11-17,GOOGL,15.123,15.178,14.794,14.895,139592268,2079226831.86
2011-11-18,GOOGL,14.923,14.985,14.719,14.747,131376492,1937409127.52
2011-11-21,GOOGL,14.57,14.588,14.182,14.401,119931948,1727139983.15
2011-11-22,GOOGL,14.378,14.501,14.26,14.378,96115788,1381952799.86
2011-11-23,GOOGL,14.262,14.384,14.133,14.133,92938968,1313506434.74
2011-11-25,GOOGL,14.011,14.236,13.915,13.956,62433504,871321981.82
2011-11-28,GOOGL,14.362,14.596,14.291,14.581,113042844,1648277708.36
2011-11-29,GOOGL,14.573,14.635,14.411,14.45,73198728,1057721619.6
2011-11-30,GOOGL,14.823,14.861,14.677,14.858,135744120,2016886134.96
2011-12-01,GOOGL,14.873,15.27,14.849,15.215,144679176,2201293662.84
2011-12-02,GOOGL,15.296,15.468,15.277,15.378,163264572,2510682588.22
2011-12-05,GOOGL,15.559,15.664,15.429,15.509,127772100,1981617498.9
2011-12-06,GOOGL,15.443,15.583,15.375,15.463,92966940,1437547793.22
2011-12-07,GOOGL,15.411,15.51,15.322,15.453,90201708,1393886993.72
2011-12-08,GOOGL,15.395,15.554,15.253,15.271,96427476,1472543986.0
2011-12-09,GOOGL,15.32,15.596,15.295,15.553,110537352,1719187435.66
2011-12-12,GOOGL,15.416,15.522,15.376,15.503,87268644,1352925787.93
2011-12-13,GOOGL,15.586,15.78,15.44,15.509,160966872,2496435217.85
2011-12-14,GOOGL,15.415,15.476,15.183,15.321,155991852,2389951164.49
2011-12-15,GOOGL,15.432,15.468,15.337,15.358,96247656,1478171500.85
2011-12-16,GOOGL,15.476,15.6,15.406,15.517,178193628,2765030525.68
2011-12-19,GOOGL,15.568,15.58,15.369,15.415,85654260,1320360417.9
2011-12-20,GOOGL,15.568,15.663,15.567,15.626,95432472,1491227807.47
2011-12-21,GOOGL,15.617,15.662,15.343,15.514,99816084,1548546727.18
2011-12-22,GOOGL,15.566,15.66,15.543,15.61,72819108,1136706275.88
2011-12-23,GOOGL,15.667,15.733,15.631,15.695,58089852,911720227.14
2011-12-27,GOOGL,15.668,15.976,15.667,15.871,64191744,1018787169.02
2011-12-28,GOOGL,15.933,15.989,15.818,15.858,85002912,1347976178.5
2011-12-29,GOOGL,15.902,15.939,15.746,15.925,62952984,1002526270.2
2011-12-30,GOOGL,15.915,16.033,15.915,16.011,71220708,1140314755.79
2012-01-03,GOOGL,16.186,16.563,16.172,16.495,146912940,2423328945.3
2012-01-04,GOOGL,16.486,16.615,16.376,16.566,114445440,1895903159.04
2012-01-05,GOOGL,16.414,16.459,16.267,16.336,131184684,2143032997.82
2012-01-06,GOOGL,16.34,16.361,16.108,16.113,107608284,1733892280.09
2012-01-09,GOOGL,16.026,16.039,15.4,15.43,232671096,3590115011.28
2012-01-10,GOOGL,15.611,15.711,15.293,15.447,175648176,2713237374.67
2012-01-11,GOOGL,15.456,15.602,15.397,15.517,95904000,1488142368.0
2012-01-12,GOOGL,15.647,15.689,15.53,15.608,74932992,1169554139.14
2012-01-13,GOOGL,15.524,15.542,15.396,15.493,92199708,1428450076.04
2012-01-17,GOOGL,15.666,15.666,15.51,15.582,76295628,1188838475.5
2012-01-18,GOOGL,15.534,15.716,15.422,15.689,110357532,1731399319.55
2012-01-19,GOOGL,15.89,15.89,15.653,15.854,251959788,3994570478.95
2012-01-20,GOOGL,14.639,14.65,14.42,14.526,422628948,6139108098.65
2012-01-23,GOOGL,14.526,14.592,14.456,14.515,136379484,1979548210.26
2012-01-24,GOOGL,14.534,14.568,14.328,14.401,122109768,1758502768.97
2012-01-25,GOOGL,14.316,14.346,14.04,14.117,199308492,2813637981.56
2012-01-26,GOOGL,14.179,14.241,13.995,14.083,128918952,1815565601.02
2012-01-27,GOOGL,14.149,14.386,14.113,14.377,144555300,2078271548.1
2012-01-30,GOOGL,14.329,14.378,14.214,14.32,93126780,1333575489.6
2012-01-31,GOOGL,14.452,14.477,14.257,14.38,85610304,1231076171.52
2012-02-01,GOOGL,14.5,14.514,14.356,14.398,92735172,1335201006.46
2012-02-02,GOOGL,14.498,14.537,14.429,14.504,96491412,1399511439.65
2012-02-03,GOOGL,14.642,14.801,14.577,14.783,126613260,1871723822.58
2012-02-06,GOOGL,14.75,15.142,14.725,15.099,147036816,2220108884.78
2012-02-07,GOOGL,15.051,15.106,14.967,15.041,83600316,1257432352.96
2012-02-08,GOOGL,15.088,15.155,14.991,15.118,73382544,1109397300.19
2012-02-09,GOOGL,15.171,15.233,15.097,15.158,90497412,1371759771.1
2012-02-10,GOOGL,15.069,15.075,14.973,15.02,92914992,1395583179.84
2012-02-13,GOOGL,15.134,15.217,15.122,15.176,72579348,1101464185.25
2012-02-14,GOOGL,15.16,15.171,14.991,15.115,72075852,1089426502.98
2012-02-15,GOOGL,15.194,15.194,14.937,15.011,96938964,1455150788.6
2012-02-16,GOOGL,14.943,15.092,14.817,15.035,101134764,1520561176.74
2012-02-17,GOOGL,14.997,15.063,14.933,14.989,97866036,1466914013.6
2012-02-21,GOOGL,14.969,15.317,14.945,15.221,99132768,1508899861.73
2012-02-22,GOOGL,15.17,15.289,15.04,15.07,78601320,1184521892.4
2012-02-23,GOOGL,15.047,15.07,14.882,15.025,82117800,1233819945.0
2012-02-24,GOOGL,15.056,15.162,15.01,15.119,77346576,1169402882.54
2012-02-27,GOOGL,15.037,15.18,14.999,15.104,72483444,1094789938.18
2012-02-28,GOOGL,15.121,15.364,15.064,15.329,113790096,1744288381.58
2012-02-29,GOOGL,15.335,15.508,15.258,15.326,125350524,1921122130.82
2012-03-01,GOOGL,15.425,15.511,15.323,15.429,89418492,1379637913.07
2012-03-02,GOOGL,15.419,15.468,15.377,15.4,62869068,968183647.2
2012-03-05,GOOGL,15.38,15.431,15.156,15.227,63668268,969476716.84
2012-03-06,GOOGL,15.073,15.092,14.721,14.996,126849024,1902227963.9
2012-03-07,GOOGL,15.098,15.151,15.019,15.042,50529420,760063535.64
2012-03-08,GOOGL,15.122,15.159,15.031,15.05,53766180,809181009.0
2012-03-09,GOOGL,15.071,15.168,14.873,14.88,106717176,1587951578.88
2012-03-12,GOOGL,14.873,15.047,14.855,15.001,66693240,1000465293.24
2012-03-13,GOOGL,15.09,15.316,15.011,15.314,89742168,1374311560.75
2012-03-14,GOOGL,15.245,15.438,15.207,15.27,117358524,1792064661.48
2012-03-15,GOOGL,15.285,15.456,15.241,15.397,97306596,1498229658.61
2012-03-16,GOOGL,15.391,15.516,15.371,15.494,121897980,1888687302.12
2012-03-19,GOOGL,15.447,15.797,15.4,15.716,86825088,1364543083.01
2012-03-20,GOOGL,15.64,15.767,15.549,15.704,61558380,966712799.52
2012-03-21,GOOGL,15.731,16.048,15.679,15.865,98685216,1565640951.84
2012-03-22,GOOGL,15.828,16.083,15.642,16.015,96311592,1542430145.88
2012-03-23,GOOGL,16.029,16.076,15.887,15.929,77530392,1234981614.17
2012-03-26,GOOGL,15.989,16.1,15.854,16.096,72695232,1170102454.27
2012-03-27,GOOGL,16.039,16.2,15.984,16.039,80207712,1286451492.77
2012-03-28,GOOGL,16.163,16.326,16.14,16.256,101454444,1649243441.66
2012-03-29,GOOGL,16.198,16.276,15.972,16.074,76895028,1236010680.07
2012-03-30,GOOGL,16.156,16.199,15.89,15.896,92335572,1467766252.51
2012-04-02,GOOGL,15.884,16.051,15.737,16.037,91276632,1463803347.38
2012-04-03,GOOGL,15.999,16.062,15.831,15.93,81714204,1301707269.72
2012-04-04,GOOGL,15.827,15.84,15.644,15.745,65038896,1024037417.52
2012-04-05,GOOGL,15.673,15.777,15.582,15.675,92655252,1452371075.1
2012-04-09,GOOGL,15.579,15.749,15.5,15.638,87220692,1363957181.5
2012-04-10,GOOGL,15.704,15.729,15.482,15.539,99180720,1541169208.08
2012-04-11,GOOGL,15.716,15.766,15.649,15.765,87872040,1385302710.6
2012-04-12,GOOGL,15.923,16.191,15.871,16.138,230033736,3712284431.57
2012-04-13,GOOGL,16.052,16.088,15.457,15.483,326045628,5048164458.32
2012-04-16,GOOGL,15.444,15.464,14.915,15.024,227456316,3417303691.58
2012-04-17,GOOGL,15.086,15.312,15.047,15.111,120835044,1825938349.88
2012-04-18,GOOGL,15.073,15.191,14.943,15.058,106673220,1606285346.76
2012-04-19,GOOGL,15.015,15.277,14.849,14.856,131652216,1955825320.9
2012-04-20,GOOGL,14.979,15.093,14.77,14.776,122213664,1805829099.26
2012-04-23,GOOGL,14.697,14.835,14.631,14.814,87824088,1301026039.63
2012-04-24,GOOGL,14.83,15.038,14.807,14.905,77086836,1148979290.58
2012-04-25,GOOGL,14.973,15.155,14.945,15.114,72771156,1099863251.78
2012-04-26,GOOGL,15.144,15.32,15.114,15.257,83616300,1275733889.1
2012-04-27,GOOGL,15.246,15.288,15.136,15.245,65390544,996878843.28
2012-04-30,GOOGL,15.195,15.272,14.889,14.994,96195708,1442358445.75
2012-05-01,GOOGL,14.967,15.161,14.878,14.983,80011908,1198818417.56
2012-05-02,GOOGL,14.903,15.075,14.889,15.053,64395540,969346063.62
2012-05-03,GOOGL,15.112,15.241,15.095,15.147,74645280,1130652056.16
2012-05-04,GOOGL,15.02,15.069,14.794,14.798,88207704,1305297603.79
2012-05-07,GOOGL,14.75,15.136,14.75,15.061,79700220,1200365013.42
2012-05-08,GOOGL,15.011,15.292,14.891,15.191,106984908,1625207737.43
2012-05-09,GOOGL,15.043,15.28,14.918,15.1,93058848,1405188604.8
2012-05-10,GOOGL,15.195,15.275,15.127,15.212,61374564,933629867.57
2012-05-11,GOOGL,15.13,15.234,14.992,15.003,83892024,1258632036.07
2012-05-14,GOOGL,14.893,15.084,14.888,14.973,72903024,1091576978.35
2012-05-15,GOOGL,15.006,15.245,14.966,15.149,83999916,1272514727.48
2012-05-16,GOOGL,15.319,15.62,15.269,15.591,193210596,3012346402.24
2012-05-17,GOOGL,15.712,15.812,15.4,15.445,134017848,2069905662.36
2012-05-18,GOOGL,15.496,15.677,14.792,14.883,238701060,3552587875.98
2012-05-21,GOOGL,14.886,15.262,14.873,15.223,122892984,1870799895.43
2012-05-22,GOOGL,15.207,15.216,14.774,14.893,121953924,1816259790.13
2012-05-23,GOOGL,14.914,15.111,14.802,15.108,126996876,1918668802.61
2012-05-24,GOOGL,15.101,15.169,14.845,14.964,75576348,1130924471.47
2012-05-25,GOOGL,14.898,14.916,14.583,14.664,143132724,2098898264.74
2012-05-29,GOOGL,14.77,14.852,14.584,14.733,104123772,1534055532.88
2012-05-30,GOOGL,14.58,14.673,14.465,14.582,76191732,1111027836.02
2012-05-31,GOOGL,14.594,14.626,14.353,14.399,118613268,1707912445.93
2012-06-01,GOOGL,14.174,14.196,14.089,14.154,122193684,1729529403.34
2012-06-04,GOOGL,14.135,14.39,14.13,14.343,97210692,1394292955.36
2012-06-05,GOOGL,14.265,14.331,14.042,14.14,93502404,1322123992.56
2012-06-06,GOOGL,14.29,14.427,14.219,14.392,83748168,1205303633.86
2012-06-07,GOOGL,14.566,14.573,14.31,14.334,70269660,1007245306.44
2012-06-08,GOOGL,14.275,14.402,14.243,14.389,56359584,810958054.18
2012-06-11,GOOGL,14.482,14.51,14.048,14.093,106337556,1498615176.71
2012-06-12,GOOGL,14.124,14.137,13.847,14.008,128839032,1804777160.26
2012-06-13,GOOGL,13.925,14.055,13.849,13.909,78089832,1086151473.29
2012-06-14,GOOGL,13.914,14.008,13.796,13.858,93702204,1298525143.03
2012-06-15,GOOGL,13.89,13.994,13.81,13.994,119927952,1678271760.29
2012-06-18,GOOGL,13.947,14.234,13.863,14.151,99776124,1411931930.72
2012-06-19,GOOGL,14.219,14.484,14.207,14.416,82964952,1196022748.03
2012-06-20,GOOGL,14.373,14.378,14.217,14.316,93774132,1342470473.71
2012-06-21,GOOGL,14.374,14.374,13.974,14.011,80371548,1126085759.03
2012-06-22,GOOGL,14.08,14.166,14.026,14.166,89026884,1261154838.74
2012-06-25,GOOGL,14.064,14.082,13.816,13.899,63200736,878427029.66
2012-06-26,GOOGL,13.95,14.046,13.869,13.998,53953992,755247980.02
2012-06-27,GOOGL,14.073,14.229,14.031,14.112,67624308,954314234.5
2012-06-28,GOOGL,14.028,14.036,13.813,13.989,76759164,1073783945.2
2012-06-29,GOOGL,14.253,14.381,14.184,14.379,100679220,1447666504.38
2012-07-02,GOOGL,14.423,14.452,14.291,14.389,66153780,951886740.42
2012-07-03,GOOGL,14.378,14.586,14.328,14.572,47532420,692642424.24
2012-07-05,GOOGL,14.595,14.875,14.589,14.772,93742164,1384759246.61
2012-07-06,GOOGL,14.686,14.713,14.448,14.526,86385528,1254836179.73
2012-07-09,GOOGL,14.5,14.591,14.409,14.527,68535396,995613697.69
2012-07-10,GOOGL,14.63,14.686,14.346,14.42,76847076,1108134835.92
2012-07-11,GOOGL,14.286,14.324,14.004,14.159,139832028,1979881684.45
2012-07-12,GOOGL,14.058,14.178,13.934,14.142,92299608,1305301056.34
2012-07-13,GOOGL,14.183,14.357,14.094,14.291,78960960,1128431079.36
2012-07-16,GOOGL,14.288,14.358,14.174,14.252,58445496,832965208.99
2012-07-17,GOOGL,14.339,14.394,14.09,14.297,67136796,959854772.41
2012-07-18,GOOGL,14.303,14.469,14.282,14.397,61866072,890685838.58
2012-07-19,GOOGL,14.53,14.836,14.526,14.701,186801012,2746161677.41
2012-07-20,GOOGL,15.091,15.194,14.828,15.142,258289452,3911018882.18
2012-07-23,GOOGL,14.885,15.328,14.83,15.258,142325532,2171602967.26
2012-07-24,GOOGL,15.245,15.318,14.981,15.061,80295624,1209332393.06
2012-07-25,GOOGL,15.08,15.205,15.007,15.072,72847080,1097951189.76
2012-07-26,GOOGL,15.245,15.292,15.122,15.205,67340592,1023913701.36
2012-07-27,GOOGL,15.342,15.741,15.307,15.74,141846012,2232656228.88
2012-07-30,GOOGL,15.767,15.93,15.605,15.674,87380532,1369602458.57
2012-07-31,GOOGL,15.574,15.778,15.573,15.691,74549376,1169754258.82
2012-08-01,GOOGL,15.798,15.853,15.651,15.684,73710216,1156071027.74
2012-08-02,GOOGL,15.506,15.816,15.454,15.586,79028892,1231744310.71
2012-08-03,GOOGL,15.865,15.957,15.769,15.898,75808116,1205197428.17
2012-08-06,GOOGL,15.855,16.098,15.846,15.935,71224704,1134965658.24
2012-08-07,GOOGL,15.909,15.971,15.778,15.878,79192728,1257422135.18
2012-08-08,GOOGL,15.842,16.011,15.828,15.92,52835112,841134983.04
2012-08-09,GOOGL,15.977,16.023,15.903,15.923,42769188,681013780.52
2012-08-10,GOOGL,15.83,15.921,15.769,15.915,57326616,912353093.64
2012-08-13,GOOGL,16.049,16.365,16.031,16.361,130585284,2136505831.52
2012-08-14,GOOGL,16.342,16.679,16.336,16.576,146321532,2425425714.43
2012-08-15,GOOGL,16.616,16.714,16.462,16.548,96331572,1594094853.46
2012-08-16,GOOGL,16.547,16.724,16.536,16.68,68639292,1144903390.56
2012-08-17,GOOGL,16.711,16.788,16.651,16.786,87020892,1460732693.11
2012-08-20,GOOGL,16.745,16.829,16.675,16.746,70253676,1176468058.3
2012-08-21,GOOGL,16.686,16.807,16.415,16.597,88799112,1473798861.86
2012-08-22,GOOGL,16.544,16.871,16.527,16.787,76291632,1280707626.38
2012-08-23,GOOGL,16.715,16.869,16.634,16.777,71296632,1196143595.06
2012-08-24,GOOGL,16.748,16.868,16.71,16.823,57006936,959027684.33
2012-08-27,GOOGL,16.435,16.658,16.342,16.589,104443452,1732612425.23
2012-08-28,GOOGL,16.485,16.798,16.478,16.788,82261656,1381008680.93
2012-08-29,GOOGL,16.791,17.079,16.761,17.055,119492388,2037942677.34
2012-08-30,GOOGL,16.962,17.04,16.861,16.898,65010924,1098554593.75
2012-08-31,GOOGL,16.956,17.069,16.858,16.983,84998916,1443536590.43
2012-09-04,GOOGL,16.969,16.981,16.695,16.882,75508416,1274733078.91
2012-09-05,GOOGL,16.857,17.018,16.835,16.874,68259672,1151813705.33
2012-09-06,GOOGL,17.004,17.35,16.974,17.338,121618260,2108617391.88
2012-09-07,GOOGL,17.352,17.656,17.295,17.505,129190680,2261482853.4
2012-09-10,GOOGL,17.594,17.67,17.312,17.371,102297600,1777011609.6
2012-09-11,GOOGL,17.302,17.369,17.129,17.159,74877048,1284815266.63
2012-09-12,GOOGL,17.09,17.226,16.878,17.126,105586308,1808271110.81
2012-09-13,GOOGL,17.181,17.576,17.118,17.502,106253640,1859651207.28
2012-09-14,GOOGL,17.59,17.675,17.526,17.592,104635260,1840743493.92
2012-09-17,GOOGL,17.553,17.672,17.476,17.6,60271668,1060781356.8
2012-09-18,GOOGL,17.545,17.815,17.52,17.806,82589328,1470585574.37
2012-09-19,GOOGL,17.786,18.06,17.759,18.034,123808068,2232754698.31
2012-09-20,GOOGL,17.959,18.13,17.878,18.049,116179704,2096927477.5
2012-09-21,GOOGL,18.151,18.218,18.099,18.195,254109636,4623524827.02
2012-09-24,GOOGL,18.121,18.593,18.102,18.576,142409448,2645397906.05
2012-09-25,GOOGL,18.667,18.961,18.534,18.571,242097660,4495995643.86
2012-09-26,GOOGL,18.588,18.87,18.369,18.678,226689084,4234098710.95
2012-09-27,GOOGL,18.839,18.91,18.633,18.753,157086756,2945847935.27
2012-09-28,GOOGL,18.695,18.822,18.62,18.703,111228660,2080309627.98
2012-10-01,GOOGL,18.816,18.964,18.746,18.884,126593280,2390587499.52
2012-10-02,GOOGL,18.969,18.988,18.599,18.765,111496392,2092229795.88
2012-10-03,GOOGL,18.734,18.937,18.646,18.902,88243668,1667981812.54
2012-10-04,GOOGL,18.908,19.085,18.825,19.039,98069832,1867151531.45
2012-10-05,GOOGL,19.105,19.196,18.964,19.029,109326564,2080375186.36
2012-10-08,GOOGL,18.865,18.928,18.695,18.786,78265656,1470298613.62
2012-10-09,GOOGL,18.832,18.872,18.407,18.445,120007872,2213545199.04
2012-10-10,GOOGL,18.39,18.531,18.302,18.457,81514404,1504511354.63
2012-10-11,GOOGL,18.664,18.803,18.599,18.629,95260644,1774610537.08
2012-10-12,GOOGL,18.638,18.713,18.446,18.462,96071832,1773678162.38
2012-10-15,GOOGL,18.392,18.439,18.113,18.368,120643236,2215974958.85
2012-10-16,GOOGL,18.347,18.517,18.256,18.46,82245672,1518255105.12
2012-10-17,GOOGL,18.442,18.749,18.35,18.728,91624284,1715939590.75
2012-10-18,GOOGL,18.729,18.825,16.757,17.228,497198304,8565732381.31
2012-10-19,GOOGL,17.491,17.518,16.658,16.901,458828712,7754664061.51
2012-10-22,GOOGL,16.882,16.971,16.601,16.824,162061776,2726527319.42
2012-10-23,GOOGL,16.659,17.038,16.658,16.865,116547336,1965570821.64
2012-10-24,GOOGL,17.025,17.03,16.739,16.79,99760140,1674972750.6
2012-10-25,GOOGL,16.857,16.906,16.696,16.801,95947956,1612021608.76
2012-10-26,GOOGL,16.77,16.932,16.638,16.736,77953968,1304637608.45
2012-10-31,GOOGL,16.853,16.881,16.733,16.864,61418520,1035761921.28
2012-11-01,GOOGL,16.844,17.127,16.825,17.045,81921996,1396360421.82
2012-11-02,GOOGL,17.223,17.242,17.039,17.053,92883024,1583934208.27
2012-11-05,GOOGL,16.968,17.027,16.747,16.93,65370564,1106723648.52
2012-11-06,GOOGL,16.992,17.018,16.796,16.899,63248688,1068839578.51
2012-11-07,GOOGL,16.733,16.813,16.522,16.537,89202708,1475145182.2
2012-11-08,GOOGL,16.614,16.646,16.143,16.17,103776120,1678059860.4
2012-11-09,GOOGL,16.228,16.568,16.12,16.436,124439436,2045286570.1
2012-11-12,GOOGL,16.454,16.604,16.382,16.507,56179764,927359364.35
2012-11-13,GOOGL,16.435,16.549,16.317,16.337,63704232,1040736038.18
2012-11-14,GOOGL,16.377,16.415,16.125,16.176,66669264,1078442014.46
2012-11-15,GOOGL,16.113,16.361,15.962,16.045,73882044,1185437395.98
2012-11-16,GOOGL,16.014,16.188,15.766,16.043,137390472,2204155342.3
2012-11-19,GOOGL,16.254,16.582,16.25,16.564,94633272,1567505517.41
2012-11-20,GOOGL,16.597,16.807,16.474,16.608,83464452,1386177618.82
2012-11-21,GOOGL,16.584,16.604,16.371,16.506,84403512,1393164369.07
2012-11-23,GOOGL,16.608,16.609,16.512,16.558,36863100,610379209.8
2012-11-26,GOOGL,16.52,16.534,16.337,16.389,88095816,1443802328.42
2012-11-27,GOOGL,16.365,16.733,16.311,16.626,100247652,1666717462.15
2012-11-28,GOOGL,16.559,16.978,16.457,16.948,121558320,2060170407.36
2012-11-29,GOOGL,17.049,17.201,16.906,17.151,110948940,1902885269.94
2012-11-30,GOOGL,17.137,17.333,16.998,17.312,126417456,2188538998.27
2012-12-03,GOOGL,17.408,17.498,17.206,17.235,87612300,1509997990.5
2012-12-04,GOOGL,17.228,17.241,16.998,17.13,79588332,1363348127.16
2012-12-05,GOOGL,17.158,17.216,16.914,17.05,74421504,1268886643.2
2012-12-06,GOOGL,17.045,17.244,16.968,17.133,58433508,1001141292.56
2012-12-07,GOOGL,17.228,17.275,16.917,16.961,76695228,1300827762.11
2012-12-10,GOOGL,16.99,17.145,16.951,16.991,54613332,927935124.01
2012-12-11,GOOGL,17.105,17.4,17.048,17.275,107396496,1855274468.4
2012-12-12,GOOGL,17.333,17.439,17.191,17.292,96942960,1676337664.32
2012-12-13,GOOGL,17.747,17.761,17.341,17.419,137658204,2397868255.48
2012-12-14,GOOGL,17.332,17.546,17.313,17.401,85118796,1481152169.2
2012-12-17,GOOGL,17.489,17.896,17.452,17.868,121294584,2167291626.91
2012-12-18,GOOGL,17.764,18.074,17.725,17.875,120075804,2146354996.5
2012-12-19,GOOGL,17.866,17.923,17.766,17.851,76667256,1368587186.86
2012-12-20,GOOGL,17.929,17.963,17.773,17.907,66213720,1185689084.04
2012-12-21,GOOGL,17.699,17.819,17.613,17.74,140898960,2499547550.4
2012-12-24,GOOGL,17.712,17.729,17.538,17.588,33602364,590998378.03
2012-12-26,GOOGL,17.552,17.672,17.412,17.572,47248704,830254226.69
2012-12-27,GOOGL,17.529,17.572,17.318,17.508,65830104,1152553460.83
2012-12-28,GOOGL,17.394,17.524,17.353,17.353,56023920,972183083.76
2012-12-31,GOOGL,17.352,17.614,17.253,17.535,79816104,1399575383.64
2013-01-02,GOOGL,17.834,18.022,17.763,17.929,101550348,1820696189.29
2013-01-03,GOOGL,17.97,18.144,17.866,17.939,92635272,1661784144.41
2013-01-04,GOOGL,18.08,18.38,18.039,18.294,110429460,2020196541.24
2013-01-07,GOOGL,18.231,18.329,18.11,18.214,66161772,1205070515.21
2013-01-08,GOOGL,18.233,18.252,17.958,18.178,66976956,1217507106.17
2013-01-09,GOOGL,18.152,18.303,18.061,18.297,80907012,1480355598.56
2013-01-10,GOOGL,18.414,18.468,18.183,18.381,73354572,1348330387.93
2013-01-11,GOOGL,18.394,18.404,18.252,18.344,51356592,942085323.65
2013-01-14,GOOGL,18.27,18.398,17.906,17.929,114441444,2051820649.48
2013-01-15,GOOGL,17.832,18.22,17.652,17.97,156950892,2820407529.24
2013-01-16,GOOGL,17.908,17.956,17.691,17.729,80855064,1433479429.66
2013-01-17,GOOGL,17.791,17.839,17.626,17.633,88371540,1558255364.82
2013-01-18,GOOGL,17.609,17.669,17.385,17.464,128942928,2251859294.59
2013-01-22,GOOGL,17.468,17.485,17.241,17.424,151544304,2640507952.9
2013-01-23,GOOGL,18.245,18.567,18.24,18.381,236127636,4340262077.32
2013-01-24,GOOGL,18.375,18.761,18.357,18.696,135172692,2527188649.63
2013-01-25,GOOGL,18.611,18.802,18.598,18.683,88946964,1661796128.41
2013-01-28,GOOGL,18.635,18.731,18.54,18.61,65018916,1210002026.76
2013-01-29,GOOGL,18.511,18.764,18.506,18.683,69814116,1304337129.23
2013-01-30,GOOGL,18.685,18.863,18.664,18.687,69250680,1294087457.16
2013-01-31,GOOGL,18.604,18.781,18.598,18.733,65302632,1223314205.26
2013-02-01,GOOGL,18.795,19.251,18.793,19.226,149694156,2878019843.26
2013-02-04,GOOGL,19.03,19.099,18.797,18.815,121498380,2285992019.7
2013-02-05,GOOGL,18.868,19.115,18.827,18.982,74753172,1418964710.9
2013-02-06,GOOGL,18.817,19.161,18.803,19.092,83040876,1585416404.59
2013-02-07,GOOGL,19.08,19.306,18.976,19.186,113494392,2177503404.91
2013-02-08,GOOGL,19.339,19.501,19.325,19.469,120683196,2349581142.92
2013-02-11,GOOGL,19.296,19.41,19.181,19.396,86625288,1680184086.05
2013-02-12,GOOGL,19.379,19.531,19.32,19.353,74285640,1437649990.92
2013-02-13,GOOGL,19.339,19.468,19.335,19.406,47880072,929160677.23
2013-02-14,GOOGL,19.329,19.552,19.28,19.529,69342588,1354191401.05
2013-02-15,GOOGL,19.519,19.664,19.511,19.655,109082808,2144022591.24
2013-02-19,GOOGL,19.732,20.005,19.714,20.001,117154728,2343211714.73
2013-02-20,GOOGL,19.963,20.054,19.628,19.644,110457432,2169825794.21
2013-02-21,GOOGL,19.782,19.966,19.614,19.721,140115744,2763222587.42
2013-02-22,GOOGL,19.813,19.862,19.678,19.824,82073844,1627031883.46
2013-02-25,GOOGL,19.888,20.04,19.596,19.603,92063844,1804727533.93
2013-02-26,GOOGL,19.707,19.731,19.445,19.587,88011900,1723889085.3
2013-02-27,GOOGL,19.702,19.949,19.611,19.826,80962956,1605171565.66
2013-02-28,GOOGL,19.859,20.005,19.857,19.861,90541368,1798242109.85
2013-03-01,GOOGL,19.777,20.008,19.736,19.985,86928984,1737275745.24
2013-03-04,GOOGL,19.963,20.397,19.955,20.364,110912976,2258631843.26
2013-03-05,GOOGL,20.548,20.827,20.548,20.788,161602236,3359387281.97
2013-03-06,GOOGL,20.848,20.922,20.545,20.609,114805080,2366017893.72
2013-03-07,GOOGL,20.676,20.739,20.565,20.639,82025892,1692932384.99
2013-03-08,GOOGL,20.687,20.697,20.452,20.613,116359524,2398518868.21
2013-03-11,GOOGL,20.617,20.815,20.612,20.694,63724212,1318708843.13
2013-03-12,GOOGL,20.593,20.622,20.418,20.516,80251668,1646443220.69
2013-03-13,GOOGL,20.523,20.592,20.384,20.459,65586348,1341831093.73
2013-03-14,GOOGL,20.5,20.5,20.262,20.365,65981952,1343722452.48
2013-03-15,GOOGL,20.29,20.335,20.162,20.186,123864012,2500318946.23
2013-03-18,GOOGL,19.955,20.148,19.868,20.024,73458468,1470932363.23
2013-03-19,GOOGL,20.11,20.309,19.991,20.112,83844072,1686271976.06
2013-03-20,GOOGL,20.249,20.265,20.115,20.196,58493448,1181333675.81
2013-03-21,GOOGL,20.111,20.251,20.075,20.11,59044896,1187392858.56
2013-03-22,GOOGL,20.197,20.209,20.07,20.087,59468472,1194543197.06
2013-03-25,GOOGL,20.139,20.308,20.0,20.07,68411520,1373019206.4
2013-03-26,GOOGL,20.166,20.178,20.024,20.139,47628324,959186817.04
2013-03-27,GOOGL,19.997,20.005,19.864,19.897,86441472,1719925968.38
2013-03-28,GOOGL,19.93,19.964,19.665,19.687,91420488,1799795147.26
2013-04-01,GOOGL,19.708,19.887,19.664,19.861,72219708,1434355620.59
2013-04-02,GOOGL,19.944,20.199,19.93,20.155,81578340,1644211442.7
2013-04-03,GOOGL,20.165,20.183,19.848,19.985,69470460,1388367143.1
2013-04-04,GOOGL,19.937,19.974,19.616,19.709,97806096,1927660346.06
2013-04-05,GOOGL,19.486,19.509,19.246,19.411,137218644,2663551098.68
2013-04-08,GOOGL,19.305,19.324,19.048,19.208,113170716,2173783112.93
2013-04-09,GOOGL,19.224,19.428,19.165,19.277,86205708,1661787433.12
2013-04-10,GOOGL,19.408,19.642,19.236,19.588,79064856,1548722399.33
2013-04-11,GOOGL,19.655,19.66,19.436,19.593,81066852,1588342831.24
2013-04-12,GOOGL,19.633,19.635,19.408,19.585,65402532,1280908589.22
2013-04-15,GOOGL,19.483,19.757,19.262,19.383,98025876,1900035554.51
2013-04-16,GOOGL,19.499,19.732,19.433,19.667,69610320,1369026163.44
2013-04-17,GOOGL,19.503,19.604,19.288,19.399,81398520,1579049889.48
2013-04-18,GOOGL,19.468,19.479,18.871,18.986,132767100,2520716160.6
2013-04-19,GOOGL,19.067,19.917,18.995,19.828,231895872,4598031350.02
2013-04-22,GOOGL,19.846,19.929,19.212,19.834,115220664,2285286649.78
2013-04-23,GOOGL,19.856,20.216,19.84,20.027,91600308,1834479368.32
2013-04-24,GOOGL,20.032,20.278,20.03,20.165,73090836,1473876707.94
2013-04-25,GOOGL,20.234,20.24,20.02,20.057,79608312,1596703913.78
2013-04-26,GOOGL,20.02,20.023,19.747,19.867,99408492,1974948510.56
2013-04-29,GOOGL,19.912,20.394,19.906,20.304,91939968,1866749110.27
2013-04-30,GOOGL,20.302,20.516,20.27,20.44,92175732,1884071962.08
2013-05-01,GOOGL,20.408,20.444,20.237,20.338,58141800,1182487928.4
2013-05-02,GOOGL,20.33,20.688,20.304,20.565,80651268,1658593326.42
2013-05-03,GOOGL,20.748,20.991,20.724,20.965,100403496,2104959293.64
2013-05-06,GOOGL,21.028,21.365,21.028,21.357,85566348,1827440494.24
2013-05-07,GOOGL,21.393,21.415,21.087,21.25,78281640,1663484850.0
2013-05-08,GOOGL,21.244,21.663,21.143,21.657,98633268,2136100685.08
2013-05-09,GOOGL,21.587,21.806,21.523,21.603,87935976,1899680889.53
2013-05-10,GOOGL,21.698,21.828,21.62,21.82,75832092,1654656247.44
2013-05-13,GOOGL,21.787,21.876,21.65,21.753,57882060,1259108451.18
2013-05-14,GOOGL,21.752,22.03,21.744,21.99,63108828,1387763127.72
2013-05-15,GOOGL,22.199,22.716,22.162,22.704,159276564,3616215109.06
2013-05-16,GOOGL,22.781,22.806,22.36,22.406,128255616,2873695332.1
2013-05-17,GOOGL,22.559,22.645,22.323,22.538,111568320,2514526796.16
2013-05-20,GOOGL,22.434,22.821,22.434,22.522,90817092,2045382546.02
2013-05-21,GOOGL,22.509,22.599,22.251,22.483,79240680,1781568208.44
2013-05-22,GOOGL,22.374,22.541,21.985,22.048,102321576,2255986107.65
2013-05-23,GOOGL,21.74,22.061,21.666,21.884,90912996,1989540004.46
2013-05-24,GOOGL,21.697,21.785,21.592,21.649,91780128,1986947991.07
2013-05-28,GOOGL,21.901,22.115,21.824,21.846,90209700,1970721106.2
2013-05-29,GOOGL,21.708,21.765,21.425,21.525,80455464,1731803862.6
2013-05-30,GOOGL,21.565,21.787,21.478,21.585,84743172,1829181367.62
2013-05-31,GOOGL,21.52,21.74,21.505,21.597,78697224,1699623946.73
2013-06-03,GOOGL,21.641,21.665,21.195,21.508,98928972,2127764329.78
2013-06-04,GOOGL,21.513,21.581,21.172,21.296,74669256,1590156475.78
2013-06-05,GOOGL,21.381,21.553,21.248,21.311,84187728,1794124671.41
2013-06-06,GOOGL,21.425,21.476,21.002,21.434,103060836,2209005958.82
2013-06-07,GOOGL,21.577,21.814,21.451,21.808,106877016,2330773964.93
2013-06-10,GOOGL,21.867,22.087,21.817,22.068,93418488,2061559193.18
2013-06-11,GOOGL,21.913,21.988,21.803,21.81,70233696,1531796909.76
2013-06-12,GOOGL,21.95,21.963,21.558,21.616,88103808,1904451913.73
2013-06-13,GOOGL,21.541,21.806,21.455,21.74,82713204,1798185054.96
2013-06-14,GOOGL,21.817,21.931,21.669,21.691,89710200,1945903948.2
2013-06-17,GOOGL,21.795,22.048,21.772,21.969,85766148,1884196505.41
2013-06-18,GOOGL,22.029,22.335,22.021,22.326,86589324,1933193247.62
2013-06-19,GOOGL,22.344,22.579,22.248,22.327,116519364,2601527840.03
2013-06-20,GOOGL,22.161,22.335,21.896,21.932,134745120,2955229971.84
2013-06-21,GOOGL,22.021,22.059,21.643,21.837,159132708,3474980944.6
2013-06-24,GOOGL,21.613,21.723,21.399,21.561,120555324,2599293340.76
2013-06-25,GOOGL,21.747,21.807,21.43,21.472,102025872,2190699523.58
2013-06-26,GOOGL,21.66,21.765,21.581,21.657,73182744,1584918686.81
2013-06-27,GOOGL,21.785,21.931,21.731,21.742,76982940,1673763081.48
2013-06-28,GOOGL,21.688,21.86,21.67,21.824,93878028,2048794083.07
2013-07-01,GOOGL,21.974,22.114,21.938,22.01,68923008,1516995406.08
2013-07-02,GOOGL,22.067,22.087,21.747,21.872,75584340,1653180684.48
2013-07-03,GOOGL,21.812,22.042,21.777,21.974,41838120,919350848.88
2013-07-05,GOOGL,22.063,22.196,21.996,22.149,68007924,1506307508.68
2013-07-08,GOOGL,22.291,22.466,22.238,22.436,78701220,1765740571.92
2013-07-09,GOOGL,22.583,22.631,22.26,22.44,79096824,1774932730.56
2013-07-10,GOOGL,22.396,22.586,22.32,22.459,68267664,1533223465.78
2013-07-11,GOOGL,22.632,22.826,22.521,22.812,103264632,2355672785.18
2013-07-12,GOOGL,22.806,22.88,22.688,22.88,102625272,2348066223.36
2013-07-15,GOOGL,22.913,23.004,22.716,22.922,78341580,1795745696.76
2013-07-16,GOOGL,22.983,23.004,22.655,22.796,79240680,1806370541.28
2013-07-17,GOOGL,22.831,22.976,22.714,22.77,60183756,1370384124.12
2013-07-18,GOOGL,22.781,22.806,22.389,22.575,145234620,3278671546.5
2013-07-19,GOOGL,21.978,22.383,21.706,22.226,294077628,6536169359.93
2013-07-22,GOOGL,22.36,22.624,22.236,22.575,116011872,2618968010.4
2013-07-23,GOOGL,22.575,22.632,22.3,22.404,81746172,1831441237.49
2013-07-24,GOOGL,22.49,22.566,22.328,22.382,83056860,1858978640.52
2013-07-25,GOOGL,22.158,22.232,21.965,22.005,119923956,2638926651.78
2013-07-26,GOOGL,21.988,22.062,21.864,21.947,71036892,1559046668.72
2013-07-29,GOOGL,21.936,22.182,21.837,21.871,75600324,1653454686.2
2013-07-30,GOOGL,21.95,22.201,21.836,22.085,70153776,1549346142.96
2013-07-31,GOOGL,22.136,22.224,21.968,22.007,86853060,1911375291.42
2013-08-01,GOOGL,22.186,22.423,22.186,22.415,85450464,1915372150.56
2013-08-02,GOOGL,22.396,22.484,22.331,22.473,68487444,1539118329.01
2013-08-05,GOOGL,22.444,22.447,22.29,22.434,52335612,1174097119.61
2013-08-06,GOOGL,22.426,22.551,22.204,22.225,60183756,1337583977.1
2013-08-07,GOOGL,22.187,22.272,22.04,22.078,55112832,1216781104.9
2013-08-08,GOOGL,22.198,22.207,21.946,22.128,59460480,1315741501.44
2013-08-09,GOOGL,22.076,22.199,22.062,22.072,52895052,1167499587.74
2013-08-12,GOOGL,21.985,21.988,21.855,21.951,55024920,1207852018.92
2013-08-13,GOOGL,21.984,22.025,21.72,21.845,56735208,1239380618.76
2013-08-14,GOOGL,21.774,21.82,21.496,21.562,83204712,1794060000.14
2013-08-15,GOOGL,21.429,21.441,21.269,21.31,74693232,1591712773.92
2013-08-16,GOOGL,21.35,21.379,21.233,21.242,66936996,1421875669.03
2013-08-19,GOOGL,21.262,21.616,21.255,21.459,72363564,1552849719.88
2013-08-20,GOOGL,21.526,21.619,21.406,21.453,49270680,1057003898.04
2013-08-21,GOOGL,21.583,21.738,21.48,21.55,70221708,1513277807.4
2013-08-22,GOOGL,21.633,21.684,21.573,21.659,34761204,752892917.44
2013-08-23,GOOGL,21.761,21.765,21.56,21.572,43040916,928478639.95
2013-08-26,GOOGL,21.567,21.688,21.469,21.477,42057900,903277518.3
2013-08-27,GOOGL,21.309,21.411,21.019,21.074,69294636,1460315159.06
2013-08-28,GOOGL,21.077,21.205,21.015,21.035,53142804,1117858882.14
2013-08-29,GOOGL,21.048,21.328,21.036,21.205,59080860,1252809636.3
2013-08-30,GOOGL,21.214,21.27,20.961,20.994,74389536,1561733918.78
2013-09-03,GOOGL,21.179,21.472,21.169,21.328,81822096,1745101663.49
2013-09-04,GOOGL,21.327,21.653,21.199,21.607,81566352,1762404167.66
2013-09-05,GOOGL,21.653,21.811,21.606,21.804,51600348,1125093987.79
2013-09-06,GOOGL,21.875,21.908,21.659,21.804,62401536,1360603090.94
2013-09-09,GOOGL,21.907,22.056,21.874,22.014,49334616,1086052236.62
2013-09-10,GOOGL,22.063,22.112,21.914,22.029,51452496,1133447034.38
2013-09-11,GOOGL,22.026,22.235,21.965,22.216,64359576,1429812340.42
2013-09-12,GOOGL,22.246,22.258,22.063,22.138,43776180,969117072.84
2013-09-13,GOOGL,22.174,22.203,21.934,22.039,52962984,1167251204.38
2013-09-16,GOOGL,22.216,22.236,21.935,22.007,53406540,1175317725.78
2013-09-17,GOOGL,21.998,22.022,21.839,21.966,50325624,1105452656.78
2013-09-18,GOOGL,21.972,22.409,21.891,22.393,77310612,1731216534.52
2013-09-19,GOOGL,22.459,22.459,22.196,22.27,63852084,1421985910.68
2013-09-20,GOOGL,22.27,22.413,22.202,22.387,173638188,3887238114.76
2013-09-23,GOOGL,22.215,22.35,21.943,21.976,71024904,1560843290.3
2013-09-24,GOOGL,21.976,22.065,21.849,21.984,59412528,1306125015.55
2013-09-25,GOOGL,21.977,21.977,21.705,21.746,65894040,1432931793.84
2013-09-26,GOOGL,21.772,21.883,21.69,21.769,50345604,1095973453.48
2013-09-27,GOOGL,21.686,21.753,21.599,21.725,50301648,1092803302.8
2013-09-30,GOOGL,21.544,21.835,21.525,21.713,68827104,1494442909.15
2013-10-01,GOOGL,21.821,22.005,21.816,21.988,67324608,1480333480.7
2013-10-02,GOOGL,21.882,22.046,21.76,22.013,59752188,1315324914.44
2013-10-03,GOOGL,22.013,22.164,21.619,21.718,84595320,1837241159.76
2013-10-04,GOOGL,21.69,21.753,21.567,21.625,54265680,1173495330.0
2013-10-07,GOOGL,21.503,21.665,21.421,21.461,51692256,1109367506.02
2013-10-08,GOOGL,21.451,21.467,21.111,21.162,77670252,1643657872.82
2013-10-09,GOOGL,21.226,21.384,20.897,21.216,105945948,2247749232.77
2013-10-10,GOOGL,21.414,21.538,21.324,21.523,90121788,1939691243.12
2013-10-11,GOOGL,21.468,21.653,21.45,21.616,56299644,1216973104.7
2013-10-14,GOOGL,21.484,21.721,21.452,21.718,49694256,1079259851.81
2013-10-15,GOOGL,21.709,21.954,21.666,21.864,63612324,1390819851.94
2013-10-16,GOOGL,21.96,22.269,21.914,22.261,80223696,1785859696.66
2013-10-17,GOOGL,22.136,22.233,21.956,22.032,170093736,3747505191.55
2013-10-18,GOOGL,24.209,25.172,24.145,25.072,462193344,11588111520.77
2013-10-21,GOOGL,25.073,25.26,24.778,24.871,144986868,3605968394.03
2013-10-22,GOOGL,24.913,25.111,24.685,24.963,88255656,2203125940.73
2013-10-23,GOOGL,24.814,25.651,24.805,25.568,106421472,2720984196.1
2013-10-24,GOOGL,25.579,25.795,25.404,25.423,83600316,2125370833.67
2013-10-25,GOOGL,25.504,25.504,25.055,25.166,81138780,2041938537.48
2013-10-28,GOOGL,25.166,25.37,25.111,25.161,46301652,1164995865.97
2013-10-29,GOOGL,25.263,25.705,25.124,25.688,64135800,1647520430.4
2013-10-30,GOOGL,25.717,25.719,25.434,25.543,52911036,1351506592.55
2013-10-31,GOOGL,25.506,25.818,25.383,25.547,65534400,1674207316.8
2013-11-01,GOOGL,25.577,25.682,25.411,25.459,51280668,1305554526.61
2013-11-04,GOOGL,25.57,25.592,25.335,25.436,45506448,1157502011.33
2013-11-05,GOOGL,25.294,25.574,25.221,25.323,47208744,1195467024.31
2013-11-06,GOOGL,25.424,25.458,25.17,25.353,36479484,924864357.85
2013-11-07,GOOGL,25.35,25.382,24.979,24.986,67116816,1676980764.58
2013-11-08,GOOGL,25.006,25.248,25.0,25.187,51580368,1299154728.82
2013-11-11,GOOGL,25.025,25.184,24.987,25.052,44459496,1113799293.79
2013-11-12,GOOGL,24.98,25.224,24.913,25.081,48675276,1220824597.36
2013-11-13,GOOGL,24.956,25.603,24.95,25.594,63112824,1615309617.46
2013-11-14,GOOGL,25.63,25.775,25.541,25.662,46621332,1196396621.78
2013-11-15,GOOGL,25.654,25.731,25.54,25.621,51000948,1306695288.71
2013-11-18,GOOGL,25.675,25.997,25.514,25.571,70317612,1798091656.45
2013-11-19,GOOGL,25.575,25.651,25.361,25.414,45218736,1149188956.7
2013-11-20,GOOGL,25.532,25.616,25.294,25.342,38509452,975906532.58
2013-11-21,GOOGL,25.458,25.739,25.434,25.634,43628328,1118368559.95
2013-11-22,GOOGL,25.618,25.686,25.513,25.58,50117832,1282014142.56
2013-11-25,GOOGL,25.71,26.108,25.657,25.928,64455480,1671201685.44
2013-11-26,GOOGL,25.994,26.314,25.854,26.237,91360548,2397026697.88
2013-11-27,GOOGL,26.327,26.475,26.276,26.354,44899056,1183269721.82
2013-11-29,GOOGL,26.33,26.441,26.263,26.266,47664288,1251950188.61
2013-12-02,GOOGL,26.363,26.434,26.047,26.14,54873072,1434382102.08
2013-12-03,GOOGL,26.052,26.362,26.004,26.109,66976956,1748701344.2
2013-12-04,GOOGL,26.063,26.375,26.029,26.231,47616336,1249024109.62
2013-12-05,GOOGL,26.207,26.268,26.056,26.211,45302652,1187427811.57
2013-12-06,GOOGL,26.519,26.524,26.278,26.521,57094848,1514212463.81
2013-12-09,GOOGL,26.549,26.83,26.475,26.726,59244696,1583373745.3
2013-12-10,GOOGL,26.677,27.077,26.664,26.888,74081844,1991912621.47
2013-12-11,GOOGL,26.956,27.053,26.653,26.705,68403528,1826716215.24
2013-12-12,GOOGL,26.762,26.845,26.5,26.523,63796140,1692065021.22
2013-12-13,GOOGL,26.658,26.68,26.224,26.296,86409504,2272224317.18
2013-12-16,GOOGL,26.376,26.641,26.326,26.598,64015920,1702695440.16
2013-12-17,GOOGL,26.594,26.791,26.484,26.521,61366572,1627502856.01
2013-12-18,GOOGL,26.57,26.895,26.253,26.89,88323588,2375021281.32
2013-12-19,GOOGL,26.791,27.069,26.749,26.926,66561372,1792231502.47
2013-12-20,GOOGL,26.978,27.297,26.971,27.283,130333536,3555889862.69
2013-12-23,GOOGL,27.462,27.66,27.395,27.642,68795136,1901635149.31
2013-12-24,GOOGL,27.639,27.646,27.469,27.562,29338632,808631375.18
2013-12-26,GOOGL,27.615,27.739,27.483,27.701,53458488,1480853576.09
2013-12-27,GOOGL,27.764,27.771,27.589,27.724,62725212,1738993777.49
2013-12-30,GOOGL,27.772,27.776,27.492,27.503,49394556,1358498473.67
2013-12-31,GOOGL,27.571,27.789,27.423,27.781,54261684,1507443843.2
2014-01-02,GOOGL,27.651,27.708,27.473,27.593,72783144,2008305292.39
2014-01-03,GOOGL,27.64,27.688,27.39,27.392,66601332,1824343686.14
2014-01-06,GOOGL,27.591,27.736,27.428,27.697,70701228,1958211911.92
2014-01-07,GOOGL,27.888,28.252,27.793,28.231,102001896,2879615525.98
2014-01-08,GOOGL,28.408,28.441,28.093,28.29,89610300,2535075387.0
2014-01-09,GOOGL,28.345,28.364,27.902,28.018,83296620,2333804699.16
2014-01-10,GOOGL,28.237,28.237,27.82,28.016,85654260,2399689748.16
2014-01-13,GOOGL,27.924,28.431,27.694,27.838,96659244,2690800034.47
2014-01-14,GOOGL,28.209,28.532,27.964,28.493,99204696,2826639403.13
2014-01-15,GOOGL,28.582,28.631,28.354,28.473,77929992,2218900662.22
2014-01-16,GOOGL,28.485,28.704,28.458,28.662,67288644,1928627114.33
2014-01-17,GOOGL,28.677,28.771,28.364,28.521,107943948,3078669340.91
2014-01-21,GOOGL,28.778,28.855,28.54,28.847,79116804,2282282444.99
2014-01-22,GOOGL,28.919,28.951,28.727,28.88,62793144,1813465998.72
2014-01-23,GOOGL,28.755,28.817,28.616,28.758,77886036,2239846623.29
2014-01-24,GOOGL,28.533,28.596,27.838,27.859,155544300,4333308653.7
2014-01-27,GOOGL,27.915,27.925,26.829,27.299,173969856,4749203098.94
2014-01-28,GOOGL,27.524,27.906,27.514,27.838,88319592,2458640802.1
2014-01-29,GOOGL,27.742,27.807,27.254,27.44,95100804,2609566061.76
2014-01-30,GOOGL,28.384,28.569,27.944,28.145,203452344,5726166221.88
2014-01-31,GOOGL,29.037,29.413,28.536,29.275,222429348,6511619162.7
2014-02-03,GOOGL,29.231,29.294,28.062,28.097,182581236,5129984987.89
2014-02-04,GOOGL,28.21,28.631,28.186,28.214,112363524,3170224466.14
2014-02-05,GOOGL,28.343,28.527,27.963,28.339,95684220,2711595110.58
2014-02-06,GOOGL,28.536,28.759,28.447,28.754,77786136,2236662554.54
2014-02-07,GOOGL,28.945,29.199,28.769,29.188,105342552,3074738407.78
2014-02-10,GOOGL,29.048,29.311,28.979,29.076,77730192,2260083062.59
2014-02-11,GOOGL,29.255,29.545,29.058,29.504,81949968,2417851855.87
2014-02-12,GOOGL,29.474,29.499,29.285,29.417,68911020,2027155475.34
2014-02-13,GOOGL,29.27,29.744,29.243,29.744,73382544,2182690388.74
2014-02-14,GOOGL,29.638,29.856,29.568,29.816,87380532,2605337942.11
2014-02-18,GOOGL,29.782,30.066,29.747,30.017,84271644,2529581937.95
2014-02-19,GOOGL,29.878,29.976,29.685,29.805,84059856,2505404008.08
2014-02-20,GOOGL,29.825,29.918,29.752,29.849,67963968,2028656480.83
2014-02-21,GOOGL,29.941,29.992,29.817,29.841,74417508,2220692856.23
2014-02-24,GOOGL,29.88,30.247,29.873,30.057,66905028,2010964426.6
2014-02-25,GOOGL,30.142,30.354,30.005,30.243,57490452,1738683739.84
2014-02-26,GOOGL,30.342,30.463,30.088,30.247,79208712,2395825911.86
2014-02-27,GOOGL,30.203,30.348,30.169,30.223,50349600,1521715960.8
2014-02-28,GOOGL,30.251,30.347,29.901,30.135,92451456,2786024626.56
2014-03-03,GOOGL,29.914,29.941,29.552,29.814,84107808,2507590187.71
2014-03-04,GOOGL,30.119,30.144,29.982,30.117,58649292,1766340727.16
2014-03-05,GOOGL,30.12,30.319,30.03,30.2,49362588,1490750157.6
2014-03-06,GOOGL,30.299,30.395,30.208,30.233,50673276,1532005153.31
2014-03-07,GOOGL,30.411,30.416,30.031,30.114,60543396,1823203827.14
2014-03-10,GOOGL,30.136,30.184,29.848,30.034,48535416,1457712684.14
2014-03-11,GOOGL,30.088,30.102,29.664,29.747,68451480,2036226175.56
2014-03-12,GOOGL,29.658,29.942,29.355,29.928,78493428,2349151313.18
2014-03-13,GOOGL,29.944,30.007,29.369,29.476,93730176,2762790667.78
2014-03-14,GOOGL,29.301,29.521,29.066,29.073,91664244,2664954565.81
2014-03-17,GOOGL,29.233,29.674,29.204,29.551,86397516,2553132995.32
2014-03-18,GOOGL,29.615,30.033,29.575,30.026,72527400,2177707712.4
2014-03-19,GOOGL,30.039,30.044,29.608,29.728,64451484,1916013716.35
2014-03-20,GOOGL,29.746,29.985,29.632,29.677,67320612,1997873802.32
2014-03-21,GOOGL,29.903,29.986,29.312,29.327,128211660,3760063352.82
2014-03-24,GOOGL,29.355,29.373,28.407,28.704,121362516,3483589659.26
2014-03-25,GOOGL,28.904,28.999,28.433,28.724,96311592,2766454168.61
2014-03-26,GOOGL,28.805,29.042,28.049,28.061,103096800,2892999304.8
2014-03-27,GOOGL,28.033,28.06,27.32,27.622,152735112,4218849263.66
2014-03-28,GOOGL,27.739,28.091,27.709,27.768,90265644,2506496402.59
2014-03-31,GOOGL,28.022,28.136,27.587,27.628,77614308,2144328101.42
2014-04-01,GOOGL,27.771,28.198,27.714,28.133,87152760,2451868597.08
2014-04-02,GOOGL,28.307,28.379,27.863,28.138,83360556,2345599324.73
2014-04-03,GOOGL,28.399,29.138,28.034,28.306,80366000,2274839996.0
2014-04-04,GOOGL,28.655,28.713,26.968,27.006,107274000,2897041644.0
2014-04-07,GOOGL,26.983,27.233,26.276,26.777,79232000,2121595264.0
2014-04-08,GOOGL,26.996,27.73,26.978,27.613,69650000,1923245450.0
2014-04-09,GOOGL,28.025,28.122,27.507,28.085,60632000,1702849720.0
2014-04-10,GOOGL,28.132,28.143,27.018,27.077,65890000,1784103530.0
2014-04-11,GOOGL,26.643,27.121,26.419,26.635,63494000,1691162690.0
2014-04-14,GOOGL,26.927,27.39,26.771,27.003,50824000,1372400472.0
2014-04-15,GOOGL,27.29,27.384,26.282,27.176,79956000,2172884256.0
2014-04-16,GOOGL,27.622,27.934,27.394,27.929,91644000,2559525276.0
2014-04-17,GOOGL,27.554,27.587,26.716,26.911,112294000,3021943834.0
2014-04-21,GOOGL,26.944,26.944,26.448,26.714,48502000,1295682428.0
2014-04-22,GOOGL,26.547,27.142,26.547,27.018,46622000,1259633196.0
2014-04-23,GOOGL,26.927,26.983,26.158,26.622,39114000,1041292908.0
2014-04-24,GOOGL,26.829,26.869,26.3,26.47,41348000,1094481560.0
2014-04-25,GOOGL,26.362,26.441,25.879,25.908,47400000,1228039200.0
2014-04-28,GOOGL,26.042,26.047,25.309,25.903,75056000,1944175568.0
2014-04-29,GOOGL,25.948,26.635,25.904,26.564,50704000,1346901056.0
2014-04-30,GOOGL,26.504,26.564,26.205,26.492,40770000,1080078840.0
2014-05-01,GOOGL,26.461,26.741,26.392,26.673,40086000,1069213878.0
2014-05-02,GOOGL,26.817,26.864,26.412,26.442,35616000,941758272.0
2014-05-05,GOOGL,26.262,26.534,26.13,26.514,24568000,651395952.0
2014-05-06,GOOGL,26.419,26.476,25.867,25.882,36700000,949869400.0
2014-05-07,GOOGL,25.916,25.974,25.314,25.656,61486000,1577484816.0
2014-05-08,GOOGL,25.543,26.119,25.481,25.763,49040000,1263417520.0
2014-05-09,GOOGL,25.688,26.119,25.472,26.083,45224000,1179577592.0
2014-05-12,GOOGL,26.341,26.684,26.127,26.668,38968000,1039198624.0
2014-05-13,GOOGL,26.725,26.943,26.641,26.822,40240000,1079317280.0
2014-05-14,GOOGL,26.836,26.836,26.404,26.469,25618000,678082842.0
2014-05-15,GOOGL,26.406,26.448,26.018,26.207,36658000,960696206.0
2014-05-16,GOOGL,26.23,26.292,25.932,26.166,38154000,998337564.0
2014-05-19,GOOGL,26.195,26.713,26.035,26.688,39530000,1054976640.0
2014-05-20,GOOGL,26.745,27.06,26.576,26.765,48506000,1298263090.0
2014-05-21,GOOGL,26.889,27.228,26.85,27.226,31294000,852010444.0
2014-05-22,GOOGL,27.35,27.635,27.29,27.511,42994000,1182807934.0
2014-05-23,GOOGL,27.643,27.984,27.447,27.924,53450000,1492537800.0
2014-05-27,GOOGL,28.121,28.473,27.942,28.473,43716000,1244725668.0
2014-05-28,GOOGL,28.458,28.611,28.229,28.254,31632000,893730528.0
2014-05-29,GOOGL,28.399,28.404,28.155,28.259,28222000,797525498.0
2014-05-30,GOOGL,28.313,28.359,28.023,28.313,37434000,1059868842.0
2014-06-02,GOOGL,28.219,28.252,27.573,27.951,33210000,928252710.0
2014-06-03,GOOGL,27.781,27.855,27.366,27.464,40626000,1115752464.0
2014-06-04,GOOGL,27.316,27.666,27.169,27.427,34582000,948480514.0
2014-06-05,GOOGL,27.593,27.984,27.491,27.98,35868000,1003586640.0
2014-06-06,GOOGL,28.14,28.172,27.715,28.035,34804000,975730140.0
2014-06-09,GOOGL,28.07,28.33,27.995,28.268,30594000,864831192.0
2014-06-10,GOOGL,28.171,28.33,28.04,28.147,29676000,835290372.0
2014-06-11,GOOGL,28.029,28.18,27.918,28.108,22580000,634678640.0
2014-06-12,GOOGL,28.083,28.083,27.595,27.711,30930000,857101230.0
2014-06-13,GOOGL,27.74,27.768,27.425,27.753,27066000,751162698.0
2014-06-16,GOOGL,27.6,27.637,27.241,27.355,39436000,1078771780.0
2014-06-17,GOOGL,27.358,27.426,27.115,27.271,29552000,805912592.0
2014-06-18,GOOGL,27.379,27.805,27.319,27.769,41212000,1144416028.0
2014-06-19,GOOGL,27.793,27.984,27.571,27.983,52548000,1470450684.0
2014-06-20,GOOGL,28.056,28.071,27.705,28.059,63212000,1773665508.0
2014-06-23,GOOGL,27.952,28.451,27.909,28.444,34456000,980066464.0
2014-06-24,GOOGL,28.44,28.838,28.19,28.357,56886000,1613116302.0
2014-06-25,GOOGL,28.407,29.088,28.393,29.02,42294000,1227371880.0
2014-06-26,GOOGL,29.187,29.202,28.707,28.963,40248000,1165702824.0
2014-06-27,GOOGL,28.997,29.117,28.856,29.008,40426000,1172677408.0
2014-06-30,GOOGL,29.061,29.109,28.89,28.958,29578000,856519724.0
2014-07-01,GOOGL,29.106,29.403,29.038,29.296,32864000,962783744.0
2014-07-02,GOOGL,29.334,29.427,29.178,29.261,23916000,699806076.0
2014-07-03,GOOGL,29.306,29.432,29.172,29.374,17978000,528085772.0
2014-07-07,GOOGL,29.396,29.502,29.12,29.26,26734000,782236840.0
2014-07-08,GOOGL,29.042,29.121,28.429,28.647,42504000,1217612088.0
2014-07-09,GOOGL,28.675,28.93,28.578,28.893,27456000,793286208.0
2014-07-10,GOOGL,28.38,28.987,28.335,28.729,28724000,825211796.0
2014-07-11,GOOGL,28.776,29.134,28.755,29.056,30232000,878420992.0
2014-07-14,GOOGL,29.252,29.463,29.058,29.433,39032000,1148828856.0
2014-07-15,GOOGL,29.477,29.484,28.99,29.373,33476000,983290548.0
2014-07-16,GOOGL,29.563,29.569,29.234,29.253,28816000,842954448.0
2014-07-17,GOOGL,29.171,29.197,28.571,28.767,58706000,1688795502.0
2014-07-18,GOOGL,29.866,30.049,29.267,29.97,97432000,2920037040.0
2014-07-21,GOOGL,29.784,29.923,29.442,29.64,44758000,1326627120.0
2014-07-22,GOOGL,29.702,30.158,29.681,29.894,37632000,1124971008.0
2014-07-23,GOOGL,29.819,30.066,29.784,29.974,22120000,663024880.0
2014-07-24,GOOGL,29.991,30.159,29.767,29.866,27100000,809368600.0
2014-07-25,GOOGL,29.68,29.767,29.507,29.622,27200000,805718400.0
2014-07-28,GOOGL,29.606,29.772,29.35,29.669,27162000,805869378.0
2014-07-29,GOOGL,29.603,29.642,29.329,29.418,27332000,804052776.0
2014-07-30,GOOGL,29.51,29.64,29.356,29.491,24302000,716690282.0
2014-07-31,GOOGL,29.17,29.32,28.612,28.704,46190000,1325837760.0
2014-08-01,GOOGL,28.655,28.897,28.246,28.41,44266000,1257597060.0
2014-08-04,GOOGL,28.554,28.916,28.343,28.839,30388000,876359532.0
2014-08-05,GOOGL,28.696,28.737,28.247,28.387,32876000,933251012.0
2014-08-06,GOOGL,28.207,28.659,28.105,28.454,26456000,752779024.0
2014-08-07,GOOGL,28.531,28.643,28.203,28.321,23260000,658746460.0
2014-08-08,GOOGL,28.331,28.705,28.183,28.625,29866000,854914250.0
2014-08-11,GOOGL,28.677,28.711,28.494,28.59,24068000,688104120.0
2014-08-12,GOOGL,28.479,28.524,28.227,28.336,27890000,790291040.0
2014-08-13,GOOGL,28.551,29.03,28.489,28.952,37988000,1099828576.0
2014-08-14,GOOGL,29.058,29.113,28.772,28.957,25458000,737187306.0
2014-08-15,GOOGL,29.098,29.196,28.764,28.91,34468000,996469880.0
2014-08-18,GOOGL,29.078,29.472,29.051,29.356,29320000,860717920.0
2014-08-19,GOOGL,29.499,29.609,29.442,29.574,20864000,617031936.0
2014-08-20,GOOGL,29.566,29.568,29.371,29.49,19346000,570513540.0
2014-08-21,GOOGL,29.465,29.482,29.276,29.342,22640000,664302880.0
2014-08-22,GOOGL,29.384,29.469,29.212,29.348,17544000,514881312.0
2014-08-25,GOOGL,29.458,29.498,29.185,29.25,25912000,757926000.0
2014-08-26,GOOGL,29.321,29.323,29.096,29.129,29434000,857382986.0
2014-08-27,GOOGL,29.113,29.191,28.771,28.875,27292000,788056500.0
2014-08-28,GOOGL,28.728,28.96,28.622,28.742,28116000,808110072.0
2014-08-29,GOOGL,28.843,28.87,28.639,28.844,24122000,695774968.0
2014-09-02,GOOGL,28.873,29.187,28.846,29.154,31660000,923015640.0
2014-09-03,GOOGL,29.308,29.444,29.049,29.198,31580000,922072840.0
2014-09-04,GOOGL,29.327,29.618,29.252,29.377,32616000,958160232.0
2014-09-05,GOOGL,29.476,29.643,29.398,29.607,35982000,1065319074.0
2014-09-08,GOOGL,29.675,29.892,29.619,29.798,31984000,953059232.0
2014-09-09,GOOGL,29.731,29.747,29.246,29.32,31424000,921351680.0
2014-09-10,GOOGL,29.308,29.406,29.08,29.391,23202000,681929982.0
2014-09-11,GOOGL,29.222,29.319,29.026,29.277,30028000,879129756.0
2014-09-12,GOOGL,29.241,29.295,28.889,28.969,37030000,1072722070.0
2014-09-15,GOOGL,28.838,28.921,28.579,28.808,30908000,890397664.0
2014-09-16,GOOGL,28.774,29.229,28.774,29.162,31592000,921285904.0
2014-09-17,GOOGL,29.198,29.523,29.079,29.385,34390000,1010550150.0
2014-09-18,GOOGL,29.472,29.596,29.372,29.582,29890000,884205980.0
2014-09-19,GOOGL,29.692,29.985,29.606,29.985,83832000,2513702520.0
2014-09-22,GOOGL,29.841,29.905,29.376,29.582,35644000,1054420808.0
2014-09-23,GOOGL,29.47,29.551,29.234,29.28,28074000,822006720.0
2014-09-24,GOOGL,29.3,29.723,29.237,29.639,35160000,1042107240.0
2014-09-25,GOOGL,29.568,29.622,28.961,28.987,33420000,968745540.0
2014-09-26,GOOGL,29.02,29.201,28.974,29.118,25782000,750720276.0
2014-09-29,GOOGL,28.817,29.188,28.804,29.113,22874000,665930762.0
2014-09-30,GOOGL,29.098,29.271,28.95,29.143,31430000,915964490.0
2014-10-01,GOOGL,29.063,29.159,28.629,28.708,28954000,831211432.0
2014-10-02,GOOGL,28.628,28.887,28.432,28.77,30726000,883987020.0
2014-10-03,GOOGL,28.93,29.137,28.9,29.036,24290000,705284440.0
2014-10-06,GOOGL,29.219,29.341,28.994,29.112,25722000,748818864.0
2014-10-07,GOOGL,28.969,29.016,28.434,28.434,30914000,879008676.0
2014-10-08,GOOGL,28.469,28.959,28.114,28.912,44158000,1276696096.0
2014-10-09,GOOGL,28.806,28.852,28.183,28.271,48234000,1363623414.0
2014-10-10,GOOGL,28.106,28.49,27.489,27.498,59574000,1638165852.0
2014-10-13,GOOGL,27.495,27.78,26.965,26.981,55116000,1487084796.0
2014-10-14,GOOGL,27.248,27.668,26.968,27.176,52198000,1418532848.0
2014-10-15,GOOGL,26.849,26.94,26.172,26.782,76720000,2054715040.0
2014-10-16,GOOGL,26.102,26.795,26.0,26.593,76100000,2023727300.0
2014-10-17,GOOGL,26.768,26.916,25.676,25.902,119930000,3106426860.0
2014-10-20,GOOGL,25.777,26.407,25.712,26.368,54964000,1449290752.0
2014-10-21,GOOGL,26.61,26.685,26.26,26.648,49190000,1310815120.0
2014-10-22,GOOGL,26.798,27.278,26.757,26.879,59474000,1598601646.0
2014-10-23,GOOGL,27.156,27.607,27.018,27.422,43026000,1179858972.0
2014-10-24,GOOGL,27.487,27.488,27.001,27.186,43508000,1182808488.0
2014-10-27,GOOGL,27.13,27.439,27.102,27.235,31934000,869722490.0
2014-10-28,GOOGL,27.325,27.696,27.262,27.684,34774000,962683416.0
2014-10-29,GOOGL,27.778,27.982,27.537,27.659,41066000,1135844494.0
2014-10-30,GOOGL,27.649,27.86,27.346,27.749,32250000,894905250.0
2014-10-31,GOOGL,28.147,28.168,27.974,28.126,46810000,1316578060.0
2014-11-03,GOOGL,27.911,28.09,27.817,27.923,30834000,860977782.0
2014-11-04,GOOGL,27.794,27.973,27.652,27.944,27726000,774775344.0
2014-11-05,GOOGL,28.072,28.078,27.446,27.535,32906000,906066710.0
2014-11-06,GOOGL,27.513,27.578,27.27,27.324,33014000,902074536.0
2014-11-07,GOOGL,27.518,27.518,27.209,27.331,31782000,868633842.0
2014-11-10,GOOGL,27.36,27.767,27.321,27.648,26090000,721336320.0
2014-11-11,GOOGL,27.663,27.86,27.55,27.8,21966000,610654800.0
2014-11-12,GOOGL,27.793,27.798,27.513,27.649,21882000,605015418.0
2014-11-13,GOOGL,27.776,27.777,27.443,27.56,30220000,832863200.0
2014-11-14,GOOGL,27.637,27.637,27.365,27.498,28502000,783747996.0
2014-11-17,GOOGL,27.498,27.498,26.965,27.074,33612000,910011288.0
2014-11-18,GOOGL,27.138,27.379,26.934,26.969,36440000,982750360.0
2014-11-19,GOOGL,26.981,27.153,26.705,27.102,30346000,822437292.0
2014-11-20,GOOGL,26.849,27.012,26.82,26.932,35016000,943050912.0
2014-11-21,GOOGL,27.292,27.292,26.993,27.037,50120000,1355094440.0
2014-11-24,GOOGL,27.071,27.3,26.951,27.116,33076000,896888816.0
2014-11-25,GOOGL,27.103,27.365,27.088,27.203,38072000,1035672616.0
2014-11-26,GOOGL,27.203,27.235,27.005,27.128,29604000,803097312.0
2014-11-28,GOOGL,27.092,27.221,26.967,27.195,24202000,658173390.0
2014-12-01,GOOGL,26.998,27.181,26.677,26.728,39888000,1066126464.0
2014-12-02,GOOGL,26.718,26.837,26.481,26.676,41480000,1106520480.0
2014-12-03,GOOGL,26.622,26.815,26.508,26.595,32476000,863699220.0
2014-12-04,GOOGL,26.629,26.879,26.492,26.873,32598000,876006054.0
2014-12-05,GOOGL,26.582,26.656,26.115,26.155,61402000,1605969310.0
2014-12-08,GOOGL,26.212,26.439,26.102,26.286,64566000,1697181876.0
2014-12-09,GOOGL,26.046,26.58,25.924,26.553,43322000,1150329066.0
2014-12-10,GOOGL,26.542,26.714,26.126,26.153,46222000,1208843966.0
2014-12-11,GOOGL,26.251,26.599,26.209,26.355,41426000,1091782230.0
2014-12-12,GOOGL,26.123,26.361,25.827,25.83,47314000,1222120620.0
2014-12-15,GOOGL,25.941,26.021,25.527,25.549,52352000,1337541248.0
2014-12-16,GOOGL,25.438,25.536,24.625,24.673,86998000,2146501654.0
2014-12-17,GOOGL,24.757,25.214,24.72,25.084,72788000,1825814192.0
2014-12-18,GOOGL,25.556,25.569,25.089,25.488,77534000,1976186592.0
2014-12-19,GOOGL,25.606,25.795,25.203,25.757,97442000,2509813594.0
2014-12-22,GOOGL,25.785,26.397,25.784,26.364,66390000,1750305960.0
2014-12-23,GOOGL,26.474,26.859,26.434,26.685,57544000,1535561640.0
2014-12-24,GOOGL,26.687,26.76,26.503,26.593,14754000,392353122.0
2014-12-26,GOOGL,26.593,26.906,26.522,26.821,22270000,597303670.0
2014-12-29,GOOGL,26.77,26.94,26.605,26.612,44300000,1178911600.0
2014-12-30,GOOGL,26.496,26.639,26.429,26.512,20972000,556009664.0
2014-12-31,GOOGL,26.634,26.666,26.26,26.283,24648000,647823384.0
2015-01-02,GOOGL,26.379,26.537,26.145,26.228,26480000,694517440.0
2015-01-05,GOOGL,26.109,26.151,25.643,25.728,41182000,1059530496.0
2015-01-06,GOOGL,25.78,25.815,25.039,25.093,54456000,1366464408.0
2015-01-07,GOOGL,25.307,25.333,24.945,25.019,46918000,1173841442.0
2015-01-08,GOOGL,24.839,25.136,24.518,25.107,73054000,1834166778.0
2015-01-09,GOOGL,25.169,25.19,24.697,24.8,42000000,1041600000.0
2015-01-12,GOOGL,24.727,24.778,24.314,24.619,57138000,1406680422.0
2015-01-13,GOOGL,24.892,25.19,24.629,24.854,60958000,1515050132.0
2015-01-14,GOOGL,24.785,25.173,24.673,25.058,52800000,1323062400.0
2015-01-15,GOOGL,25.205,25.247,24.864,24.963,51068000,1274810484.0
2015-01-16,GOOGL,24.92,25.302,24.917,25.282,49658000,1255453556.0
2015-01-20,GOOGL,25.397,25.537,25.228,25.257,46796000,1181926572.0
2015-01-21,GOOGL,25.301,25.847,25.239,25.774,46356000,1194779544.0
2015-01-22,GOOGL,25.904,26.688,25.85,26.612,56068000,1492081616.0
2015-01-23,GOOGL,26.648,27.013,26.535,26.842,45966000,1233819372.0
2015-01-26,GOOGL,26.82,26.82,26.353,26.583,30932000,822265356.0
2015-01-27,GOOGL,26.32,26.388,25.798,25.814,39148000,1010566472.0
2015-01-28,GOOGL,26.003,26.037,25.376,25.38,35822000,909162360.0
2015-01-29,GOOGL,25.403,25.517,24.937,25.42,79018000,2008637560.0
2015-01-30,GOOGL,25.705,26.899,25.665,26.624,121108000,3224379392.0
2015-02-02,GOOGL,26.464,26.572,25.84,26.359,75378000,1986888702.0
2015-02-03,GOOGL,26.247,26.619,26.092,26.414,47062000,1243095668.0
2015-02-04,GOOGL,26.406,26.585,26.004,26.057,33896000,883228072.0
2015-02-05,GOOGL,26.148,26.284,26.034,26.242,33176000,870604592.0
2015-02-06,GOOGL,26.3,26.756,26.183,26.442,42938000,1135366596.0
2015-02-09,GOOGL,26.303,26.442,26.129,26.215,30314000,794681510.0
2015-02-10,GOOGL,26.357,26.795,26.209,26.753,47430000,1268894790.0
2015-02-11,GOOGL,26.732,26.842,26.547,26.646,38306000,1020701676.0
2015-02-12,GOOGL,26.729,27.159,26.597,27.043,48590000,1314019370.0
2015-02-13,GOOGL,27.117,27.367,27.072,27.298,47382000,1293433836.0
2015-02-17,GOOGL,27.298,27.389,26.907,26.994,39174000,1057462956.0
2015-02-18,GOOGL,26.935,27.119,26.723,26.877,31164000,837594828.0
2015-02-19,GOOGL,26.868,27.085,26.783,27.065,30834000,834522210.0
2015-02-20,GOOGL,27.121,27.121,26.651,26.835,38234000,1026009390.0
2015-02-23,GOOGL,26.696,26.711,26.349,26.498,32906000,871943188.0
2015-02-24,GOOGL,26.327,26.716,26.3,26.679,28406000,757843674.0
2015-02-25,GOOGL,26.668,27.219,26.647,27.109,40836000,1107023124.0
2015-02-26,GOOGL,27.03,27.743,26.998,27.701,54032000,1496740432.0
2015-02-27,GOOGL,27.644,28.203,27.589,27.866,68328000,1904028048.0
2015-03-02,GOOGL,28.083,28.528,27.892,28.48,50406000,1435562880.0
2015-03-03,GOOGL,28.546,28.769,28.256,28.667,50526000,1448428842.0
2015-03-04,GOOGL,28.577,28.807,28.356,28.644,37964000,1087440816.0
2015-03-05,GOOGL,28.708,28.885,28.639,28.797,35918000,1034330646.0
2015-03-06,GOOGL,28.826,28.864,28.333,28.375,37592000,1066673000.0
2015-03-09,GOOGL,28.277,28.501,28.184,28.434,23478000,667573452.0
2015-03-10,GOOGL,28.156,28.219,27.727,27.729,40080000,1111378320.0
2015-03-11,GOOGL,27.726,27.943,27.509,27.523,40524000,1115342052.0
2015-03-12,GOOGL,27.661,27.827,27.515,27.794,35602000,989521988.0
2015-03-13,GOOGL,27.698,27.952,27.257,27.389,35428000,970337492.0
2015-03-16,GOOGL,27.584,27.922,27.306,27.817,36856000,1025223352.0
2015-03-17,GOOGL,27.651,27.768,27.459,27.618,28892000,797939256.0
2015-03-18,GOOGL,27.624,28.059,27.414,28.041,35324000,990520284.0
2015-03-19,GOOGL,27.96,28.081,27.841,27.918,24660000,688457880.0
2015-03-20,GOOGL,28.068,28.088,27.958,27.981,44320000,1240117920.0
2015-03-23,GOOGL,28.033,28.214,27.888,28.002,30234000,846612468.0
2015-03-24,GOOGL,28.159,28.82,28.137,28.605,79156000,2264257380.0
2015-03-25,GOOGL,28.606,28.73,28.083,28.083,53070000,1490364810.0
2015-03-26,GOOGL,27.966,28.092,27.652,27.916,49842000,1391389272.0
2015-03-27,GOOGL,27.827,27.938,27.584,27.615,34552000,954153480.0
2015-03-30,GOOGL,27.748,27.843,27.577,27.793,24788000,688932884.0
2015-03-31,GOOGL,27.634,27.857,27.472,27.474,34932000,959721768.0
2015-04-01,GOOGL,27.48,27.662,27.044,27.216,38902000,1058756832.0
2015-04-02,GOOGL,27.113,27.142,26.767,26.81,47760000,1280445600.0
2015-04-06,GOOGL,26.688,27.02,26.533,26.941,33718000,908396638.0
2015-04-07,GOOGL,26.993,27.249,26.923,26.986,27318000,737203548.0
2015-04-08,GOOGL,27.043,27.315,27.043,27.183,28386000,771616638.0
2015-04-09,GOOGL,27.202,27.21,26.842,27.143,32366000,878510338.0
2015-04-10,GOOGL,27.219,27.233,26.992,27.168,26104000,709193472.0
2015-04-13,GOOGL,27.095,27.403,27.058,27.173,29326000,796875398.0
2015-04-14,GOOGL,27.071,27.071,26.535,26.735,47206000,1262052410.0
2015-04-15,GOOGL,26.644,26.903,26.368,26.797,46962000,1258440714.0
2015-04-16,GOOGL,26.664,27.005,26.651,26.92,31722000,853956240.0
2015-04-17,GOOGL,26.612,26.736,26.201,26.386,49234000,1299088324.0
2015-04-20,GOOGL,26.436,27.033,26.416,26.97,38508000,1038560760.0
2015-04-21,GOOGL,27.058,27.13,26.855,26.89,29128000,783251920.0
2015-04-22,GOOGL,26.897,27.29,26.811,27.2,31806000,865123200.0
2015-04-23,GOOGL,27.261,27.794,27.245,27.61,78184000,2158660240.0
2015-04-24,GOOGL,28.729,28.959,28.15,28.413,92168000,2618769384.0
2015-04-27,GOOGL,28.369,28.505,27.85,28.039,48062000,1347610418.0
2015-04-28,GOOGL,27.95,28.124,27.784,27.953,37178000,1039236634.0
2015-04-29,GOOGL,27.761,28.025,27.687,27.805,33622000,934859710.0
2015-04-30,GOOGL,27.665,27.791,27.078,27.18,47240000,1283983200.0
2015-05-01,GOOGL,27.266,27.301,26.936,27.298,36572000,998342456.0
2015-05-04,GOOGL,27.29,27.572,27.112,27.381,35260000,965454060.0
2015-05-05,GOOGL,27.249,27.37,26.863,26.896,28528000,767289088.0
2015-05-06,GOOGL,26.876,26.94,26.361,26.502,39034000,1034479068.0
2015-05-07,GOOGL,26.542,27.003,26.421,26.847,31844000,854915868.0
2015-05-08,GOOGL,27.185,27.379,27.143,27.189,28226000,767436714.0
2015-05-11,GOOGL,27.166,27.408,27.023,27.032,21858000,590865456.0
2015-05-12,GOOGL,26.885,26.892,26.498,26.683,35282000,941429606.0
2015-05-13,GOOGL,26.769,26.936,26.695,26.72,24238000,647639360.0
2015-05-14,GOOGL,26.942,27.225,26.869,27.201,31736000,863250936.0
2015-05-15,GOOGL,27.26,27.271,26.869,27.067,33440000,905120480.0
2015-05-18,GOOGL,26.935,27.159,26.857,27.076,26706000,723091656.0
2015-05-19,GOOGL,27.142,27.409,27.098,27.205,47126000,1282062830.0
2015-05-20,GOOGL,27.286,27.541,26.998,27.365,30840000,843936600.0
2015-05-21,GOOGL,27.251,27.618,27.206,27.578,34170000,942340260.0
2015-05-22,GOOGL,27.462,27.649,27.42,27.465,24266000,666465690.0
2015-05-26,GOOGL,27.369,27.406,26.893,27.102,37474000,1015620348.0
2015-05-27,GOOGL,27.175,27.503,27.071,27.451,34844000,956502644.0
2015-05-28,GOOGL,27.429,27.526,27.28,27.448,23544000,646235712.0
2015-05-29,GOOGL,27.399,27.436,26.995,27.009,43446000,1173433014.0
2015-06-01,GOOGL,27.178,27.269,26.923,27.202,33210000,903378420.0
2015-06-02,GOOGL,27.113,27.676,27.07,27.436,31842000,873617112.0
2015-06-03,GOOGL,27.493,27.637,27.347,27.503,26710000,734605130.0
2015-06-04,GOOGL,27.349,27.536,27.197,27.324,26866000,734086584.0
2015-06-05,GOOGL,27.34,27.406,27.111,27.218,24396000,664010328.0
2015-06-08,GOOGL,27.221,27.234,26.892,26.918,27336000,735830448.0
2015-06-09,GOOGL,26.915,26.985,26.689,26.852,30016000,805989632.0
2015-06-10,GOOGL,27.028,27.478,26.999,27.37,30316000,829748920.0
2015-06-11,GOOGL,27.463,27.48,27.2,27.243,25872000,704830896.0
2015-06-12,GOOGL,27.1,27.184,27.024,27.115,25468000,690564820.0
2015-06-15,GOOGL,26.881,26.946,26.706,26.894,27150000,730172100.0
2015-06-16,GOOGL,26.967,27.077,26.823,26.987,32526000,877779162.0
2015-06-17,GOOGL,27.014,27.16,26.835,27.072,24440000,661639680.0
2015-06-18,GOOGL,27.142,27.6,27.142,27.547,41192000,1134716024.0
2015-06-19,GOOGL,27.564,27.633,27.353,27.613,59290000,1637174770.0
2015-06-22,GOOGL,27.707,28.014,27.682,27.72,34752000,963325440.0
2015-06-23,GOOGL,27.726,27.979,27.595,27.904,31396000,876073984.0
2015-06-24,GOOGL,27.859,27.867,27.578,27.665,28924000,800182460.0
2015-06-25,GOOGL,27.751,27.892,27.61,27.635,26684000,737412340.0
2015-06-26,GOOGL,27.722,27.736,27.332,27.392,43676000,1196372992.0
2015-06-29,GOOGL,27.08,27.285,26.757,26.807,37756000,1012125092.0
2015-06-30,GOOGL,26.998,27.038,26.723,26.747,34510000,923038970.0
2015-07-01,GOOGL,26.927,27.033,26.734,26.909,30760000,827720840.0
2015-07-02,GOOGL,26.98,27.142,26.922,27.109,28124000,762413516.0
2015-07-06,GOOGL,26.857,27.17,26.85,27.024,25614000,692192736.0
2015-07-07,GOOGL,27.113,27.29,26.738,27.242,33578000,914731876.0
2015-07-08,GOOGL,27.023,27.156,26.805,26.83,27662000,742171460.0
2015-07-09,GOOGL,27.174,27.185,26.974,26.976,29766000,802967616.0
2015-07-10,GOOGL,27.425,27.701,27.34,27.543,43436000,1196357748.0
2015-07-13,GOOGL,27.712,28.373,27.672,28.317,41792000,1183424064.0
2015-07-14,GOOGL,28.454,29.208,28.438,28.934,74832000,2165189088.0
2015-07-15,GOOGL,28.912,29.157,28.737,28.923,41466000,1199321118.0
2015-07-16,GOOGL,29.197,29.94,29.119,29.805,112642000,3357294810.0
2015-07-17,GOOGL,33.68,34.819,33.58,34.651,257162000,8910920462.0
2015-07-20,GOOGL,34.124,34.561,33.767,34.315,102436000,3515091340.0
2015-07-21,GOOGL,33.921,34.947,33.885,34.44,75604000,2603801760.0
2015-07-22,GOOGL,34.374,35.33,34.255,34.427,83100000,2860883700.0
2015-07-23,GOOGL,34.266,34.475,33.263,33.419,76232000,2547597208.0
2015-07-24,GOOGL,33.52,33.57,32.351,32.43,82622000,2679431460.0
2015-07-27,GOOGL,32.271,33.039,32.27,32.603,58382000,1903428346.0
2015-07-28,GOOGL,32.776,32.892,32.363,32.672,34364000,1122740608.0
2015-07-29,GOOGL,32.801,32.854,32.334,32.76,36756000,1204126560.0
2015-07-30,GOOGL,32.562,33.088,32.277,32.915,39606000,1303631490.0
2015-07-31,GOOGL,32.922,32.937,32.55,32.565,34922000,1137234930.0
2015-08-03,GOOGL,32.573,33.019,32.573,32.923,31348000,1032070204.0
2015-08-04,GOOGL,32.904,33.085,32.714,32.752,26188000,857709376.0
2015-08-05,GOOGL,32.974,33.675,32.965,33.347,36448000,1215431456.0
2015-08-06,GOOGL,33.382,33.419,32.725,33.192,40660000,1349586720.0
2015-08-07,GOOGL,33.074,33.125,32.633,32.906,27544000,906362864.0
2015-08-10,GOOGL,33.04,33.264,32.7,32.844,34458000,1131738552.0
2015-08-11,GOOGL,34.649,34.868,33.893,34.19,109880000,3756797200.0
2015-08-12,GOOGL,34.397,34.472,33.705,34.248,58498000,2003439504.0
2015-08-13,GOOGL,34.135,34.374,33.787,34.002,36354000,1236108708.0
2015-08-14,GOOGL,33.88,34.287,33.823,34.144,27598000,942306112.0
2015-08-17,GOOGL,34.078,34.41,33.831,34.378,24680000,848449040.0
2015-08-18,GOOGL,34.228,34.46,33.943,34.112,27710000,945243520.0
2015-08-19,GOOGL,34.18,34.68,34.016,34.375,50194000,1725418750.0
2015-08-20,GOOGL,34.13,34.48,33.446,33.654,57798000,1945133892.0
2015-08-21,GOOGL,33.236,33.327,31.852,31.898,91880000,2930788240.0
2015-08-24,GOOGL,29.747,31.088,29.375,30.614,129788000,3973329832.0
2015-08-25,GOOGL,32.019,32.045,30.295,30.335,71430000,2166829050.0
2015-08-26,GOOGL,31.852,32.812,31.221,32.676,87740000,2866992240.0
2015-08-27,GOOGL,33.283,33.381,32.248,33.083,58974000,1951036842.0
2015-08-28,GOOGL,32.974,33.036,32.379,32.674,38836000,1268927464.0
2015-08-31,GOOGL,32.409,32.907,32.013,32.086,38936000,1249300496.0
2015-09-01,GOOGL,31.392,31.918,30.958,31.181,51458000,1604511898.0
2015-09-02,GOOGL,31.599,31.949,31.235,31.942,37630000,1201977460.0
2015-09-03,GOOGL,32.091,32.256,31.392,31.552,34572000,1090815744.0
2015-09-04,GOOGL,31.188,31.426,31.03,31.152,40478000,1260970656.0
2015-09-08,GOOGL,31.748,31.948,31.347,31.891,39092000,1246682972.0
2015-09-09,GOOGL,32.287,32.558,31.743,31.867,40978000,1305845926.0
2015-09-10,GOOGL,31.892,32.436,31.783,32.247,27850000,898078950.0
2015-09-11,GOOGL,32.204,32.457,32.065,32.456,34892000,1132454752.0
2015-09-14,GOOGL,32.473,32.487,32.169,32.316,29942000,967605672.0
2015-09-15,GOOGL,32.526,33.127,32.359,32.94,35546000,1170885240.0
2015-09-16,GOOGL,32.964,33.089,32.798,32.962,26252000,865318424.0
2015-09-17,GOOGL,33.06,33.778,32.937,33.267,47752000,1588565784.0
2015-09-18,GOOGL,32.94,33.176,32.69,32.735,72544000,2374727840.0
2015-09-21,GOOGL,32.962,33.135,32.59,33.035,39094000,1291470290.0
2015-09-22,GOOGL,32.564,32.63,31.947,32.352,54362000,1758719424.0
2015-09-23,GOOGL,32.337,32.703,32.23,32.357,29160000,943530120.0
2015-09-24,GOOGL,32.143,32.529,31.806,32.437,38692000,1255052404.0
2015-09-25,GOOGL,32.619,32.619,31.682,31.706,48480000,1537106880.0
2015-09-28,GOOGL,31.651,31.84,30.601,30.918,47646000,1473119028.0
2015-09-29,GOOGL,30.98,31.435,30.61,30.837,42130000,1299162810.0
2015-09-30,GOOGL,31.294,31.664,31.161,31.618,52954000,1674299572.0
2015-10-01,GOOGL,31.596,31.889,31.259,31.797,42506000,1351563282.0
2015-10-02,GOOGL,31.6,32.54,31.376,32.54,48788000,1587561520.0
2015-10-05,GOOGL,32.768,33.334,32.484,33.267,37960000,1262815320.0
2015-10-06,GOOGL,33.152,33.62,32.841,33.265,42774000,1422877110.0
2015-10-07,GOOGL,33.551,33.617,32.595,33.184,44354000,1471843136.0
2015-10-08,GOOGL,33.157,33.278,32.416,33.036,39308000,1298579088.0
2015-10-09,GOOGL,33.06,33.387,32.806,33.246,32124000,1067994504.0
2015-10-12,GOOGL,33.144,33.579,33.048,33.503,26684000,893994052.0
2015-10-13,GOOGL,33.395,34.099,33.338,33.837,42446000,1436245302.0
2015-10-14,GOOGL,33.864,34.177,33.625,33.7,31292000,1054540400.0
2015-10-15,GOOGL,33.94,34.381,33.897,34.324,47156000,1618582544.0
2015-10-16,GOOGL,34.442,34.483,34.13,34.438,36316000,1250650408.0
2015-10-19,GOOGL,34.373,34.682,34.284,34.668,30172000,1046002896.0
2015-10-20,GOOGL,34.566,34.571,33.366,33.68,52434000,1765977120.0
2015-10-21,GOOGL,33.839,33.922,33.219,33.273,31952000,1063138896.0
2015-10-22,GOOGL,33.454,34.078,33.268,33.736,88632000,2990089152.0
2015-10-23,GOOGL,37.15,37.27,35.559,35.627,126726000,4514867202.0
2015-10-26,GOOGL,35.662,36.401,35.662,36.211,48776000,1766227736.0
2015-10-27,GOOGL,35.986,36.451,35.866,36.296,38778000,1407486288.0
2015-10-28,GOOGL,36.305,36.521,36.021,36.499,39604000,1445506396.0
2015-10-29,GOOGL,36.484,36.988,36.412,36.891,36520000,1347259320.0
2015-10-30,GOOGL,36.927,36.964,36.479,36.522,39984000,1460295648.0
2015-11-02,GOOGL,36.38,37.056,36.228,37.035,39914000,1478214990.0
2015-11-03,GOOGL,36.92,37.231,36.709,37.088,36306000,1346516928.0
2015-11-04,GOOGL,37.142,37.637,37.107,37.41,41840000,1565234400.0
2015-11-05,GOOGL,37.583,37.956,37.517,37.675,45486000,1713685050.0
2015-11-06,GOOGL,37.612,37.791,37.396,37.721,33544000,1265313224.0
2015-11-09,GOOGL,37.569,37.805,37.102,37.383,35538000,1328517054.0
2015-11-10,GOOGL,37.319,37.672,37.068,37.556,29798000,1119093688.0
2015-11-11,GOOGL,37.76,38.092,37.629,37.902,41866000,1586805132.0
2015-11-12,GOOGL,37.651,37.929,37.437,37.47,35452000,1328386440.0
2015-11-13,GOOGL,37.347,37.411,36.625,36.655,48188000,1766331140.0
2015-11-16,GOOGL,36.662,37.231,36.37,37.167,50704000,1884515568.0
2015-11-17,GOOGL,37.269,37.392,36.852,36.947,38864000,1435908208.0
2015-11-18,GOOGL,37.125,37.696,37.017,37.642,36266000,1365124772.0
2015-11-19,GOOGL,37.631,37.802,37.505,37.639,28078000,1056827842.0
2015-11-20,GOOGL,38.102,38.599,37.845,38.484,55478000,2135015352.0
2015-11-23,GOOGL,38.507,38.776,38.311,38.469,34648000,1332873912.0
2015-11-24,GOOGL,38.284,38.434,37.548,38.119,47880000,1825137720.0
2015-11-25,GOOGL,38.221,38.286,37.965,38.1,23612000,899617200.0
2015-11-27,GOOGL,38.095,38.335,37.989,38.235,14434000,551883990.0
2015-11-30,GOOGL,38.23,38.386,37.697,37.783,33586000,1268979838.0
2015-12-01,GOOGL,37.986,38.88,37.937,38.82,40398000,1568250360.0
2015-12-02,GOOGL,38.892,39.279,38.456,38.526,46876000,1805944776.0
2015-12-03,GOOGL,38.66,38.854,37.763,38.048,41950000,1596113600.0
2015-12-04,GOOGL,38.123,38.752,37.915,38.593,49800000,1921931400.0
2015-12-07,GOOGL,38.635,38.682,37.975,38.285,36626000,1402226410.0
2015-12-08,GOOGL,37.865,38.566,37.767,38.392,31082000,1193300144.0
2015-12-09,GOOGL,38.192,38.439,37.246,37.768,46550000,1758100400.0
2015-12-10,GOOGL,37.82,37.942,37.394,37.644,32458000,1221848952.0
2015-12-11,GOOGL,37.097,37.515,37.08,37.167,43184000,1605019728.0
2015-12-14,GOOGL,37.209,37.847,36.466,37.768,53864000,2034335552.0
2015-12-15,GOOGL,38.028,38.372,37.543,37.646,49386000,1859185356.0
2015-12-16,GOOGL,37.967,38.707,37.496,38.463,53120000,2043154560.0
2015-12-17,GOOGL,38.69,38.711,38.102,38.129,36510000,1392089790.0
2015-12-18,GOOGL,38.0,38.342,37.473,37.486,67794000,2541325884.0
2015-12-21,GOOGL,37.793,37.956,37.352,37.681,34848000,1313107488.0
2015-12-22,GOOGL,37.853,38.154,37.701,37.995,36338000,1380662310.0
2015-12-23,GOOGL,38.171,38.231,37.525,38.063,30594000,1164499422.0
2015-12-24,GOOGL,38.064,38.097,37.859,37.931,10412000,394937572.0
2015-12-28,GOOGL,38.137,38.772,38.025,38.743,31156000,1207076908.0
2015-12-29,GOOGL,38.979,39.558,38.939,39.324,38430000,1511221320.0
2015-12-30,GOOGL,39.324,39.448,38.989,39.143,28566000,1118158938.0
2015-12-31,GOOGL,39.02,39.045,38.5,38.534,32752000,1262065568.0
2016-01-04,GOOGL,37.751,37.751,37.025,37.614,67382000,2534506548.0
2016-01-05,GOOGL,37.845,38.097,37.426,37.718,45216000,1705457088.0
2016-01-06,GOOGL,37.165,37.926,37.047,37.609,48206000,1812979454.0
2016-01-07,GOOGL,36.973,37.41,36.417,36.701,63132000,2317007532.0
2016-01-08,GOOGL,37.038,37.152,36.102,36.201,47506000,1719764706.0
2016-01-11,GOOGL,36.253,36.408,35.639,36.308,50896000,1847931968.0
2016-01-12,GOOGL,36.688,37.064,36.474,36.916,46816000,1728259456.0
2016-01-13,GOOGL,37.114,37.295,35.501,35.639,51728000,1843534192.0
2016-01-14,GOOGL,35.881,36.646,34.918,36.225,55558000,2012588550.0
2016-01-15,GOOGL,35.165,35.867,34.745,35.19,76676000,2698228440.0
2016-01-19,GOOGL,35.668,35.926,35.158,35.615,48724000,1735305260.0
2016-01-20,GOOGL,34.962,36.005,34.065,35.589,82440000,2933957160.0
2016-01-21,GOOGL,35.669,36.536,35.22,35.991,51938000,1869300558.0
2016-01-22,GOOGL,36.75,37.075,36.676,36.922,47146000,1740724612.0
2016-01-25,GOOGL,36.841,37.268,36.28,36.335,45340000,1647428900.0
2016-01-26,GOOGL,36.414,36.624,36.006,36.344,30940000,1124483360.0
2016-01-27,GOOGL,36.448,36.448,35.336,35.541,42428000,1507933548.0
2016-01-28,GOOGL,36.562,37.204,36.186,37.062,62104000,2301698448.0
2016-01-29,GOOGL,37.095,37.895,36.859,37.709,75808000,2858643872.0
2016-02-01,GOOGL,38.2,38.513,37.71,38.175,111522000,4257352350.0
2016-02-02,GOOGL,39.648,40.136,38.662,38.677,135846000,5254115742.0
2016-02-03,GOOGL,38.943,39.199,36.466,37.116,131114000,4866427224.0
2016-02-04,GOOGL,36.879,36.911,35.789,36.157,104922000,3793664754.0
2016-02-05,GOOGL,35.933,35.993,34.677,34.856,109556000,3818683936.0
2016-02-08,GOOGL,34.06,34.894,33.779,34.876,89410000,3118263160.0
2016-02-09,GOOGL,34.321,35.708,34.101,34.721,84300000,2926980300.0
2016-02-10,GOOGL,35.254,35.82,34.937,35.009,60314000,2111532826.0
2016-02-11,GOOGL,34.489,35.28,34.234,34.985,65004000,2274164940.0
2016-02-12,GOOGL,35.275,35.463,34.748,35.011,46538000,1629341918.0
2016-02-16,GOOGL,35.594,35.803,35.174,35.544,43444000,1544173536.0
2016-02-17,GOOGL,36.007,36.342,35.493,36.254,49154000,1782029116.0
2016-02-18,GOOGL,36.352,36.453,35.44,35.537,47276000,1680047212.0
2016-02-19,GOOGL,35.458,35.86,35.32,35.765,34918000,1248842270.0
2016-02-22,GOOGL,36.132,36.396,35.832,36.109,37516000,1354665244.0
2016-02-23,GOOGL,35.963,36.201,35.446,35.526,41332000,1468360632.0
2016-02-24,GOOGL,35.196,35.721,34.77,35.705,37092000,1324369860.0
2016-02-25,GOOGL,35.806,36.132,35.325,36.112,36146000,1305304352.0
2016-02-26,GOOGL,36.334,36.461,35.757,35.901,42474000,1524859074.0
2016-02-29,GOOGL,35.71,36.186,35.504,35.523,45068000,1600950564.0
2016-03-01,GOOGL,35.725,36.767,35.593,36.759,60112000,2209657008.0
2016-03-02,GOOGL,36.793,36.806,36.317,36.625,36292000,1329194500.0
2016-03-03,GOOGL,36.625,36.701,36.138,36.235,40534000,1468749490.0
2016-03-04,GOOGL,36.394,36.404,35.939,36.167,48516000,1754678172.0
2016-03-07,GOOGL,35.916,36.018,34.925,35.304,61690000,2177903760.0
2016-03-08,GOOGL,35.086,35.772,34.868,35.34,52530000,1856410200.0
2016-03-09,GOOGL,35.421,35.97,35.297,35.929,39544000,1420776376.0
2016-03-10,GOOGL,36.046,36.48,35.824,36.263,44616000,1617910008.0
2016-03-11,GOOGL,36.649,36.894,36.488,36.892,35380000,1305238960.0
2016-03-14,GOOGL,36.897,37.358,36.833,37.158,32824000,1219674192.0
2016-03-15,GOOGL,36.949,37.296,36.792,37.175,29832000,1109004600.0
2016-03-16,GOOGL,37.099,37.592,36.973,37.511,29306000,1099297366.0
2016-03-17,GOOGL,37.525,37.906,37.511,37.567,44564000,1674135788.0
2016-03-18,GOOGL,37.723,37.748,37.237,37.414,56222000,2103489908.0
2016-03-21,GOOGL,37.34,37.807,37.209,37.749,28774000,1086189726.0
2016-03-22,GOOGL,37.565,37.889,37.537,37.644,22096000,831781824.0
2016-03-23,GOOGL,37.808,37.909,37.445,37.521,24678000,925943238.0
2016-03-24,GOOGL,37.206,37.521,37.171,37.386,31116000,1163302776.0
2016-03-28,GOOGL,37.452,37.558,37.248,37.309,21676000,808709884.0
2016-03-29,GOOGL,37.329,37.997,37.062,37.934,40062000,1519711908.0
2016-03-30,GOOGL,38.048,38.499,38.017,38.055,40396000,1537269780.0
2016-03-31,GOOGL,38.055,38.092,37.555,37.785,32554000,1230052890.0
2016-04-01,GOOGL,37.501,38.139,37.404,38.121,31674000,1207444554.0
2016-04-04,GOOGL,38.113,38.258,37.73,37.895,26924000,1020284980.0
2016-04-05,GOOGL,37.549,37.784,37.424,37.571,24478000,919662938.0
2016-04-06,GOOGL,37.535,38.059,37.459,38.042,25312000,962919104.0
2016-04-07,GOOGL,37.905,38.105,37.518,37.648,25498000,959948704.0
2016-04-08,GOOGL,37.933,37.995,37.432,37.616,23434000,881493344.0
2016-04-11,GOOGL,37.912,37.999,37.51,37.52,31774000,1192160480.0
2016-04-12,GOOGL,37.564,37.885,37.224,37.856,27388000,1036800128.0
2016-04-13,GOOGL,38.152,38.422,37.869,38.232,35426000,1354406832.0
2016-04-14,GOOGL,38.403,38.613,38.297,38.404,26992000,1036600768.0
2016-04-15,GOOGL,38.41,38.678,38.381,38.632,31712000,1225097984.0
2016-04-18,GOOGL,38.642,39.056,38.514,39.013,33540000,1308496020.0
2016-04-19,GOOGL,39.152,39.175,38.15,38.447,43952000,1689822544.0
2016-04-20,GOOGL,38.591,38.616,38.2,38.381,34262000,1315009822.0
2016-04-21,GOOGL,38.499,38.716,38.214,38.632,77628000,2998924896.0
2016-04-22,GOOGL,36.845,37.341,36.174,36.541,140798000,5144899718.0
2016-04-25,GOOGL,36.421,36.893,36.409,36.761,49442000,1817537362.0
2016-04-26,GOOGL,36.87,36.928,35.677,35.927,55864000,2007025928.0
2016-04-27,GOOGL,35.924,36.015,35.12,35.733,66262000,2367740046.0
2016-04-28,GOOGL,35.824,36.119,34.829,34.921,62590000,2185705390.0
2016-04-29,GOOGL,34.874,35.27,34.857,35.06,58278000,2043226680.0
2016-05-02,GOOGL,35.26,35.433,34.985,35.384,33476000,1184514784.0
2016-05-03,GOOGL,35.289,35.332,35.033,35.088,38620000,1355098560.0
2016-05-04,GOOGL,35.005,35.415,34.871,35.233,34172000,1203982076.0
2016-05-05,GOOGL,35.413,35.539,35.138,35.399,29668000,1050217532.0
2016-05-06,GOOGL,35.274,35.957,35.262,35.917,39952000,1434955984.0
2016-05-09,GOOGL,35.993,36.368,35.834,36.113,38074000,1374966362.0
2016-05-10,GOOGL,36.402,36.651,36.236,36.621,32634000,1195089714.0
2016-05-11,GOOGL,36.677,36.691,36.052,36.183,29834000,1079483622.0
2016-05-12,GOOGL,36.255,36.422,35.872,36.06,27094000,977009640.0
2016-05-13,GOOGL,35.989,36.22,35.835,35.9,25244000,906259600.0
2016-05-16,GOOGL,35.875,36.289,35.661,36.171,22538000,815221998.0
2016-05-17,GOOGL,36.208,36.446,35.562,35.67,33404000,1191520680.0
2016-05-18,GOOGL,35.586,35.937,35.414,35.749,32536000,1163129464.0
2016-05-19,GOOGL,35.576,35.685,35.181,35.428,30598000,1084025944.0
2016-05-20,GOOGL,35.485,36.042,35.414,35.745,34798000,1243854510.0
2016-05-23,GOOGL,35.66,35.834,35.509,35.524,24816000,881563584.0
2016-05-24,GOOGL,35.653,36.364,35.643,36.306,37884000,1375416504.0
2016-05-25,GOOGL,36.404,36.646,36.285,36.557,32216000,1177720312.0
2016-05-26,GOOGL,36.453,36.706,36.305,36.499,27202000,992845798.0
2016-05-27,GOOGL,36.528,37.043,36.503,37.028,34802000,1288648456.0
2016-05-31,GOOGL,37.085,37.319,36.927,37.09,42484000,1575731560.0
2016-06-01,GOOGL,37.071,37.214,36.866,37.07,20788000,770611160.0
2016-06-02,GOOGL,36.953,37.013,36.503,36.863,33916000,1250245508.0
2016-06-03,GOOGL,36.725,36.725,36.35,36.446,24608000,896863168.0
2016-06-06,GOOGL,36.577,36.577,36.071,36.159,29992000,1084480728.0
2016-06-07,GOOGL,36.318,36.488,36.196,36.21,24314000,880409940.0
2016-06-08,GOOGL,36.626,36.84,36.442,36.796,32314000,1189025944.0
2016-06-09,GOOGL,36.506,36.846,36.478,36.776,19180000,705363680.0
2016-06-10,GOOGL,36.451,36.633,36.181,36.314,29050000,1054921700.0
2016-06-13,GOOGL,36.147,36.602,36.147,36.249,23354000,846559146.0
2016-06-14,GOOGL,36.122,36.453,35.983,36.317,26584000,965451128.0
2016-06-15,GOOGL,36.4,36.51,36.221,36.264,23234000,842557776.0
2016-06-16,GOOGL,36.055,36.175,35.44,35.871,45002000,1614266742.0
2016-06-17,GOOGL,35.73,35.73,34.726,34.881,82262000,2869380822.0
2016-06-20,GOOGL,35.181,35.456,34.938,34.974,45654000,1596702996.0
2016-06-21,GOOGL,35.168,35.432,34.901,35.11,30318000,1064464980.0
2016-06-22,GOOGL,35.366,35.374,34.961,35.189,29058000,1022521962.0
2016-06-23,GOOGL,35.193,35.407,34.682,35.407,42500000,1504797500.0
2016-06-24,GOOGL,34.183,34.918,33.923,33.937,95436000,3238811532.0
2016-06-27,GOOGL,33.803,33.844,33.316,33.736,58146000,1961613456.0
2016-06-28,GOOGL,34.243,34.311,33.92,34.237,38246000,1309428302.0
2016-06-29,GOOGL,34.386,34.645,34.308,34.432,43124000,1484845568.0
2016-06-30,GOOGL,34.554,34.857,34.417,34.845,42250000,1472201250.0
2016-07-01,GOOGL,34.923,35.291,34.855,35.178,30984000,1089955152.0
2016-07-05,GOOGL,34.918,35.072,34.627,34.912,28440000,992897280.0
2016-07-06,GOOGL,34.662,35.314,34.621,35.114,28902000,1014864828.0
2016-07-07,GOOGL,35.171,35.174,34.703,35.03,21174000,741725220.0
2016-07-08,GOOGL,35.193,35.557,35.072,35.551,29946000,1064610246.0
2016-07-11,GOOGL,35.632,36.103,35.605,36.017,28822000,1038081974.0
2016-07-12,GOOGL,36.251,36.433,36.032,36.28,26468000,960259040.0
2016-07-13,GOOGL,36.429,36.429,36.107,36.13,20436000,738352680.0
2016-07-14,GOOGL,36.351,36.46,36.185,36.443,21408000,780171744.0
2016-07-15,GOOGL,36.701,36.701,36.386,36.435,32342000,1178380770.0
2016-07-18,GOOGL,36.548,37.401,36.478,37.305,38698000,1443628890.0
2016-07-19,GOOGL,37.14,37.473,37.072,37.315,30436000,1135719340.0
2016-07-20,GOOGL,37.347,37.674,37.347,37.497,22502000,843757494.0
2016-07-21,GOOGL,37.493,37.55,37.222,37.365,19062000,712251630.0
2016-07-22,GOOGL,37.509,37.615,37.278,37.606,20920000,786717520.0
2016-07-25,GOOGL,37.527,37.633,37.348,37.519,21466000,805382854.0
2016-07-26,GOOGL,37.519,37.605,37.283,37.525,23792000,892794800.0
2016-07-27,GOOGL,37.591,37.862,37.44,37.739,32172000,1214139108.0
2016-07-28,GOOGL,38.08,38.086,37.597,37.931,73464000,2786562984.0
2016-07-29,GOOGL,39.51,39.818,39.128,39.194,101810000,3990341140.0
2016-08-01,GOOGL,38.963,39.994,38.882,39.67,60594000,2403763980.0
2016-08-02,GOOGL,39.491,39.738,39.352,39.629,39928000,1582306712.0
2016-08-03,GOOGL,39.448,39.6,39.277,39.569,29206000,1155652214.0
2016-08-04,GOOGL,39.536,39.633,39.322,39.487,21520000,849760240.0
2016-08-05,GOOGL,39.628,39.981,39.514,39.966,36146000,1444611036.0
2016-08-08,GOOGL,39.92,39.999,39.707,39.882,24426000,974157732.0
2016-08-09,GOOGL,39.845,40.283,39.824,39.993,32154000,1285934922.0
2016-08-10,GOOGL,39.972,40.162,39.944,40.043,18370000,735589910.0
2016-08-11,GOOGL,40.142,40.31,39.92,40.029,25646000,1026583734.0
2016-08-12,GOOGL,39.875,39.979,39.803,39.972,17946000,717337512.0
2016-08-15,GOOGL,39.98,40.186,39.823,39.918,18596000,742315128.0
2016-08-16,GOOGL,39.796,39.834,39.474,39.682,21158000,839591756.0
2016-08-17,GOOGL,39.623,39.902,39.44,39.891,21322000,850555902.0
2016-08-18,GOOGL,39.888,40.019,39.704,39.759,17292000,687512628.0
2016-08-19,GOOGL,39.613,39.684,39.468,39.606,22416000,887808096.0
2016-08-22,GOOGL,39.549,39.588,39.342,39.472,17056000,673234432.0
2016-08-23,GOOGL,39.647,39.672,39.424,39.454,18350000,723980900.0
2016-08-24,GOOGL,39.467,39.547,39.165,39.306,25672000,1009063632.0
2016-08-25,GOOGL,39.227,39.361,38.99,39.192,24054000,942724368.0
2016-08-26,GOOGL,39.251,39.593,39.098,39.287,24978000,981310686.0
2016-08-29,GOOGL,39.279,39.55,39.144,39.416,15474000,609923184.0
2016-08-30,GOOGL,39.27,39.524,39.101,39.223,23348000,915778604.0
2016-08-31,GOOGL,39.108,39.205,38.989,39.12,21428000,838263360.0
2016-09-01,GOOGL,39.226,39.271,38.946,39.197,26070000,1021865790.0
2016-09-02,GOOGL,39.389,39.479,39.289,39.468,26998000,1065557064.0
2016-09-06,GOOGL,39.543,40.162,39.397,40.02,39790000,1592395800.0
2016-09-07,GOOGL,40.016,40.148,39.807,40.019,22906000,916675214.0
2016-09-08,GOOGL,39.881,40.04,39.673,39.764,23554000,936601256.0
2016-09-09,GOOGL,39.562,39.71,39.031,39.052,37752000,1474291104.0
2016-09-12,GOOGL,38.856,39.631,38.806,39.565,37274000,1474745810.0
2016-09-13,GOOGL,39.326,39.414,38.847,39.064,36180000,1413335520.0
2016-09-14,GOOGL,39.005,39.441,39.005,39.15,25842000,1011714300.0
2016-09-15,GOOGL,39.128,39.804,39.061,39.684,31144000,1235918496.0
2016-09-16,GOOGL,39.574,39.574,39.307,39.522,42612000,1684111464.0
2016-09-19,GOOGL,39.678,39.821,39.304,39.395,22990000,905691050.0
2016-09-20,GOOGL,39.623,39.759,39.537,39.612,20984000,831218208.0
2016-09-21,GOOGL,39.685,39.916,39.426,39.872,26970000,1075347840.0
2016-09-22,GOOGL,40.118,40.567,40.005,40.413,35186000,1421971818.0
2016-09-23,GOOGL,40.373,40.465,40.253,40.364,28234000,1139637176.0
2016-09-26,GOOGL,40.109,40.122,39.645,39.754,29454000,1170914316.0
2016-09-27,GOOGL,39.714,40.291,39.714,40.154,27346000,1098051284.0
2016-09-28,GOOGL,39.825,40.131,39.761,40.121,29406000,1179798126.0
2016-09-29,GOOGL,39.981,40.312,39.666,39.754,27000000,1073358000.0
2016-09-30,GOOGL,39.801,40.024,39.697,39.824,33204000,1322316096.0
2016-10-03,GOOGL,39.749,39.798,39.436,39.642,29784000,1180697328.0
2016-10-04,GOOGL,39.871,39.945,39.607,39.761,25174000,1000943414.0
2016-10-05,GOOGL,39.92,40.044,39.658,39.684,24276000,963368784.0
2016-10-06,GOOGL,39.825,39.967,39.648,39.776,21998000,874992448.0
2016-10-07,GOOGL,39.917,39.917,39.465,39.658,23262000,922524396.0
2016-10-10,GOOGL,39.818,40.484,39.734,40.325,29922000,1206604650.0
2016-10-11,GOOGL,40.325,40.607,39.988,40.097,34432000,1380619904.0
2016-10-12,GOOGL,40.215,40.341,40.046,40.206,18158000,730060548.0
2016-10-13,GOOGL,39.924,39.948,39.555,39.825,27380000,1090408500.0
2016-10-14,GOOGL,39.992,40.123,39.738,39.851,22238000,886206538.0
2016-10-17,GOOGL,39.92,40.291,39.813,39.962,21128000,844317136.0
2016-10-18,GOOGL,40.327,41.05,40.283,40.687,45786000,1862894982.0
2016-10-19,GOOGL,40.756,41.099,40.756,40.952,30002000,1228641904.0
2016-10-20,GOOGL,40.988,41.033,40.641,40.694,27878000,1134467332.0
2016-10-21,GOOGL,40.614,40.826,40.53,40.815,32316000,1318977540.0
2016-10-24,GOOGL,41.113,41.502,41.061,41.393,28952000,1198410136.0
2016-10-25,GOOGL,41.53,41.53,40.876,41.037,37814000,1551773118.0
2016-10-26,GOOGL,40.966,40.995,40.433,40.718,35898000,1461694764.0
2016-10-27,GOOGL,40.763,40.939,40.347,40.482,59470000,2407464540.0
2016-10-28,GOOGL,41.106,41.555,40.465,40.592,87098000,3535482016.0
2016-10-31,GOOGL,40.734,40.744,40.019,40.113,44854000,1799228502.0
2016-11-01,GOOGL,40.161,40.314,39.537,39.894,47118000,1879725492.0
2016-11-02,GOOGL,39.958,39.958,38.88,39.049,47014000,1835849686.0
2016-11-03,GOOGL,38.855,39.128,38.565,38.741,43504000,1685388464.0
2016-11-04,GOOGL,38.201,39.052,38.187,38.687,39412000,1524732044.0
2016-11-07,GOOGL,39.373,39.871,39.271,39.724,39852000,1583080848.0
2016-11-08,GOOGL,39.724,40.417,39.604,40.216,35382000,1422922512.0
2016-11-09,GOOGL,39.714,40.203,39.229,39.9,61970000,2472603000.0
2016-11-10,GOOGL,40.118,40.121,38.049,38.647,118192000,4567766224.0
2016-11-11,GOOGL,38.474,38.498,37.916,38.224,71852000,2746470848.0
2016-11-14,GOOGL,38.224,38.225,36.829,37.306,73766000,2751914396.0
2016-11-15,GOOGL,37.913,38.644,37.9,38.393,58878000,2260503054.0
2016-11-16,GOOGL,38.158,38.806,37.955,38.631,35968000,1389479808.0
2016-11-17,GOOGL,38.756,39.073,38.625,38.937,30674000,1194353538.0
2016-11-18,GOOGL,38.988,39.192,38.402,38.433,36126000,1388430558.0
2016-11-21,GOOGL,38.538,38.957,38.449,38.87,32616000,1267783920.0
2016-11-22,GOOGL,39.078,39.314,38.818,38.88,27884000,1084129920.0
2016-11-23,GOOGL,39.104,39.104,38.268,38.583,26260000,1013189580.0
2016-11-25,GOOGL,38.762,38.776,38.543,38.644,12270000,474161880.0
2016-11-28,GOOGL,38.551,39.61,38.538,38.919,51508000,2004639852.0
2016-11-29,GOOGL,39.047,39.447,38.897,39.1,31240000,1221484000.0
2016-11-30,GOOGL,39.083,39.202,38.293,38.428,45582000,1751625096.0
2016-12-01,GOOGL,38.561,38.563,37.313,37.856,57342000,2170738752.0
2016-12-02,GOOGL,37.736,38.162,37.592,37.863,34376000,1301578488.0
2016-12-05,GOOGL,38.137,38.632,37.987,38.544,33770000,1301630880.0
2016-12-06,GOOGL,38.642,38.894,38.302,38.443,34682000,1333280126.0
2016-12-07,GOOGL,38.63,39.227,38.312,39.2,40588000,1591049600.0
2016-12-08,GOOGL,39.274,39.573,39.024,39.384,32250000,1270134000.0
2016-12-09,GOOGL,39.588,40.116,39.526,40.091,38090000,1527066190.0
2016-12-12,GOOGL,39.862,40.185,39.847,40.014,32572000,1303336008.0
2016-12-13,GOOGL,40.237,40.827,40.214,40.383,42564000,1718862012.0
2016-12-14,GOOGL,40.411,40.825,40.256,40.509,35994000,1458080946.0
2016-12-15,GOOGL,40.483,40.762,40.217,40.398,35394000,1429846812.0
2016-12-16,GOOGL,40.53,40.574,40.025,40.11,51978000,2084837580.0
2016-12-19,GOOGL,40.083,40.426,39.846,40.242,25272000,1016995824.0
2016-12-20,GOOGL,40.285,40.44,40.168,40.376,25438000,1027084688.0
2016-12-21,GOOGL,40.402,40.402,39.876,40.227,29192000,1174306584.0
2016-12-22,GOOGL,40.074,40.171,39.922,40.102,22632000,907588464.0
2016-12-23,GOOGL,40.02,40.166,39.876,40.009,15310000,612537790.0
2016-12-27,GOOGL,40.053,40.415,39.91,40.115,19520000,783044800.0
2016-12-28,GOOGL,40.283,40.283,39.744,39.849,24296000,968171304.0
2016-12-29,GOOGL,39.738,39.908,39.531,39.766,21148000,840971368.0
2016-12-30,GOOGL,39.782,39.786,39.109,39.249,34718000,1362646782.0
2017-01-03,GOOGL,39.654,40.19,39.469,40.02,39180000,1567983600.0
2017-01-04,GOOGL,40.113,40.288,39.827,40.008,30306000,1212482448.0
2017-01-05,GOOGL,39.994,40.303,39.916,40.268,26810000,1079585080.0
2017-01-06,GOOGL,40.365,41.057,40.193,40.872,40342000,1648858224.0
2017-01-09,GOOGL,40.929,41.13,40.694,40.969,28178000,1154424482.0
2017-01-10,GOOGL,40.964,41.08,40.769,40.911,23948000,979736628.0
2017-01-11,GOOGL,40.941,41.104,40.686,41.102,26508000,1089531816.0
2017-01-12,GOOGL,41.029,41.128,40.664,41.086,26990000,1108911140.0
2017-01-13,GOOGL,41.158,41.339,41.085,41.155,25804000,1061963620.0
2017-01-17,GOOGL,41.109,41.118,40.772,40.983,28818000,1181048094.0
2017-01-18,GOOGL,41.099,41.099,40.816,41.06,20554000,843947240.0
2017-01-19,GOOGL,41.059,41.257,40.81,40.83,21410000,874170300.0
2017-01-20,GOOGL,41.064,41.071,40.841,41.018,26124000,1071554232.0
2017-01-23,GOOGL,41.189,41.879,41.044,41.824,49148000,2055565952.0
2017-01-24,GOOGL,41.95,42.175,41.717,42.076,33768000,1420822368.0
2017-01-25,GOOGL,42.275,42.535,42.087,42.518,33108000,1407685944.0
2017-01-26,GOOGL,42.548,42.644,42.125,42.445,69866000,2965462370.0
2017-01-27,GOOGL,42.545,42.941,41.698,41.853,75050000,3141067650.0
2017-01-30,GOOGL,41.458,41.467,40.665,40.803,70338000,2870001414.0
2017-01-31,GOOGL,40.589,40.766,40.287,40.623,40404000,1641331692.0
2017-02-01,GOOGL,40.812,40.812,40.23,40.378,45020000,1817817560.0
2017-02-02,GOOGL,40.366,40.839,40.22,40.527,33784000,1369164168.0
2017-02-03,GOOGL,40.769,40.917,40.581,40.62,30562000,1241428440.0
2017-02-06,GOOGL,40.659,40.732,40.331,40.694,27018000,1099470492.0
2017-02-07,GOOGL,40.886,41.204,40.776,41.071,33332000,1368978572.0
2017-02-08,GOOGL,41.135,41.319,40.867,41.103,26044000,1070486532.0
2017-02-09,GOOGL,41.195,41.207,40.935,41.112,23884000,981919008.0
2017-02-10,GOOGL,41.255,41.463,41.134,41.349,28302000,1170259398.0
2017-02-13,GOOGL,41.49,41.69,41.418,41.553,25914000,1076804442.0
2017-02-14,GOOGL,41.593,41.703,41.398,41.606,27266000,1134429196.0
2017-02-15,GOOGL,41.545,41.692,41.417,41.471,27144000,1125688824.0
2017-02-16,GOOGL,41.53,41.737,41.468,41.712,20102000,838494624.0
2017-02-17,GOOGL,41.669,41.948,41.593,41.929,29224000,1225333096.0
2017-02-21,GOOGL,42.0,42.208,41.929,42.063,25206000,1060239978.0
2017-02-22,GOOGL,42.0,42.287,41.936,42.167,24488000,1032585496.0
2017-02-23,GOOGL,42.153,42.229,41.728,42.149,27734000,1168960366.0
2017-02-24,GOOGL,41.983,42.018,41.751,41.991,26924000,1130565684.0
2017-02-27,GOOGL,41.849,42.133,41.753,42.083,20206000,850329098.0
2017-02-28,GOOGL,41.968,42.041,41.675,41.848,27662000,1157599376.0
2017-03-01,GOOGL,42.168,42.496,42.051,42.434,36374000,1543494316.0
2017-03-02,GOOGL,42.412,42.421,42.036,42.092,25018000,1053057656.0
2017-03-03,GOOGL,42.047,42.14,41.837,42.054,20100000,845285400.0
2017-03-06,GOOGL,41.944,42.047,41.662,41.964,20958000,879481512.0
2017-03-07,GOOGL,41.964,42.264,41.878,42.156,20774000,875748744.0
2017-03-08,GOOGL,42.254,42.443,42.161,42.28,20576000,869953280.0
2017-03-09,GOOGL,42.282,42.63,42.232,42.488,26954000,1145221552.0
2017-03-10,GOOGL,42.728,42.804,42.476,42.665,26732000,1140520780.0
2017-03-13,GOOGL,42.636,42.948,42.635,42.822,23332000,999122904.0
2017-03-14,GOOGL,42.78,42.97,42.601,42.887,21234000,910662558.0
2017-03-15,GOOGL,42.988,43.084,42.659,43.01,26658000,1146560580.0
2017-03-16,GOOGL,43.116,43.224,42.967,43.09,22090000,951858100.0
2017-03-17,GOOGL,43.272,43.309,43.009,43.207,37366000,1614472762.0
2017-03-20,GOOGL,43.064,43.107,42.826,42.986,30844000,1325860184.0
2017-03-21,GOOGL,43.093,43.262,41.985,42.106,50760000,2137300560.0
2017-03-22,GOOGL,42.074,42.364,41.951,42.089,27334000,1150460726.0
2017-03-23,GOOGL,41.673,41.688,41.257,41.587,65754000,2734511598.0
2017-03-24,GOOGL,41.703,41.802,41.064,41.363,42114000,1741961382.0
2017-03-27,GOOGL,41.014,41.672,40.827,41.53,38692000,1606878760.0
2017-03-28,GOOGL,41.589,41.872,41.221,41.635,30384000,1265037840.0
2017-03-29,GOOGL,41.74,42.178,41.672,42.093,29146000,1226842578.0
2017-03-30,GOOGL,42.197,42.198,41.939,42.074,18988000,798901112.0
2017-03-31,GOOGL,41.942,42.078,41.864,41.99,28820000,1210151800.0
2017-04-03,GOOGL,42.037,42.545,41.977,42.434,39388000,1671390392.0
2017-04-04,GOOGL,42.0,42.248,41.976,42.227,26970000,1138862190.0
2017-04-05,GOOGL,42.333,42.624,41.977,42.045,37104000,1560037680.0
2017-04-06,GOOGL,42.075,42.277,41.802,41.857,30672000,1283837904.0
2017-04-07,GOOGL,41.852,41.895,41.47,41.708,22232000,927252256.0
2017-04-10,GOOGL,41.68,41.938,41.643,41.688,20924000,872279712.0
2017-04-11,GOOGL,41.688,41.833,41.337,41.598,19486000,810578628.0
2017-04-12,GOOGL,41.528,41.788,41.485,41.676,22716000,946712016.0
2017-04-13,GOOGL,41.656,41.789,41.498,41.613,21474000,893597562.0
2017-04-17,GOOGL,41.672,42.379,41.655,42.353,20982000,888650646.0
2017-04-18,GOOGL,42.225,42.465,42.161,42.297,18724000,791969028.0
2017-04-19,GOOGL,42.465,42.605,42.274,42.422,21606000,916569732.0
2017-04-20,GOOGL,42.582,42.789,42.471,42.599,23776000,1012833824.0
2017-04-21,GOOGL,42.625,42.716,42.482,42.543,23458000,997973694.0
2017-04-24,GOOGL,43.013,43.583,42.897,43.532,33930000,1477040760.0
2017-04-25,GOOGL,43.697,44.192,43.55,44.023,40760000,1794377480.0
2017-04-26,GOOGL,44.149,44.229,43.84,44.038,26466000,1165509708.0
2017-04-27,GOOGL,44.081,44.248,43.941,44.152,46846000,2068344592.0
2017-04-28,GOOGL,46.012,46.354,45.726,45.79,76918000,3522075220.0
2017-05-01,GOOGL,45.772,46.35,45.606,46.201,46556000,2150933756.0
2017-05-02,GOOGL,46.224,46.705,46.111,46.413,35026000,1625661738.0
2017-05-03,GOOGL,46.361,47.062,46.32,46.975,36496000,1714399600.0
2017-05-04,GOOGL,47.067,47.505,46.922,47.286,38752000,1832427072.0
2017-05-05,GOOGL,47.385,47.47,46.958,47.066,32310000,1520702460.0
2017-05-08,GOOGL,46.926,47.597,46.923,47.483,37534000,1782226922.0
2017-05-09,GOOGL,47.613,47.657,47.27,47.385,33758000,1599622830.0
2017-05-10,GOOGL,47.36,47.385,47.044,47.292,22920000,1083932640.0
2017-05-11,GOOGL,47.116,47.448,46.983,47.344,20622000,976327968.0
2017-05-12,GOOGL,47.441,47.447,47.154,47.307,24298000,1149465486.0
2017-05-15,GOOGL,47.314,47.681,47.192,47.509,26754000,1271055786.0
2017-05-16,GOOGL,47.723,47.84,47.565,47.776,22030000,1052505280.0
2017-05-17,GOOGL,47.533,47.597,46.56,46.664,48982000,2285696048.0
2017-05-18,GOOGL,46.715,47.259,46.62,47.077,36010000,1695242770.0
2017-05-19,GOOGL,47.192,47.526,47.151,47.283,27206000,1286381298.0
2017-05-22,GOOGL,47.399,47.786,47.377,47.749,27748000,1324939252.0
2017-05-23,GOOGL,48.041,48.266,47.77,48.07,30908000,1485747560.0
2017-05-24,GOOGL,48.303,48.445,48.124,48.42,22660000,1097197200.0
2017-05-25,GOOGL,48.489,49.32,48.43,49.126,39082000,1919942332.0
2017-05-26,GOOGL,49.132,49.35,48.903,49.195,32728000,1610053960.0
2017-05-30,GOOGL,49.157,49.411,49.101,49.339,30324000,1496155836.0
2017-05-31,GOOGL,49.341,49.509,48.621,48.889,34482000,1685790498.0
2017-06-01,GOOGL,49.081,49.189,48.602,48.949,26128000,1278939472.0
2017-06-02,GOOGL,48.964,49.354,48.888,49.337,34710000,1712487270.0
2017-06-05,GOOGL,49.424,49.895,49.303,49.721,27578000,1371205738.0
2017-06-06,GOOGL,49.693,49.955,49.271,49.364,31042000,1532357288.0
2017-06-07,GOOGL,49.484,49.722,49.324,49.603,27482000,1363189646.0
2017-06-08,GOOGL,49.738,49.806,49.361,49.741,33758000,1679156678.0
2017-06-09,GOOGL,49.801,49.801,47.219,48.049,72958000,3505558942.0
2017-06-12,GOOGL,47.484,47.944,46.398,47.637,84042000,4003508754.0
2017-06-13,GOOGL,48.144,48.435,47.647,48.068,40108000,1927911344.0
2017-06-14,GOOGL,48.315,48.523,47.523,47.94,30110000,1443473400.0
2017-06-15,GOOGL,46.954,47.581,46.575,47.556,48552000,2308938912.0
2017-06-16,GOOGL,47.444,47.545,46.988,47.479,51184000,2430165136.0
2017-06-19,GOOGL,48.026,48.503,47.954,48.301,29376000,1418890176.0
2017-06-20,GOOGL,48.306,48.577,47.954,47.993,25946000,1245226378.0
2017-06-21,GOOGL,48.082,48.516,48.016,48.468,23232000,1126008576.0
2017-06-22,GOOGL,48.383,48.563,48.207,48.371,20190000,976610490.0
2017-06-23,GOOGL,48.315,48.866,48.264,48.84,31280000,1527715200.0
2017-06-26,GOOGL,49.033,49.231,48.059,48.146,30358000,1461616268.0
2017-06-27,GOOGL,47.627,47.905,46.908,46.958,48872000,2294931376.0
2017-06-28,GOOGL,47.085,47.708,46.367,47.598,54912000,2613701376.0
2017-06-29,GOOGL,47.119,47.134,46.042,46.449,64134000,2978960166.0
2017-06-30,GOOGL,46.755,46.805,46.042,46.046,45754000,2106788684.0
2017-07-03,GOOGL,46.221,46.272,45.334,45.54,33896000,1543623840.0
2017-07-05,GOOGL,45.774,46.373,45.499,46.174,41882000,1933859468.0
2017-07-06,GOOGL,45.814,46.366,45.559,45.947,40298000,1851572206.0
2017-07-07,GOOGL,46.111,46.788,46.051,46.597,33266000,1550095802.0
2017-07-10,GOOGL,46.654,47.207,46.654,47.102,29030000,1367371060.0
2017-07-11,GOOGL,47.078,47.294,46.811,47.227,29224000,1380161848.0
2017-07-12,GOOGL,47.59,48.025,47.401,47.927,32042000,1535676934.0
2017-07-13,GOOGL,48.082,48.474,47.785,47.986,30492000,1463189112.0
2017-07-14,GOOGL,48.241,48.416,48.05,48.385,21592000,1044728920.0
2017-07-17,GOOGL,48.356,48.704,48.082,48.338,33210000,1605304980.0
2017-07-18,GOOGL,48.209,49.076,48.144,48.882,28266000,1381698612.0
2017-07-19,GOOGL,49.034,49.311,48.885,49.171,28242000,1388687382.0
2017-07-20,GOOGL,49.38,49.463,48.767,49.142,28368000,1394060256.0
2017-07-21,GOOGL,48.984,49.287,48.745,49.224,29266000,1440589584.0
2017-07-24,GOOGL,49.236,49.835,49.047,49.445,79690000,3940272050.0
2017-07-25,GOOGL,48.078,48.376,47.736,47.995,118672000,5695662640.0
2017-07-26,GOOGL,48.181,48.238,47.559,47.811,44432000,2124338352.0
2017-07-27,GOOGL,48.002,48.019,46.411,47.177,74358000,3507987366.0
2017-07-28,GOOGL,46.953,47.636,46.82,47.465,36276000,1721840340.0
2017-07-31,GOOGL,47.548,47.606,46.643,46.829,45670000,2138680430.0
2017-08-01,GOOGL,46.944,47.275,46.803,46.882,28052000,1315133864.0
2017-08-02,GOOGL,46.972,47.008,46.186,46.935,40788000,1914384780.0
2017-08-03,GOOGL,47.008,47.052,46.529,46.572,22478000,1046845416.0
2017-08-04,GOOGL,46.753,46.93,46.547,46.844,25092000,1175409648.0
2017-08-07,GOOGL,46.929,47.001,46.73,46.842,28916000,1354483272.0
2017-08-08,GOOGL,46.769,47.176,46.68,46.765,30102000,1407720030.0
2017-08-09,GOOGL,46.48,46.743,46.256,46.561,28018000,1304546098.0
2017-08-10,GOOGL,46.309,46.374,45.655,45.744,54148000,2476946112.0
2017-08-11,GOOGL,45.75,46.228,45.627,46.066,32334000,1489498044.0
2017-08-14,GOOGL,46.511,46.608,46.284,46.504,23012000,1070150048.0
2017-08-15,GOOGL,46.608,46.709,46.391,46.462,22130000,1028204060.0
2017-08-16,GOOGL,46.619,47.047,46.559,46.768,26906000,1258339808.0
2017-08-17,GOOGL,46.703,46.746,45.945,45.946,33914000,1558212644.0
2017-08-18,GOOGL,45.912,46.112,45.737,45.872,26748000,1226984256.0
2017-08-21,GOOGL,45.852,45.975,45.497,45.609,26024000,1186928616.0
2017-08-22,GOOGL,45.911,46.654,45.872,46.577,35502000,1653576654.0
2017-08-23,GOOGL,46.408,46.826,46.321,46.685,22690000,1059282650.0
2017-08-24,GOOGL,46.741,46.869,46.098,46.403,25892000,1201466476.0
2017-08-25,GOOGL,46.518,46.593,46.067,46.086,23746000,1094358156.0
2017-08-28,GOOGL,46.155,46.302,45.869,45.969,20988000,964797372.0
2017-08-29,GOOGL,45.564,46.467,45.532,46.346,23172000,1073929512.0
2017-08-30,GOOGL,46.343,46.847,46.262,46.737,22406000,1047189222.0
2017-08-31,GOOGL,46.869,47.409,46.867,47.312,33866000,1602268192.0
2017-09-01,GOOGL,47.422,47.465,47.066,47.151,20858000,983475558.0
2017-09-05,GOOGL,46.897,47.121,46.339,46.63,29148000,1359171240.0
2017-09-06,GOOGL,46.749,46.78,46.194,46.657,27830000,1298464310.0
2017-09-07,GOOGL,46.767,47.077,46.435,47.047,22332000,1050653604.0
2017-09-08,GOOGL,47.037,47.087,46.557,46.627,19998000,932446746.0
2017-09-11,GOOGL,46.914,47.185,46.607,46.72,26748000,1249666560.0
2017-09-12,GOOGL,46.9,46.958,46.433,46.886,25696000,1204782656.0
2017-09-13,GOOGL,46.829,47.193,46.792,47.074,21908000,1031297192.0
2017-09-14,GOOGL,46.854,46.955,46.476,46.563,28548000,1329280524.0
2017-09-15,GOOGL,46.561,46.644,46.124,46.324,39886000,1847679064.0
2017-09-18,GOOGL,46.31,46.401,45.834,46.049,29474000,1357248226.0
2017-09-19,GOOGL,46.231,46.455,45.896,46.401,24854000,1153250454.0
2017-09-20,GOOGL,46.445,47.052,46.433,46.93,40080000,1880954400.0
2017-09-21,GOOGL,46.96,47.191,46.526,46.931,27414000,1286566434.0
2017-09-22,GOOGL,46.694,47.052,46.599,46.718,21496000,1004250128.0
2017-09-25,GOOGL,46.53,46.545,45.79,46.274,37468000,1733794232.0
2017-09-26,GOOGL,46.393,46.759,46.315,46.43,33454000,1553269220.0
2017-09-27,GOOGL,46.693,47.816,46.654,47.543,46692000,2219877756.0
2017-09-28,GOOGL,47.362,47.854,47.327,47.786,28018000,1338868148.0
2017-09-29,GOOGL,47.845,48.331,47.845,48.227,40622000,1959077194.0
2017-10-02,GOOGL,48.323,48.426,47.644,47.918,30782000,1475011876.0
2017-10-03,GOOGL,47.922,48.164,47.682,48.146,21666000,1043131236.0
2017-10-04,GOOGL,48.13,48.261,47.825,47.883,21156000,1013012748.0
2017-10-05,GOOGL,48.181,48.861,48.056,48.795,35618000,1737980310.0
2017-10-06,GOOGL,48.538,49.244,48.464,49.214,31060000,1528586840.0
2017-10-09,GOOGL,49.281,49.551,49.108,49.148,25910000,1273424680.0
2017-10-10,GOOGL,49.296,49.403,48.593,48.924,23268000,1138363632.0
2017-10-11,GOOGL,48.986,49.904,48.931,49.809,36300000,1808066700.0
2017-10-12,GOOGL,49.719,50.1,49.583,49.809,30614000,1524852726.0
2017-10-13,GOOGL,49.98,50.26,49.878,49.918,26552000,1325422736.0
2017-10-16,GOOGL,50.006,50.123,49.604,49.992,21420000,1070828640.0
2017-10-17,GOOGL,49.897,50.25,49.828,50.074,20260000,1014499240.0
2017-10-18,GOOGL,50.076,50.337,49.792,50.16,25596000,1283895360.0
2017-10-19,GOOGL,49.764,49.891,49.395,49.62,34284000,1701172080.0
2017-10-20,GOOGL,49.878,49.957,49.641,49.78,32120000,1598933600.0
2017-10-23,GOOGL,49.785,49.815,48.692,48.813,32786000,1600383018.0
2017-10-24,GOOGL,48.86,48.997,48.394,48.959,28902000,1415013018.0
2017-10-25,GOOGL,48.849,49.253,48.425,49.106,30574000,1501366844.0
2017-10-26,GOOGL,49.453,49.851,49.057,49.104,47396000,2327333184.0
2017-10-27,GOOGL,51.064,52.68,50.859,51.196,103682000,5308103672.0
2017-10-30,GOOGL,50.973,51.501,50.635,51.17,46804000,2394960680.0
2017-10-31,GOOGL,51.163,51.559,50.831,51.165,30326000,1551629790.0
2017-11-01,GOOGL,51.328,51.899,51.213,51.639,43262000,2234006418.0
2017-11-02,GOOGL,51.509,51.783,50.948,51.657,26694000,1378931958.0
2017-11-03,GOOGL,51.646,52.038,51.393,52.005,27770000,1444178850.0
2017-11-06,GOOGL,51.961,52.133,51.609,51.643,18294000,944757042.0
2017-11-07,GOOGL,51.988,52.174,51.658,52.124,26104000,1360644896.0
2017-11-08,GOOGL,52.008,52.634,51.859,52.416,24276000,1272450816.0
2017-11-09,GOOGL,51.906,52.049,51.304,51.892,35892000,1862507664.0
2017-11-10,GOOGL,51.702,51.838,51.57,51.715,19442000,1005443030.0
2017-11-13,GOOGL,51.549,51.943,51.473,51.569,18814000,970219166.0
2017-11-14,GOOGL,51.397,51.624,50.981,51.591,21012000,1084030092.0
2017-11-15,GOOGL,51.262,51.492,51.052,51.332,18106000,929417192.0
2017-11-16,GOOGL,51.448,52.092,51.411,51.929,23768000,1234248472.0
2017-11-17,GOOGL,51.995,52.055,51.199,51.306,26712000,1370485872.0
2017-11-20,GOOGL,51.312,51.445,51.147,51.245,17526000,898119870.0
2017-11-21,GOOGL,51.512,52.024,51.467,52.02,22206000,1155156120.0
2017-11-22,GOOGL,52.063,52.274,51.869,52.1,14538000,757429800.0
2017-11-24,GOOGL,52.223,52.504,52.1,52.328,16492000,862993376.0
2017-11-27,GOOGL,52.43,53.146,52.241,53.095,35430000,1881155850.0
2017-11-28,GOOGL,53.193,53.491,52.23,52.663,36424000,1918197112.0
2017-11-29,GOOGL,52.311,52.44,50.997,51.38,55866000,2870395080.0
2017-11-30,GOOGL,51.507,51.715,51.018,51.32,45092000,2314121440.0
2017-12-01,GOOGL,51.035,51.373,50.366,50.77,37762000,1917176740.0
2017-12-04,GOOGL,50.906,51.081,49.985,50.117,38778000,1943437026.0
2017-12-05,GOOGL,50.073,51.345,49.644,50.499,38998000,1969360002.0
2017-12-06,GOOGL,50.347,51.489,50.287,51.149,28710000,1468487790.0
2017-12-07,GOOGL,51.315,51.952,51.28,51.736,30866000,1596883376.0
2017-12-08,GOOGL,52.095,52.323,51.8,51.974,31170000,1620029580.0
2017-12-11,GOOGL,52.06,52.302,51.714,52.103,23254000,1211603162.0
2017-12-12,GOOGL,52.005,52.624,51.751,51.944,33882000,1759966608.0
2017-12-13,GOOGL,52.108,52.277,51.836,52.074,27680000,1441408320.0
2017-12-14,GOOGL,52.277,52.851,52.183,52.375,30962000,1621634750.0
2017-12-15,GOOGL,52.688,53.256,52.505,53.095,63760000,3385337200.0
2017-12-18,GOOGL,53.315,53.812,53.014,53.743,30292000,1627982956.0
2017-12-19,GOOGL,53.641,53.737,53.108,53.48,26350000,1409198000.0
2017-12-20,GOOGL,53.537,53.552,52.926,53.172,28728000,1527525216.0
2017-12-21,GOOGL,53.263,53.368,52.946,53.038,25640000,1359894320.0
2017-12-22,GOOGL,52.996,53.081,52.879,52.939,17788000,941678932.0
2017-12-26,GOOGL,52.928,52.939,52.433,52.79,18376000,970069040.0
2017-12-27,GOOGL,52.827,52.91,52.42,52.51,22324000,1172233240.0
2017-12-28,GOOGL,52.612,52.74,52.173,52.3,19884000,1039933200.0
2017-12-29,GOOGL,52.277,52.404,52.139,52.174,23606000,1231619444.0
2018-01-02,GOOGL,52.155,53.292,52.155,53.155,31766000,1688521730.0
2018-01-03,GOOGL,53.19,54.288,53.166,54.062,31318000,1693113716.0
2018-01-04,GOOGL,54.337,54.684,54.197,54.272,26052000,1413894144.0
2018-01-05,GOOGL,54.652,55.154,54.571,54.991,30250000,1663477750.0
2018-01-08,GOOGL,55.026,55.431,54.977,55.185,24644000,1359979140.0
2018-01-09,GOOGL,55.395,55.395,54.888,55.115,26808000,1477522920.0
2018-01-10,GOOGL,54.828,55.115,54.679,54.984,20734000,1140038256.0
2018-01-11,GOOGL,55.091,55.217,54.803,55.078,22424000,1235069072.0
2018-01-12,GOOGL,54.982,56.032,54.878,56.0,38586000,2160816000.0
2018-01-16,GOOGL,56.478,56.903,55.802,56.002,36462000,2041944924.0
2018-01-17,GOOGL,56.282,56.429,55.645,56.418,27830000,1570112940.0
2018-01-18,GOOGL,56.431,56.492,55.693,56.263,27498000,1547119974.0
2018-01-19,GOOGL,56.365,56.65,56.091,56.636,30552000,1730343072.0
2018-01-22,GOOGL,56.652,57.794,56.553,57.659,29550000,1703823450.0
2018-01-23,GOOGL,57.979,58.37,57.812,58.254,39138000,2279945052.0
2018-01-24,GOOGL,58.691,58.793,57.82,58.012,37128000,2153869536.0
2018-01-25,GOOGL,58.479,58.692,58.04,58.55,29984000,1755563200.0
2018-01-26,GOOGL,58.817,58.818,57.851,58.818,42170000,2480355060.0
2018-01-29,GOOGL,58.84,59.335,58.645,58.765,31494000,1850744910.0
2018-01-30,GOOGL,58.331,58.837,58.172,58.314,37338000,2177328132.0
2018-01-31,GOOGL,58.633,58.757,58.053,58.554,36022000,2109232188.0
2018-02-01,GOOGL,58.245,58.813,57.917,58.523,73514000,4302259822.0
2018-02-02,GOOGL,55.84,56.032,55.035,55.433,117842000,6532335586.0
2018-02-05,GOOGL,54.512,55.224,52.339,52.619,83550000,4396317450.0
2018-02-06,GOOGL,51.212,53.857,51.015,53.71,76630000,4115797300.0
2018-02-07,GOOGL,53.737,53.814,52.234,52.273,51942000,2715164166.0
2018-02-08,GOOGL,52.494,52.695,49.761,49.911,66792000,3333655512.0
2018-02-09,GOOGL,50.81,52.09,49.38,51.82,98360000,5097015200.0
2018-02-12,GOOGL,52.335,52.776,51.782,52.231,56240000,2937471440.0
2018-02-13,GOOGL,52.005,52.561,51.853,52.21,31586000,1649105060.0
2018-02-14,GOOGL,52.219,53.267,51.995,53.129,41304000,2194440216.0
2018-02-15,GOOGL,53.662,54.189,52.859,54.054,37396000,2021403384.0
2018-02-16,GOOGL,54.154,54.893,54.063,54.259,39948000,2167538532.0
2018-02-20,GOOGL,54.123,55.288,53.986,54.659,33754000,1844959886.0
2018-02-21,GOOGL,54.932,56.275,54.854,55.163,41486000,2288492218.0
2018-02-22,GOOGL,55.431,55.743,54.737,54.972,28010000,1539765720.0
2018-02-23,GOOGL,55.406,55.918,54.9,55.873,25292000,1413139916.0
2018-02-26,GOOGL,56.06,56.671,55.935,56.646,30912000,1751041152.0
2018-02-27,GOOGL,56.646,56.673,55.313,55.349,42964000,2378014436.0
2018-02-28,GOOGL,55.571,55.851,54.63,54.676,49292000,2695089392.0
2018-03-01,GOOGL,54.954,55.04,52.861,53.066,55338000,2936566308.0
2018-03-02,GOOGL,52.4,53.832,52.011,53.696,50162000,2693498752.0
2018-03-05,GOOGL,53.398,54.54,53.108,54.222,28648000,1553351856.0
2018-03-06,GOOGL,54.586,54.76,54.209,54.526,23382000,1274926932.0
2018-03-07,GOOGL,54.126,55.284,53.982,55.226,30748000,1698089048.0
2018-03-08,GOOGL,55.333,56.039,55.333,55.937,33862000,1894138694.0
2018-03-09,GOOGL,56.438,57.503,56.18,57.495,42662000,2452851690.0
2018-03-12,GOOGL,57.703,58.353,57.414,57.747,44306000,2558538582.0
2018-03-13,GOOGL,58.039,58.345,56.194,56.458,43140000,2435598120.0
2018-03-14,GOOGL,56.75,57.441,56.579,56.903,41870000,2382528610.0
2018-03-15,GOOGL,56.937,57.577,56.248,56.988,33382000,1902373416.0
2018-03-16,GOOGL,57.223,57.295,56.035,56.186,58656000,3295646016.0
2018-03-19,GOOGL,55.361,55.441,53.933,54.485,63656000,3468297160.0
2018-03-20,GOOGL,54.402,54.756,53.611,54.274,54598000,2963251852.0
2018-03-21,GOOGL,54.114,54.912,53.848,54.184,44898000,2432753232.0
2018-03-22,GOOGL,53.491,53.685,51.987,52.161,69312000,3615383232.0
2018-03-23,GOOGL,52.073,52.836,50.76,50.844,49880000,2536098720.0
2018-03-26,GOOGL,52.035,52.464,50.053,52.208,65984000,3444892672.0
2018-03-27,GOOGL,52.694,52.725,49.411,49.872,60816000,3033015552.0
2018-03-28,GOOGL,49.623,50.766,48.736,49.785,77698000,3868194930.0
2018-03-29,GOOGL,50.084,51.909,49.729,51.368,69338000,3561754384.0
2018-04-02,GOOGL,50.897,51.487,49.244,50.154,65068000,3263420472.0
2018-04-03,GOOGL,50.329,50.767,49.392,50.454,51322000,2589400188.0
2018-04-04,GOOGL,49.441,51.15,49.356,51.0,50724000,2586924000.0
2018-04-05,GOOGL,51.826,51.842,50.717,51.145,35836000,1832832220.0
2018-04-06,GOOGL,50.673,51.312,49.838,50.022,40134000,2007582948.0
2018-04-09,GOOGL,50.521,51.737,50.48,50.524,33220000,1678407280.0
2018-04-10,GOOGL,51.027,51.57,50.292,51.337,36620000,1879960940.0
2018-04-11,GOOGL,51.114,51.305,50.48,50.77,34060000,1729226200.0
2018-04-12,GOOGL,51.087,51.74,50.819,51.376,32896000,1690064896.0
2018-04-13,GOOGL,51.851,52.153,51.022,51.314,25410000,1303888740.0
2018-04-16,GOOGL,51.785,52.076,51.209,51.812,29776000,1542754112.0
2018-04-17,GOOGL,52.56,53.739,52.356,53.459,54584000,2918006056.0
2018-04-18,GOOGL,53.442,53.59,53.021,53.263,31126000,1657864138.0
2018-04-19,GOOGL,52.947,54.358,52.947,53.959,39884000,2152100756.0
2018-04-20,GOOGL,53.702,54.222,53.1,53.358,42434000,2264193372.0
2018-04-23,GOOGL,53.639,53.887,52.831,53.184,69590000,3701074560.0
2018-04-24,GOOGL,52.461,52.723,50.166,50.65,128220000,6494343000.0
2018-04-25,GOOGL,51.002,51.315,50.371,50.667,57860000,2931592620.0
2018-04-26,GOOGL,51.174,52.105,50.542,51.674,50926000,2631550124.0
2018-04-27,GOOGL,51.784,52.089,50.895,51.086,40746000,2081550156.0
2018-04-30,GOOGL,51.233,51.429,50.435,50.449,34492000,1740086908.0
2018-05-01,GOOGL,50.336,51.596,50.054,51.547,35326000,1820949322.0
2018-05-02,GOOGL,51.213,51.707,50.676,50.819,34698000,1763317662.0
2018-05-03,GOOGL,50.785,51.049,49.919,50.831,39282000,1996743342.0
2018-05-04,GOOGL,50.5,52.098,50.423,52.055,36892000,1920413060.0
2018-05-07,GOOGL,52.198,52.748,52.019,52.474,34400000,1805105600.0
2018-05-08,GOOGL,52.729,52.759,52.086,52.431,26030000,1364778930.0
2018-05-09,GOOGL,52.703,54.184,52.605,53.934,47160000,2543527440.0
2018-05-10,GOOGL,54.234,54.948,54.178,54.752,36414000,1993739328.0
2018-05-11,GOOGL,54.502,54.928,54.344,54.649,30504000,1667013096.0
2018-05-14,GOOGL,54.757,55.381,54.719,54.808,39338000,2156037104.0
2018-05-15,GOOGL,54.328,54.438,53.431,53.732,35738000,1920274216.0
2018-05-16,GOOGL,53.743,54.203,53.572,53.694,25628000,1376069832.0
2018-05-17,GOOGL,53.563,54.036,53.314,53.553,25738000,1378347114.0
2018-05-18,GOOGL,52.798,53.18,52.732,52.978,35482000,1879765396.0
2018-05-21,GOOGL,53.441,54.15,53.392,53.69,25180000,1351914200.0
2018-05-22,GOOGL,53.976,54.075,53.108,53.259,22226000,1183734534.0
2018-05-23,GOOGL,52.996,53.887,52.845,53.786,23740000,1276879640.0
2018-05-24,GOOGL,53.833,53.844,53.11,53.761,20604000,1107691644.0
2018-05-25,GOOGL,53.815,53.965,53.62,53.693,22224000,1193273232.0
2018-05-29,GOOGL,53.293,53.557,52.653,52.9,36076000,1908420400.0
2018-05-30,GOOGL,53.168,53.441,52.825,53.366,28686000,1530857076.0
2018-05-31,GOOGL,53.59,54.977,53.392,54.482,79368000,4324127376.0
2018-06-01,GOOGL,55.119,56.372,55.076,56.215,63202000,3552900430.0
2018-06-04,GOOGL,56.388,57.347,56.314,57.109,44754000,2555856186.0
2018-06-05,GOOGL,57.189,57.508,56.832,57.009,32964000,1879244676.0
2018-06-06,GOOGL,57.095,57.191,56.28,56.807,34934000,1984495738.0
2018-06-07,GOOGL,56.69,56.753,55.775,56.186,36108000,2028764088.0
2018-06-08,GOOGL,56.027,56.402,55.632,56.102,27284000,1530686968.0
2018-06-11,GOOGL,56.113,56.846,56.037,56.507,24796000,1401147572.0
2018-06-12,GOOGL,56.513,56.896,56.513,56.868,26092000,1483799856.0
2018-06-13,GOOGL,57.071,57.237,56.63,56.672,34302000,1943962944.0
2018-06-14,GOOGL,57.067,57.75,56.988,57.459,35422000,2035312698.0
2018-06-15,GOOGL,57.449,57.647,57.141,57.417,44438000,2551496646.0
2018-06-18,GOOGL,57.091,58.648,57.008,58.621,33038000,1936720598.0
2018-06-19,GOOGL,57.954,58.583,57.533,58.379,47282000,2760275878.0
2018-06-20,GOOGL,58.607,59.508,58.544,58.645,51686000,3031125470.0
2018-06-21,GOOGL,58.717,58.955,57.626,57.921,44966000,2604475686.0
2018-06-22,GOOGL,58.022,58.196,57.436,57.913,34220000,1981782860.0
2018-06-25,GOOGL,57.206,57.255,55.467,56.427,57682000,3254822214.0
2018-06-26,GOOGL,56.668,56.803,55.918,56.097,34688000,1945892736.0
2018-06-27,GOOGL,56.265,56.77,55.309,55.321,34538000,1910676698.0
2018-06-28,GOOGL,55.095,56.166,54.782,55.808,29726000,1658948608.0
2018-06-29,GOOGL,56.082,56.53,55.82,55.927,31562000,1765167974.0
2018-07-02,GOOGL,55.242,56.611,54.808,56.567,23216000,1313259472.0
2018-07-03,GOOGL,56.929,56.954,55.196,55.288,16448000,909377024.0
2018-07-05,GOOGL,55.7,56.668,55.627,56.527,28594000,1616333038.0
2018-07-06,GOOGL,56.55,57.265,56.326,57.21,21820000,1248322200.0
2018-07-09,GOOGL,57.453,57.846,57.316,57.814,21584000,1247857376.0
2018-07-10,GOOGL,57.948,58.122,57.58,57.807,21334000,1233254538.0
2018-07-11,GOOGL,57.236,58.466,57.224,58.021,33252000,1929314292.0
2018-07-12,GOOGL,58.189,59.533,58.102,59.497,44148000,2626673556.0
2018-07-13,GOOGL,59.573,59.952,59.201,59.653,32612000,1945403636.0
2018-07-16,GOOGL,59.623,59.866,59.108,59.262,26784000,1587273408.0
2018-07-17,GOOGL,58.58,60.364,58.543,60.082,40162000,2413013284.0
2018-07-18,GOOGL,59.857,60.504,59.66,60.074,38948000,2339762152.0
2018-07-19,GOOGL,59.764,60.251,59.322,59.39,38338000,2276893820.0
2018-07-20,GOOGL,59.397,59.968,59.266,59.329,37938000,2250823602.0
2018-07-23,GOOGL,59.219,60.182,59.039,59.979,65446000,3925385634.0
2018-07-24,GOOGL,62.951,63.149,61.621,62.315,107600000,6705094000.0
2018-07-25,GOOGL,62.041,63.31,61.864,63.196,51104000,3229568384.0
2018-07-26,GOOGL,62.762,63.763,62.555,63.669,54686000,3481802934.0
2018-07-27,GOOGL,63.848,63.963,61.638,62.054,48362000,3001055548.0
2018-07-30,GOOGL,61.666,62.054,60.632,60.922,43896000,2674232112.0
2018-07-31,GOOGL,61.005,61.476,60.236,60.783,39382000,2393756106.0
2018-08-01,GOOGL,61.372,61.708,60.67,61.068,36994000,2259149592.0
2018-08-02,GOOGL,60.351,61.634,60.329,61.472,34704000,2133324288.0
2018-08-03,GOOGL,61.672,61.739,60.892,61.324,21264000,1303993536.0
2018-08-06,GOOGL,61.495,61.537,60.947,61.3,22114000,1355588200.0
2018-08-07,GOOGL,62.01,62.707,62.0,62.2,42506000,2643873200.0
2018-08-08,GOOGL,62.244,62.987,62.016,62.472,34344000,2145538368.0
2018-08-09,GOOGL,62.541,62.999,62.411,62.627,27326000,1711345402.0
2018-08-10,GOOGL,62.366,62.466,61.77,62.035,26602000,1650255070.0
2018-08-13,GOOGL,61.97,62.702,61.764,61.844,27500000,1700710000.0
2018-08-14,GOOGL,62.035,62.435,61.393,62.314,28080000,1749777120.0
2018-08-15,GOOGL,61.628,62.009,60.734,61.03,37052000,2261283560.0
2018-08-16,GOOGL,61.514,61.599,60.407,60.626,32176000,1950702176.0
2018-08-17,GOOGL,60.526,60.769,59.633,60.219,33092000,1992767148.0
2018-08-20,GOOGL,60.458,60.718,59.865,60.522,22218000,1344677796.0
2018-08-21,GOOGL,60.575,61.057,60.179,60.297,23082000,1391775354.0
2018-08-22,GOOGL,60.139,60.748,60.089,60.512,22296000,1349175552.0
2018-08-23,GOOGL,60.419,61.176,60.393,60.482,24666000,1491849012.0
2018-08-24,GOOGL,60.722,61.287,60.495,61.255,24454000,1497929770.0
2018-08-27,GOOGL,61.621,62.301,61.449,62.221,28580000,1778276180.0
2018-08-28,GOOGL,62.203,62.236,61.563,61.706,27330000,1686424980.0
2018-08-29,GOOGL,62.159,62.761,62.05,62.636,36926000,2312896936.0
2018-08-30,GOOGL,62.575,62.876,61.773,62.131,30104000,1870391624.0
2018-08-31,GOOGL,62.02,62.037,60.71,61.009,42308000,2581168772.0
2018-09-04,GOOGL,60.55,60.815,59.759,59.995,41458000,2487272710.0
2018-09-05,GOOGL,59.891,60.171,58.213,59.39,53988000,3206347320.0
2018-09-06,GOOGL,59.364,59.384,57.632,58.641,46854000,2747565414.0
2018-09-07,GOOGL,58.048,58.867,57.912,58.325,32658000,1904777850.0
2018-09-10,GOOGL,58.652,58.774,57.979,58.199,27670000,1610366330.0
2018-09-11,GOOGL,58.003,58.986,57.748,58.939,29254000,1724201506.0
2018-09-12,GOOGL,58.543,58.973,57.758,58.028,35716000,2072528048.0
2018-09-13,GOOGL,58.429,58.833,57.91,58.55,40068000,2345981400.0
2018-09-14,GOOGL,58.84,58.84,58.123,58.344,24176000,1410524544.0
2018-09-17,GOOGL,58.333,58.534,57.377,57.445,34096000,1958644720.0
2018-09-18,GOOGL,57.585,58.51,57.524,57.805,32314000,1867910770.0
2018-09-19,GOOGL,57.897,58.259,57.385,58.16,25962000,1509949920.0
2018-09-20,GOOGL,58.477,59.137,58.258,59.017,29244000,1725893148.0
2018-09-21,GOOGL,59.183,59.265,58.051,58.054,91222000,5295801988.0
2018-09-24,GOOGL,57.424,58.701,57.032,58.422,31150000,1819845300.0
2018-09-25,GOOGL,58.654,59.279,58.151,59.132,33152000,1960344064.0
2018-09-26,GOOGL,59.122,59.793,58.711,59.14,37650000,2226621000.0
2018-09-27,GOOGL,59.434,60.269,59.338,59.799,36274000,2169148926.0
2018-09-28,GOOGL,59.637,59.853,59.327,59.785,35612000,2129063420.0
2018-10-01,GOOGL,60.078,60.633,59.592,59.857,33164000,1985097548.0
2018-10-02,GOOGL,59.765,60.649,59.418,59.813,40180000,2403286340.0
2018-10-03,GOOGL,60.029,60.137,59.541,60.005,26246000,1574891230.0
2018-10-04,GOOGL,59.684,59.727,57.644,58.299,46576000,2715334224.0
2018-10-05,GOOGL,58.246,58.543,57.172,57.841,31852000,1842351532.0
2018-10-08,GOOGL,57.453,58.239,56.235,57.251,46190000,2644423690.0
2018-10-09,GOOGL,57.023,57.53,56.669,56.719,33690000,1910863110.0
2018-10-10,GOOGL,56.284,56.315,54.061,54.093,58980000,3190405140.0
2018-10-11,GOOGL,53.443,55.277,53.287,54.023,67696000,3657141008.0
2018-10-12,GOOGL,55.454,55.761,54.235,55.499,49370000,2739985630.0
2018-10-15,GOOGL,55.373,55.561,54.393,54.602,30074000,1642100548.0
2018-10-16,GOOGL,55.149,56.283,55.064,56.12,38378000,2153773360.0
2018-10-17,GOOGL,56.463,56.809,55.175,55.848,35652000,1991092896.0
2018-10-18,GOOGL,55.967,56.084,53.805,54.378,46152000,2509653456.0
2018-10-19,GOOGL,54.665,55.519,54.334,54.738,41286000,2259913068.0
2018-10-22,GOOGL,55.101,55.556,54.482,55.045,27116000,1492600220.0
2018-10-23,GOOGL,54.05,55.373,53.442,55.22,37686000,2081020920.0
2018-10-24,GOOGL,55.225,55.305,52.256,52.358,49286000,2580516388.0
2018-10-25,GOOGL,53.506,55.364,53.271,54.659,72956000,3987702004.0
2018-10-26,GOOGL,51.922,55.324,51.62,53.677,106438000,5713272526.0
2018-10-29,GOOGL,54.31,54.919,49.885,51.249,81290000,4166031210.0
2018-10-30,GOOGL,50.52,52.05,50.221,51.981,59768000,3106800408.0
2018-10-31,GOOGL,52.907,54.878,52.907,54.015,70916000,3830527740.0
2018-11-01,GOOGL,54.056,54.477,53.383,53.787,40132000,2158579884.0
2018-11-02,GOOGL,53.937,54.383,52.88,53.07,43438000,2305254660.0
2018-11-05,GOOGL,53.121,53.162,51.213,52.289,45358000,2371724462.0
2018-11-06,GOOGL,52.254,53.482,52.184,52.974,28660000,1518234840.0
2018-11-07,GOOGL,53.664,54.973,53.52,54.89,43388000,2381567320.0
2018-11-08,GOOGL,54.843,54.889,53.707,54.216,33694000,1826753904.0
2018-11-09,GOOGL,53.69,53.905,52.711,53.343,34860000,1859536980.0
2018-11-12,GOOGL,53.151,53.199,51.527,51.973,34002000,1767185946.0
2018-11-13,GOOGL,52.243,52.831,51.53,51.905,25750000,1336553750.0
2018-11-14,GOOGL,52.5,52.787,51.565,52.232,34666000,1810674512.0
2018-11-15,GOOGL,52.077,53.435,51.574,53.048,41584000,2205948032.0
2018-11-16,GOOGL,52.759,53.117,52.248,52.91,35366000,1871215060.0
2018-11-19,GOOGL,52.668,52.897,50.661,50.887,45684000,2324721708.0
2018-11-20,GOOGL,49.89,51.379,49.638,51.037,54458000,2779372946.0
2018-11-21,GOOGL,51.773,52.238,51.483,51.68,29698000,1534792640.0
2018-11-23,GOOGL,51.188,51.658,50.941,51.02,14178000,723361560.0
2018-11-26,GOOGL,51.708,52.352,51.498,52.299,31558000,1650451842.0
2018-11-27,GOOGL,52.072,52.835,51.782,52.118,33048000,1722395664.0
2018-11-28,GOOGL,52.375,54.128,51.656,54.075,46042000,2489721150.0
2018-11-29,GOOGL,53.666,54.489,53.59,54.213,31004000,1680819852.0
2018-11-30,GOOGL,54.265,54.96,53.648,54.96,59668000,3279353280.0
2018-12-03,GOOGL,56.074,56.215,55.063,55.292,57532000,3181059344.0
2018-12-04,GOOGL,55.125,55.187,52.539,52.623,45630000,2401187490.0
2018-12-06,GOOGL,51.757,53.462,51.633,53.396,47436000,2532892656.0
2018-12-07,GOOGL,53.106,53.74,51.479,51.836,42682000,2212464152.0
2018-12-10,GOOGL,51.655,52.481,51.163,52.163,33652000,1755389276.0
2018-12-11,GOOGL,52.844,53.016,52.01,52.582,33852000,1780005864.0
2018-12-12,GOOGL,53.346,54.072,53.093,53.18,28960000,1540092800.0
2018-12-13,GOOGL,53.277,53.908,52.748,53.171,24986000,1328530606.0
2018-12-14,GOOGL,52.501,53.081,51.974,52.09,36358000,1893888220.0
2018-12-17,GOOGL,51.857,52.618,50.352,50.799,49932000,2536495668.0
2018-12-18,GOOGL,51.213,52.485,51.038,51.679,43640000,2255271560.0
2018-12-19,GOOGL,51.871,53.279,50.491,51.285,58264000,2988069240.0
2018-12-20,GOOGL,50.816,51.878,49.918,50.697,53674000,2721110778.0
2018-12-21,GOOGL,51.116,51.394,48.597,49.095,104656000,5138086320.0
2018-12-24,GOOGL,48.752,50.129,48.422,48.769,36360000,1773240840.0
2018-12-26,GOOGL,49.429,51.928,49.165,51.899,46318000,2403857882.0
2018-12-27,GOOGL,50.826,52.171,49.875,52.149,45996000,2398645404.0
2018-12-28,GOOGL,52.476,52.71,51.609,51.841,34398000,1783226718.0
2018-12-31,GOOGL,52.393,52.649,51.165,51.756,33110000,1713641160.0
2019-01-02,GOOGL,50.876,52.54,50.781,52.237,31868000,1664688716.0
2019-01-03,GOOGL,52.038,52.81,50.637,50.79,41960000,2131148400.0
2019-01-04,GOOGL,51.637,53.491,51.354,53.395,46022000,2457344690.0
2019-01-07,GOOGL,53.539,53.625,52.631,53.289,47446000,2528349894.0
2019-01-08,GOOGL,53.788,54.152,52.914,53.757,35414000,1903750398.0
2019-01-09,GOOGL,53.887,54.068,53.212,53.573,26998000,1446363854.0
2019-01-10,GOOGL,53.24,53.482,52.732,53.433,26598000,1421210934.0
2019-01-11,GOOGL,52.991,53.163,52.324,52.722,30864000,1627211808.0
2019-01-14,GOOGL,52.171,52.424,51.933,52.08,28490000,1483759200.0
2019-01-15,GOOGL,52.402,53.901,52.225,53.813,37518000,2018956134.0
2019-01-16,GOOGL,53.986,54.598,53.888,53.962,38280000,2065665360.0
2019-01-17,GOOGL,53.887,54.516,53.652,54.438,24896000,1355288448.0
2019-01-18,GOOGL,54.907,55.373,54.446,54.843,44892000,2462011956.0
2019-01-22,GOOGL,54.283,54.431,53.04,53.423,39632000,2117260336.0
2019-01-23,GOOGL,53.831,54.132,52.875,53.709,25194000,1353144546.0
2019-01-24,GOOGL,53.615,53.887,52.997,53.689,29114000,1563101546.0
2019-01-25,GOOGL,54.196,54.648,54.075,54.556,23260000,1268972560.0
2019-01-28,GOOGL,53.99,54.153,53.224,53.484,29334000,1568899656.0
2019-01-29,GOOGL,53.543,53.725,52.799,52.999,19704000,1044292296.0
2019-01-30,GOOGL,53.36,54.458,53.325,54.382,29452000,1601658664.0
2019-01-31,GOOGL,55.088,55.852,54.742,55.764,40232000,2243497248.0
2019-02-01,GOOGL,55.586,56.185,55.187,55.404,33116000,1834758864.0
2019-02-04,GOOGL,55.423,56.579,55.349,56.533,78408000,4432639464.0
2019-02-05,GOOGL,55.949,57.095,55.65,57.051,82296000,4695069096.0
2019-02-06,GOOGL,56.922,57.156,55.391,55.615,48256000,2683757440.0
2019-02-07,GOOGL,55.067,55.075,54.164,54.774,38298000,2097734652.0
2019-02-08,GOOGL,54.228,54.734,54.196,54.599,21766000,1188401834.0
2019-02-11,GOOGL,54.667,55.147,54.482,54.587,18498000,1009750326.0
2019-02-12,GOOGL,55.027,56.109,55.027,55.848,35036000,1956690528.0
2019-02-13,GOOGL,56.118,56.604,55.769,55.9,28042000,1567547800.0
2019-02-14,GOOGL,55.72,56.271,55.328,55.928,21106000,1180416368.0
2019-02-15,GOOGL,56.428,56.428,55.31,55.454,27826000,1543063004.0
2019-02-19,GOOGL,55.306,55.95,55.306,55.795,21980000,1226374100.0
2019-02-20,GOOGL,55.912,56.013,55.064,55.501,24090000,1337019090.0
2019-02-21,GOOGL,55.412,55.43,54.382,54.69,33272000,1819645680.0
2019-02-22,GOOGL,54.962,55.336,54.506,55.302,29436000,1627869672.0
2019-02-25,GOOGL,55.568,55.74,55.18,55.34,26208000,1450350720.0
2019-02-26,GOOGL,55.193,55.791,54.813,55.572,35026000,1946464872.0
2019-02-27,GOOGL,55.175,55.756,54.906,55.615,22092000,1228646580.0
2019-02-28,GOOGL,55.423,56.165,55.393,55.797,27422000,1530065334.0
2019-03-01,GOOGL,56.017,56.958,56.017,56.885,34086000,1938982110.0
2019-03-04,GOOGL,57.184,57.727,56.376,57.127,35490000,2027437230.0
2019-03-05,GOOGL,57.255,58.27,57.108,57.908,40094000,2321763352.0
2019-03-06,GOOGL,58.036,58.183,57.604,57.698,23602000,1361788196.0
2019-03-07,GOOGL,57.478,57.631,56.547,57.0,30086000,1714902000.0
2019-03-08,GOOGL,56.161,57.129,55.977,56.957,23694000,1349539158.0
2019-03-11,GOOGL,57.057,58.439,57.036,58.407,30032000,1754079024.0
2019-03-12,GOOGL,58.558,59.717,58.558,59.298,42220000,2503561560.0
2019-03-13,GOOGL,59.728,59.787,59.331,59.388,25888000,1537436544.0
2019-03-14,GOOGL,59.386,59.667,59.0,59.064,27302000,1612565328.0
2019-03-15,GOOGL,59.335,59.52,58.791,58.954,51886000,3058887244.0
2019-03-18,GOOGL,58.924,59.184,58.517,58.867,24442000,1438827214.0
2019-03-19,GOOGL,59.024,59.603,58.912,59.556,29788000,1774054128.0
2019-03-20,GOOGL,59.504,60.92,59.414,60.743,41508000,2521320444.0
2019-03-21,GOOGL,60.425,61.239,60.256,61.224,28150000,1723455600.0
2019-03-22,GOOGL,60.863,61.1,59.732,59.813,34422000,2058883086.0
2019-03-25,GOOGL,59.413,59.902,58.939,59.305,27576000,1635394680.0
2019-03-26,GOOGL,59.691,59.813,58.531,58.931,30752000,1812246112.0
2019-03-27,GOOGL,59.034,59.034,57.663,58.345,29428000,1716976660.0
2019-03-28,GOOGL,58.221,58.308,57.623,58.061,22402000,1300682522.0
2019-03-29,GOOGL,58.453,58.64,57.769,58.29,30890000,1800578100.0
2019-04-01,GOOGL,58.817,59.444,58.759,59.384,27706000,1645293104.0
2019-04-02,GOOGL,59.437,59.722,59.001,59.709,18288000,1091958192.0
2019-04-03,GOOGL,60.063,60.455,59.686,59.97,22180000,1330134600.0
2019-04-04,GOOGL,59.994,60.452,59.882,60.398,21022000,1269686756.0
2019-04-05,GOOGL,60.39,60.444,59.931,60.002,20012000,1200760024.0
2019-04-08,GOOGL,59.985,60.125,59.667,59.845,21750000,1301628750.0
2019-04-09,GOOGL,59.528,59.789,59.354,59.568,19668000,1171583424.0
2019-04-10,GOOGL,59.687,59.877,59.467,59.754,15510000,926784540.0
2019-04-11,GOOGL,59.875,60.065,59.659,59.909,16998000,1018333182.0
2019-04-12,GOOGL,60.208,60.576,60.093,60.56,24312000,1472334720.0
2019-04-15,GOOGL,60.628,60.886,60.156,60.748,23796000,1445559408.0
2019-04-16,GOOGL,60.92,61.216,60.675,61.015,22622000,1380281330.0
2019-04-17,GOOGL,61.267,61.668,61.064,61.423,30366000,1865170818.0
2019-04-18,GOOGL,61.663,61.71,61.386,61.488,24750000,1521828000.0
2019-04-22,GOOGL,61.251,62.126,61.087,62.097,19084000,1185059148.0
2019-04-23,GOOGL,62.24,63.121,62.008,62.931,31868000,2005485108.0
2019-04-24,GOOGL,62.931,63.1,62.397,62.409,23396000,1460120964.0
2019-04-25,GOOGL,62.916,63.04,62.307,62.77,31344000,1967462880.0
2019-04-26,GOOGL,63.069,63.343,62.654,63.269,27228000,1722688332.0
2019-04-29,GOOGL,63.422,64.237,62.986,64.199,72368000,4645953232.0
2019-04-30,GOOGL,58.97,59.483,58.592,59.383,133178000,7908509174.0
2019-05-01,GOOGL,59.311,59.397,58.032,58.113,74340000,4320120420.0
2019-05-02,GOOGL,58.077,58.413,57.371,57.776,45098000,2605582048.0
2019-05-03,GOOGL,58.316,59.008,58.124,58.917,41588000,2450240196.0
2019-05-06,GOOGL,58.048,59.208,58.006,59.111,31774000,1878192914.0
2019-05-07,GOOGL,58.732,59.175,57.701,58.387,36604000,2137197748.0
2019-05-08,GOOGL,58.31,58.655,57.831,57.987,25520000,1479828240.0
2019-05-09,GOOGL,57.582,58.15,57.188,57.848,29556000,1709755488.0
2019-05-10,GOOGL,57.891,58.26,56.778,57.832,31650000,1830382800.0
2019-05-13,GOOGL,56.722,57.056,55.745,56.294,45626000,2568470044.0
2019-05-14,GOOGL,56.578,56.704,55.647,55.713,40392000,2250359496.0
2019-05-15,GOOGL,55.598,58.36,55.541,57.988,59302000,3438804376.0
2019-05-16,GOOGL,58.04,59.145,57.872,58.667,35308000,2071414436.0
2019-05-17,GOOGL,58.237,58.755,57.771,57.888,25362000,1468155456.0
2019-05-20,GOOGL,57.107,57.107,56.371,56.694,30602000,1734949788.0
2019-05-21,GOOGL,57.18,57.354,56.627,57.178,20562000,1175694036.0
2019-05-22,GOOGL,57.02,57.641,57.008,57.248,18826000,1077750848.0
2019-05-23,GOOGL,56.763,56.96,56.124,56.727,25214000,1430314578.0
2019-05-24,GOOGL,57.057,57.174,56.3,56.394,18554000,1046334276.0
2019-05-28,GOOGL,56.536,57.279,56.397,56.441,20948000,1182326068.0
2019-05-29,GOOGL,56.101,56.215,55.073,55.469,36230000,2009641870.0
2019-05-30,GOOGL,55.48,55.809,55.269,55.542,18088000,1004643696.0
2019-05-31,GOOGL,54.761,55.145,54.647,54.804,31582000,1730819928.0
2019-06-03,GOOGL,52.844,52.847,50.867,51.447,96890000,4984699830.0
2019-06-04,GOOGL,51.732,52.423,51.313,52.228,60512000,3160420736.0
2019-06-05,GOOGL,52.253,52.342,51.163,51.74,46988000,2431159120.0
2019-06-06,GOOGL,51.817,52.005,51.287,51.894,29020000,1505963880.0
2019-06-07,GOOGL,52.217,53.166,52.062,52.915,43828000,2319158620.0
2019-06-10,GOOGL,53.342,54.226,53.257,53.628,28510000,1528934280.0
2019-06-11,GOOGL,54.332,54.68,53.47,53.543,33508000,1794118844.0
2019-06-12,GOOGL,53.489,53.616,52.976,53.446,23670000,1265066820.0
2019-06-13,GOOGL,53.724,54.313,53.618,54.036,20814000,1124705304.0
2019-06-14,GOOGL,53.973,54.222,53.564,53.803,24582000,1322585346.0
2019-06-17,GOOGL,53.942,54.545,53.887,54.179,19770000,1071118830.0
2019-06-18,GOOGL,55.051,55.412,54.521,54.741,34526000,1889987766.0
2019-06-19,GOOGL,54.84,54.949,54.285,54.705,26714000,1461389370.0
2019-06-20,GOOGL,55.556,55.607,54.828,55.135,24018000,1324232430.0
2019-06-21,GOOGL,54.97,55.798,54.963,55.738,50774000,2830041212.0
2019-06-24,GOOGL,55.472,55.649,55.141,55.309,24236000,1340468924.0
2019-06-25,GOOGL,55.228,55.259,53.719,53.866,31644000,1704535704.0
2019-06-26,GOOGL,54.036,54.24,53.178,53.507,34698000,1856585886.0
2019-06-27,GOOGL,53.825,53.91,53.285,53.324,24078000,1283935272.0
2019-06-28,GOOGL,53.354,53.63,53.184,53.63,33672000,1805829360.0
2019-07-01,GOOGL,54.533,54.907,54.25,54.482,29196000,1590656472.0
2019-07-02,GOOGL,54.721,55.12,54.465,55.106,20630000,1136836780.0
2019-07-03,GOOGL,55.398,55.868,55.217,55.62,20154000,1120965480.0
2019-07-05,GOOGL,55.441,56.198,55.348,56.1,29794000,1671443400.0
2019-07-08,GOOGL,55.763,55.829,55.064,55.313,29888000,1653194944.0
2019-07-09,GOOGL,54.993,55.861,54.836,55.685,29472000,1641148320.0
2019-07-10,GOOGL,56.082,56.579,56.0,56.508,30710000,1735360680.0
2019-07-11,GOOGL,56.768,57.118,56.439,56.665,26004000,1473516660.0
2019-07-12,GOOGL,56.608,56.834,56.391,56.727,21878000,1241073306.0
2019-07-15,GOOGL,56.727,56.992,56.463,56.983,21164000,1205988212.0
2019-07-16,GOOGL,56.796,57.383,56.796,57.129,25352000,1448334408.0
2019-07-17,GOOGL,57.004,57.376,56.791,56.797,19538000,1109699786.0
2019-07-18,GOOGL,56.562,56.867,56.109,56.821,25450000,1446094450.0
2019-07-19,GOOGL,56.924,57.036,56.029,56.044,23184000,1299324096.0
2019-07-22,GOOGL,56.238,56.464,55.73,56.424,28914000,1631443536.0
2019-07-23,GOOGL,56.634,56.902,56.109,56.861,20648000,1174065928.0
2019-07-24,GOOGL,56.097,56.733,55.894,56.449,27192000,1534961208.0
2019-07-25,GOOGL,56.411,56.641,55.656,56.262,54762000,3081019644.0
2019-07-26,GOOGL,60.821,62.822,60.821,61.674,121216000,7475875584.0
2019-07-29,GOOGL,61.539,61.861,60.93,61.507,41382000,2545282674.0
2019-07-30,GOOGL,60.772,61.263,60.689,60.821,28616000,1740453736.0
2019-07-31,GOOGL,60.666,61.163,59.84,60.336,39960000,2411026560.0
2019-08-01,GOOGL,60.308,61.232,59.781,60.018,35426000,2126197668.0
2019-08-02,GOOGL,59.583,59.905,58.939,59.252,34910000,2068487320.0
2019-08-05,GOOGL,58.096,58.289,56.599,57.193,47840000,2736113120.0
2019-08-06,GOOGL,57.727,58.513,57.529,58.002,36014000,2088884028.0
2019-08-07,GOOGL,57.344,58.437,57.0,58.241,30686000,1787183326.0
2019-08-08,GOOGL,58.762,59.745,58.147,59.741,30116000,1799159956.0
2019-08-09,GOOGL,59.434,59.655,58.686,58.885,20418000,1202313930.0
2019-08-12,GOOGL,58.444,58.722,57.885,58.171,22064000,1283484944.0
2019-08-13,GOOGL,58.164,59.703,58.097,59.272,28434000,1685340048.0
2019-08-14,GOOGL,58.249,58.582,57.506,57.664,35430000,2043035520.0
2019-08-15,GOOGL,57.871,58.267,57.602,57.915,28506000,1650924990.0
2019-08-16,GOOGL,58.483,58.634,58.097,58.405,24916000,1455218980.0
2019-08-19,GOOGL,59.03,59.9,58.959,59.456,24450000,1453699200.0
2019-08-20,GOOGL,59.204,59.335,58.595,58.619,20206000,1184455514.0
2019-08-21,GOOGL,59.227,59.462,58.836,59.017,14152000,835208584.0
2019-08-22,GOOGL,59.127,59.374,58.39,59.014,17352000,1024010928.0
2019-08-23,GOOGL,58.7,59.22,56.958,57.135,36254000,2071372290.0
2019-08-26,GOOGL,57.426,58.041,57.198,58.007,21166000,1227776162.0
2019-08-27,GOOGL,58.592,58.692,57.679,57.989,23460000,1360421940.0
2019-08-28,GOOGL,57.694,58.37,57.466,58.134,16810000,977232540.0
2019-08-29,GOOGL,58.762,59.394,58.705,59.149,19636000,1161449764.0
2019-08-30,GOOGL,59.452,59.452,58.727,58.965,18064000,1065143760.0
2019-09-03,GOOGL,58.535,58.894,57.637,57.926,25908000,1500746808.0
2019-09-04,GOOGL,58.417,58.686,58.024,58.556,21312000,1247945472.0
2019-09-05,GOOGL,59.12,60.128,59.072,60.038,26394000,1584642972.0
2019-09-06,GOOGL,59.887,60.076,59.596,59.747,18972000,1133520084.0
2019-09-09,GOOGL,59.785,60.452,59.096,59.695,31854000,1901524530.0
2019-09-10,GOOGL,59.241,59.93,59.237,59.717,27922000,1667418074.0
2019-09-11,GOOGL,59.627,60.547,59.547,60.425,23522000,1421316850.0
2019-09-12,GOOGL,60.597,61.535,60.552,61.166,31644000,1935536904.0
2019-09-13,GOOGL,61.025,61.468,60.776,61.417,23676000,1454108892.0
2019-09-16,GOOGL,60.942,61.367,60.682,61.001,28218000,1721326218.0
2019-09-17,GOOGL,61.001,61.168,60.591,60.914,20806000,1267376684.0
2019-09-18,GOOGL,60.932,61.229,60.25,61.052,17440000,1064746880.0
2019-09-19,GOOGL,61.035,61.631,61.035,61.354,16554000,1015654116.0
2019-09-20,GOOGL,61.101,61.554,60.602,60.912,37692000,2295895104.0
2019-09-23,GOOGL,60.75,61.4,60.612,61.153,20798000,1271860094.0
2019-09-24,GOOGL,61.416,61.768,59.961,60.342,35804000,2160484968.0
2019-09-25,GOOGL,60.227,61.813,59.89,61.71,26798000,1653704580.0
2019-09-26,GOOGL,61.522,61.647,61.01,61.529,23166000,1425380814.0
2019-09-27,GOOGL,61.556,61.663,60.187,60.72,34122000,2071887840.0
2019-09-30,GOOGL,60.455,60.792,60.099,60.481,24470000,1479970070.0
2019-10-01,GOOGL,60.548,61.062,59.709,59.732,24504000,1463672928.0
2019-10-02,GOOGL,59.261,59.373,58.079,58.341,33030000,1927003230.0
2019-10-03,GOOGL,58.609,58.989,57.609,58.911,28368000,1671187248.0
2019-10-04,GOOGL,59.152,60.052,58.987,59.977,24282000,1456361514.0
2019-10-07,GOOGL,59.781,60.371,59.65,59.843,17040000,1019724720.0
2019-10-08,GOOGL,59.374,59.775,58.913,58.946,20086000,1183989356.0
2019-10-09,GOOGL,59.5,59.853,59.341,59.553,15948000,949751244.0
2019-10-10,GOOGL,59.365,60.208,59.328,59.903,12842000,769274326.0
2019-10-11,GOOGL,60.625,60.858,60.11,60.213,22330000,1344556290.0
2019-10-14,GOOGL,60.122,60.716,60.023,60.315,13296000,801948240.0
2019-10-15,GOOGL,60.499,61.769,60.471,61.527,27584000,1697160768.0
2019-10-16,GOOGL,61.505,62.118,61.343,61.564,22986000,1415110104.0
2019-10-17,GOOGL,61.98,62.592,61.904,62.05,20958000,1300443900.0
2019-10-18,GOOGL,62.143,62.313,61.423,61.634,31624000,1949113616.0
2019-10-21,GOOGL,61.846,62.085,61.415,61.628,18094000,1115097032.0
2019-10-22,GOOGL,61.637,61.848,61.408,61.475,22862000,1405441450.0
2019-10-23,GOOGL,61.426,62.309,61.426,62.289,21282000,1325634498.0
2019-10-24,GOOGL,62.362,62.55,62.027,62.362,20224000,1261209088.0
2019-10-25,GOOGL,62.01,62.802,61.869,62.619,27104000,1697225376.0
2019-10-28,GOOGL,63.149,64.35,63.016,63.842,65428000,4177054376.0
2019-10-29,GOOGL,63.199,63.436,62.189,62.439,52654000,3287663106.0
2019-10-30,GOOGL,62.166,62.803,61.943,62.441,29204000,1823526964.0
2019-10-31,GOOGL,62.406,62.729,61.885,62.347,31904000,1989118688.0
2019-11-01,GOOGL,62.693,63.05,62.392,63.013,28812000,1815530556.0
2019-11-04,GOOGL,63.204,64.016,63.204,63.873,30632000,1956557736.0
2019-11-05,GOOGL,63.951,64.251,63.861,63.963,25148000,1608541524.0
2019-11-06,GOOGL,63.896,64.04,63.509,63.942,24626000,1574635692.0
2019-11-07,GOOGL,64.104,65.509,64.078,64.731,45140000,2921957340.0
2019-11-08,GOOGL,64.463,65.235,64.463,64.833,30392000,1970404536.0
2019-11-11,GOOGL,64.585,64.63,64.183,64.302,17234000,1108180668.0
2019-11-12,GOOGL,64.316,64.85,64.102,64.249,28852000,1853712148.0
2019-11-13,GOOGL,64.05,64.512,63.999,64.198,20538000,1318498524.0
2019-11-14,GOOGL,64.14,65.166,64.087,64.84,28948000,1876988320.0
2019-11-15,GOOGL,65.133,66.049,64.976,66.049,39286000,2594801014.0
2019-11-18,GOOGL,65.989,66.067,65.188,65.37,27984000,1829314080.0
2019-11-19,GOOGL,65.706,65.706,64.97,65.011,21864000,1421400504.0
2019-11-20,GOOGL,64.95,65.042,63.853,64.479,28892000,1862927268.0
2019-11-21,GOOGL,64.35,64.938,63.929,64.394,25546000,1645009124.0
2019-11-22,GOOGL,64.536,64.729,63.86,64.074,27776000,1779719424.0
2019-11-25,GOOGL,64.202,64.903,64.17,64.667,23590000,1525494530.0
2019-11-26,GOOGL,64.878,65.081,64.587,65.031,21910000,1424829210.0
2019-11-27,GOOGL,65.151,65.261,64.856,64.988,18808000,1222294304.0
2019-11-29,GOOGL,64.714,64.88,64.547,64.59,12802000,826881180.0
2019-12-02,GOOGL,64.514,64.657,63.416,63.836,26538000,1694079768.0
2019-12-03,GOOGL,63.33,64.25,63.251,64.127,25270000,1620489290.0
2019-12-04,GOOGL,64.689,65.589,64.538,65.325,35506000,2319429450.0
2019-12-05,GOOGL,65.725,65.773,65.097,65.723,24408000,1604166984.0
2019-12-06,GOOGL,66.009,66.491,65.934,66.338,32968000,2187031184.0
2019-12-09,GOOGL,66.312,67.238,66.174,66.517,30842000,2051517314.0
2019-12-10,GOOGL,66.365,66.765,66.071,66.512,17606000,1171010272.0
2019-12-11,GOOGL,66.78,66.858,66.423,66.579,20480000,1363537920.0
2019-12-12,GOOGL,66.527,67.091,66.279,66.789,29114000,1944494946.0
2019-12-13,GOOGL,66.76,66.931,66.451,66.709,33170000,2212737530.0
2019-12-16,GOOGL,67.111,67.534,66.894,67.394,28128000,1895658432.0
2019-12-17,GOOGL,67.478,67.573,66.902,67.106,32948000,2211008488.0
2019-12-18,GOOGL,67.21,67.331,66.887,66.958,23330000,1562130140.0
2019-12-19,GOOGL,66.958,67.237,66.802,67.183,28922000,1943066726.0
2019-12-20,GOOGL,67.513,67.557,66.9,66.924,50090000,3352223160.0
2019-12-23,GOOGL,67.296,67.451,66.765,66.895,19936000,1333618720.0
2019-12-24,GOOGL,66.874,66.963,66.575,66.588,13468000,896807184.0
2019-12-26,GOOGL,66.693,67.518,66.641,67.481,23662000,1596735422.0
2019-12-27,GOOGL,67.557,67.708,67.012,67.094,23212000,1557385928.0
2019-12-30,GOOGL,67.201,67.21,66.261,66.354,19994000,1326681876.0
2019-12-31,GOOGL,66.16,66.401,65.979,66.338,19514000,1294519732.0
2020-01-02,GOOGL,66.785,67.789,66.69,67.789,27278000,1849148342.0
2020-01-03,GOOGL,66.765,68.04,66.731,67.434,23408000,1578495072.0
2020-01-06,GOOGL,66.944,69.257,66.913,69.232,46768000,3237842176.0
2020-01-07,GOOGL,69.363,69.514,68.922,69.098,34330000,2372134340.0
2020-01-08,GOOGL,69.084,69.927,68.975,69.59,35314000,2457501260.0
2020-01-09,GOOGL,70.426,70.761,69.846,70.32,33200000,2334624000.0
2020-01-10,GOOGL,70.8,71.071,70.311,70.775,26258000,1858409950.0
2020-01-13,GOOGL,71.086,71.395,70.597,71.323,30730000,2191755790.0
2020-01-14,GOOGL,71.321,71.452,70.716,70.855,26076000,1847614980.0
2020-01-15,GOOGL,70.976,71.36,70.908,71.282,21550000,1536127100.0
2020-01-16,GOOGL,71.591,71.851,71.321,71.825,26080000,1873196000.0
2020-01-17,GOOGL,72.438,73.33,72.141,73.279,52424000,3841578296.0
2020-01-21,GOOGL,73.253,73.792,72.818,73.414,48930000,3592147020.0
2020-01-22,GOOGL,73.784,74.322,73.434,73.494,28458000,2091492252.0
2020-01-23,GOOGL,73.676,73.971,73.318,73.535,26650000,1959707750.0
2020-01-24,GOOGL,73.937,74.006,72.469,72.617,29786000,2162969962.0
2020-01-27,GOOGL,70.902,71.152,70.306,70.912,34132000,2420368384.0
2020-01-28,GOOGL,71.408,72.054,70.844,71.841,29724000,2135401884.0
2020-01-29,GOOGL,72.236,72.517,71.588,72.148,21566000,1555943768.0
2020-01-30,GOOGL,71.227,72.077,71.074,72.027,27110000,1952651970.0
2020-01-31,GOOGL,72.701,72.791,70.68,70.964,43822000,3109784408.0
2020-02-03,GOOGL,72.394,73.615,72.144,73.431,71636000,5260303116.0
2020-02-04,GOOGL,72.039,72.675,70.431,71.589,95880000,6863953320.0
2020-02-05,GOOGL,72.491,72.539,70.81,71.621,36376000,2605285496.0
2020-02-06,GOOGL,71.915,73.38,71.84,73.103,37822000,2764901666.0
2020-02-07,GOOGL,72.678,73.562,72.58,73.258,28360000,2077596880.0
2020-02-10,GOOGL,73.165,74.733,73.065,74.722,38302000,2862002044.0
2020-02-11,GOOGL,74.95,75.773,74.563,74.791,34852000,2606615932.0
2020-02-12,GOOGL,75.079,75.298,74.722,75.216,31042000,2334855072.0
2020-02-13,GOOGL,74.788,75.578,74.491,74.956,22914000,1717541784.0
2020-02-14,GOOGL,75.013,75.286,74.568,75.221,23198000,1744976758.0
2020-02-18,GOOGL,75.003,75.807,74.838,75.256,25642000,1929714352.0
2020-02-19,GOOGL,75.64,75.816,75.332,75.525,22746000,1717891650.0
2020-02-20,GOOGL,75.235,75.634,74.504,75.135,25962000,1950654870.0
2020-02-21,GOOGL,74.52,74.835,73.228,73.474,42520000,3124114480.0
2020-02-24,GOOGL,70.482,71.142,69.676,70.324,49560000,3485257440.0
2020-02-25,GOOGL,70.876,71.165,68.37,68.663,51580000,3541637540.0
2020-02-26,GOOGL,69.092,70.017,68.179,68.868,49776000,3427973568.0
2020-02-27,GOOGL,67.316,67.825,65.093,65.128,62290000,4056823120.0
2020-02-28,GOOGL,63.115,66.49,62.813,66.331,80198000,5319613538.0
2020-03-02,GOOGL,66.933,68.72,65.635,68.663,55430000,3805990090.0
2020-03-03,GOOGL,69.225,69.746,65.836,66.256,56602000,3750222112.0
2020-03-04,GOOGL,67.308,68.487,66.22,68.429,47598000,3257083542.0
2020-03-05,GOOGL,66.643,67.044,64.469,65.118,54380000,3541116840.0
2020-03-06,GOOGL,62.899,64.523,62.268,64.176,64640000,4148336640.0
2020-03-09,GOOGL,59.68,62.046,59.337,60.216,69252000,4170078432.0
2020-03-10,GOOGL,62.128,63.191,60.153,63.158,54872000,3465605776.0
2020-03-11,GOOGL,61.825,62.254,58.996,59.974,54732000,3282496968.0
2020-03-12,GOOGL,55.602,58.877,54.901,55.054,94326000,5193023604.0
2020-03-13,GOOGL,58.196,60.148,55.09,60.141,79400000,4775195400.0
2020-03-16,GOOGL,53.967,56.734,52.851,53.144,96520000,5129458880.0
2020-03-17,GOOGL,54.018,55.769,51.961,55.376,83194000,4606950944.0
2020-03-18,GOOGL,52.497,54.729,51.361,54.045,93044000,5028562980.0
2020-03-19,GOOGL,53.898,57.087,52.28,55.06,74064000,4077963840.0
2020-03-20,GOOGL,56.012,56.387,52.604,52.907,82878000,4384826346.0
2020-03-23,GOOGL,52.321,52.843,49.968,52.21,83672000,4368515120.0
2020-03-24,GOOGL,54.679,56.132,53.809,55.968,72468000,4055889024.0
2020-03-25,GOOGL,55.699,56.768,53.64,54.562,90324000,4928258088.0
2020-03-26,GOOGL,55.211,58.022,54.087,57.598,76562000,4409818076.0
2020-03-27,GOOGL,55.842,57.01,54.68,54.99,62794000,3453042060.0
2020-03-30,GOOGL,56.098,57.008,54.407,56.775,58736000,3334736400.0
2020-03-31,GOOGL,56.895,58.117,56.3,57.55,65228000,3753871400.0
2020-04-01,GOOGL,55.67,55.939,54.159,54.586,51970000,2836834420.0
2020-04-02,GOOGL,54.482,55.609,54.141,55.325,56410000,3120883250.0
2020-04-03,GOOGL,55.21,55.412,53.247,54.12,51374000,2780360880.0
2020-04-06,GOOGL,56.116,58.976,55.72,58.602,63320000,3710678640.0
2020-04-07,GOOGL,60.277,60.464,58.308,58.571,61620000,3609145020.0
2020-04-08,GOOGL,59.588,60.172,58.64,59.781,40334000,2411206854.0
2020-04-09,GOOGL,60.335,60.524,59.059,59.76,54028000,3228713280.0
2020-04-13,GOOGL,59.509,60.154,58.559,59.95,38702000,2320184900.0
2020-04-14,GOOGL,61.414,63.186,60.848,62.665,63358000,3970329070.0
2020-04-15,GOOGL,61.738,63.155,61.118,62.272,42236000,2630120192.0
2020-04-16,GOOGL,62.76,63.068,61.326,62.279,57896000,3605704984.0
2020-04-17,GOOGL,63.481,63.892,62.703,63.347,51050000,3233864350.0
2020-04-20,GOOGL,62.896,63.239,62.23,62.463,35292000,2204444196.0
2020-04-21,GOOGL,61.55,61.911,59.682,60.037,49648000,2980716976.0
2020-04-22,GOOGL,61.471,63.391,61.277,62.327,46296000,2885490792.0
2020-04-23,GOOGL,62.69,63.8,62.432,62.959,34202000,2153323718.0
2020-04-24,GOOGL,62.159,63.283,61.614,63.228,37402000,2364853656.0
2020-04-27,GOOGL,63.991,64.095,62.657,62.944,44186000,2781243584.0
2020-04-28,GOOGL,63.555,63.632,60.939,61.049,80700000,4926654300.0
2020-04-29,GOOGL,66.616,67.366,65.711,66.476,108358000,7203206408.0
2020-04-30,GOOGL,65.941,66.864,65.452,66.7,55842000,3724661400.0
2020-05-01,GOOGL,65.58,66.935,64.866,65.245,48872000,3188653640.0
2020-05-04,GOOGL,64.79,65.599,64.19,65.522,30806000,2018470732.0
2020-05-05,GOOGL,66.245,67.904,66.122,66.815,39666000,2650283790.0
2020-05-06,GOOGL,67.26,67.789,66.623,66.637,31732000,2114525284.0
2020-05-07,GOOGL,67.424,68.151,66.99,67.819,30652000,2078787988.0
2020-05-08,GOOGL,68.44,69.174,67.954,68.565,33326000,2284997190.0
2020-05-11,GOOGL,68.191,70.109,68.127,69.518,32718000,2274489924.0
2020-05-12,GOOGL,69.747,70.05,68.078,68.111,33918000,2310188898.0
2020-05-13,GOOGL,68.159,68.614,65.775,66.781,40368000,2695815408.0
2020-05-14,GOOGL,66.048,67.229,65.541,67.204,36660000,2463698640.0
2020-05-15,GOOGL,66.778,68.081,66.319,68.006,41544000,2825241264.0
2020-05-18,GOOGL,67.437,68.982,67.072,68.606,47094000,3230930964.0
2020-05-19,GOOGL,68.621,68.968,68.041,68.072,31586000,2150122192.0
2020-05-20,GOOGL,68.803,69.936,68.717,69.794,38262000,2670458028.0
2020-05-21,GOOGL,69.884,70.155,69.062,69.674,30894000,2152508556.0
2020-05-22,GOOGL,69.533,70.182,69.14,69.996,28544000,1997965824.0
2020-05-26,GOOGL,71.418,71.574,70.301,70.399,44590000,3139091410.0
2020-05-27,GOOGL,70.331,70.596,69.073,70.345,31684000,2228810980.0
2020-05-28,GOOGL,69.34,71.542,69.295,70.244,35170000,2470481480.0
2020-05-29,GOOGL,70.352,71.159,70.132,71.0,37044000,2630124000.0
2020-06-01,GOOGL,70.613,71.4,70.444,71.067,25162000,1788187854.0
2020-06-02,GOOGL,71.074,71.47,70.41,71.436,23442000,1674602712.0
2020-06-03,GOOGL,71.455,71.768,70.906,71.284,27732000,1976847888.0
2020-06-04,GOOGL,71.162,71.387,69.638,70.048,26982000,1890035136.0
2020-06-05,GOOGL,70.115,71.633,69.718,71.322,42642000,3041312724.0
2020-06-08,GOOGL,70.642,71.767,70.553,71.72,33878000,2429730160.0
2020-06-09,GOOGL,71.581,72.698,71.438,71.92,33624000,2418238080.0
2020-06-10,GOOGL,72.387,72.944,72.033,72.545,31762000,2304174290.0
2020-06-11,GOOGL,71.372,71.896,69.261,69.434,47144000,3273396496.0
2020-06-12,GOOGL,70.621,71.049,68.637,69.98,36676000,2566586480.0
2020-06-15,GOOGL,68.82,70.578,68.706,70.367,30468000,2143941756.0
2020-06-16,GOOGL,71.767,72.172,70.776,71.642,30648000,2195684016.0
2020-06-17,GOOGL,71.962,72.421,71.08,71.942,30610000,2202144620.0
2020-06-18,GOOGL,71.809,71.964,70.64,71.03,34862000,2476247860.0
2020-06-19,GOOGL,71.321,71.544,70.281,70.561,52784000,3724491824.0
2020-06-22,GOOGL,70.579,71.864,70.291,71.849,29442000,2115378258.0
2020-06-23,GOOGL,71.916,73.065,71.569,72.509,37752000,2737359768.0
2020-06-24,GOOGL,72.474,73.094,70.826,70.96,31592000,2241768320.0
2020-06-25,GOOGL,70.886,71.436,70.308,71.376,23958000,1710026208.0
2020-06-26,GOOGL,70.956,71.174,67.111,67.485,97640000,6589235400.0
2020-06-29,GOOGL,67.376,69.241,66.945,69.2,45074000,3119120800.0
2020-06-30,GOOGL,69.186,70.529,68.693,70.234,40286000,2829446924.0
2020-07-01,GOOGL,70.29,71.741,70.043,71.42,42182000,3012638440.0
2020-07-02,GOOGL,71.908,73.724,71.87,72.804,57218000,4165699272.0
2020-07-06,GOOGL,73.706,74.788,73.153,74.276,44712000,3321028512.0
2020-07-07,GOOGL,74.101,75.349,73.783,73.794,42364000,3126209016.0
2020-07-08,GOOGL,74.333,74.846,73.912,74.471,31766000,2365645786.0
2020-07-09,GOOGL,74.785,75.736,74.075,75.217,41836000,3146778412.0
2020-07-10,GOOGL,74.949,76.341,74.329,76.225,35918000,2737849550.0
2020-07-13,GOOGL,76.767,78.075,74.618,74.899,42954000,3217211646.0
2020-07-14,GOOGL,73.936,75.422,73.596,75.326,38108000,2870523208.0
2020-07-15,GOOGL,75.444,76.092,74.186,75.129,31026000,2330952354.0
2020-07-16,GOOGL,74.367,75.081,73.712,75.032,26484000,1987147488.0
2020-07-17,GOOGL,75.131,75.454,74.199,75.128,34264000,2574185792.0
2020-07-20,GOOGL,75.036,77.711,74.427,77.455,30166000,2336507530.0
2020-07-21,GOOGL,78.504,78.605,76.899,77.063,27486000,2118153618.0
2020-07-22,GOOGL,77.052,77.61,76.434,77.505,24482000,1897477410.0
2020-07-23,GOOGL,77.558,77.777,74.718,75.123,33910000,2547420930.0
2020-07-24,GOOGL,74.253,75.057,73.678,74.7,29902000,2233679400.0
2020-07-27,GOOGL,74.95,76.153,74.904,75.751,27124000,2054670124.0
2020-07-28,GOOGL,75.531,75.581,74.319,74.474,30910000,2301991340.0
2020-07-29,GOOGL,74.541,75.944,74.442,75.457,22676000,1711062932.0
2020-07-30,GOOGL,74.193,76.318,74.054,76.193,36042000,2746148106.0
2020-07-31,GOOGL,74.147,74.542,72.015,73.696,91468000,6740825728.0
2020-08-03,GOOGL,73.847,74.181,72.892,73.439,45482000,3340152598.0
2020-08-04,GOOGL,73.635,73.952,72.512,72.971,37212000,2715396852.0
2020-08-05,GOOGL,73.145,73.798,72.868,73.257,29134000,2134269438.0
2020-08-06,GOOGL,73.112,74.604,72.901,74.538,33306000,2482562628.0
2020-08-07,GOOGL,74.741,75.288,73.613,74.212,27718000,2057008216.0
2020-08-10,GOOGL,73.837,74.647,73.178,74.136,20546000,1523198256.0
2020-08-11,GOOGL,73.996,74.81,73.213,73.329,31098000,2280385242.0
2020-08-12,GOOGL,73.655,74.871,73.55,74.652,22512000,1680565824.0
2020-08-13,GOOGL,74.7,76.124,74.7,75.118,22388000,1681741784.0
2020-08-14,GOOGL,74.967,75.273,74.244,74.522,21942000,1635161724.0
2020-08-17,GOOGL,75.084,75.471,74.541,75.097,19990000,1501189030.0
2020-08-18,GOOGL,75.587,77.135,75.366,77.056,28378000,2186695168.0
2020-08-19,GOOGL,76.893,77.704,76.274,76.503,30472000,2331199416.0
2020-08-20,GOOGL,76.273,78.264,76.0,78.07,26382000,2059642740.0
2020-08-21,GOOGL,77.849,78.844,77.379,78.036,34838000,2718618168.0
2020-08-24,GOOGL,78.873,79.681,78.01,78.51,25638000,2012839380.0
2020-08-25,GOOGL,78.26,79.686,78.15,79.536,25150000,2000330400.0
2020-08-26,GOOGL,79.558,81.861,79.294,81.432,52188000,4249773216.0
2020-08-27,GOOGL,81.554,81.623,80.178,80.658,31350000,2528628300.0
2020-08-28,GOOGL,80.706,81.294,80.514,81.199,22418000,1820319182.0
2020-08-31,GOOGL,81.404,81.45,80.5,80.708,26422000,2132466776.0
2020-09-01,GOOGL,80.839,82.179,80.709,81.974,22652000,1856875048.0
2020-09-02,GOOGL,82.614,85.491,82.227,85.06,49522000,4212341320.0
2020-09-03,GOOGL,84.175,84.199,79.628,80.708,63726000,5143198008.0
2020-09-04,GOOGL,79.692,80.979,76.174,78.315,55850000,4373892750.0
2020-09-08,GOOGL,75.531,77.044,75.11,75.462,54032000,4077362784.0
2020-09-09,GOOGL,76.715,77.201,75.54,76.632,39242000,3007192944.0
2020-09-10,GOOGL,76.778,77.941,75.284,75.583,33024000,2496052992.0
2020-09-11,GOOGL,75.687,76.21,73.947,75.074,30706000,2305222244.0
2020-09-14,GOOGL,75.861,77.116,74.546,74.73,42660000,3187981800.0
2020-09-15,GOOGL,75.674,76.819,75.388,76.032,23042000,1751929344.0
2020-09-16,GOOGL,76.397,76.986,74.867,74.892,22128000,1657210176.0
2020-09-17,GOOGL,73.59,74.227,72.434,73.651,40008000,2946629208.0
2020-09-18,GOOGL,73.714,74.055,70.906,71.871,63056000,4531897776.0
2020-09-21,GOOGL,70.906,71.324,69.473,70.833,56908000,4030964364.0
2020-09-22,GOOGL,71.832,72.509,70.801,72.303,33950000,2454686850.0
2020-09-23,GOOGL,71.92,71.969,69.473,69.805,37726000,2633463430.0
2020-09-24,GOOGL,69.473,71.222,69.447,70.472,34552000,2434948544.0
2020-09-25,GOOGL,70.581,71.616,69.721,71.275,30326000,2161485650.0
2020-09-28,GOOGL,72.906,72.955,71.632,72.246,30784000,2224020864.0
2020-09-29,GOOGL,72.506,72.906,72.015,72.61,31816000,2310159760.0
2020-09-30,GOOGL,72.358,73.61,72.102,72.589,40924000,2970632236.0
2020-10-01,GOOGL,73.484,74.049,73.144,73.694,32884000,2423353496.0
2020-10-02,GOOGL,72.294,73.254,71.685,72.094,31222000,2250918868.0
2020-10-05,GOOGL,72.443,73.535,72.316,73.443,21602000,1586515686.0
2020-10-06,GOOGL,73.08,73.526,71.569,71.867,26096000,1875441232.0
2020-10-07,GOOGL,72.278,72.756,70.986,72.269,36108000,2609489052.0
2020-10-08,GOOGL,72.582,73.7,72.582,73.472,26076000,1915855872.0
2020-10-09,GOOGL,73.939,74.88,73.649,74.811,32966000,2466219426.0
2020-10-12,GOOGL,76.175,78.672,75.744,77.492,55344000,4288717248.0
2020-10-13,GOOGL,78.107,78.511,77.197,77.615,39072000,3032573280.0
2020-10-14,GOOGL,77.988,78.446,76.566,77.435,33174000,2568828690.0
2020-10-15,GOOGL,76.497,77.829,76.33,77.04,31210000,2404418400.0
2020-10-16,GOOGL,77.355,78.142,77.149,77.646,34194000,2655027324.0
2020-10-19,GOOGL,78.054,78.45,75.428,75.776,29734000,2253123584.0
2020-10-20,GOOGL,75.438,77.95,75.308,76.823,41670000,3201214410.0
2020-10-21,GOOGL,77.753,79.996,77.618,78.552,60322000,4738413744.0
2020-10-22,GOOGL,78.503,79.911,78.131,79.576,30512000,2428022912.0
2020-10-23,GOOGL,79.991,80.936,79.836,80.879,30548000,2470691692.0
2020-10-26,GOOGL,79.989,80.711,77.65,78.468,35826000,2811194568.0
2020-10-27,GOOGL,78.698,79.345,78.106,79.19,25902000,2051179380.0
2020-10-28,GOOGL,76.77,76.958,74.713,74.828,45174000,3380280072.0
2020-10-29,GOOGL,75.136,78.688,75.113,77.11,55406000,4272356660.0
2020-10-30,GOOGL,82.586,83.274,79.324,80.044,99878000,7994634632.0
2020-11-02,GOOGL,80.412,82.13,79.951,80.45,44228000,3558142600.0
2020-11-03,GOOGL,80.769,82.168,79.846,81.507,31432000,2561928024.0
2020-11-04,GOOGL,84.475,87.667,84.347,86.47,71342000,6168942740.0
2020-11-05,GOOGL,87.688,88.747,86.231,87.294,39758000,3470634852.0
2020-11-06,GOOGL,86.742,87.592,86.015,87.157,28622000,2494607654.0
2020-11-09,GOOGL,88.953,89.988,87.049,87.241,53440000,4662159040.0
2020-11-10,GOOGL,85.673,87.14,84.997,86.067,43022000,3702774474.0
2020-11-11,GOOGL,86.596,87.314,86.332,86.538,31838000,2755196844.0
2020-11-12,GOOGL,86.279,87.417,86.079,86.32,26474000,2285235680.0
2020-11-13,GOOGL,86.576,88.019,85.981,87.778,29744000,2610868832.0
2020-11-16,GOOGL,87.376,88.871,87.236,87.865,25468000,2237745820.0
2020-11-17,GOOGL,87.56,88.019,87.145,87.253,21314000,1859710442.0
2020-11-18,GOOGL,87.004,87.418,86.109,86.212,20108000,1733550896.0
2020-11-19,GOOGL,85.845,87.343,85.686,87.1,20106000,1751232600.0
2020-11-20,GOOGL,87.27,87.585,85.932,86.001,27694000,2381711694.0
2020-11-23,GOOGL,86.191,86.477,84.703,85.564,22530000,1927756920.0
2020-11-24,GOOGL,85.561,87.491,85.226,87.364,27984000,2444794176.0
2020-11-25,GOOGL,87.557,87.685,86.594,87.375,19600000,1712550000.0
2020-11-27,GOOGL,87.395,89.004,87.395,88.509,14790000,1309048110.0
2020-11-30,GOOGL,87.946,88.178,86.568,86.893,32418000,2816897274.0
2020-12-01,GOOGL,87.5,90.227,87.321,88.922,37350000,3321236700.0
2020-12-02,GOOGL,88.922,90.773,88.417,90.388,29424000,2659576512.0
2020-12-03,GOOGL,90.169,91.322,89.994,90.233,24728000,2231281624.0
2020-12-04,GOOGL,90.153,90.613,89.825,90.328,20544000,1855698432.0
2020-12-07,GOOGL,89.922,90.602,89.302,89.995,22288000,2005808560.0
2020-12-08,GOOGL,89.574,89.943,88.72,89.713,19936000,1788518368.0
2020-12-09,GOOGL,89.665,90.557,87.27,88.055,31728000,2793809040.0
2020-12-10,GOOGL,87.299,87.913,85.859,87.549,28688000,2511605712.0
2020-12-11,GOOGL,87.171,88.028,86.811,87.904,18628000,1637475712.0
2020-12-14,GOOGL,87.701,88.646,86.632,86.787,33050000,2868310350.0
2020-12-15,GOOGL,87.164,87.369,86.263,87.224,21352000,1862406848.0
2020-12-16,GOOGL,87.622,87.622,86.629,87.031,24676000,2147576956.0
2020-12-17,GOOGL,87.365,87.503,85.742,86.205,34880000,3006830400.0
2020-12-18,GOOGL,86.486,86.594,84.942,85.497,85256000,7289132232.0
2020-12-21,GOOGL,84.651,86.031,83.902,85.91,33974000,2918706340.0
2020-12-22,GOOGL,85.651,85.814,84.485,85.2,20370000,1735524000.0
2020-12-23,GOOGL,85.384,86.383,85.249,85.597,22974000,1966505478.0
2020-12-24,GOOGL,85.635,86.299,85.405,85.891,9312000,799816992.0
2020-12-28,GOOGL,86.423,88.508,86.27,87.862,27650000,2429384300.0
2020-12-29,GOOGL,88.519,88.581,86.928,87.06,19726000,1717345560.0
2020-12-30,GOOGL,87.418,87.555,85.586,85.994,21026000,1808109844.0
2020-12-31,GOOGL,86.045,87.047,85.986,86.806,21070000,1829002420.0
2021-01-04,GOOGL,87.171,87.294,84.552,85.493,37324000,3190940732.0
2021-01-05,GOOGL,85.441,86.518,85.036,86.182,20360000,1754665520.0
2021-01-06,GOOGL,84.212,86.377,84.006,85.332,46588000,3975447216.0
2021-01-07,GOOGL,85.524,88.053,85.524,87.881,41936000,3685377616.0
2021-01-08,GOOGL,88.02,89.12,87.231,89.044,35484000,3159637296.0
2021-01-11,GOOGL,88.013,88.378,86.781,86.987,34796000,3026799652.0
2021-01-12,GOOGL,86.445,87.562,85.01,86.053,29528000,2540972984.0
2021-01-13,GOOGL,85.552,86.992,85.552,86.539,23432000,2027781848.0
2021-01-14,GOOGL,86.619,87.544,85.49,85.73,29212000,2504344760.0
2021-01-15,GOOGL,85.636,86.557,84.779,85.567,31444000,2690568748.0
2021-01-19,GOOGL,86.329,89.342,85.825,88.382,41660000,3681994120.0
2021-01-20,GOOGL,90.458,94.091,90.118,93.117,64152000,5973641784.0
2021-01-21,GOOGL,93.79,95.693,93.085,93.319,58634000,5471666246.0
2021-01-22,GOOGL,93.682,94.322,92.941,93.736,32744000,3069291584.0
2021-01-25,GOOGL,94.736,95.185,92.082,93.821,50586000,4746029106.0
2021-01-26,GOOGL,93.411,94.885,92.922,94.498,31462000,2973096076.0
2021-01-27,GOOGL,92.862,93.137,89.017,90.09,82512000,7433506080.0
2021-01-28,GOOGL,90.687,93.51,90.687,91.787,55278000,5073801786.0
2021-01-29,GOOGL,90.837,91.506,89.229,90.507,44530000,4030276710.0
2021-02-01,GOOGL,91.36,94.874,91.36,93.761,40252000,3774067772.0
2021-02-02,GOOGL,94.755,96.55,94.42,95.052,66332000,6304989264.0
2021-02-03,GOOGL,102.307,104.338,99.729,101.974,97882000,9981419068.0
2021-02-04,GOOGL,102.06,102.49,100.796,101.714,48596000,4942893544.0
2021-02-05,GOOGL,102.007,103.809,101.534,103.457,29866000,3089846762.0
2021-02-08,GOOGL,104.01,104.753,102.195,103.244,28828000,2976318032.0
2021-02-09,GOOGL,102.762,103.936,102.524,102.791,21892000,2250300572.0
2021-02-10,GOOGL,103.175,103.955,101.645,103.341,25102000,2594065782.0
2021-02-11,GOOGL,103.565,103.713,102.468,103.453,20480000,2118717440.0
2021-02-12,GOOGL,103.008,103.986,102.701,103.764,18990000,1970478360.0
2021-02-16,GOOGL,103.602,106.246,103.602,104.54,31004000,3241158160.0
2021-02-17,GOOGL,103.712,105.122,103.433,104.932,20294000,2129490008.0
2021-02-18,GOOGL,104.258,105.099,103.68,104.298,22546000,2351502708.0
2021-02-19,GOOGL,104.396,104.931,103.19,103.456,37938000,3924913728.0
2021-02-22,GOOGL,101.712,103.036,101.435,101.745,29466000,2998018170.0
2021-02-23,GOOGL,99.75,102.648,98.574,102.035,34658000,3536329030.0
2021-02-24,GOOGL,100.545,103.432,100.421,103.208,22608000,2333326464.0
2021-02-25,GOOGL,101.828,103.168,99.379,99.847,41548000,4148443156.0
2021-02-26,GOOGL,100.541,101.857,99.107,100.143,40042000,4009926006.0
2021-03-01,GOOGL,101.435,102.833,100.762,102.508,26060000,2671358480.0
2021-03-02,GOOGL,102.269,103.75,101.864,102.251,25564000,2613944564.0
2021-03-03,GOOGL,101.63,102.821,98.76,99.623,33892000,3376422716.0
2021-03-04,GOOGL,99.794,102.752,99.326,100.738,49216000,4957921408.0
2021-03-05,GOOGL,102.086,104.317,100.433,103.865,53100000,5515231500.0
2021-03-08,GOOGL,103.221,104.691,99.314,99.429,36868000,3665748372.0
2021-03-09,GOOGL,101.521,102.223,100.821,101.056,33920000,3427819520.0
2021-03-10,GOOGL,102.098,102.098,100.015,100.85,27100000,2733035000.0
2021-03-11,GOOGL,101.941,104.568,101.853,104.037,27702000,2882032974.0
2021-03-12,GOOGL,102.842,102.901,100.663,101.534,33818000,3433676812.0
2021-03-15,GOOGL,101.285,101.781,100.434,101.754,26168000,2662698672.0
2021-03-16,GOOGL,102.326,104.688,101.994,103.212,31900000,3292462800.0
2021-03-17,GOOGL,102.449,103.961,101.243,103.13,26382000,2720775660.0
2021-03-18,GOOGL,101.444,102.462,100.007,100.114,31700000,3173613800.0
2021-03-19,GOOGL,100.53,100.892,99.203,100.393,46072000,4625306296.0
2021-03-22,GOOGL,100.426,101.452,99.751,100.577,33536000,3372950272.0
2021-03-23,GOOGL,101.036,102.233,100.444,101.104,28510000,2882475040.0
2021-03-24,GOOGL,101.621,102.406,100.494,100.669,25218000,2538670842.0
2021-03-25,GOOGL,100.496,101.318,98.864,100.665,35616000,3585284640.0
2021-03-26,GOOGL,100.632,101.008,99.248,100.282,27978000,2805689796.0
2021-03-29,GOOGL,100.155,101.495,99.327,101.325,26492000,2684301900.0
2021-03-30,GOOGL,101.681,102.161,100.848,101.359,27312000,2768317008.0
2021-03-31,GOOGL,101.752,103.33,101.385,102.154,42570000,4348695780.0
2021-04-01,GOOGL,103.626,105.781,103.586,105.485,39880000,4206741800.0
2021-04-05,GOOGL,106.346,110.399,106.249,109.902,48510000,5331346020.0
2021-04-06,GOOGL,109.504,110.35,109.052,109.422,35240000,3856031280.0
2021-04-07,GOOGL,109.612,111.167,109.612,110.896,24134000,2676364064.0
2021-04-08,GOOGL,112.133,112.519,111.093,111.461,28664000,3194918104.0
2021-04-09,GOOGL,111.214,112.627,110.809,112.463,26146000,2940457598.0
2021-04-12,GOOGL,111.644,111.781,110.341,111.173,25024000,2781993152.0
2021-04-13,GOOGL,111.489,112.107,111.095,111.659,25682000,2867626438.0
2021-04-14,GOOGL,112.303,112.303,110.747,111.039,21002000,2332041078.0
2021-04-15,GOOGL,112.031,113.718,111.498,113.185,29174000,3302059190.0
2021-04-16,GOOGL,113.383,113.631,112.476,113.062,26282000,2971495484.0
2021-04-19,GOOGL,112.439,114.119,112.439,113.409,30290000,3435158610.0
2021-04-20,GOOGL,113.792,113.866,111.792,112.876,22288000,2515780288.0
2021-04-21,GOOGL,112.532,112.925,111.183,112.844,23204000,2618432176.0
2021-04-22,GOOGL,112.698,113.365,110.96,111.564,24146000,2693824344.0
2021-04-23,GOOGL,112.282,114.219,111.997,113.913,29066000,3310995258.0
2021-04-26,GOOGL,114.14,115.131,113.783,114.408,32038000,3665403504.0
2021-04-27,GOOGL,114.789,114.83,113.231,113.469,44386000,5036435034.0
2021-04-28,GOOGL,118.497,120.423,116.552,116.84,81106000,9476425040.0
2021-04-29,GOOGL,118.335,119.075,117.574,118.51,41234000,4886641340.0
2021-04-30,GOOGL,117.285,117.97,116.222,116.566,44856000,5228684496.0
2021-05-03,GOOGL,117.131,117.955,115.674,116.05,28242000,3277484100.0
2021-05-04,GOOGL,114.587,115.154,111.77,114.254,44818000,5120635772.0
2021-05-05,GOOGL,115.334,115.65,114.326,114.648,26636000,3053764128.0
2021-05-06,GOOGL,114.23,115.766,113.571,115.766,25190000,2916145540.0
2021-05-07,GOOGL,117.08,117.445,116.202,116.488,28898000,3366270224.0
2021-05-10,GOOGL,115.31,115.451,113.15,113.507,30914000,3508955398.0
2021-05-11,GOOGL,111.096,112.939,110.643,112.433,34186000,3843634538.0
2021-05-12,GOOGL,110.26,111.34,108.647,108.976,46376000,5053870976.0
2021-05-13,GOOGL,110.257,110.917,109.296,110.401,33204000,3665754804.0
2021-05-14,GOOGL,111.863,113.159,111.44,112.845,31996000,3610588620.0
2021-05-17,GOOGL,112.112,113.41,111.712,113.367,21598000,2448500466.0
2021-05-18,GOOGL,114.032,114.296,112.043,112.057,22204000,2488113628.0
2021-05-19,GOOGL,110.371,112.677,110.223,112.504,23684000,2664544736.0
2021-05-20,GOOGL,113.47,114.51,113.1,114.26,32352000,3696539520.0
2021-05-21,GOOGL,114.778,114.852,113.386,113.625,40632000,4616811000.0
2021-05-24,GOOGL,114.653,117.163,114.508,116.939,31832000,3722402248.0
2021-05-25,GOOGL,117.482,118.076,116.64,117.03,22440000,2626153200.0
2021-05-26,GOOGL,117.211,118.324,117.208,117.894,21572000,2543209368.0
2021-05-27,GOOGL,118.327,118.327,116.703,117.02,35224000,4121912480.0
2021-05-28,GOOGL,117.602,117.684,116.534,116.732,21482000,2507636824.0
2021-06-01,GOOGL,117.603,118.161,116.604,117.937,23354000,2754300698.0
2021-06-02,GOOGL,118.331,118.554,116.509,117.412,21158000,2484203096.0
2021-06-03,GOOGL,116.181,116.74,115.378,116.273,18696000,2173840008.0
2021-06-04,GOOGL,117.347,118.821,117.007,118.55,24458000,2899495900.0
2021-06-07,GOOGL,118.346,119.092,117.928,118.983,24120000,2869869960.0
2021-06-08,GOOGL,119.464,119.836,118.61,118.792,24240000,2879518080.0
2021-06-09,GOOGL,119.435,119.507,118.715,119.262,17942000,2139798804.0
2021-06-10,GOOGL,119.212,120.652,119.056,120.609,25904000,3124255536.0
2021-06-11,GOOGL,120.85,120.935,119.808,120.365,21958000,2642974670.0
2021-06-14,GOOGL,120.467,121.292,119.76,121.291,22098000,2680288518.0
2021-06-15,GOOGL,121.296,121.618,119.915,120.275,21562000,2593369550.0
2021-06-16,GOOGL,120.426,120.737,118.344,119.634,26472000,3166951248.0
2021-06-17,GOOGL,119.56,121.368,119.364,120.596,25842000,3116441832.0
2021-06-18,GOOGL,120.223,120.457,118.884,118.979,46116000,5486835564.0
2021-06-21,GOOGL,119.365,120.85,118.768,120.664,27414000,3307882896.0
2021-06-22,GOOGL,120.602,121.246,119.923,121.177,22390000,2713153030.0
2021-06-23,GOOGL,120.943,121.935,120.686,120.976,19148000,2316448448.0
2021-06-24,GOOGL,121.543,121.896,121.147,121.345,21362000,2592171890.0
2021-06-25,GOOGL,120.85,121.477,120.419,121.354,34594000,4198120276.0
2021-06-28,GOOGL,121.522,121.628,120.261,121.381,28526000,3462514406.0
2021-06-29,GOOGL,121.514,121.861,120.544,121.12,23108000,2798840960.0
2021-06-30,GOOGL,120.845,121.105,120.211,120.939,24474000,2959861086.0
2021-07-01,GOOGL,120.578,121.431,120.386,121.29,18110000,2196561900.0
2021-07-02,GOOGL,121.989,124.222,121.9,124.077,25982000,3223768614.0
2021-07-06,GOOGL,124.464,125.236,123.408,125.001,26404000,3300526404.0
2021-07-07,GOOGL,125.963,126.084,124.964,125.282,24060000,3014284920.0
2021-07-08,GOOGL,122.857,124.412,122.853,123.865,23790000,2946748350.0
2021-07-09,GOOGL,123.847,124.549,123.377,124.335,18632000,2316609720.0
2021-07-12,GOOGL,124.989,125.872,124.427,125.779,17668000,2222263372.0
2021-07-13,GOOGL,125.841,126.85,125.48,126.141,19240000,2426952840.0
2021-07-14,GOOGL,126.752,128.107,126.709,127.028,23742000,3015898776.0
2021-07-15,GOOGL,127.436,127.487,125.337,125.808,24218000,3046818144.0
2021-07-16,GOOGL,126.46,126.607,124.964,125.773,20424000,2568787752.0
2021-07-19,GOOGL,124.901,125.015,122.341,123.404,27968000,3451363072.0
2021-07-20,GOOGL,124.344,125.845,123.178,125.02,26312000,3289526240.0
2021-07-21,GOOGL,124.945,126.393,124.836,126.347,20746000,2621194862.0
2021-07-22,GOOGL,126.639,127.272,126.297,127.211,14302000,1819371722.0
2021-07-23,GOOGL,129.201,132.142,128.577,131.761,41506000,5468872066.0
2021-07-26,GOOGL,132.072,132.972,131.054,132.772,30572000,4059105584.0
2021-07-27,GOOGL,132.985,133.132,128.878,130.657,54710000,7148244470.0
2021-07-28,GOOGL,135.027,136.993,134.002,134.811,95130000,12824570430.0
2021-07-29,GOOGL,134.867,135.373,134.265,134.498,31716000,4265738568.0
2021-07-30,GOOGL,133.762,134.029,132.99,133.457,25576000,3413296232.0
2021-08-02,GOOGL,133.843,134.061,132.533,133.583,21634000,2889934622.0
2021-08-03,GOOGL,133.861,134.453,132.063,134.352,20762000,2789416224.0
2021-08-04,GOOGL,134.074,134.371,133.219,133.852,19676000,2633671952.0
2021-08-05,GOOGL,134.402,135.065,133.575,134.967,17870000,2411860290.0
2021-08-06,GOOGL,134.76,135.186,133.935,134.459,20488000,2754795992.0
2021-08-09,GOOGL,134.661,135.891,134.064,135.622,17760000,2408646720.0
2021-08-10,GOOGL,136.047,136.474,135.079,135.517,19414000,2630927038.0
2021-08-11,GOOGL,135.888,136.385,134.987,134.994,15352000,2072427888.0
2021-08-12,GOOGL,134.694,136.006,134.149,135.901,16506000,2243181906.0
2021-08-13,GOOGL,135.956,136.557,135.741,136.429,15948000,2175769692.0
2021-08-16,GOOGL,136.229,137.058,134.024,137.006,22384000,3066742304.0
2021-08-17,GOOGL,136.452,136.962,134.799,135.373,21716000,2939760068.0
2021-08-18,GOOGL,135.213,135.812,134.046,134.172,19258000,2583884376.0
2021-08-19,GOOGL,133.168,135.067,132.985,134.401,21782000,2927522582.0
2021-08-20,GOOGL,134.718,136.257,133.975,136.134,31194000,4246563996.0
2021-08-23,GOOGL,136.669,139.547,136.31,138.721,28454000,3947167334.0
2021-08-24,GOOGL,139.286,140.741,139.016,139.93,19268000,2696171240.0
2021-08-25,GOOGL,140.29,140.849,140.043,140.74,15848000,2230447520.0
2021-08-26,GOOGL,140.414,141.075,140.025,140.107,20610000,2887605270.0
2021-08-27,GOOGL,140.317,143.15,140.163,142.647,28780000,4105380660.0
2021-08-30,GOOGL,143.039,144.595,142.804,143.228,24434000,3499632952.0
2021-08-31,GOOGL,143.779,143.803,142.921,143.334,22448000,3217561632.0
2021-09-01,GOOGL,143.633,144.875,143.518,143.847,21936000,3155427792.0
2021-09-02,GOOGL,143.847,144.148,141.835,141.936,32342000,4590494112.0
2021-09-03,GOOGL,141.732,142.796,141.058,142.385,19850000,2826342250.0
2021-09-07,GOOGL,142.479,143.202,142.265,142.921,20124000,2876142204.0
2021-09-08,GOOGL,142.742,143.039,141.652,142.337,18344000,2611029928.0
2021-09-09,GOOGL,142.485,142.95,141.828,142.188,15314000,2177467032.0
2021-09-10,GOOGL,142.853,143.354,139.411,139.548,36840000,5140948320.0
2021-09-13,GOOGL,140.611,141.603,139.919,140.991,22094000,3115055154.0
2021-09-14,GOOGL,141.648,142.012,140.414,141.201,19674000,2777988474.0
2021-09-15,GOOGL,141.426,143.089,140.015,143.068,27408000,3921207744.0
2021-09-16,GOOGL,142.594,142.94,141.059,142.256,26190000,3725684640.0
2021-09-17,GOOGL,141.682,142.098,139.146,139.473,53384000,7445626632.0
2021-09-20,GOOGL,136.859,137.69,135.037,137.412,46518000,6392131416.0
2021-09-21,GOOGL,138.432,138.692,136.975,137.722,25332000,3488773704.0
2021-09-22,GOOGL,137.991,139.559,137.246,138.961,25056000,3481806816.0
2021-09-23,GOOGL,139.659,140.361,139.078,139.885,20952000,2930870520.0
2021-09-24,GOOGL,139.214,140.989,138.919,140.874,22984000,3237848016.0
2021-09-27,GOOGL,139.477,140.601,138.747,139.742,21882000,3057834444.0
2021-09-28,GOOGL,137.348,137.785,134.084,134.55,45772000,6158622600.0
2021-09-29,GOOGL,135.689,135.858,132.603,133.087,30848000,4105467776.0
2021-09-30,GOOGL,132.996,134.265,132.297,132.416,37996000,5031278336.0
2021-10-01,GOOGL,133.18,135.62,132.809,135.256,35360000,4782652160.0
2021-10-04,GOOGL,134.679,134.679,129.815,132.4,51202000,6779144800.0
2021-10-05,GOOGL,132.778,135.931,132.778,134.741,32404000,4366147364.0
2021-10-06,GOOGL,133.48,136.452,133.282,136.268,24364000,3320033552.0
2021-10-07,GOOGL,137.583,138.722,137.344,137.913,25110000,3462995430.0
2021-10-08,GOOGL,138.261,139.008,137.905,138.468,26526000,3673002168.0
2021-10-11,GOOGL,137.979,139.386,137.55,137.605,17954000,2470560170.0
2021-10-12,GOOGL,138.165,138.192,134.48,135.163,36332000,4910742116.0
2021-10-13,GOOGL,136.107,136.699,135.232,136.285,19654000,2678545390.0
2021-10-14,GOOGL,138.159,140.005,137.516,139.821,31894000,4459450974.0
2021-10-15,GOOGL,140.28,140.382,139.428,140.035,30274000,4239419590.0
2021-10-18,GOOGL,139.747,141.45,139.74,141.432,20396000,2884647072.0
2021-10-19,GOOGL,142.036,142.308,141.256,141.887,20164000,2861009468.0
2021-10-20,GOOGL,141.987,142.193,140.044,140.433,23288000,3270403704.0
2021-10-21,GOOGL,140.433,140.816,139.176,140.549,26292000,3695314308.0
2021-10-22,GOOGL,137.838,139.258,134.774,136.27,50588000,6893626760.0
2021-10-25,GOOGL,136.253,136.699,134.148,136.151,34412000,4685228212.0
2021-10-26,GOOGL,137.951,138.763,137.001,137.995,49236000,6794321820.0
2021-10-27,GOOGL,138.091,147.249,138.091,144.839,85782000,12424579098.0
2021-10-28,GOOGL,145.748,145.771,143.264,144.474,36206000,5230825644.0
2021-10-29,GOOGL,143.711,146.845,143.286,146.651,43320000,6352921320.0
2021-11-01,GOOGL,146.651,146.651,141.875,142.144,46924000,6669965056.0
2021-11-02,GOOGL,143.217,145.227,142.975,144.062,33482000,4823483884.0
2021-11-03,GOOGL,144.525,145.287,143.228,145.216,27494000,3992568704.0
2021-11-04,GOOGL,145.738,148.322,144.929,146.87,38412000,5641570440.0
2021-11-05,GOOGL,147.763,148.911,146.8,147.449,38354000,5655258946.0
2021-11-08,GOOGL,148.413,149.195,147.031,147.626,23052000,3403074552.0
2021-11-09,GOOGL,147.826,148.422,145.857,147.515,19530000,2880967950.0
2021-11-10,GOOGL,146.11,146.674,143.175,144.518,29970000,4331204460.0
2021-11-11,GOOGL,145.109,146.145,144.228,144.393,16518000,2385083574.0
2021-11-12,GOOGL,145.233,147.447,144.04,147.277,22360000,3293113720.0
2021-11-15,GOOGL,147.497,148.14,146.184,147.053,23508000,3456921924.0
2021-11-16,GOOGL,146.753,147.36,145.924,146.482,18904000,2769095728.0
2021-11-17,GOOGL,146.632,147.159,145.852,146.652,19594000,2873499288.0
2021-11-18,GOOGL,146.844,149.161,146.491,148.426,35608000,5285153008.0
2021-11-19,GOOGL,148.562,149.544,147.495,147.523,33682000,4968869686.0
2021-11-22,GOOGL,147.925,148.417,144.77,144.923,30594000,4433774262.0
2021-11-23,GOOGL,144.775,145.278,142.757,144.408,27218000,3930496944.0
2021-11-24,GOOGL,144.102,144.871,143.012,144.743,18040000,2611163720.0
2021-11-26,GOOGL,142.988,143.195,140.505,140.843,30470000,4291486210.0
2021-11-29,GOOGL,142.643,144.918,142.537,144.159,32596000,4699006764.0
2021-11-30,GOOGL,143.642,144.624,140.267,140.56,42068000,5913078080.0
2021-12-01,GOOGL,142.643,144.575,139.584,139.722,34020000,4753342440.0
2021-12-02,GOOGL,139.919,142.508,138.893,141.618,29194000,4134395892.0
2021-12-03,GOOGL,142.327,143.039,138.979,140.663,41230000,5799535490.0
2021-12-06,GOOGL,141.692,142.497,138.829,141.806,30618000,4341816108.0
2021-12-07,GOOGL,144.224,146.14,143.859,145.881,32240000,4703203440.0
2021-12-08,GOOGL,146.205,146.994,145.026,146.79,24270000,3562593300.0
2021-12-09,GOOGL,146.2,147.695,145.728,146.247,23270000,3403167690.0
2021-12-10,GOOGL,147.298,147.573,145.321,146.606,24458000,3585689548.0
2021-12-13,GOOGL,146.388,146.575,144.146,144.452,27070000,3910315640.0
2021-12-14,GOOGL,142.611,143.118,139.884,142.551,38446000,5480515746.0
2021-12-15,GOOGL,142.057,145.338,140.343,145.061,36370000,5275868570.0
2021-12-16,GOOGL,145.783,146.285,142.253,143.083,33650000,4814742950.0
2021-12-17,GOOGL,141.157,142.479,139.968,140.389,50416000,7077851824.0
2021-12-20,GOOGL,138.68,140.438,138.008,140.272,27192000,3814276224.0
2021-12-21,GOOGL,140.715,142.513,139.178,142.12,28756000,4086802720.0
2021-12-22,GOOGL,141.719,145.119,141.719,145.035,26322000,3817611270.0
2021-12-23,GOOGL,145.119,146.846,145.072,145.532,26384000,3839716288.0
2021-12-27,GOOGL,145.868,146.946,145.782,146.512,15976000,2340675712.0
2021-12-28,GOOGL,146.839,146.901,144.678,145.304,18200000,2644532800.0
2021-12-29,GOOGL,145.262,146.027,144.275,145.273,17788000,2584116124.0
2021-12-30,GOOGL,145.311,145.912,144.618,144.822,15688000,2271967536.0
2021-12-31,GOOGL,144.673,145.316,143.487,143.487,18136000,2602280232.0
2022-01-03,GOOGL,143.688,144.476,142.358,143.625,28646000,4114281750.0
2022-01-04,GOOGL,144.026,145.104,142.362,143.038,28400000,4062279200.0
2022-01-05,GOOGL,143.059,143.137,136.39,136.476,54618000,7454046168.0
2022-01-06,GOOGL,135.707,138.621,135.271,136.449,37348000,5096097252.0
2022-01-07,GOOGL,136.843,137.144,134.487,135.725,29760000,4039176000.0
2022-01-10,GOOGL,133.805,137.511,131.909,137.362,44408000,6099971696.0
2022-01-11,GOOGL,136.706,138.894,135.404,138.419,28730000,3976777870.0
2022-01-12,GOOGL,139.82,141.264,139.368,140.097,26108000,3657652476.0
2022-01-13,GOOGL,140.206,141.504,137.104,137.281,31436000,4315565516.0
2022-01-14,GOOGL,135.787,139.415,135.707,138.166,29662000,4098279892.0
2022-01-18,GOOGL,134.891,135.839,134.162,134.716,34872000,4697816352.0
2022-01-19,GOOGL,135.237,136.659,133.743,133.843,28648000,3834334264.0
2022-01-20,GOOGL,134.966,136.329,131.711,132.051,29908000,3949381308.0
2022-01-21,GOOGL,131.344,133.594,128.86,129.123,55652000,7185953196.0
2022-01-24,GOOGL,124.791,129.966,123.326,129.571,76622000,9927989162.0
2022-01-25,GOOGL,127.527,128.179,125.308,125.739,46960000,5904703440.0
2022-01-26,GOOGL,129.883,131.746,125.944,128.015,49130000,6289376950.0
2022-01-27,GOOGL,130.066,131.402,127.717,127.789,31950000,4082858550.0
2022-01-28,GOOGL,128.437,132.1,127.274,132.094,34362000,4539014028.0
2022-01-31,GOOGL,132.897,134.196,130.963,134.028,39986000,5359243608.0
2022-02-01,GOOGL,136.298,136.494,133.102,136.347,68644000,9359403468.0
2022-02-02,GOOGL,149.824,150.118,144.151,146.605,123200000,18061736000.0
2022-02-03,GOOGL,144.332,148.264,141.321,141.741,71518000,10137032838.0
2022-02-04,GOOGL,142.092,143.509,139.19,141.942,57998000,8232352116.0
2022-02-07,GOOGL,142.89,142.89,137.591,137.889,54974000,7580309886.0
2022-02-08,GOOGL,137.716,138.68,135.723,138.085,54284000,7495806140.0
2022-02-09,GOOGL,139.635,141.181,138.866,140.257,40144000,5630477008.0
2022-02-10,GOOGL,138.387,140.151,136.657,137.313,39330000,5400520290.0
2022-02-11,GOOGL,137.294,137.845,132.143,133.017,39958000,5315093286.0
2022-02-14,GOOGL,132.0,135.015,132.0,134.249,34302000,4605009198.0
2022-02-15,GOOGL,136.274,136.807,134.541,135.321,26680000,3610364280.0
2022-02-16,GOOGL,135.358,136.784,133.652,136.44,25022000,3414001680.0
2022-02-17,GOOGL,134.959,135.821,131.23,131.29,38950000,5113745500.0
2022-02-18,GOOGL,132.209,132.806,128.969,129.174,45620000,5892917880.0
2022-02-22,GOOGL,128.614,130.935,127.015,128.59,44990000,5785264100.0
2022-02-23,GOOGL,130.408,130.806,126.325,126.385,32786000,4143658610.0
2022-02-24,GOOGL,123.776,131.746,123.776,131.44,54456000,7157696640.0
2022-02-25,GOOGL,132.293,133.996,130.51,133.192,36406000,4848987952.0
2022-02-28,GOOGL,131.796,134.472,131.343,133.784,38864000,5199381376.0
2022-03-01,GOOGL,133.607,134.971,131.963,132.798,26496000,3518615808.0
2022-03-02,GOOGL,133.359,133.988,131.817,133.303,23520000,3135286560.0
2022-03-03,GOOGL,134.728,135.153,131.772,132.637,24604000,3263400748.0
2022-03-04,GOOGL,131.675,132.59,129.109,130.663,30430000,3976075090.0
2022-03-07,GOOGL,130.249,130.493,125.105,125.187,45112000,5647435944.0
2022-03-08,GOOGL,125.06,130.013,124.49,125.906,40428000,5090127768.0
2022-03-09,GOOGL,130.013,132.475,128.676,132.162,37026000,4893430212.0
2022-03-10,GOOGL,130.029,132.016,129.679,131.181,27102000,3555267462.0
2022-03-11,GOOGL,132.23,132.534,128.41,128.646,31526000,4055693796.0
2022-03-14,GOOGL,129.022,129.18,124.094,124.764,38812000,4842340368.0
2022-03-15,GOOGL,125.779,128.631,124.535,127.98,30920000,3957141600.0
2022-03-16,GOOGL,129.501,132.076,127.521,132.024,35576000,4696885824.0
2022-03-17,GOOGL,131.894,132.817,130.939,132.577,28264000,3747156328.0
2022-03-18,GOOGL,132.167,134.96,131.012,134.842,44566000,6009368572.0
2022-03-21,GOOGL,134.88,135.758,132.829,134.819,26832000,3617463408.0
2022-03-22,GOOGL,134.819,139.72,134.819,138.55,35496000,4917970800.0
2022-03-23,GOOGL,137.395,138.273,136.536,136.972,25154000,3445393688.0
2022-03-24,GOOGL,137.888,140.284,136.452,140.238,26396000,3701722248.0
2022-03-25,GOOGL,140.578,140.696,138.42,140.338,24126000,3385794588.0
2022-03-28,GOOGL,139.572,140.664,138.494,140.122,35050000,4911276100.0
2022-03-29,GOOGL,141.303,142.438,140.7,141.162,34318000,4844397516.0
2022-03-30,GOOGL,141.117,141.375,140.265,140.601,19884000,2795710284.0
2022-03-31,GOOGL,140.714,140.768,137.714,137.757,37524000,5169193668.0
2022-04-01,GOOGL,138.185,139.147,137.004,138.829,25942000,3601501918.0
2022-04-04,GOOGL,139.035,142.357,138.988,141.624,25942000,3674009808.0
2022-04-05,GOOGL,141.522,141.643,139.059,139.266,21418000,2982799188.0
2022-04-06,GOOGL,137.442,138.047,134.24,135.261,32468000,4391654148.0
2022-04-07,GOOGL,134.728,135.872,132.962,134.608,26234000,3531306272.0
2022-04-08,GOOGL,134.305,134.391,131.712,132.031,25142000,3319523402.0
2022-04-11,GOOGL,130.581,130.847,127.456,127.609,36884000,4706730356.0
2022-04-12,GOOGL,130.36,130.36,125.594,126.511,32710000,4138174810.0
2022-04-13,GOOGL,126.793,129.105,126.537,128.67,27928000,3593495760.0
2022-04-14,GOOGL,129.25,129.25,125.408,125.535,31598000,3966654930.0
2022-04-18,GOOGL,125.803,127.004,124.993,126.473,20808000,2631650184.0
2022-04-19,GOOGL,126.488,129.104,125.802,128.784,26490000,3411488160.0
2022-04-20,GOOGL,129.658,130.16,126.298,126.833,31696000,4020098768.0
2022-04-21,GOOGL,128.032,128.872,123.353,123.638,36446000,4506110548.0
2022-04-22,GOOGL,123.822,124.22,117.804,118.508,56884000,6741209072.0
2022-04-25,GOOGL,117.978,122.115,117.394,121.914,46128000,5623648992.0
2022-04-26,GOOGL,121.142,121.355,117.394,117.532,73054000,8586182728.0
2022-04-27,GOOGL,113.391,116.137,111.674,113.217,91820000,10395584940.0
2022-04-28,GOOGL,115.318,118.522,113.039,117.405,48884000,5739226020.0
2022-04-29,GOOGL,115.634,116.808,112.742,113.034,42676000,4823838984.0
2022-05-02,GOOGL,112.336,115.645,111.539,115.484,35534000,4103608456.0
2022-05-03,GOOGL,115.333,117.326,114.941,116.228,24968000,2901980704.0
2022-05-04,GOOGL,115.928,121.696,114.031,121.109,49916000,6045276844.0
2022-05-05,GOOGL,119.071,119.898,113.921,115.407,45840000,5290256880.0
2022-05-06,GOOGL,114.099,116.463,112.941,114.655,39710000,4552950050.0
2022-05-09,GOOGL,112.182,113.992,110.945,111.45,40802000,4547382900.0
2022-05-10,GOOGL,114.419,115.154,111.836,113.317,39900000,4521348300.0
2022-05-11,GOOGL,112.169,115.268,112.169,112.532,37534000,4223776088.0
2022-05-12,GOOGL,110.328,113.218,108.789,111.78,53836000,6017788080.0
2022-05-13,GOOGL,113.453,116.764,112.534,114.957,35038000,4027863366.0
2022-05-16,GOOGL,113.872,115.075,112.816,113.366,25990000,2946382340.0
2022-05-17,GOOGL,115.739,115.798,113.787,115.375,23054000,2659855250.0
2022-05-18,GOOGL,113.916,114.312,110.504,110.845,35126000,3893541470.0
2022-05-19,GOOGL,110.381,111.945,108.963,109.344,34144000,3733441536.0
2022-05-20,GOOGL,110.896,111.126,104.799,107.881,48962000,5282069522.0
2022-05-23,GOOGL,108.555,111.09,107.716,110.437,37184000,4106489408.0
2022-05-24,GOOGL,104.775,105.455,100.924,104.971,76780000,8059673380.0
2022-05-25,GOOGL,103.996,105.496,102.878,104.808,40258000,4219360464.0
2022-05-26,GOOGL,104.681,107.625,104.233,106.776,37948000,4051935648.0
2022-05-27,GOOGL,108.451,111.259,108.11,111.258,37914000,4218235812.0
2022-05-31,GOOGL,111.684,114.644,111.022,112.69,50012000,5635852280.0
2022-06-01,GOOGL,113.772,115.998,112.183,112.818,36606000,4129815708.0
2022-06-02,GOOGL,112.925,116.788,111.882,116.514,37992000,4426599888.0
2022-06-03,GOOGL,114.968,115.225,112.448,113.461,26136000,2965416696.0
2022-06-06,GOOGL,115.604,118.222,115.069,115.719,33542000,3881446698.0
2022-06-07,GOOGL,114.392,116.582,113.968,116.045,31590000,3665861550.0
2022-06-08,GOOGL,115.661,117.453,115.501,116.089,26108000,3030851612.0
2022-06-09,GOOGL,115.231,117.184,113.694,113.753,25798000,2934599894.0
2022-06-10,GOOGL,111.385,112.211,109.326,110.114,41452000,4564445528.0
2022-06-13,GOOGL,105.78,107.766,105.119,105.39,47252000,4979888280.0
2022-06-14,GOOGL,105.531,106.907,104.803,105.71,33706000,3563061260.0
2022-06-15,GOOGL,107.522,110.373,106.655,108.73,39698000,4316363540.0
2022-06-16,GOOGL,106.21,107.624,104.147,105.034,51684000,5428577256.0
2022-06-17,GOOGL,105.034,107.675,104.056,106.134,51376000,5452740384.0
2022-06-21,GOOGL,107.903,111.429,107.576,110.493,47416000,5239136088.0
2022-06-22,GOOGL,109.514,112.278,109.342,110.437,30774000,3398588238.0
2022-06-23,GOOGL,111.174,111.68,109.459,111.184,28362000,3153400608.0
2022-06-24,GOOGL,111.93,116.966,111.888,116.863,41164000,4810548532.0
2022-06-27,GOOGL,117.158,117.462,114.094,114.742,36420000,4178903640.0
2022-06-28,GOOGL,114.711,116.204,110.794,110.952,35792000,3971193984.0
2022-06-29,GOOGL,110.501,112.094,109.827,110.649,24716000,2734800684.0
2022-06-30,GOOGL,108.963,109.843,105.744,107.936,43170000,4659597120.0
2022-07-01,GOOGL,106.916,108.22,105.724,107.713,35476000,3821226388.0
2022-07-05,GOOGL,106.091,112.308,104.735,112.195,39342000,4413975690.0
2022-07-06,GOOGL,112.234,114.5,110.425,113.492,37432000,4248232544.0
2022-07-07,GOOGL,113.995,118.066,113.751,117.663,40936000,4816652568.0
2022-07-08,GOOGL,116.145,118.557,115.8,118.228,38238000,4520802264.0
2022-07-11,GOOGL,116.886,116.886,114.243,114.586,31196000,3574624856.0
2022-07-12,GOOGL,115.12,115.871,112.618,112.946,29960000,3383862160.0
2022-07-13,GOOGL,110.648,113.12,110.153,110.304,43722000,4822711488.0
2022-07-14,GOOGL,109.172,110.046,107.351,109.327,37004000,4045536308.0
2022-07-15,GOOGL,110.945,112.074,109.855,110.724,46770000,5178561480.0
2022-07-18,GOOGL,111.578,112.608,107.349,108.002,43164600,4661863129.2
2022-07-19,GOOGL,109.805,112.945,108.527,112.737,36530900,4118384073.3
2022-07-20,GOOGL,112.103,114.312,111.42,112.826,35600400,4016650730.4
2022-07-21,GOOGL,113.203,113.47,110.063,113.262,32676200,3700971764.4
2022-07-22,GOOGL,109.954,111.281,105.496,106.883,48901200,5226706959.6
2022-07-25,GOOGL,107.388,108.834,105.298,106.497,34690900,3694476777.3
2022-07-26,GOOGL,105.595,106.19,103.089,104.03,47991000,4992503730.0
2022-07-27,GOOGL,108.23,112.836,106.992,111.994,59858500,6703792849.0
2022-07-28,GOOGL,111.311,113.262,110.409,113.143,32816600,3712968573.8
2022-07-29,GOOGL,112.014,115.61,111.994,115.224,37223400,4289029041.6
2022-08-01,GOOGL,114.213,115.62,113.262,113.777,26034300,2962104551.1
2022-08-02,GOOGL,112.925,115.253,112.648,114.045,20236000,2307814620.0
2022-08-03,GOOGL,114.619,117.502,114.391,116.967,28499000,3333442533.0
2022-08-04,GOOGL,116.373,117.66,115.788,117.076,21602900,2529181120.4
2022-08-05,GOOGL,115.134,116.997,114.907,116.363,19159500,2229456898.5
2022-08-08,GOOGL,117.274,119.017,115.778,116.194,19138300,2223755630.2
2022-08-09,GOOGL,116.036,116.214,114.619,115.531,19086500,2205082431.5
2022-08-10,GOOGL,117.66,119.78,117.294,118.572,30930400,3667479388.8
2022-08-11,GOOGL,120.137,120.345,117.442,117.72,24293700,2859854364.0
2022-08-12,GOOGL,119.126,120.533,118.334,120.533,19096300,2301734327.9
2022-08-15,GOOGL,119.988,121.147,119.473,120.929,19494800,2357486669.2
2022-08-16,GOOGL,120.375,121.276,119.503,120.553,19041200,2295473783.6
2022-08-17,GOOGL,118.988,120.147,118.255,118.423,22847000,2705610281.0
2022-08-18,GOOGL,118.304,119.681,117.601,119.037,17987700,2141201844.9
2022-08-19,GOOGL,117.938,118.027,115.659,116.105,21809500,2532191997.5
2022-08-22,GOOGL,114.114,114.54,112.777,113.163,21456600,2428093225.8
2022-08-23,GOOGL,112.41,113.926,112.361,112.787,15870400,1789974804.8
2022-08-24,GOOGL,112.43,113.698,111.806,112.618,17734600,1997235182.8
2022-08-25,GOOGL,113.163,115.62,113.034,115.55,16956800,1959358240.0
2022-08-26,GOOGL,113.639,114.035,109.151,109.3,37245700,4070955010.0
2022-08-29,GOOGL,108.953,109.904,107.774,108.389,21191200,2296892976.8
2022-08-30,GOOGL,109.132,109.458,106.784,107.913,27513300,2969042742.9
2022-08-31,GOOGL,109.607,109.805,107.111,107.2,28627000,3068814400.0
2022-09-01,GOOGL,107.259,109.409,106.348,108.706,28360900,3082999995.4
2022-09-02,GOOGL,109.548,109.696,106.249,106.833,24160700,2581160063.1
2022-09-06,GOOGL,106.289,107.012,104.783,105.803,25068300,2652301344.9
2022-09-07,GOOGL,106.051,108.943,105.892,108.418,23167000,2511719806.0
2022-09-08,GOOGL,107.022,108.567,106.15,107.358,24238300,2602175411.4
2022-09-09,GOOGL,108.042,109.944,107.992,109.607,23197700,2542630303.9
2022-09-12,GOOGL,109.944,110.568,108.894,109.815,22966800,2522099142.0
2022-09-13,GOOGL,106.784,107.279,103.109,103.337,38172900,3944672967.3
2022-09-14,GOOGL,103.584,104.288,102.683,104.01,26395100,2745354351.0
2022-09-15,GOOGL,103.049,104.278,101.385,101.94,34188300,3485155302.0
2022-09-16,GOOGL,101.108,102.158,99.989,101.831,42797200,4358081673.2
2022-09-19,GOOGL,100.791,102.356,100.593,102.098,23036800,2352011206.4
2022-09-20,GOOGL,101.118,101.405,99.572,100.187,26517100,2656668697.7
2022-09-21,GOOGL,100.712,101.91,98.334,98.344,31487300,3096587031.2
2022-09-22,GOOGL,97.889,100.286,97.859,99.196,34298600,3402283925.6
2022-09-23,GOOGL,98.691,98.721,96.551,97.809,31625400,3093248748.6
2022-09-26,GOOGL,97.175,98.939,96.878,97.245,27072700,2632684711.5
2022-09-27,GOOGL,98.493,99.057,95.957,96.581,30072800,2904461096.8
2022-09-28,GOOGL,96.73,99.751,96.195,99.107,32466300,3217637594.1
2022-09-29,GOOGL,97.71,97.71,95.055,96.502,31047200,2996116894.4
2022-09-30,GOOGL,96.135,97.968,94.659,94.748,32941500,3121141242.0
2022-10-03,GOOGL,95.848,98.354,95.61,97.71,27982000,2734121220.0
2022-10-04,GOOGL,99.493,100.88,99.434,100.682,28850800,2904756245.6
2022-10-05,GOOGL,98.889,100.969,97.869,100.474,22176900,2228201850.6
2022-10-06,GOOGL,99.731,101.96,99.642,100.464,22324000,2242758336.0
2022-10-07,GOOGL,98.909,99.582,97.373,97.75,27502800,2688398700.0
2022-10-10,GOOGL,98.067,98.166,96.096,96.938,18225100,1766704743.8
2022-10-11,GOOGL,96.512,98.314,95.402,96.264,26507100,2551679474.4
2022-10-12,GOOGL,96.383,97.819,95.828,96.64,21876400,2114135296.0
2022-10-13,GOOGL,94.253,98.839,93.49,98.126,34574500,3392657387.0
2022-10-14,GOOGL,99.048,99.741,95.462,95.65,25410700,2430533455.0
2022-10-17,GOOGL,97.928,99.979,97.898,99.028,28419200,2814296537.6
2022-10-18,GOOGL,102.158,102.495,99.028,99.82,24060700,2401739074.0
2022-10-19,GOOGL,99.067,100.068,97.988,98.691,23811100,2349941270.1
2022-10-20,GOOGL,99.057,101.356,98.453,99.028,25323200,2507705849.6
2022-10-21,GOOGL,96.928,100.355,96.799,100.177,32458700,3251615189.9
2022-10-24,GOOGL,100.84,101.781,99.038,101.554,27176400,2759872125.6
2022-10-25,GOOGL,101.93,103.832,101.752,103.495,40611400,4203076843.0
2022-10-26,GOOGL,95.521,97.383,93.797,94.035,88114100,8285809393.5
2022-10-27,GOOGL,93.629,94.53,90.935,91.351,60710900,5546001425.9
2022-10-28,GOOGL,91.4,95.64,91.262,95.382,43697300,4167935868.6
2022-10-31,GOOGL,94.521,95.125,93.094,93.619,31675000,2965381825.0
2022-11-01,GOOGL,94.55,95.125,89.518,89.617,47161400,4226463183.8
2022-11-02,GOOGL,90.083,90.321,86.061,86.15,57038300,4913849545.0
2022-11-03,GOOGL,85.506,85.704,82.554,82.644,61288000,5065085472.0
2022-11-04,GOOGL,84.595,85.823,82.921,85.764,51124900,4384675923.6
2022-11-07,GOOGL,86.457,88.062,86.031,87.656,34078900,2987220058.4
2022-11-08,GOOGL,88.062,89.469,86.764,88.062,30429000,2679638598.0
2022-11-09,GOOGL,87.616,88.597,86.457,86.497,31769100,2747931842.7
2022-11-10,GOOGL,91.38,93.5,90.746,93.055,51620100,4803508405.5
2022-11-11,GOOGL,93.797,96.016,93.035,95.501,33090500,3160175840.5
2022-11-14,GOOGL,94.194,95.878,93.619,94.798,30179500,2860956241.0
2022-11-15,GOOGL,97.334,99.196,95.798,97.512,41640800,4060477689.6
2022-11-16,GOOGL,96.977,98.701,96.72,97.918,29105200,2849922973.6
2022-11-17,GOOGL,96.056,98.344,95.878,97.433,26052600,2538382975.8
2022-11-18,GOOGL,97.839,97.968,95.462,96.512,28342300,2735372057.6
2022-11-21,GOOGL,96.373,97.472,94.461,94.699,21647400,2049987132.6
2022-11-22,GOOGL,95.046,96.304,93.164,96.135,23438500,2253260197.5
2022-11-23,GOOGL,96.175,97.829,96.175,97.532,18868100,1840243529.2
2022-11-25,GOOGL,97.314,97.71,96.482,96.541,9701400,936582857.4
2022-11-28,GOOGL,96.125,96.66,94.709,95.145,26237500,2496366937.5
2022-11-29,GOOGL,94.828,95.214,93.223,94.293,20061700,1891677878.1
2022-11-30,GOOGL,93.926,100.088,93.53,100.038,43647500,4366408605.0
2022-12-01,GOOGL,100.068,101.286,99.305,100.038,28687100,2869800109.8
2022-12-02,GOOGL,98.116,99.82,97.968,99.493,21480700,2137179285.1
2022-12-05,GOOGL,98.463,100.424,98.067,98.542,24405100,2404927364.2
2022-12-06,GOOGL,98.364,98.839,95.511,96.066,24910700,2393071306.2
2022-12-07,GOOGL,95.501,95.967,93.827,94.045,31045400,2919664643.0
2022-12-08,GOOGL,94.481,94.679,92.569,92.827,32213300,2990263999.1
2022-12-09,GOOGL,92.886,93.372,91.876,91.955,28225400,2595466657.0
2022-12-12,GOOGL,91.836,92.678,90.746,92.43,29420000,2719290600.0
2022-12-13,GOOGL,96.839,98.592,94.134,94.729,40593700,3845400607.3
2022-12-14,GOOGL,94.303,95.957,92.718,94.174,28733600,2705958046.4
2022-12-15,GOOGL,92.252,92.757,89.162,90.004,40107000,3609790428.0
2022-12-16,GOOGL,89.904,90.469,88.676,89.409,58011800,5186777026.2
2022-12-19,GOOGL,89.409,89.706,87.379,87.606,29493000,2583763758.0
2022-12-20,GOOGL,87.279,88.339,86.616,88.181,23453800,2068179537.8
2022-12-21,GOOGL,88.24,89.37,87.487,88.736,24745600,2195825561.6
2022-12-22,GOOGL,87.329,87.705,85.506,86.933,27658300,2404418993.9
2022-12-23,GOOGL,86.289,88.706,86.249,88.389,23003000,2033212167.0
2022-12-27,GOOGL,87.963,88.102,86.19,86.566,20097300,1739742871.8
2022-12-28,GOOGL,86.16,87.21,85.13,85.209,19523200,1663552348.8
2022-12-29,GOOGL,85.804,88.012,85.794,87.616,23333500,2044387936.0
2022-12-30,GOOGL,86.16,87.468,85.754,87.398,23986300,2096354647.4
2023-01-03,GOOGL,88.746,90.192,87.686,88.28,28131200,2483422336.0
2023-01-04,GOOGL,89.498,89.796,86.447,87.25,34854800,3041081300.0
2023-01-05,GOOGL,86.646,86.745,85.09,85.387,27194400,2322048232.8
2023-01-06,GOOGL,85.972,86.863,84.06,86.517,41381500,3580203235.5
2023-01-09,GOOGL,87.527,89.201,87.032,87.19,29003900,2528850041.0
2023-01-10,GOOGL,85.17,87.834,85.021,87.587,30467800,2668583198.6
2023-01-11,GOOGL,88.339,90.737,88.171,90.657,26862000,2435228334.0
2023-01-12,GOOGL,90.618,91.004,88.904,90.271,30258100,2731428945.1
2023-01-13,GOOGL,89.994,91.321,89.28,91.252,26329200,2402592158.4
2023-01-17,GOOGL,91.192,91.38,89.201,90.429,32602400,2948202429.6
2023-01-18,GOOGL,91.271,91.925,89.786,90.261,29116700,2628102458.7
2023-01-19,GOOGL,89.865,92.728,89.776,92.173,37000400,3410437869.2
2023-01-20,GOOGL,94.204,97.373,94.124,97.096,63191100,6135603045.6
2023-01-23,GOOGL,97.027,99.097,96.581,98.849,40005100,3954464129.9
2023-01-24,GOOGL,97.175,98.671,96.284,96.779,33078500,3201304151.5
2023-01-25,GOOGL,94.669,95.254,92.876,94.322,42330000,3992650260.0
2023-01-26,GOOGL,95.59,96.65,94.481,96.601,30114000,2909042514.0
2023-01-27,GOOGL,96.393,99.374,96.393,98.433,33879800,3334890353.4
2023-01-30,GOOGL,96.561,97.364,95.491,96.026,27226200,2614423081.2
2023-01-31,GOOGL,95.957,97.948,95.907,97.908,29870700,2924580495.6
2023-02-01,GOOGL,97.78,100.236,96.66,99.483,35531100,3534740421.3
2023-02-02,GOOGL,104.803,106.833,104.615,106.724,69883800,7458278671.2
2023-02-03,GOOGL,101.96,106.794,101.613,103.792,65309300,6778582865.6
2023-02-06,GOOGL,101.435,103.376,100.92,101.93,31999600,3261719228.0
2023-02-07,GOOGL,102.247,107.16,102.148,106.625,49010200,5225712575.0
2023-02-08,GOOGL,101.088,102.168,97.116,98.433,94743500,9325886935.5
2023-02-09,GOOGL,99.057,99.087,92.747,94.114,119455000,11242387870.0
2023-02-10,GOOGL,94.55,95.838,93.362,93.679,54980700,5150536995.3
2023-02-13,GOOGL,93.847,94.303,92.955,93.718,50076100,4693031939.8
2023-02-14,GOOGL,93.54,93.956,91.39,93.788,54726100,5132651466.8
2023-02-15,GOOGL,93.599,96.205,93.263,96.026,50169000,4817528394.0
2023-02-16,GOOGL,94.471,96.759,93.847,94.61,42462600,4017386586.0
2023-02-17,GOOGL,93.956,94.659,92.331,93.461,34284100,3204226270.1
2023-02-21,GOOGL,92.123,92.222,90.855,90.925,33629300,3057744102.5
2023-02-22,GOOGL,90.836,91.242,89.756,90.786,30884000,2803834824.0
2023-02-23,GOOGL,91.054,91.073,88.914,90.033,41206400,3709935811.2
2023-02-24,GOOGL,88.597,89.043,87.745,88.29,36585100,3230098479.0
2023-02-27,GOOGL,89.023,89.31,88.498,89.023,27502300,2448337252.9
2023-02-28,GOOGL,88.488,90.37,88.478,89.211,30142000,2688997962.0
2023-03-01,GOOGL,89.132,90.172,88.825,89.508,31111200,2784701289.6
2023-03-02,GOOGL,88.815,91.41,88.746,91.133,32204400,2934883585.2
2023-03-03,GOOGL,91.608,92.847,91.579,92.767,35160100,3261696996.7
2023-03-06,GOOGL,93.134,95.065,93.114,94.233,32639300,3075699156.9
2023-03-07,GOOGL,94.085,94.768,92.648,92.975,27835500,2588005612.5
2023-03-08,GOOGL,93.233,95.055,93.114,93.362,34103300,3183952294.6
2023-03-09,GOOGL,93.163,94.63,91.034,91.45,28813500,2634994575.0
2023-03-10,GOOGL,91.301,91.915,89.548,89.776,35941000,3226639216.0
2023-03-13,GOOGL,89.241,91.697,88.577,90.251,37335600,3369575235.6
2023-03-14,GOOGL,91.688,93.471,91.569,93.084,36050200,3355696816.8
2023-03-15,GOOGL,92.341,96.016,91.767,95.204,50622100,4819426408.4
2023-03-16,GOOGL,95.293,100.236,94.6,99.374,65492000,6508202008.0
2023-03-17,GOOGL,99.315,101.871,99.156,100.662,61028500,6143250867.0
2023-03-20,GOOGL,99.176,100.791,98.929,100.266,32960400,3304807466.4
2023-03-21,GOOGL,100.296,104.109,100.266,103.931,42110300,4376565589.3
2023-03-22,GOOGL,103.287,105.585,102.356,102.396,43427400,4446792050.4
2023-03-23,GOOGL,104.07,105.298,103.475,104.605,40797800,4267653869.0
2023-03-24,GOOGL,104.0,104.496,102.861,104.446,30393300,3174458611.8
2023-03-27,GOOGL,103.634,103.773,100.969,101.494,31120900,3158584624.6
2023-03-28,GOOGL,101.474,101.484,98.8,100.078,32057900,3208290516.2
2023-03-29,GOOGL,101.316,101.524,99.701,100.434,28779600,2890450346.4
2023-03-30,GOOGL,99.959,100.206,98.839,99.939,33086200,3306601741.8
2023-03-31,GOOGL,100.345,102.911,100.088,102.752,36863400,3787788076.8
2023-04-03,GOOGL,101.425,103.545,100.969,103.376,25035400,2588059510.4
2023-04-04,GOOGL,103.347,104.585,103.059,103.733,24420100,2533170233.3
2023-04-05,GOOGL,104.783,105.1,102.683,103.485,28290500,2927642392.5
2023-04-06,GOOGL,104.268,108.141,103.347,107.398,48711500,5231517677.0
2023-04-10,GOOGL,105.972,106.576,104.129,105.437,27067400,2853905453.8
2023-04-11,GOOGL,105.546,105.724,103.693,104.357,26311800,2745820512.6
2023-04-12,GOOGL,105.575,105.744,103.356,103.654,24370300,2526079076.2
2023-04-13,GOOGL,104.842,106.477,104.842,106.417,24843600,2643781381.2
2023-04-14,GOOGL,105.882,107.913,105.833,107.844,26578000,2866277832.0
2023-04-17,GOOGL,103.673,105.159,103.535,104.971,37571200,3943886435.2
2023-04-18,GOOGL,105.486,105.536,103.089,103.515,26596400,2753126346.0
2023-04-19,GOOGL,102.604,103.99,102.098,103.198,20905700,2157426428.6
2023-04-20,GOOGL,102.931,105.248,102.891,104.298,27820800,2901653798.4
2023-04-21,GOOGL,104.476,105.001,103.792,104.416,25800100,2693943241.6
2023-04-24,GOOGL,104.496,105.625,103.713,104.971,23542800,2471311258.8
2023-04-25,GOOGL,104.832,105.684,102.861,102.871,46664100,4800382631.1
2023-04-26,GOOGL,103.931,105.348,101.663,102.732,53347600,5480505643.2
2023-04-27,GOOGL,103.465,107.349,102.564,106.576,50089200,5338306579.2
2023-04-28,GOOGL,106.031,106.338,104.099,106.328,36139800,3842672654.4
2023-05-01,GOOGL,105.833,106.972,105.813,106.19,26681700,2833329723.0
2023-05-02,GOOGL,106.13,106.19,102.732,104.327,30997200,3233844884.4
2023-05-03,GOOGL,104.535,106.477,103.971,104.416,21795400,2275788486.4
2023-05-04,GOOGL,104.496,104.605,102.99,103.703,23419500,2428672408.5
2023-05-05,GOOGL,103.832,104.882,103.129,104.575,26639300,2785804797.5
2023-05-08,GOOGL,104.189,106.942,104.169,106.754,26511400,2830197995.6
2023-05-09,GOOGL,107.368,109.112,106.18,106.338,36360100,3866460313.8
2023-05-10,GOOGL,106.952,111.875,106.913,110.697,63153400,6990891919.8
2023-05-11,GOOGL,114.312,116.808,113.332,115.471,78900000,9110661900.0
2023-05-12,GOOGL,115.58,116.917,115.016,116.402,41102300,4784389924.6
2023-05-15,GOOGL,115.016,117.363,114.916,115.412,36266800,4185623921.6
2023-05-16,GOOGL,115.392,119.612,115.333,118.384,45035600,5331494470.4
2023-05-17,GOOGL,118.483,120.523,117.769,119.701,33323600,3988868243.6
2023-05-18,GOOGL,119.81,122.148,119.691,121.672,35234200,4287015582.4
2023-05-19,GOOGL,122.385,124.783,120.999,121.603,41353400,5028697500.2
2023-05-22,GOOGL,121.781,125.238,121.583,123.871,35253000,4366824363.0
2023-05-23,GOOGL,122.99,123.455,121.058,121.405,34046300,4133391051.5
2023-05-24,GOOGL,119.978,120.761,118.73,119.76,34182600,4093708176.0
2023-05-25,GOOGL,123.346,124.139,120.81,122.316,42317000,5176046172.0
2023-05-26,GOOGL,122.009,124.079,121.296,123.435,35635900,4398717316.5
2023-05-30,GOOGL,124.456,124.476,120.85,122.504,35076700,4297036056.8
2023-05-31,GOOGL,121.593,122.891,121.345,121.712,37325800,4542997769.6
2023-06-01,GOOGL,121.662,123.247,121.464,122.554,30772700,3771317475.8
2023-06-02,GOOGL,122.821,124.961,122.593,123.495,26980100,3331907449.5
2023-06-05,GOOGL,122.841,126.229,122.673,124.822,32305500,4032437121.0
2023-06-06,GOOGL,124.822,127.081,124.178,126.11,26638300,3359356013.0
2023-06-07,GOOGL,125.773,127.824,120.969,121.345,52539000,6375344955.0
2023-06-08,GOOGL,121.078,122.068,120.097,120.989,29389200,3555769918.8
2023-06-09,GOOGL,121.098,122.593,120.761,121.078,23778300,2879029007.4
2023-06-12,GOOGL,121.633,122.881,120.513,122.475,28306400,3466826340.0
2023-06-13,GOOGL,123.802,123.98,122.019,122.663,22278300,2732723112.9
2023-06-14,GOOGL,121.94,122.881,120.305,122.504,30592300,3747679119.2
2023-06-15,GOOGL,121.979,124.277,121.246,123.911,35246300,4367404279.3
2023-06-16,GOOGL,124.743,124.921,122.118,122.366,45535600,5572009229.6
2023-06-20,GOOGL,121.771,123.396,120.989,121.94,26097500,3182329150.0
2023-06-21,GOOGL,121.246,121.504,118.968,119.414,30306300,3618996508.2
2023-06-22,GOOGL,118.869,122.078,117.71,121.989,26952200,3287871925.8
2023-06-23,GOOGL,120.236,121.633,119.919,121.187,34913600,4231074443.2
2023-06-26,GOOGL,119.622,120.85,117.155,117.225,33969900,3982121527.5
2023-06-27,GOOGL,115.976,117.958,115.006,117.215,39535900,4634200518.5
2023-06-28,GOOGL,115.986,119.255,115.749,119.047,27091400,3225149895.8
2023-06-29,GOOGL,118.116,118.928,117.185,117.977,24090900,2842172109.3
2023-06-30,GOOGL,119.037,119.939,118.562,118.572,29532200,3501692018.4
2023-07-03,GOOGL,118.116,119.057,117.7,118.77,14467900,1718352483.0
2023-07-05,GOOGL,118.116,121.454,118.106,120.602,27584800,3326782049.6
2023-07-06,GOOGL,118.671,119.166,117.284,118.978,24745200,2944134405.6
2023-07-07,GOOGL,118.968,119.909,118.275,118.354,21709500,2569406163.0
2023-07-10,GOOGL,117.185,117.195,115.045,115.352,35315200,4073678950.4
2023-07-11,GOOGL,115.194,116.6,114.263,116.036,23078800,2677971636.8
2023-07-12,GOOGL,117.68,119.196,117.294,117.809,30404400,3581911959.6
2023-07-13,GOOGL,119.79,123.653,119.315,123.366,44297900,5464854731.4
2023-07-14,GOOGL,123.624,125.585,122.326,124.238,33283100,4135025777.8
2023-07-17,GOOGL,124.753,125.902,123.029,123.475,25716200,3175307795.0
2023-07-18,GOOGL,123.426,123.505,121.801,122.593,26193600,3211152004.8
2023-07-19,GOOGL,123.426,124.0,120.652,120.88,37224000,4499637120.0
2023-07-20,GOOGL,120.275,122.92,117.106,118.076,37906800,4475883316.8
2023-07-21,GOOGL,119.483,119.85,117.611,118.889,72937900,8671513993.1
2023-07-24,GOOGL,120.513,121.841,119.84,120.384,29686100,3573731462.4
2023-07-25,GOOGL,120.216,121.989,119.879,121.058,52509600,6356707156.8
2023-07-26,GOOGL,128.844,129.745,127.11,128.051,61682100,7898454587.1
2023-07-27,GOOGL,130.429,131.984,127.576,128.18,44952100,5761960178.0
2023-07-28,GOOGL,129.547,132.479,129.339,131.33,36591200,4805522296.0
2023-07-31,GOOGL,131.479,132.271,130.538,131.469,28055500,3688428529.5
2023-08-01,GOOGL,129.547,131.38,129.448,130.31,23166800,3018865708.0
2023-08-02,GOOGL,128.23,128.864,126.358,127.17,26273300,3341175561.0
2023-08-03,GOOGL,126.764,128.17,126.219,127.239,20089500,2556167890.5
2023-08-04,GOOGL,128.061,130.27,126.704,126.902,26147200,3318131974.4
2023-08-07,GOOGL,127.943,130.369,127.804,130.29,22746300,2963615427.0
2023-08-08,GOOGL,129.389,130.27,128.319,130.161,23535200,3063365167.2
2023-08-09,GOOGL,130.419,130.795,127.784,128.438,24912900,3199763050.2
2023-08-10,GOOGL,130.082,130.805,128.23,128.468,20857800,2679559850.4
2023-08-11,GOOGL,127.447,128.705,126.962,128.339,19591100,2514302182.9
2023-08-14,GOOGL,128.17,130.132,127.744,130.092,24695600,3212699995.2
2023-08-15,GOOGL,129.864,130.181,128.061,128.557,19770700,2541661879.9
2023-08-16,GOOGL,127.487,129.052,126.665,127.487,25216100,3214724940.7
2023-08-17,GOOGL,128.577,130.746,128.071,128.695,33446300,4304371578.5
2023-08-18,GOOGL,127.299,128.032,125.189,126.259,30504800,3851505543.2
2023-08-21,GOOGL,125.981,127.517,125.367,127.16,25248700,3210624692.0
2023-08-22,GOOGL,127.299,129.052,127.11,127.863,22054900,2820005678.7
2023-08-23,GOOGL,128.953,132.152,128.646,131.122,27819700,3647774703.4
2023-08-24,GOOGL,132.687,132.985,128.349,128.557,28500700,3663964489.9
2023-08-25,GOOGL,128.319,129.527,126.051,128.656,26762900,3443207662.4
2023-08-28,GOOGL,130.072,131.291,128.913,129.775,20543300,2666006757.5
2023-08-29,GOOGL,130.994,135.283,130.994,133.302,43075600,5742063631.2
2023-08-30,GOOGL,133.51,134.995,132.806,134.599,28315800,3811278364.2
2023-08-31,GOOGL,134.728,136.699,134.51,134.886,30053800,4053836866.8
2023-09-01,GOOGL,136.164,136.164,133.579,134.381,21543700,2895063949.7
2023-09-05,GOOGL,134.163,135.134,133.311,134.49,19403100,2609522919.0
2023-09-06,GOOGL,134.738,135.243,132.41,133.193,18684500,2488644608.5
2023-09-07,GOOGL,132.331,134.302,131.697,133.985,18844300,2524853535.5
2023-09-08,GOOGL,133.638,135.372,133.579,135.094,23558300,3182584980.2
2023-09-11,GOOGL,135.253,136.184,134.51,135.629,20763400,2816119178.6
2023-09-12,GOOGL,134.976,135.58,133.916,134.064,18405500,2467514952.0
2023-09-13,GOOGL,133.817,135.61,132.886,135.421,20749500,2809918039.5
2023-09-14,GOOGL,136.303,137.393,134.956,136.798,24751000,3385887298.0
2023-09-15,GOOGL,136.679,137.214,135.194,136.105,38919600,5297152158.0
2023-09-18,GOOGL,135.322,137.848,135.322,136.907,21861300,2992964999.1
2023-09-19,GOOGL,136.125,137.105,135.332,136.739,20353700,2783144584.3
2023-09-20,GOOGL,136.778,136.778,132.36,132.479,29927500,3964765272.5
2023-09-21,GOOGL,130.201,130.984,128.844,129.21,31503900,4070618919.0
2023-09-22,GOOGL,129.527,130.785,128.378,129.022,26397300,3405832440.6
2023-09-25,GOOGL,128.606,129.934,127.744,129.874,20094600,2609766080.4
2023-09-26,GOOGL,128.547,129.131,126.021,127.358,25718700,3275482194.6
2023-09-27,GOOGL,127.358,129.666,127.358,129.31,22746500,2941349915.0
2023-09-28,GOOGL,128.616,132.044,128.567,131.063,22513100,2950634425.3
2023-09-29,GOOGL,132.024,132.786,129.131,129.627,30859800,4000263294.6
2023-10-02,GOOGL,129.973,133.153,129.934,132.905,22288000,2962186640.0
2023-10-03,GOOGL,132.677,132.994,130.597,131.182,22989400,3015795470.8
2023-10-04,GOOGL,131.538,134.292,131.281,133.965,26752300,3583871869.5
2023-10-05,GOOGL,133.797,134.213,132.192,133.797,19832600,2653542382.2
2023-10-06,GOOGL,132.747,136.858,132.747,136.283,27597600,3761083720.8
2023-10-09,GOOGL,135.649,137.63,134.332,137.115,19278100,2643316681.5
2023-10-10,GOOGL,137.195,138.403,136.036,136.759,27786600,3800067629.4
2023-10-11,GOOGL,137.274,139.78,137.274,139.225,25884300,3603741667.5
2023-10-12,GOOGL,139.72,139.889,136.957,137.66,24765500,3409218730.0
2023-10-13,GOOGL,138.066,138.68,135.332,136.065,23420500,3186710332.5
2023-10-16,GOOGL,136.868,138.314,136.689,137.789,28501900,3927248299.1
2023-10-17,GOOGL,137.323,138.581,135.887,138.403,23515800,3254657267.4
2023-10-18,GOOGL,138.136,139.394,136.085,136.66,23375000,3194427500.0
2023-10-19,GOOGL,137.194,138.344,136.085,136.452,26066000,3556757832.0
2023-10-20,GOOGL,136.036,136.57,133.807,134.322,26335700,3537463895.4
2023-10-23,GOOGL,133.767,136.362,132.687,135.213,26317900,3558522212.7
2023-10-24,GOOGL,136.531,138.046,136.125,137.502,44814300,6162055878.6
2023-10-25,GOOGL,126.952,127.101,123.891,124.426,84366200,10497348801.2
2023-10-26,GOOGL,122.108,123.158,120.127,121.127,57061100,6911639859.7
2023-10-27,GOOGL,121.722,122.148,119.077,121.018,44566500,5393348697.0
2023-10-30,GOOGL,122.049,124.218,121.593,123.287,28940100,3567938108.7
2023-10-31,GOOGL,123.881,124.188,121.534,122.91,26292300,3231586593.0
2023-11-01,GOOGL,122.901,125.298,122.554,125.258,30082400,3768061259.2
2023-11-02,GOOGL,127.21,127.764,125.734,126.288,27124600,3425511484.8
2023-11-03,GOOGL,126.813,128.309,126.655,127.883,26393100,3375228807.3
2023-11-06,GOOGL,127.834,129.111,127.457,129.022,19052700,2458217459.4
2023-11-07,GOOGL,129.478,130.667,128.656,129.735,29757300,3860563315.5
2023-11-08,GOOGL,129.735,130.964,129.547,130.597,26425800,3451130202.6
2023-11-09,GOOGL,130.716,131.301,128.844,129.012,23747800,3063751173.6
2023-11-10,GOOGL,128.874,131.548,128.19,131.34,26913300,3534792822.0
2023-11-13,GOOGL,130.538,131.34,130.013,130.845,18324800,2397708456.0
2023-11-14,GOOGL,132.925,134.421,132.063,132.36,32395200,4287828672.0
2023-11-15,GOOGL,133.599,133.757,132.311,133.351,23861500,3181954886.5
2023-11-16,GOOGL,133.916,135.927,133.054,135.639,28013200,3799682434.8
2023-11-17,GOOGL,134.718,134.777,132.39,134.035,37240600,4991543821.0
2023-11-20,GOOGL,132.43,135.372,132.36,134.966,27815500,3754146773.0
2023-11-21,GOOGL,135.005,135.887,134.678,135.679,22635300,3071134868.7
2023-11-22,GOOGL,136.174,138.106,136.174,137.185,17813900,2443799871.5
2023-11-24,GOOGL,136.729,136.828,134.708,135.402,12514300,1694461248.6
2023-11-27,GOOGL,134.748,137.115,134.718,135.124,23436500,3166833626.0
2023-11-28,GOOGL,134.797,135.956,134.144,135.907,18730000,2545538110.0
2023-11-29,GOOGL,136.273,136.986,133.569,133.718,23967200,3204846049.6
2023-11-30,GOOGL,133.777,134.272,130.043,131.281,38988300,5118423012.3
2023-12-01,GOOGL,130.617,130.865,129.438,130.617,31442300,4106898899.1
2023-12-04,GOOGL,128.656,128.804,126.694,128.051,36669900,4695617364.9
2023-12-05,GOOGL,127.735,130.894,127.041,129.755,27384800,3553314724.0
2023-12-06,GOOGL,130.201,130.597,128.656,128.794,23576200,3036473102.8
2023-12-07,GOOGL,133.767,137.254,133.43,135.639,56767100,7699832676.9
2023-12-08,GOOGL,132.935,135.114,132.767,133.718,32260100,4313756051.8
2023-12-11,GOOGL,131.132,132.083,130.122,132.034,31138000,4111274692.0
2023-12-12,GOOGL,130.568,131.746,130.023,131.271,29032800,3811164688.8
2023-12-13,GOOGL,132.123,132.242,130.33,131.32,30104800,3953362336.0
2023-12-14,GOOGL,132.123,132.46,128.468,130.696,38722400,5060862790.4
2023-12-15,GOOGL,130.379,132.251,129.943,131.35,50847100,6678766585.0
2023-12-18,GOOGL,131.38,135.857,131.182,134.52,32258000,4339346160.0
2023-12-19,GOOGL,135.55,136.174,134.797,135.362,25476800,3448590601.6
2023-12-20,GOOGL,137.66,140.364,136.769,137.036,49107200,6729454259.2
2023-12-21,GOOGL,138.175,139.364,137.868,139.096,27488300,3823512576.8
2023-12-22,GOOGL,139.443,140.652,139.384,140.156,26532200,3718647023.2
2023-12-26,GOOGL,140.255,141.335,139.859,140.186,16780300,2352363135.8
2023-12-27,GOOGL,140.255,140.741,138.571,139.047,19628600,2729297944.2
2023-12-28,GOOGL,139.453,139.81,138.433,138.908,16045700,2228876095.6
2023-12-29,GOOGL,138.314,139.037,137.472,138.373,18733000,2592141409.0
2024-01-02,GOOGL,137.244,138.136,135.194,136.868,23711200,3245304521.6
2024-01-03,GOOGL,135.956,138.314,135.788,137.611,24212100,3331851293.1
2024-01-04,GOOGL,137.115,137.848,135.065,135.104,27137700,3666411820.8
2024-01-05,GOOGL,135.461,135.867,133.876,134.451,22513900,3027016368.9
2024-01-08,GOOGL,135.005,137.7,134.976,137.531,21404000,2943713524.0
2024-01-09,GOOGL,137.195,140.156,136.848,139.621,24759600,3456960111.6
2024-01-10,GOOGL,139.671,141.652,139.582,140.939,21320200,3004847667.8
2024-01-11,GOOGL,142.137,143.851,139.314,140.741,24008700,3379008446.7
2024-01-12,GOOGL,141.325,141.85,140.483,141.305,18785500,2654485077.5
2024-01-16,GOOGL,140.661,142.989,140.117,141.147,22670500,3199873063.5
2024-01-17,GOOGL,140.018,140.503,137.591,140.137,20968600,2938476698.2
2024-01-18,GOOGL,140.711,142.851,140.652,142.128,25746400,3659284339.2
2024-01-19,GOOGL,143.376,145.07,143.019,145.0,34271900,4969425500.0
2024-01-22,GOOGL,145.713,146.991,144.465,144.614,32200400,4656628645.6
2024-01-23,GOOGL,144.515,145.793,144.128,145.654,21636100,3151384509.4
2024-01-24,GOOGL,147.14,148.437,146.704,147.298,25233500,3716844083.0
2024-01-25,GOOGL,148.655,151.607,148.13,150.438,29149100,4385132305.8
2024-01-26,GOOGL,149.676,151.102,149.587,150.755,26115500,3937042202.5
2024-01-29,GOOGL,150.627,152.33,150.003,152.063,27784300,4224964010.9
2024-01-30,GOOGL,151.36,152.172,149.765,150.032,36331800,5450932617.6
2024-01-31,GOOGL,142.266,142.643,138.552,138.779,71910000,9979597890.0
2024-02-01,GOOGL,140.78,141.712,139.463,139.829,40466500,5658390228.5
2024-02-02,GOOGL,137.947,141.276,135.213,141.038,62499600,8814818584.8
2024-02-05,GOOGL,141.474,144.099,141.434,142.326,38505400,5480319560.4
2024-02-06,GOOGL,143.287,143.99,141.84,142.742,29128200,4157817524.4
2024-02-07,GOOGL,143.395,144.247,142.573,144.168,25208900,3634316695.2
2024-02-08,GOOGL,144.455,144.951,143.732,144.535,22563800,3261258833.0
2024-02-09,GOOGL,145.297,148.031,144.802,147.596,26829500,3959926882.0
2024-02-12,GOOGL,147.021,147.932,145.981,146.139,21564100,3151356009.9
2024-02-13,GOOGL,143.554,145.287,142.336,143.772,27837700,4002281804.4
2024-02-14,GOOGL,144.703,145.139,142.732,144.564,22704200,3282209968.8
2024-02-15,GOOGL,141.791,142.167,139.136,141.424,37590700,5316227156.8
2024-02-16,GOOGL,141.642,141.84,138.819,139.195,31468900,4380313535.5
2024-02-20,GOOGL,138.344,140.741,138.175,139.79,25144700,3514977613.0
2024-02-21,GOOGL,140.117,141.345,139.354,141.206,23223300,3279269299.8
2024-02-22,GOOGL,143.564,143.633,141.454,142.732,27191900,3881154270.8
2024-02-23,GOOGL,142.316,143.316,142.078,142.603,19493800,2779874361.4
2024-02-26,GOOGL,140.8,141.097,136.095,136.273,53641800,7309929011.4
2024-02-27,GOOGL,136.719,137.937,135.798,137.571,33099200,4553490043.2
2024-02-28,GOOGL,136.6,136.709,134.134,135.094,37328600,5042869888.4
2024-02-29,GOOGL,135.986,137.551,135.114,137.155,42133000,5778751615.0
2024-03-01,GOOGL,137.125,137.561,135.629,135.847,31151100,4231783481.7
2024-03-04,GOOGL,134.381,134.381,130.667,132.093,55999400,7397128744.2
2024-03-05,GOOGL,130.637,131.984,129.438,131.419,40194800,5282360421.2
2024-03-06,GOOGL,131.865,132.321,129.617,130.161,35318600,4597104294.6
2024-03-07,GOOGL,131.538,133.668,130.369,133.113,37738200,5023445016.6
2024-03-08,GOOGL,132.945,136.788,132.737,134.134,39370400,5280909233.6
2024-03-11,GOOGL,134.847,137.789,134.847,136.372,32437800,4423607661.6
2024-03-12,GOOGL,135.738,138.066,135.738,137.194,27563400,3781533099.6
2024-03-13,GOOGL,137.69,139.76,137.68,138.472,23347200,3232933478.4
2024-03-14,GOOGL,139.859,142.237,139.136,141.751,42753400,6060337203.4
2024-03-15,GOOGL,141.157,141.83,138.71,139.849,49475400,6919085214.6
2024-03-18,GOOGL,147.209,150.716,145.783,146.288,69273700,10133911025.6
2024-03-19,GOOGL,146.763,147.388,144.703,145.644,24070400,3505709337.6
2024-03-20,GOOGL,146.605,147.457,145.357,147.338,21311500,3139993787.0
2024-03-21,GOOGL,148.061,148.953,145.515,146.209,24755600,3619491520.4
2024-03-22,GOOGL,147.714,150.151,147.576,149.349,29211800,4362753118.2
2024-03-25,GOOGL,148.527,148.963,146.427,148.655,19229300,2858531591.5
2024-03-26,GOOGL,148.804,150.825,148.566,149.25,22149100,3305753175.0
2024-03-27,GOOGL,149.755,150.211,147.496,149.448,22879200,3419250681.6
2024-03-28,GOOGL,149.428,150.003,148.755,149.507,24485400,3660738697.8
2024-04-01,GOOGL,149.27,154.272,149.19,154.024,31730800,4887304739.2
2024-04-02,GOOGL,152.053,153.242,150.716,153.103,24586000,3764190358.0
2024-04-03,GOOGL,152.152,153.618,151.29,153.46,24705000,3791229300.0
2024-04-04,GOOGL,152.053,153.311,149.032,149.111,34724700,5177834741.7
2024-04-05,GOOGL,148.616,151.974,148.19,151.063,23459200,3543817129.6
2024-04-08,GOOGL,151.34,153.806,151.171,153.39,20702000,3175479780.0
2024-04-09,GOOGL,154.619,157.065,153.727,155.124,31079500,4821176358.0
2024-04-10,GOOGL,154.738,155.134,153.222,154.668,22838600,3532400584.8
2024-04-11,GOOGL,155.431,158.175,154.985,157.907,27166400,4289764724.8
2024-04-12,GOOGL,156.471,158.71,155.659,156.243,25353700,3961338149.1
2024-04-15,GOOGL,157.363,157.739,153.133,153.4,27136500,4162739100.0
2024-04-16,GOOGL,152.737,154.183,151.984,152.945,20779500,3178120627.5
2024-04-17,GOOGL,154.153,155.599,153.123,154.005,21763100,3351626215.5
2024-04-18,GOOGL,153.876,155.461,153.163,154.539,19883000,3072698937.0
2024-04-19,GOOGL,154.728,154.886,150.864,152.638,32615600,4978379952.8
2024-04-22,GOOGL,152.855,156.154,152.608,154.807,26446200,4094056883.4
2024-04-23,GOOGL,155.481,157.472,154.807,156.768,21151600,3315894028.8
2024-04-24,GOOGL,156.005,158.066,155.689,157.63,22779100,3590669533.0
2024-04-25,GOOGL,149.904,155.015,149.448,154.53,57109700,8825161941.0
2024-04-26,GOOGL,172.726,173.063,168.051,170.329,64665300,11014375883.7
2024-04-29,GOOGL,167.466,167.952,163.653,164.584,45610000,7506676240.0
2024-04-30,GOOGL,164.049,166.515,161.067,161.246,33562900,5411883373.4
2024-05-01,GOOGL,162.751,165.545,161.553,162.315,33493200,5436448758.0
2024-05-02,GOOGL,163.237,165.158,162.345,165.049,24294500,4009782930.5
2024-05-03,GOOGL,165.981,166.377,161.513,165.664,34662400,5742311833.6
2024-05-06,GOOGL,165.882,166.555,164.465,166.516,21871300,3641921390.8
2024-05-07,GOOGL,166.912,170.141,166.803,169.636,28039700,4756542549.2
2024-05-08,GOOGL,167.407,168.546,167.149,167.783,19569100,3283362305.3
2024-05-09,GOOGL,167.793,169.081,166.595,168.358,15346700,2583739718.6
2024-05-10,GOOGL,166.446,168.249,164.623,167.06,29799900,4978371294.0
2024-05-13,GOOGL,162.712,167.684,162.454,167.546,31327600,5248814069.6
2024-05-14,GOOGL,168.17,169.636,167.209,168.734,25127100,4239796091.4
2024-05-15,GOOGL,169.022,171.023,168.903,170.884,26948400,4605050385.6
2024-05-16,GOOGL,171.657,173.469,171.062,172.538,27867900,4808271730.2
2024-05-17,GOOGL,172.538,174.608,172.053,174.4,24479300,4269189920.0
2024-05-20,GOOGL,174.529,177.085,174.42,175.252,22554400,3952703708.8
2024-05-21,GOOGL,175.233,176.471,174.153,176.174,16989400,2993090555.6
2024-05-22,GOOGL,174.975,175.48,173.558,174.717,17880000,3123939960.0
2024-05-23,GOOGL,175.401,176.57,171.32,171.914,21024900,3614474658.6
2024-05-24,GOOGL,173.331,174.113,172.013,173.341,16579400,2873889775.4
2024-05-28,GOOGL,172.806,175.599,172.726,174.737,20572200,3594724511.4
2024-05-29,GOOGL,173.776,175.173,173.073,174.242,23388700,4075293865.4
2024-05-30,GOOGL,173.549,173.568,170.171,170.488,22931500,3909545572.0
2024-05-31,GOOGL,170.24,171.429,167.843,170.874,37638900,6431509398.6
2024-06-03,GOOGL,170.914,172.885,169.547,171.538,27459100,4710279095.8
2024-06-04,GOOGL,171.647,172.211,170.27,172.152,26879600,4627376899.2
2024-06-05,GOOGL,173.549,174.985,172.291,173.757,22068500,3834556354.5
2024-06-06,GOOGL,174.242,175.48,174.093,175.064,23251000,4070413064.0
2024-06-07,GOOGL,175.381,176.193,172.657,172.816,19661400,3397804502.4
2024-06-10,GOOGL,173.52,175.592,171.328,173.559,23726700,4117982325.3
2024-06-11,GOOGL,174.759,175.374,172.33,175.156,21540600,3772965333.6
2024-06-12,GOOGL,176.772,178.915,174.65,176.316,27864700,4912992445.2
2024-06-13,GOOGL,174.65,175.275,173.43,173.708,20913300,3632807516.4
2024-06-14,GOOGL,172.776,175.592,172.706,175.325,18063600,3167000670.0
2024-06-17,GOOGL,174.006,176.882,173.361,175.771,19618500,3448363363.5
2024-06-18,GOOGL,175.672,175.92,172.657,173.639,21869900,3797467566.1
2024-06-20,GOOGL,173.916,175.82,173.539,174.839,20160100,3524771723.9
2024-06-21,GOOGL,175.533,179.351,175.146,178.141,57759000,10289246019.0
2024-06-24,GOOGL,178.667,179.391,177.189,177.734,18298000,3252176732.0
2024-06-25,GOOGL,178.131,182.762,177.933,182.505,23130200,4221377151.0
2024-06-26,GOOGL,181.116,182.981,180.967,182.356,19839000,3617760684.0
2024-06-27,GOOGL,182.653,184.508,182.495,183.873,18848900,3465803789.7
2024-06-28,GOOGL,182.792,183.595,180.452,180.64,29156600,5266848224.0
2024-07-01,GOOGL,181.513,182.356,179.797,181.473,16006100,2904674985.3
2024-07-02,GOOGL,180.541,184.032,180.055,183.705,17372500,3191415112.5
2024-07-03,GOOGL,183.318,184.547,182.475,184.28,10242100,1887414188.0
2024-07-05,GOOGL,184.319,189.278,184.26,189.02,20967500,3963276850.0
2024-07-08,GOOGL,188.326,188.594,186.223,187.463,21035900,3943452921.7
2024-07-09,GOOGL,188.732,189.774,187.156,187.414,15121400,2833962059.6
2024-07-10,GOOGL,187.582,190.161,187.463,189.595,15952500,3024514237.5
2024-07-11,GOOGL,188.276,189.278,183.546,184.032,25625800,4715967225.6
2024-07-12,GOOGL,183.546,185.559,182.961,183.536,22898400,4202680742.4
2024-07-15,GOOGL,183.387,186.68,183.387,184.984,16474000,3047426416.0
2024-07-16,GOOGL,185.807,187.116,181.85,182.395,18290700,3336132226.5
2024-07-17,GOOGL,181.453,182.029,178.409,179.52,20734100,3722185632.0
2024-07-18,GOOGL,180.422,180.987,175.007,176.217,25315700,4461056706.9
2024-07-19,GOOGL,177.397,178.796,175.662,176.187,18881900,3326745315.3
2024-07-22,GOOGL,179.093,181.186,178.736,180.164,24100300,4342006449.2
2024-07-23,GOOGL,180.541,182.088,180.035,180.283,36352700,6553773814.1
2024-07-24,GOOGL,172.161,174.73,170.396,171.199,49585200,8488936654.8
2024-07-25,GOOGL,171.09,171.983,165.804,165.893,44852000,7440632836.0
2024-07-26,GOOGL,165.764,166.697,162.7,165.616,41336900,6846052030.4
2024-07-29,GOOGL,167.431,169.017,166.598,168.125,20293800,3411895125.0
2024-07-30,GOOGL,168.829,169.811,167.044,168.878,18959700,3201876216.6
2024-07-31,GOOGL,171.804,172.806,168.601,170.118,25729100,4376983033.8
2024-08-01,GOOGL,168.839,172.607,167.48,169.345,24531400,4154269933.0
2024-08-02,GOOGL,165.06,167.113,163.305,165.279,29130100,4814593797.9
2024-08-05,GOOGL,154.211,163.067,153.646,157.93,53630700,8469896451.0
2024-08-06,GOOGL,158.009,159.239,155.113,156.978,49004600,7692644098.8
2024-08-07,GOOGL,159.913,161.629,157.156,157.623,25138600,3962421547.8
2024-08-08,GOOGL,159.18,162.333,158.882,160.687,25578800,4110180635.6
2024-08-09,GOOGL,158.684,162.432,157.742,162.313,28602300,4642525119.9
2024-08-12,GOOGL,162.988,163.533,160.498,160.945,15895300,2558269058.5
2024-08-13,GOOGL,162.055,163.365,161.619,162.799,18551700,3020198208.3
2024-08-14,GOOGL,161.054,161.867,156.403,159.041,40591100,6455649135.1
2024-08-15,GOOGL,159.17,160.3,158.287,159.963,31524300,5042721600.9
2024-08-16,GOOGL,160.132,163.692,159.794,161.609,24208600,3912327637.4
2024-08-19,GOOGL,163.91,165.308,162.898,165.288,22416200,3705128865.6
2024-08-20,GOOGL,165.517,167.242,165.437,165.794,18341500,3040910651.0
2024-08-21,GOOGL,163.781,165.467,163.305,164.475,22902000,3766806450.0
2024-08-22,GOOGL,165.874,166.201,161.956,162.442,22493300,3653856638.6
2024-08-23,GOOGL,163.355,164.803,162.472,164.247,13955700,2292181857.9
2024-08-26,GOOGL,165.001,166.161,163.097,164.783,14190400,2338336683.2
2024-08-27,GOOGL,164.465,165.06,163.097,163.315,11821900,1930693598.5
2024-08-28,GOOGL,163.672,164.227,160.191,161.5,16407400,2649795100.0
2024-08-29,GOOGL,162.948,164.594,158.922,160.439,19699800,3160616212.2
2024-08-30,GOOGL,161.272,162.303,160.35,162.026,22123800,3584630818.8
2024-09-03,GOOGL,160.379,160.508,155.183,156.056,38945300,6077647736.8
2024-09-04,GOOGL,155.361,157.682,154.667,155.153,19353800,3002800131.4
2024-09-05,GOOGL,155.004,158.128,154.687,155.937,18688700,2914259811.9
2024-09-06,GOOGL,155.996,156.522,149.302,149.669,37912100,5674266094.9
2024-09-09,GOOGL,151.447,152.33,146.193,147.673,39260500,5797715816.5
2024-09-10,GOOGL,149.401,150.215,147.306,147.623,31118800,4593850612.4
2024-09-11,GOOGL,148.875,150.444,146.491,150.106,29607700,4444293416.2
2024-09-12,GOOGL,152.728,153.74,151.586,153.611,29621500,4550188236.5
2024-09-13,GOOGL,154.346,157.276,154.128,156.362,29591200,4626939214.4
2024-09-16,GOOGL,156.213,157.146,155.508,156.958,18379800,2884856648.4
2024-09-17,GOOGL,157.911,159.43,157.276,158.209,20715600,3277394360.4
2024-09-18,GOOGL,158.745,159.381,157.494,158.696,23677300,3757492800.8
2024-09-19,GOOGL,162.568,162.648,160.215,161.009,26587700,4280858989.3
2024-09-20,GOOGL,162.36,162.588,160.93,162.449,40896400,6643579283.6
2024-09-23,GOOGL,163.204,164.336,160.543,160.721,24150900,3881556798.9
2024-09-24,GOOGL,161.893,162.082,159.569,161.158,23332100,3760154571.8
2024-09-25,GOOGL,160.344,161.675,160.175,160.364,18869200,3025940388.8
2024-09-26,GOOGL,162.499,162.936,161.148,161.595,20319300,3283497283.5
2024-09-27,GOOGL,161.675,164.545,161.496,162.807,21101300,3435439349.1
2024-09-30,GOOGL,162.181,164.991,162.122,164.693,20413900,3362026432.7
2024-10-01,GOOGL,166.521,167.98,163.432,165.826,28338100,4699193770.6
2024-10-02,GOOGL,165.26,166.352,163.581,164.703,17760200,2925158220.6
2024-10-03,GOOGL,163.264,165.478,162.777,164.703,15073100,2482584789.3
2024-10-04,GOOGL,166.888,167.057,164.326,165.895,19047400,3159868423.0
2024-10-07,GOOGL,166.55,167.305,161.615,161.844,22463100,3635517956.4
2024-10-08,GOOGL,162.797,163.581,161.734,163.234,23072700,3766249111.8
2024-10-09,GOOGL,162.31,163.691,158.626,160.731,31181800,5011881895.8
2024-10-10,GOOGL,159.748,161.933,159.282,160.95,14144100,2276492895.0
2024-10-11,GOOGL,160.999,162.757,160.116,162.102,15344300,2487341718.6
2024-10-14,GOOGL,162.499,165.071,162.261,163.81,19016100,3115027341.0
2024-10-15,GOOGL,164.634,166.511,163.482,164.306,20247200,3326736443.2
2024-10-16,GOOGL,163.383,164.644,162.598,164.008,16406000,2690715248.0
2024-10-17,GOOGL,164.574,165.21,161.625,161.794,21453400,3471031399.6
2024-10-18,GOOGL,162.052,163.561,161.943,162.28,19757700,3206279556.0
2024-10-21,GOOGL,161.814,163.353,161.486,162.926,20946500,3412729459.0
2024-10-22,GOOGL,161.844,164.614,161.844,163.988,16568100,2716969582.8
2024-10-23,GOOGL,163.611,164.664,160.801,161.645,18280500,2954951422.5
2024-10-24,GOOGL,161.695,162.191,159.887,161.585,22412500,3621523812.5
2024-10-25,GOOGL,162.529,164.435,162.28,164.118,19828900,3254279410.2
2024-10-28,GOOGL,167.573,167.573,162.807,165.557,32138600,5320770200.2
2024-10-29,GOOGL,166.56,169.192,165.925,168.497,42169000,7105349993.0
2024-10-30,GOOGL,179.42,180.751,172.846,173.243,68890800,11934848864.4
2024-10-31,GOOGL,171.923,175.587,169.808,169.917,44769000,7607014173.0
2024-11-01,GOOGL,168.884,171.118,167.702,170.096,31796500,5408457464.0
2024-11-04,GOOGL,168.745,169.539,166.838,168.06,21492700,3612063162.0
2024-11-05,GOOGL,168.249,169.341,167.663,168.556,18242100,3074815407.6
2024-11-06,GOOGL,172.588,175.706,172.29,175.279,33695500,5906113544.5
2024-11-07,GOOGL,176.173,179.817,175.954,179.49,25352900,4550592021.0
2024-11-08,GOOGL,179.39,179.639,176.838,177.106,22006200,3897430057.2
2024-11-11,GOOGL,177.335,179.291,177.225,179.092,17450400,3125227036.8
2024-11-12,GOOGL,178.566,181.217,178.139,180.354,25134900,4533179754.6
2024-11-13,GOOGL,179.202,179.698,177.295,177.633,23184000,4118243472.0
2024-11-14,GOOGL,177.037,177.573,173.104,174.356,31007500,5406343670.0
2024-11-15,GOOGL,172.519,172.926,170.026,171.287,32504600,5567615420.2
2024-11-18,GOOGL,172.211,174.217,171.694,174.078,20135300,3505112753.4
2024-11-19,GOOGL,172.509,177.623,172.35,176.878,23434900,4145118242.2
2024-11-20,GOOGL,176.103,176.441,172.568,174.753,18997100,3319800216.3
2024-11-21,GOOGL,172.687,172.916,162.558,166.461,59734400,9943447958.4
2024-11-22,GOOGL,164.693,165.299,162.757,163.611,38604600,6316137210.6
2024-11-25,GOOGL,164.932,167.454,164.455,166.481,33135300,5516397879.3
2024-11-26,GOOGL,166.461,168.636,166.411,167.941,20486700,3440556884.7
2024-11-27,GOOGL,167.822,168.298,166.848,168.05,19266500,3237735325.0
2024-11-29,GOOGL,167.325,168.249,165.994,167.772,14257200,2391958958.4
2024-12-02,GOOGL,167.593,170.88,167.395,170.294,23789100,4051140995.4
2024-12-03,GOOGL,170.294,171.476,169.659,170.145,22248700,3785505061.5
2024-12-04,GOOGL,169.957,173.69,169.867,173.154,31615100,5474281025.4
2024-12-05,GOOGL,174.137,174.832,171.128,171.436,21356200,3661221503.2
2024-12-06,GOOGL,170.83,173.859,170.662,173.492,21462400,3723554700.8
2024-12-09,GOOGL,172.945,175.232,172.637,174.347,25389600,4426600591.2
2024-12-10,GOOGL,181.783,185.273,179.994,184.09,54813000,10090525170.0
2024-12-11,GOOGL,184.229,194.469,183.771,194.26,67894100,13189107866.0
2024-12-12,GOOGL,193.862,194.041,190.591,190.84,34817500,6644571700.0
2024-12-13,GOOGL,189.895,191.605,188.533,188.712,25143500,4744880172.0
2024-12-16,GOOGL,191.745,197.839,191.496,195.512,44934900,8785312168.8
2024-12-17,GOOGL,196.099,200.245,193.842,194.28,43504000,8451957120.0
2024-12-18,GOOGL,194.081,195.85,186.645,187.301,34166100,6399344696.1
2024-12-19,GOOGL,190.512,191.904,187.281,187.41,32265200,6046821132.0
2024-12-20,GOOGL,184.696,191.764,184.139,190.293,63462900,12076545629.7
2024-12-23,GOOGL,191.496,193.962,189.04,193.494,25675000,4967958450.0
2024-12-24,GOOGL,193.703,194.966,192.649,194.966,10403300,2028289787.8
2024-12-26,GOOGL,194.011,195.602,193.246,194.459,12046600,2342569789.4
2024-12-27,GOOGL,193.812,194.18,189.538,191.635,18891400,3620253439.0
2024-12-30,GOOGL,188.692,191.426,188.016,190.124,14264700,2712061822.8
2024-12-31,GOOGL,189.965,190.84,187.41,188.195,17466900,3287183245.5
2025-01-02,GOOGL,189.538,190.88,186.406,188.325,20370800,3836330910.0
2025-01-03,GOOGL,190.253,192.083,188.871,190.671,18596200,3545756050.2
2025-01-06,GOOGL,192.848,197.063,192.719,195.721,29563600,5786217355.6
2025-01-07,GOOGL,195.96,199.827,193.464,194.349,26487200,5147760832.8
2025-01-08,GOOGL,191.446,195.145,191.257,192.818,24864800,4794381006.4
2025-01-10,GOOGL,193.166,195.373,189.2,190.919,26665200,5090893318.8
2025-01-13,GOOGL,188.961,190.064,186.267,189.895,21823700,4144211511.5
2025-01-14,GOOGL,190.124,190.86,187.211,188.553,17174900,3238378919.7
2025-01-15,GOOGL,191.963,195.214,190.74,194.409,21776000,4233450384.0
2025-01-16,GOOGL,193.007,194.339,191.685,191.784,17815400,3416708673.6
2025-01-17,GOOGL,195.383,196.079,192.619,194.856,27735100,5404350645.6
2025-01-21,GOOGL,197.908,201.11,196.715,196.894,29971300,5901169142.2
2025-01-22,GOOGL,197.898,199.31,196.377,197.212,26200600,5167072727.2
2025-01-23,GOOGL,196.984,199.131,194.061,196.825,26951400,5304709305.0
2025-01-24,GOOGL,196.944,199.728,196.845,199.042,23877500,4752625355.0
2025-01-27,GOOGL,191.287,195.731,189.617,190.691,41728900,7957325669.9
2025-01-28,GOOGL,191.625,194.339,189.567,194.16,24157900,4690497864.0
2025-01-29,GOOGL,194.419,195.642,192.301,194.27,18218300,3539269141.0
2025-01-30,GOOGL,196.845,200.225,196.517,199.698,24354700,4863584880.6
2025-01-31,GOOGL,200.821,204.281,200.622,202.83,32001100,6490783113.0
2025-02-03,GOOGL,199.519,202.561,198.932,200.056,27838300,5569218944.8
2025-02-04,GOOGL,202.203,205.842,201.627,205.176,43856400,8998280726.4
2025-02-05,GOOGL,189.955,191.625,186.933,190.214,70373900,13386101014.6
2025-02-06,GOOGL,188.394,190.979,187.619,190.482,29297400,5580627346.8
2025-02-07,GOOGL,189.935,190.064,182.171,184.259,49315000,9086732585.0
2025-02-10,GOOGL,186.257,187.102,184.776,185.382,23105600,4283362339.2
2025-02-11,GOOGL,183.95,185.849,183.205,184.239,21239500,3913144240.5
2025-02-12,GOOGL,182.151,184.03,180.769,182.539,22072600,4029110331.4
2025-02-13,GOOGL,183.245,185.193,182.071,185.054,21402500,3960618235.0
2025-02-14,GOOGL,183.98,185.312,183.244,184.149,20448400,3765552411.6
2025-02-18,GOOGL,184.517,184.875,180.68,182.698,29916700,5465721256.6
2025-02-19,GOOGL,182.996,184.378,182.519,184.189,19549400,3600784436.6
2025-02-20,GOOGL,183.722,184.229,181.654,183.483,20441500,3750667744.5
2025-02-21,GOOGL,184.07,184.259,178.035,178.612,35199200,6286999510.4
2025-02-24,GOOGL,180.928,182.051,177.846,178.204,29854200,5320137856.8
2025-02-25,GOOGL,177.001,177.697,173.671,174.396,41913400,7309529306.4
2025-02-26,GOOGL,174.048,175.053,170.579,171.722,35431300,6084333698.6
2025-02-27,GOOGL,172.975,173.541,166.96,167.517,39991000,6699172347.0
2025-02-28,GOOGL,167.696,169.614,165.797,169.286,48130600,8147836751.6
2025-03-03,GOOGL,170.927,172.358,164.962,166.035,40770500,6769329967.5
2025-03-04,GOOGL,165.27,172.279,164.833,169.923,45388000,7712465124.0
2025-03-05,GOOGL,169.525,172.766,168.074,172.01,30954900,5324552349.0
2025-03-06,GOOGL,169.535,173.79,169.505,171.344,28302000,4849377888.0
2025-03-07,GOOGL,170.261,173.949,169.276,172.846,27385800,4733525986.8
2025-03-10,GOOGL,167.471,167.67,162.922,165.092,43604000,7198671568.0
2025-03-11,GOOGL,164.137,165.968,160.613,163.271,39587400,6463474385.4
2025-03-12,GOOGL,165.799,166.854,162.763,166.326,28372400,4719067802.4
2025-03-13,GOOGL,165.261,165.351,161.35,161.997,31756200,5144409131.4
2025-03-14,GOOGL,162.504,165.709,161.688,164.714,31995900,5270172672.6
2025-03-17,GOOGL,164.256,165.52,162.902,163.519,31184300,5099225551.7
2025-03-18,GOOGL,162.912,163.48,155.985,159.916,42074800,6728433716.8
2025-03-19,GOOGL,161.001,165.092,160.245,163.121,34275600,5591070147.6
2025-03-20,GOOGL,160.812,164.117,160.205,162.036,28138500,4559449986.0
2025-03-21,GOOGL,160.454,163.47,160.135,163.221,36625800,5978099701.8
2025-03-24,GOOGL,166.286,167.531,164.366,166.894,30879100,5153536515.4
2025-03-25,GOOGL,168.187,169.83,167.531,169.76,24174400,4103846144.0
2025-03-26,GOOGL,168.207,168.815,164.067,164.286,28901600,4748128257.6
2025-03-27,GOOGL,163.858,164.644,161.24,161.479,24508300,3957575775.7
2025-03-28,GOOGL,159.737,161.061,152.909,153.606,48669300,7475896495.8
2025-03-31,GOOGL,152.392,154.81,149.953,153.915,54603500,8404297702.5
2025-04-01,GOOGL,152.899,157.358,152.899,156.333,30672900,4795186475.7
2025-04-02,GOOGL,154.422,157.667,153.974,156.303,25041700,3914092835.1
2025-04-03,GOOGL,150.401,152.063,149.685,150.013,46883400,7033119484.2
2025-04-04,GOOGL,147.316,150.361,144.698,144.917,62259500,9022459961.5
2025-04-07,GOOGL,140.886,152.133,139.871,146.062,76794100,11216699834.2
2025-04-08,GOOGL,150.511,151.526,142.359,144.021,52200200,7517925004.2
2025-04-09,GOOGL,143.743,158.802,143.235,157.966,70406200,11121785789.2
2025-04-10,GOOGL,155.806,156.98,149.227,152.103,48022000,7304290266.0
2025-04-11,GOOGL,152.183,156.931,152.103,156.403,33636200,5260802588.6
2025-04-14,GOOGL,159.25,160.962,156.821,158.324,30333000,4802441892.0
2025-04-15,GOOGL,158.384,158.901,154.482,155.577,27551500,4286379715.5
2025-04-16,GOOGL,152.382,155.159,150.799,152.611,28187400,4301707301.4
2025-04-17,GOOGL,153.566,153.955,147.804,150.451,33046600,4971894016.6
2025-04-21,GOOGL,148.182,148.251,145.415,146.977,26049100,3828618570.7
2025-04-22,GOOGL,148.192,151.476,147.843,150.76,26971800,4066268568.0
2025-04-23,GOOGL,154.88,156.791,153.089,154.621,31128800,4813166184.8
2025-04-24,GOOGL,155.418,158.841,155.059,158.533,45894000,7275713502.0
2025-04-25,GOOGL,164.296,165.321,160.285,161.2,56034000,9032680800.0
2025-04-28,GOOGL,161.668,162.385,157.856,159.857,29745800,4755074350.6
2025-04-29,GOOGL,159.568,159.986,156.781,159.409,26809000,4273595881.0
2025-04-30,GOOGL,157.239,158.523,154.671,158.055,34981100,5528937760.5
2025-05-01,GOOGL,159.697,161.19,158.165,160.543,30203200,4848912337.6
2025-05-02,GOOGL,162.644,164.196,161.111,163.261,25715000,4198256615.0
2025-05-05,GOOGL,162.236,164.614,161.957,163.44,21341800,3488103792.0
2025-05-06,GOOGL,161.409,164.027,160.434,162.464,21277200,3456779020.8
2025-05-07,GOOGL,163.31,164.226,147.147,150.67,127490100,19208933367.0
2025-05-08,GOOGL,154.273,155.199,152.183,153.556,57498700,8829270377.2
2025-05-09,GOOGL,153.447,154.323,151.486,152.034,32435300,4931268400.2
2025-05-12,GOOGL,156.751,158.354,155.517,157.717,44138800,6961439119.6
2025-05-13,GOOGL,158.045,159.817,155.428,158.782,42382100,6729514602.2
2025-05-14,GOOGL,159.21,166.217,158.861,164.594,48755900,8024928604.6
2025-05-15,GOOGL,165.062,165.43,161.608,163.191,33146700,5409243119.7
2025-05-16,GOOGL,166.943,168.556,164.843,165.411,42846900,7087348575.9
2025-05-19,GOOGL,163.738,165.858,163.45,165.759,30426100,5043399909.9
2025-05-20,GOOGL,165.649,167.71,162.136,163.211,46607700,7606889324.7
2025-05-21,GOOGL,162.922,172.328,162.793,167.769,73416000,12316928904.0
2025-05-22,GOOGL,171.044,175.941,169.909,170.069,74864400,12732113643.6
2025-05-23,GOOGL,168.267,169.163,167.103,167.68,35211400,5904247552.0
2025-05-27,GOOGL,169.362,172.358,169.203,172.089,37995700,6538642017.3
2025-05-28,GOOGL,172.348,174.448,171.104,171.552,34784000,5967264768.0
2025-05-29,GOOGL,173.184,173.602,169.83,171.054,29317300,5014841434.2
2025-05-30,GOOGL,170.546,171.402,166.655,170.935,52639900,8998001306.5
2025-06-02,GOOGL,167.053,169.073,166.605,168.237,38612300,6496017515.1
2025-06-03,GOOGL,166.704,167.69,164.505,165.401,45084900,7457087544.9
2025-06-04,GOOGL,165.958,167.431,165.58,167.262,26900800,4499481609.6
2025-06-05,GOOGL,169.541,170.128,166.804,167.421,36379100,6090625301.1
2025-06-06,GOOGL,170.029,173.682,170.029,172.865,35731800,6176777607.0
2025-06-09,GOOGL,173.932,175.855,173.762,175.476,28935900,5077555988.4
2025-06-10,GOOGL,175.586,180.479,174.3,177.978,61766100,10993006945.8
2025-06-11,GOOGL,179.143,179.741,176.134,176.732,31646800,5593002257.6
2025-06-12,GOOGL,175.566,176.104,174.141,175.088,20941900,3666675387.2
2025-06-13,GOOGL,171.839,176.513,171.789,174.061,27663100,4815066849.1
2025-06-16,GOOGL,174.121,176.323,174.041,176.154,27389200,4824717136.8
2025-06-17,GOOGL,175.088,176.742,173.972,175.337,24973000,4378690901.0
2025-06-18,GOOGL,175.397,175.945,172.596,172.716,28707500,4958244570.0
2025-06-20,GOOGL,173.344,173.732,164.883,166.059,75659900,12564007334.1
2025-06-23,GOOGL,165.691,166.757,161.435,164.614,57671000,9493453994.0
2025-06-24,GOOGL,166.338,167.634,165.551,166.189,40524300,6734692892.7
2025-06-25,GOOGL,167.046,171.759,166.966,170.085,35479000,6034445715.0
2025-06-26,GOOGL,171.829,173.085,169.348,172.935,31796700,5498762314.5
2025-06-27,GOOGL,172.935,178.057,171.131,177.908,108140200,19239006701.6
2025-06-30,GOOGL,180.15,180.598,173.972,175.616,63378900,11130348902.4
2025-07-01,GOOGL,175.128,175.476,172.925,175.227,35904500,6291437821.5
2025-07-02,GOOGL,174.928,178.237,174.46,178.017,29128900,5185439391.3
2025-07-03,GOOGL,177.878,179.044,176.433,178.904,21689700,3880374088.8
2025-07-07,GOOGL,178.436,178.675,175.068,176.174,34175600,6020852154.4
2025-07-08,GOOGL,177.23,177.33,172.208,173.752,40442500,7026965260.0
2025-07-09,GOOGL,174.639,178.815,172.168,176.004,43025600,7572677702.4
2025-07-10,GOOGL,175.018,177.808,173.772,177.001,29252400,5177704052.4
2025-07-11,GOOGL,176.174,180.798,175.865,179.562,34282900,6155906089.8
2025-07-14,GOOGL,180.379,183.03,179.054,180.927,32536600,5886749428.2
2025-07-15,GOOGL,182.173,183.578,180.967,181.366,33448300,6066384377.8
2025-07-16,GOOGL,182.601,183.688,181.396,182.332,33104200,6035954994.4
2025-07-17,GOOGL,181.505,183.419,179.851,182.94,31992600,5852726244.0
2025-07-18,GOOGL,184.754,185.77,183.07,184.415,34014500,6272784017.5
2025-07-21,GOOGL,185.601,189.627,185.501,189.437,45803100,8676801854.7
2025-07-22,GOOGL,190.833,190.982,186.807,190.673,44660200,8515494314.6
2025-07-23,GOOGL,190.833,191.859,188.521,189.567,58681900,11124151737.3
2025-07-24,GOOGL,196.343,197.26,190.334,191.5,74881700,14339845550.0
2025-07-25,GOOGL,191.311,193.653,190.593,192.507,39785900,7659064251.3
2025-07-28,GOOGL,192.975,193.374,190.175,191.909,38139500,7319313305.5
2025-07-29,GOOGL,191.759,195.237,191.411,195.068,41389200,8073708465.6
2025-07-30,GOOGL,194.918,196.911,194.011,195.845,32445400,6354269363.0
2025-07-31,GOOGL,195.028,195.307,190.424,191.231,51329200,9815734245.2
2025-08-01,GOOGL,188.371,190.165,187.165,188.471,34832200,6564859566.2
2025-08-04,GOOGL,189.627,194.589,189.457,194.36,31547400,6131552664.0
2025-08-05,GOOGL,194.031,197.17,193.214,193.992,31602300,6130593381.6
2025-08-06,GOOGL,193.822,195.945,192.995,195.407,21562900,4213541600.3
2025-08-07,GOOGL,196.373,196.852,193.653,195.835,26321800,5154729703.0
2025-08-08,GOOGL,196.533,201.904,196.483,200.718,39161800,7860478172.4
2025-08-11,GOOGL,200.24,200.778,198.376,200.299,25832400,5174203887.6
2025-08-12,GOOGL,200.668,203.787,199.891,202.631,30397900,6159556874.9
2025-08-13,GOOGL,203.419,203.817,196.822,201.256,28342900,5704178682.4
2025-08-14,GOOGL,200.798,203.727,200.529,202.233,25230400,5102419483.2
2025-08-15,GOOGL,203.14,205.721,200.578,203.189,34931400,7097676234.6
2025-08-18,GOOGL,203.488,204.555,201.784,202.791,18526600,3757027740.6
2025-08-19,GOOGL,202.322,202.731,199.263,200.868,24240200,4869080493.6
2025-08-20,GOOGL,200.03,200.578,195.915,198.625,28955500,5751286187.5
2025-08-21,GOOGL,199.054,201.774,198.735,199.054,19774600,3936213228.4
2025-08-22,GOOGL,202.023,207.813,200.598,205.372,42827000,8795466644.0
2025-08-25,GOOGL,205.711,209.786,204.565,207.763,29928900,6218118050.7
2025-08-26,GOOGL,206.787,207.126,204.983,206.418,28464100,5875502593.8
2025-08-27,GOOGL,204.983,208.182,204.933,206.757,23022900,4760145735.3
2025-08-28,GOOGL,206.528,211.48,206.179,210.902,32339300,6820423048.6
2025-08-29,GOOGL,209.776,213.902,209.467,212.168,39728400,8429095171.2
2025-09-02,GOOGL,207.714,210.942,205.481,210.613,47523000,10008961599.0
2025-09-03,GOOGL,225.422,230.504,224.007,229.856,103336100,23752422601.6
2025-09-04,GOOGL,228.85,231.56,225.322,231.49,51684200,11964375458.0
2025-09-05,GOOGL,231.391,234.938,231.092,234.181,46588900,10910235190.9
2025-09-08,GOOGL,234.859,237.512,233.064,233.433,32474700,7580666645.1
2025-09-09,GOOGL,233.563,239.846,232.625,239.008,38061000,9096883488.0
2025-09-10,GOOGL,238.28,241.033,237.233,238.55,35141100,8382909405.0
2025-09-11,GOOGL,239.258,241.622,235.637,239.747,30599300,7336090377.1
2025-09-12,GOOGL,239.746,241.452,237.383,240.175,26771600,6429869030.0
2025-09-15,GOOGL,244.025,251.755,244.025,250.957,58383800,14651823296.6
2025-09-16,GOOGL,251.426,252.384,248.823,250.509,34109700,8544786837.3
2025-09-17,GOOGL,250.568,250.947,245.641,248.883,34108000,8488901364.0
2025-09-18,GOOGL,251.027,253.331,249.152,251.376,31239500,7852860552.0
2025-09-19,GOOGL,252.593,255.336,251.157,254.059,55571400,14118414312.6
2025-09-22,GOOGL,253.77,255.117,249.651,251.875,32290500,8133169687.5
2025-09-23,GOOGL,252.384,253.7,249.83,251.007,26628000,6683814396.0
2025-09-24,GOOGL,251.007,251.695,245.801,246.499,28201000,6951518299.0
2025-09-25,GOOGL,243.766,245.851,240.116,245.152,31020400,7604713100.8
2025-09-26,GOOGL,246.429,248.773,245.332,245.9,18503200,4549936880.0
2025-09-29,GOOGL,247.207,250.499,242.14,243.417,32505800,7912464318.6
2025-09-30,GOOGL,242.18,242.659,238.629,242.469,34724300,8419566296.7
2025-10-01,GOOGL,240.126,245.661,237.991,244.265,31658200,7732990223.0
2025-10-02,GOOGL,244.514,246.17,241.671,245.053,25483300,6244759114.9
2025-10-03,GOOGL,243.856,245.661,241.033,244.714,30249600,7402500614.4
2025-10-06,GOOGL,244.145,250.668,243.946,249.78,28894700,7217318166.0
2025-10-07,GOOGL,247.626,249.79,244.883,245.123,23181300,5682269799.9
2025-10-08,GOOGL,244.325,245.372,243.188,243.985,21307100,5198612793.5
2025-10-09,GOOGL,243.836,244.125,238.53,240.903,27892100,6719290566.3
2025-10-10,GOOGL,240.804,243.457,235.228,235.956,33180300,7829090866.8
2025-10-13,GOOGL,239.587,243.866,239.088,243.517,24995000,6086707415.0
2025-10-14,GOOGL,240.604,246.479,239.886,244.813,22111600,5413207130.8
2025-10-15,GOOGL,246.609,251.456,245.352,250.379,27007700,6762160918.3
2025-10-16,GOOGL,251.117,256.293,249.451,250.808,27997200,7021921737.6
2025-10-17,GOOGL,250.11,253.561,247.167,252.643,29671600,7496322038.8
2025-10-20,GOOGL,254.029,256.663,253.571,255.885,22350200,5719080927.0
2025-10-21,GOOGL,254.079,254.219,243.517,249.81,47312100,11819035701.0
2025-10-22,GOOGL,253.71,255.695,248.643,251.037,35029400,8793675487.8
2025-10-23,GOOGL,252.324,254.378,251.197,252.424,19901400,5023590993.6
2025-10-24,GOOGL,255.914,261.001,254.658,259.246,28655100,7428720054.6
2025-10-27,GOOGL,264.133,269.439,263.594,268.572,35235200,9463188134.4
2025-10-28,GOOGL,268.99,270.028,265.809,266.776,29738600,7933544753.6
2025-10-29,GOOGL,267.056,274.626,266.976,273.858,43580300,11934813797.4
2025-10-30,GOOGL,290.834,290.834,279.334,280.75,74876000,21021437000.0
2025-10-31,GOOGL,282.475,285.258,276.311,280.461,39267900,11013114501.9
2025-11-03,GOOGL,281.448,284.789,279.074,282.984,29786000,8428961424.0
2025-11-04,GOOGL,276.032,280.54,275.543,276.82,30078400,8326302688.0
2025-11-05,GOOGL,278.147,285.677,276.621,283.573,31010300,8793683801.9
2025-11-06,GOOGL,284.59,287.602,280.411,284.011,37173600,10557711309.6
2025-11-07,GOOGL,282.475,283.044,274.476,278.107,34479600,9589018117.2
2025-11-10,GOOGL,283.682,290.046,282.126,289.348,29557300,8552345640.4
2025-11-11,GOOGL,287.004,291.163,286.575,290.554,19842100,5765201523.4
2025-11-12,GOOGL,290.923,291.253,282.954,285.966,24829900,7100507183.4
2025-11-13,GOOGL,281.608,282.106,276.521,277.847,29494000,8194819418.0
2025-11-14,GOOGL,270.706,277.837,269.998,275.693,31647200,8724911509.6
2025-11-17,GOOGL,285.039,293.187,282.834,284.281,52670200,14973137126.2
2025-11-18,GOOGL,287.173,288.051,277.478,283.543,49158700,13938605274.1
2025-11-19,GOOGL,286.415,303.022,285.887,292.05,68198900,19917488745.0
2025-11-20,GOOGL,303.75,305.625,287.921,288.699,62025200,17906613214.8
2025-11-21,GOOGL,295.651,303.132,293.088,298.883,74137700,22158498189.1
2025-11-24,GOOGL,310.323,318.651,308.797,317.754,85165100,27061551185.4
2025-11-25,GOOGL,325.364,327.977,316.826,322.601,88632100,28592804092.1
2025-11-26,GOOGL,319.848,323.658,315.968,319.12,51373400,16394279408.0
2025-11-28,GOOGL,322.531,326.002,315.968,319.349,26018600,8309013891.4
2025-12-01,GOOGL,316.876,319.02,313.076,314.073,41183000,12934468359.0
2025-12-02,GOOGL,315.918,317.554,313.096,314.991,35854700,11293907807.7
2025-12-03,GOOGL,315.071,320.746,313.285,318.801,41838300,13338091878.3
2025-12-04,GOOGL,321.394,321.524,313.884,316.796,31240900,9896992156.4
2025-12-05,GOOGL,318.661,322.322,318.342,320.437,28851700,9245152192.9
2025-12-08,GOOGL,319.429,319.818,310.616,313.111,33909400,10617406143.4
2025-12-09,GOOGL,311.764,317.373,311.294,316.464,30194000,9555314016.0
2025-12-10,GOOGL,315.217,320.686,314.069,319.588,33428900,10683475293.2
2025-12-11,GOOGL,319.459,320.497,308.001,311.823,42353700,13206857795.1
2025-12-12,GOOGL,313.091,314.259,304.967,308.69,35940200,11094380338.0
2025-12-15,GOOGL,310.716,310.815,304.288,307.622,29151900,8967765781.8
2025-12-16,GOOGL,304.358,310.167,302.003,305.975,30585000,9358245375.0
2025-12-17,GOOGL,307.412,307.492,295.545,296.144,43930400,13009724377.6
2025-12-18,GOOGL,301.134,303.37,298.649,301.873,33518000,10118179214.0
2025-12-19,GOOGL,301.144,306.653,300.386,306.564,59943200,18376427164.8
2025-12-22,GOOGL,309.278,309.528,304.707,309.179,26429900,8171570052.1
2025-12-23,GOOGL,309.029,314.329,308.719,313.74,25478700,7993687338.0
2025-12-24,GOOGL,314.159,314.468,311.314,313.48,10097400,3165332952.0
2025-12-26,GOOGL,313.869,314.478,311.674,312.901,10899000,3410307999.0
2025-12-29,GOOGL,310.765,313.41,310.017,312.951,19621800,6140661931.8
2025-12-30,GOOGL,311.893,316.335,311.853,313.241,17380900,5444410496.9
2025-12-31,GOOGL,312.243,313.969,310.835,312.392,16377700,5116262458.4
2026-01-02,GOOGL,316.285,321.874,309.727,314.538,32009400,10068172657.2
2026-01-05,GOOGL,317.043,318.401,314.019,315.925,30195600,9539544930.0
2026-01-06,GOOGL,315.786,320.317,311.175,313.73,31212100,9792172133.0
2026-01-07,GOOGL,313.75,325.517,313.58,321.355,35104400,11280974462.0
2026-01-08,GOOGL,328.331,329.679,320.876,324.808,31896100,10360108448.8
2026-01-09,GOOGL,326.455,330.188,325.167,327.932,26214200,8596475034.4
2026-01-12,GOOGL,325.167,333.391,324.369,331.216,33923900,11236138462.4
2026-01-13,GOOGL,334.3,339.829,332.972,335.318,33517600,11239054596.8
2026-01-14,GOOGL,334.409,335.867,329.838,335.188,28525600,9561438812.8
2026-01-15,GOOGL,336.994,337.034,330.098,332.134,28442400,9446688081.6
2026-01-16,GOOGL,333.761,334.0,327.064,329.359,40341600,13286869034.4
2026-01-20,GOOGL,320.247,327.094,319.808,321.375,35361000,11364141375.0
2026-01-21,GOOGL,320.297,331.835,318.73,327.742,35386600,11597675057.2
2026-01-22,GOOGL,333.801,334.499,328.112,329.898,26253600,8661010132.8
2026-01-23,GOOGL,331.844,333.042,326.814,327.293,27280000,8928553040.0
2026-01-26,GOOGL,327.174,335.188,326.365,332.613,26042100,8661941007.3
2026-01-27,GOOGL,334.719,337.254,332.833,333.9,21636200,7224327180.0
2026-01-28,GOOGL,335.408,336.885,331.296,335.358,27434400,9200345515.2
2026-01-29,GOOGL,339.639,341.625,325.906,337.593,39785600,13431340060.8
2026-01-30,GOOGL,339.34,339.34,331.645,337.344,31024000,10465760256.0
2026-02-02,GOOGL,335.567,344.161,334.978,343.023,32006100,10978828440.3
2026-02-03,GOOGL,346.666,348.322,336.815,339.05,36506700,12377596635.0
2026-02-04,GOOGL,342.294,342.643,327.882,332.393,70618400,23473061831.2
2026-02-05,GOOGL,311.614,332.044,305.865,330.607,88205800,29161454920.6
2026-02-06,GOOGL,326.545,329.739,319.299,322.233,56380500,18167657656.5
2026-02-09,GOOGL,320.307,327.064,316.644,323.69,39640100,12831103969.0
2026-02-10,GOOGL,320.347,321.045,313.999,317.961,39170000,12454532370.0
2026-02-11,GOOGL,318.351,320.437,309.059,310.356,45406400,14092148678.4
2026-02-12,GOOGL,311.484,315.626,306.604,308.4,47761300,14729584920.0
2026-02-13,GOOGL,307.133,308.031,303.12,305.126,38499700,11747259462.2
2026-02-17,GOOGL,299.457,303.849,295.675,301.434,39247600,11830561058.4
2026-02-18,GOOGL,301.504,304.787,300.665,302.741,28482100,8622699436.1
2026-02-19,GOOGL,301.234,304.877,299.457,302.262,25834400,7808757412.8
2026-02-20,GOOGL,303.729,315.886,303.31,314.368,53210800,16727772774.4
2026-02-23,GOOGL,318.431,318.9,309.268,310.885,31423000,9768939355.0
2026-02-24,GOOGL,309.917,311.664,305.336,310.296,25615600,7948418217.6
2026-02-25,GOOGL,311.454,313.031,308.839,312.292,29963600,9357392571.2
2026-02-26,GOOGL,312.033,312.532,301.763,306.783,36431200,11176472829.6
2026-02-27,GOOGL,303.55,311.764,303.21,311.155,44640600,13890145893.0
2026-03-02,GOOGL,302.641,307.891,300.715,305.925,34790200,10643191935.0
2026-03-03,GOOGL,298.01,303.35,296.134,302.991,35497000,10755271527.0
2026-03-04,GOOGL,302.302,304.877,300.166,302.542,29536200,8935941020.4
2026-03-05,GOOGL,302.452,302.711,297.411,300.296,35752300,10736272680.8
2026-03-06,GOOGL,295.515,299.947,294.607,297.94,25576900,7620381586.0
2026-03-09,GOOGL,293.995,306.42,293.716,305.98,29312100,8968916358.0
2026-03-10,GOOGL,305.791,309.127,305.191,306.66,23239700,7126686402.0
2026-03-11,GOOGL,306.37,311.034,305.541,308.318,24125700,7438387572.6
2026-03-12,GOOGL,306.44,308.557,300.657,303.174,24928300,7557612424.2
2026-03-13,GOOGL,306.63,307.309,300.068,301.905,23693100,7153065355.5
2026-03-16,GOOGL,303.973,306.11,302.645,305.181,23519700,7177765565.7
2026-03-17,GOOGL,305.481,311.034,305.121,310.535,21955200,6817858032.0
2026-03-18,GOOGL,308.887,312.083,306.55,307.309,20009800,6149191628.2
2026-03-19,GOOGL,303.633,307.678,301.975,306.749,25075800,7691976574.2
2026-03-20,GOOGL,305.082,305.621,297.9,300.627,44364100,13337046290.7
2026-03-23,GOOGL,301.736,305.601,300.557,301.686,29326900,8847515153.4
2026-03-24,GOOGL,298.829,299.548,289.97,290.08,36864300,10693596144.0
2026-03-25,GOOGL,293.076,295.633,288.882,290.57,29460700,8560395599.0
2026-03-26,GOOGL,287.553,287.593,278.155,280.572,39080600,10964922103.2
2026-03-27,GOOGL,276.936,279.024,273.611,274.0,35890600,9834024400.0
2026-03-30,GOOGL,276.078,276.747,271.773,273.161,35141200,9599205333.2
2026-03-31,GOOGL,277.696,287.723,276.747,287.204,43875400,12601190381.6
2026-04-01,GOOGL,290.48,300.148,290.05,297.022,37684500,11193125559.0
2026-04-02,GOOGL,290.33,297.711,289.091,295.404,21666500,6400370766.0
2026-04-06,GOOGL,295.503,300.248,294.814,299.618,16945500,5077176819.0
2026-04-07,GOOGL,302.355,305.251,297.351,305.082,23205400,7079549842.8
2026-04-08,GOOGL,320.053,321.681,314.63,316.927,33547100,10631981761.7
2026-04-09,GOOGL,315.519,319.144,310.675,318.095,23739200,7551320824.0
2026-04-10,GOOGL,319.624,321.431,315.928,316.847,19152600,6068443852.2
2026-04-13,GOOGL,316.747,321.232,315.079,320.912,18866400,6054454156.8
2026-04-14,GOOGL,324.388,332.877,323.349,332.498,27721400,9217310057.2
2026-04-15,GOOGL,332.478,337.062,330.49,336.702,24918800,8390209797.6
2026-04-16,GOOGL,338.33,339.459,334.106,335.604,20541500,6893809566.0
2026-04-17,GOOGL,337.232,341.896,335.823,341.257,25581900,8730002448.3
2026-04-20,GOOGL,340.338,340.977,336.193,337.002,18784200,6330312968.4
2026-04-21,GOOGL,337.272,338.92,330.939,331.878,23123800,7674280496.4
2026-04-22,GOOGL,336.602,339.399,334.755,338.9,20293000,6877297700.0
2026-04-23,GOOGL,340.757,341.536,335.763,338.47,18650300,6312567041.0
2026-04-24,GOOGL,338.31,344.842,334.974,343.973,26426100,9089864895.3
2026-04-27,GOOGL,345.551,352.742,342.305,349.906,28576900,9999228771.4
2026-04-28,GOOGL,348.118,351.983,345.691,349.347,27824100,9720265862.7
2026-04-29,GOOGL,347.139,355.349,343.784,349.506,35376300,12364229107.8
2026-04-30,GOOGL,373.607,385.362,365.367,384.323,72040000,27686628920.0
2026-05-01,GOOGL,381.157,386.281,378.58,385.212,30105200,11596884302.4
2026-05-04,GOOGL,385.152,386.9,379.319,382.775,26298600,10066446615.0
2026-05-05,GOOGL,385.752,392.333,383.544,387.949,23878600,9263678991.4
2026-05-06,GOOGL,393.762,399.355,392.273,397.547,31308500,12446600249.5
2026-05-07,GOOGL,399.425,399.604,392.193,397.497,24433500,9712242949.5
2026-05-08,GOOGL,396.508,401.502,395.869,400.303,21461800,8591222925.4
2026-05-11,GOOGL,393.162,396.948,387.989,388.159,30753700,11937325438.3
2026-05-12,GOOGL,386.86,388.039,382.296,386.87,26017500,10065390225.0
2026-05-13,GOOGL,385.122,403.2,384.523,402.121,28144600,11317534696.6
2026-05-14,GOOGL,396.788,402.431,395.35,400.573,21136700,8466791329.1
2026-05-15,GOOGL,395.829,399.045,392.693,396.288,20309700,8048490393.6
2026-05-18,GOOGL,395.2,408.104,394.041,396.448,26837200,10639554265.6
2026-05-19,GOOGL,396.468,396.658,385.632,387.18,39545700,15311304126.0
2026-05-20,GOOGL,387.22,393.372,382.426,388.428,31744400,12330413803.2
2026-05-21,GOOGL,385.222,392.014,382.545,387.18,24852800,9622507104.0
2026-05-22,GOOGL,386.87,388.258,381.297,382.496,20442100,7819021481.6
2026-05-26,GOOGL,384.034,388.778,382.126,388.398,27747400,10777034665.2
2026-05-27,GOOGL,386.191,393.392,385.422,388.348,23087300,8965906780.4
2026-05-28,GOOGL,387.519,391.385,384.683,389.647,24357500,9490826802.5
2026-05-29,GOOGL,384.763,384.763,377.991,379.869,44415800,16872185530.2
2026-06-01,GOOGL,376.054,378.091,373.057,375.904,28672100,10777957078.4
2026-06-02,GOOGL,366.136,373.077,357.996,361.402,50412300,18219106044.6
2026-06-03,GOOGL,361.581,365.996,357.636,358.545,55441600,19878308472.0
2026-06-04,GOOGL,358.455,372.788,357.766,371.729,44055500,16376706959.5
2026-06-05,GOOGL,365.886,371.619,363.669,368.073,37471200,13792136997.6
2026-06-08,GOOGL,364.945,365.965,360.298,363.077,27942500,10145279072.5
2026-06-09,GOOGL,366.854,371.841,357.07,364.026,29535100,10751544312.6
2026-06-10,GOOGL,362.957,368.323,354.972,356.151,32357100,11524013522.1
2026-06-11,GOOGL,355.701,358.569,346.137,357.54,35538200,12706328028.0
2026-06-12,GOOGL,362.387,366.335,354.712,359.449,24704600,8880043765.4
2026-06-15,GOOGL,367.694,372.75,366.315,369.113,27727500,10234580707.5
2026-06-16,GOOGL,369.363,375.758,366.824,373.01,24876100,9279034061.0
2026-06-17,GOOGL,368.893,372.091,361.787,363.556,24543600,8922973041.6
2026-06-18,GOOGL,365.515,369.243,358.44,367.794,44470100,16355835959.4
2026-06-22,GOOGL,357.72,358.689,341.501,349.455,52814800,18456395934.0
2026-06-23,GOOGL,340.471,349.066,339.981,345.908,34007700,11763535491.6
2026-06-24,GOOGL,348.816,353.253,341.71,345.068,44997300,15527128316.4
2026-06-25,GOOGL,336.514,345.348,335.624,343.489,44491400,15282306494.6
2026-06-26,GOOGL,342.33,346.137,329.988,337.173,114706300,38675867289.9
2026-06-29,GOOGL,341.61,354.122,340.451,353.423,34213900,12091979179.7
2026-06-30,GOOGL,353.643,358.39,350.175,357.14,35237200,12584613608.0
2026-07-01,GOOGL,358.14,362.737,356.201,360.978,26736400,9651252199.2
2026-07-02,GOOGL,359.249,363.976,353.193,359.679,25974800,9342590089.2
2026-07-06,GOOGL,361.318,367.694,357.15,366.225,26915800,9857238855.0
2026-07-07,GOOGL,368.833,372.92,365.265,366.794,24045600,8819781806.4
2026-07-08,GOOGL,364.526,367.604,357.79,361.688,22094800,7991424022.4
2026-07-09,GOOGL,354.082,359.419,350.854,358.659,24729100,8869314276.9
2026-07-10,GOOGL,357.3,357.59,352.523,356.951,18146100,6477268541.1
2026-07-13,GOOGL,355.961,357.9,351.524,352.284,15901700,5601914482.8
2026-07-14,GOOGL,350.974,359.929,350.864,359.279,18259400,6560218972.6
2026-07-15,GOOGL,357.74,373.41,357.53,370.682,28284600,10484592097.2
2026-07-16,GOOGL,372.82,375.029,352.074,354.232,41158500,14579657772.0
2026-07-17,GOOGL,345.778,348.296,341.141,346.547,29959300,10382305537.1
2026-07-20,GOOGL,350.655,359.449,350.295,351.764,24736600,8701445362.4
2026-07-21,GOOGL,351.094,351.094,346.777,346.927,23369800,8107614604.6
2026-07-22,GOOGL,347.936,349.715,341.51,341.87,39334100,13447148767.0
2026-07-23,GOOGL,320.924,324.282,314.698,317.486,69419700,22039782874.2
2026-07-24,GOOGL,318.215,323.972,317.116,319.535,31806600,10163321931.0
2026-07-27,GOOGL,324.831,330.208,324.242,326.35,28471600,9291706660.0
2026-07-28,GOOGL,327.689,335.664,324.232,333.496,29511900,9842100602.4
2026-07-29,GOOGL,334.455,342.28,331.407,336.494,27501600,9254123390.4
2026-07-30,GOOGL,333.985,336.294,330.128,333.446,30168000,10059398928.0
2026-07-31,GOOGL,340.611,358.35,339.782,355.901,46498000,16548684698.0
2026-08-03,GOOGL,365.215,376.448,363.117,373.27,38669700,14434238919.0
2026-08-04,GOOGL,367.983,380.276,367.264,377.407,35705700,13475581119.9
2026-08-05,GOOGL,383.094,384.233,356.541,362.197,46926300,16996565081.1
2026-08-06,GOOGL,360.538,363.896,356.651,357.52,25235900,9022338968.0
2026-08-07,GOOGL,356.491,358.669,353.553,354.072,19859900,7031834512.8
2026-08-10,GOOGL,354.952,357.38,352.483,357.29,18991400,6785437306.0
2026-08-11,GOOGL,355.661,356.581,343.169,343.579,29081800,9991895762.2
2026-08-12,GOOGL,346.088,346.257,340.661,343.319,25012000,8587094828.0
2026-08-13,GOOGL,345.548,347.707,343.539,346.138,17866100,6184136121.8
2026-08-14,GOOGL,346.577,350.225,344.279,345.678,17808600,6156041230.8
2026-08-17,GOOGL,346.048,347.027,341.71,343.779,18291300,6288164822.7
2026-08-18,GOOGL,342.19,344.648,339.971,343.979,19248800,6621182975.2
2026-08-19,GOOGL,342.24,346.507,340.441,344.499,19733800,6798274366.2
2026-08-20,GOOGL,342.84,343.679,338.353,340.451,18570400,6322311250.4
2026-08-21,GOOGL,342.36,345.978,340.181,344.599,20849800,7184820230.2
2026-08-24,GOOGL,343.399,351.374,342.27,347.836,26338200,9161374135.2
2026-08-25,GOOGL,349.415,349.935,345.378,346.737,20649700,7160015028.9
2026-08-26,GOOGL,346.397,346.657,339.961,341.78,20420300,6979250134.0
2026-08-27,GOOGL,339.452,341.471,338.303,340.431,23391400,7963157693.4
2026-08-28,GOOGL,340.491,348.916,340.051,346.367,25347200,8779433622.4
2026-08-31,GOOGL,343.609,344.369,336.943,339.132,33493600,11358751555.2
2026-09-01,GOOGL,335.784,336.983,332.836,334.805,23342700,7815252673.5
2026-09-02,GOOGL,333.845,339.782,332.606,336.903,22582300,7608044616.9
2026-09-03,GOOGL,340.341,344.459,339.842,342.26,20726900,7093988794.0
2026-09-04,GOOGL,342.47,343.53,337.09,338.46,23157700,7837955142.0
