date,symbol,open,high,low,close,volume,quote_volume
1986-03-13,MSFT,0.054,0.062,0.054,0.059,1031788800,60875539.2
1986-03-14,MSFT,0.059,0.062,0.059,0.061,308160000,18797760.0
1986-03-17,MSFT,0.061,0.063,0.061,0.062,133171200,8256614.4
1986-03-18,MSFT,0.062,0.063,0.06,0.061,67766400,4133750.4
1986-03-19,MSFT,0.061,0.061,0.059,0.06,47894400,2873664.0
1986-03-20,MSFT,0.06,0.06,0.057,0.058,58435200,3389241.6
1986-03-21,MSFT,0.058,0.059,0.055,0.056,59990400,3359462.4
1986-03-24,MSFT,0.056,0.056,0.054,0.055,65289600,3590928.0
1986-03-25,MSFT,0.055,0.056,0.054,0.056,32083200,1796659.2
1986-03-26,MSFT,0.056,0.058,0.055,0.057,22752000,1296864.0
1986-03-27,MSFT,0.057,0.058,0.057,0.058,16848000,977184.0
1986-03-31,MSFT,0.058,0.058,0.057,0.058,12873600,746668.8
1986-04-01,MSFT,0.058,0.058,0.057,0.057,11088000,632016.0
1986-04-02,MSFT,0.057,0.059,0.057,0.058,27014400,1566835.2
1986-04-03,MSFT,0.058,0.06,0.058,0.058,23040000,1336320.0
1986-04-04,MSFT,0.058,0.059,0.058,0.058,26582400,1541779.2
1986-04-07,MSFT,0.058,0.059,0.056,0.057,16560000,943920.0
1986-04-08,MSFT,0.057,0.059,0.057,0.058,10252800,594662.4
1986-04-09,MSFT,0.058,0.06,0.058,0.059,12153600,717062.4
1986-04-10,MSFT,0.059,0.06,0.058,0.06,13881600,832896.0
1986-04-11,MSFT,0.06,0.062,0.06,0.061,17222400,1050566.4
1986-04-14,MSFT,0.061,0.062,0.061,0.061,12153600,741369.6
1986-04-15,MSFT,0.061,0.061,0.059,0.061,9302400,567446.4
1986-04-16,MSFT,0.061,0.064,0.061,0.063,31910400,2010355.2
1986-04-17,MSFT,0.063,0.064,0.063,0.064,22003200,1408204.8
1986-04-18,MSFT,0.064,0.064,0.061,0.062,21628800,1340985.6
1986-04-21,MSFT,0.062,0.062,0.06,0.062,22924800,1421337.6
1986-04-22,MSFT,0.062,0.062,0.061,0.061,15552000,948672.0
1986-04-23,MSFT,0.061,0.061,0.06,0.061,15609600,952185.6
1986-04-24,MSFT,0.061,0.068,0.061,0.067,62352000,4177584.0
1986-04-25,MSFT,0.067,0.074,0.067,0.071,85795200,6091459.2
1986-04-28,MSFT,0.071,0.072,0.071,0.072,28886400,2079820.8
1986-04-29,MSFT,0.072,0.072,0.069,0.07,30326400,2122848.0
1986-04-30,MSFT,0.07,0.07,0.066,0.068,30902400,2101363.2
1986-05-01,MSFT,0.068,0.068,0.066,0.067,54345600,3641155.2
1986-05-02,MSFT,0.067,0.068,0.066,0.067,20246400,1356508.8
1986-05-05,MSFT,0.067,0.067,0.066,0.066,3254400,214790.4
1986-05-06,MSFT,0.067,0.068,0.067,0.067,9734400,652204.8
1986-05-07,MSFT,0.067,0.067,0.066,0.067,5155200,345398.4
1986-05-08,MSFT,0.067,0.067,0.066,0.067,3542400,237340.8
1986-05-09,MSFT,0.067,0.067,0.067,0.067,6076800,407145.6
1986-05-12,MSFT,0.067,0.069,0.067,0.067,10483200,702374.4
1986-05-13,MSFT,0.067,0.068,0.067,0.068,3830400,260467.2
1986-05-14,MSFT,0.068,0.068,0.067,0.067,9302400,623260.8
1986-05-15,MSFT,0.067,0.068,0.067,0.067,3801600,254707.2
1986-05-16,MSFT,0.067,0.07,0.067,0.068,11952000,812736.0
1986-05-19,MSFT,0.068,0.068,0.066,0.067,11001600,737107.2
1986-05-20,MSFT,0.067,0.067,0.066,0.066,61977600,4090521.6
1986-05-21,MSFT,0.066,0.067,0.065,0.065,8092800,526032.0
1986-05-22,MSFT,0.065,0.066,0.065,0.065,4406400,286416.0
1986-05-23,MSFT,0.065,0.066,0.065,0.065,4089600,265824.0
1986-05-27,MSFT,0.065,0.067,0.065,0.067,13881600,930067.2
1986-05-28,MSFT,0.067,0.07,0.067,0.07,15523200,1086624.0
1986-05-29,MSFT,0.07,0.072,0.069,0.071,45676800,3243052.8
1986-05-30,MSFT,0.072,0.075,0.072,0.074,27072000,2003328.0
1986-06-02,MSFT,0.074,0.074,0.072,0.072,19728000,1420416.0
1986-06-03,MSFT,0.072,0.072,0.071,0.072,5011200,360806.4
1986-06-04,MSFT,0.072,0.072,0.071,0.071,4723200,335347.2
1986-06-05,MSFT,0.071,0.072,0.071,0.072,13708800,987033.6
1986-06-06,MSFT,0.072,0.072,0.071,0.072,3427200,246758.4
1986-06-09,MSFT,0.072,0.072,0.069,0.069,12672000,874368.0
1986-06-10,MSFT,0.069,0.069,0.068,0.069,3427200,236476.8
1986-06-11,MSFT,0.069,0.069,0.068,0.069,2304000,158976.0
1986-06-12,MSFT,0.069,0.069,0.066,0.066,13708800,904780.8
1986-06-13,MSFT,0.066,0.067,0.066,0.066,7891200,520819.2
1986-06-16,MSFT,0.066,0.067,0.065,0.066,9590400,632966.4
1986-06-17,MSFT,0.066,0.068,0.066,0.067,13075200,876038.4
1986-06-18,MSFT,0.067,0.067,0.065,0.066,4348800,287020.8
1986-06-19,MSFT,0.066,0.067,0.065,0.066,8467200,558835.2
1986-06-20,MSFT,0.066,0.066,0.066,0.066,3801600,250905.6
1986-06-23,MSFT,0.066,0.067,0.065,0.067,46195200,3095078.4
1986-06-24,MSFT,0.067,0.067,0.066,0.066,14572800,961804.8
1986-06-25,MSFT,0.066,0.067,0.065,0.065,15235200,990288.0
1986-06-26,MSFT,0.065,0.066,0.063,0.063,19152000,1206576.0
1986-06-27,MSFT,0.063,0.064,0.062,0.063,10396800,654998.4
1986-06-30,MSFT,0.063,0.066,0.062,0.065,62352000,4052880.0
1986-07-01,MSFT,0.065,0.065,0.064,0.065,47577600,3092544.0
1986-07-02,MSFT,0.065,0.065,0.064,0.065,52617600,3420144.0
1986-07-03,MSFT,0.065,0.066,0.065,0.066,14140800,933292.8
1986-07-07,MSFT,0.066,0.066,0.063,0.063,14054400,885427.2
1986-07-08,MSFT,0.063,0.063,0.061,0.062,14256000,883872.0
1986-07-09,MSFT,0.062,0.062,0.058,0.059,46137600,2722118.4
1986-07-10,MSFT,0.059,0.06,0.055,0.057,46886400,2672524.8
1986-07-11,MSFT,0.057,0.06,0.057,0.059,17395200,1026316.8
1986-07-14,MSFT,0.057,0.06,0.057,0.058,28598400,1658707.2
1986-07-15,MSFT,0.058,0.06,0.057,0.059,13190400,778233.6
1986-07-16,MSFT,0.06,0.061,0.06,0.061,9360000,570960.0
1986-07-17,MSFT,0.061,0.062,0.061,0.062,6940800,430329.6
1986-07-18,MSFT,0.062,0.063,0.061,0.063,12326400,776563.2
1986-07-21,MSFT,0.063,0.064,0.063,0.063,3513600,221356.8
1986-07-22,MSFT,0.063,0.065,0.063,0.065,10512000,683280.0
1986-07-23,MSFT,0.065,0.066,0.063,0.063,20793600,1309996.8
1986-07-24,MSFT,0.064,0.066,0.064,0.065,14140800,919152.0
1986-07-25,MSFT,0.065,0.066,0.065,0.066,20448000,1349568.0
1986-07-28,MSFT,0.066,0.066,0.064,0.064,11808000,755712.0
1986-07-29,MSFT,0.064,0.065,0.062,0.063,14054400,885427.2
1986-07-30,MSFT,0.063,0.063,0.058,0.061,26409600,1610985.6
1986-07-31,MSFT,0.061,0.061,0.06,0.06,15638400,938304.0
1986-08-01,MSFT,0.06,0.061,0.059,0.06,12902400,774144.0
1986-08-04,MSFT,0.06,0.06,0.058,0.06,12441600,746496.0
1986-08-05,MSFT,0.06,0.06,0.059,0.059,2822400,166521.6
1986-08-06,MSFT,0.059,0.06,0.057,0.058,18316800,1062374.4
1986-08-07,MSFT,0.058,0.059,0.057,0.058,3657600,212140.8
1986-08-08,MSFT,0.058,0.06,0.058,0.058,4147200,240537.6
1986-08-11,MSFT,0.06,0.061,0.06,0.061,7948800,484876.8
1986-08-12,MSFT,0.061,0.062,0.061,0.062,9993600,619603.2
1986-08-13,MSFT,0.062,0.063,0.062,0.063,6883200,433641.6
1986-08-14,MSFT,0.063,0.065,0.063,0.064,20131200,1288396.8
1986-08-15,MSFT,0.064,0.065,0.064,0.065,6105600,396864.0
1986-08-18,MSFT,0.065,0.065,0.064,0.064,12787200,818380.8
1986-08-19,MSFT,0.064,0.064,0.063,0.064,20390400,1304985.6
1986-08-20,MSFT,0.064,0.064,0.063,0.063,20764800,1308182.4
1986-08-21,MSFT,0.063,0.064,0.063,0.063,49536000,3120768.0
1986-08-22,MSFT,0.063,0.064,0.061,0.062,5760000,357120.0
1986-08-25,MSFT,0.062,0.062,0.061,0.062,2419200,149990.4
1986-08-26,MSFT,0.062,0.062,0.062,0.062,10857600,673171.2
1986-08-27,MSFT,0.062,0.062,0.061,0.062,9532800,591033.6
1986-08-28,MSFT,0.062,0.062,0.062,0.062,3427200,212486.4
1986-08-29,MSFT,0.062,0.062,0.059,0.06,25430400,1525824.0
1986-09-02,MSFT,0.06,0.06,0.058,0.058,5212800,302342.4
1986-09-03,MSFT,0.058,0.058,0.055,0.057,18316800,1044057.6
1986-09-04,MSFT,0.058,0.062,0.058,0.062,39427200,2444486.4
1986-09-05,MSFT,0.062,0.064,0.061,0.064,26352000,1686528.0
1986-09-08,MSFT,0.064,0.065,0.064,0.064,9619200,615628.8
1986-09-09,MSFT,0.064,0.066,0.064,0.065,37526400,2439216.0
1986-09-10,MSFT,0.065,0.065,0.064,0.064,10886400,696729.6
1986-09-11,MSFT,0.064,0.064,0.061,0.061,35654400,2174918.4
1986-09-12,MSFT,0.061,0.062,0.06,0.06,24451200,1467072.0
1986-09-15,MSFT,0.06,0.061,0.058,0.061,22492800,1372060.8
1986-09-16,MSFT,0.061,0.061,0.06,0.061,5184000,316224.0
1986-09-17,MSFT,0.061,0.063,0.06,0.062,8035200,498182.4
1986-09-18,MSFT,0.062,0.064,0.062,0.063,5356800,337478.4
1986-09-19,MSFT,0.063,0.063,0.062,0.063,2505600,157852.8
1986-09-22,MSFT,0.063,0.063,0.062,0.062,4492800,278553.6
1986-09-23,MSFT,0.062,0.064,0.062,0.063,5961600,375580.8
1986-09-24,MSFT,0.063,0.063,0.062,0.062,4780800,296409.6
1986-09-25,MSFT,0.062,0.063,0.061,0.061,5155200,314467.2
1986-09-26,MSFT,0.061,0.062,0.061,0.061,2332800,142300.8
1986-09-29,MSFT,0.061,0.061,0.06,0.06,6192000,371520.0
1986-09-30,MSFT,0.06,0.061,0.06,0.06,5184000,311040.0
1986-10-01,MSFT,0.06,0.061,0.058,0.059,32428800,1913299.2
1986-10-02,MSFT,0.059,0.06,0.058,0.059,22723200,1340668.8
1986-10-03,MSFT,0.059,0.06,0.059,0.06,14716800,883008.0
1986-10-06,MSFT,0.061,0.065,0.061,0.064,85334400,5461401.6
1986-10-07,MSFT,0.064,0.067,0.064,0.066,59788800,3946060.8
1986-10-08,MSFT,0.066,0.068,0.065,0.067,119606400,8013628.8
1986-10-09,MSFT,0.067,0.071,0.067,0.07,92563200,6479424.0
1986-10-10,MSFT,0.07,0.074,0.068,0.073,76752000,5602896.0
1986-10-13,MSFT,0.073,0.073,0.07,0.07,27129600,1899072.0
1986-10-14,MSFT,0.07,0.071,0.07,0.071,12873600,914025.6
1986-10-15,MSFT,0.071,0.074,0.071,0.074,63532800,4701427.2
1986-10-16,MSFT,0.074,0.074,0.073,0.074,21859200,1617580.8
1986-10-17,MSFT,0.074,0.076,0.074,0.076,124444800,9457804.8
1986-10-20,MSFT,0.076,0.077,0.074,0.076,43545600,3309465.6
1986-10-21,MSFT,0.077,0.08,0.077,0.08,112377600,8990208.0
1986-10-22,MSFT,0.08,0.08,0.079,0.08,54576000,4366080.0
1986-10-23,MSFT,0.08,0.08,0.079,0.08,70444800,5635584.0
1986-10-24,MSFT,0.08,0.08,0.077,0.079,101376000,8008704.0
1986-10-27,MSFT,0.08,0.082,0.08,0.082,125654400,10303660.8
1986-10-28,MSFT,0.082,0.085,0.082,0.084,142646400,11982297.6
1986-10-29,MSFT,0.084,0.084,0.08,0.081,53222400,4311014.4
1986-10-30,MSFT,0.081,0.084,0.081,0.083,44380800,3683606.4
1986-10-31,MSFT,0.083,0.084,0.081,0.082,63734400,5226220.8
1986-11-03,MSFT,0.082,0.084,0.082,0.083,42192000,3501936.0
1986-11-04,MSFT,0.083,0.086,0.083,0.086,54403200,4678675.2
1986-11-05,MSFT,0.086,0.092,0.086,0.092,45100800,4149273.6
1986-11-06,MSFT,0.092,0.096,0.091,0.094,72576000,6822144.0
1986-11-07,MSFT,0.094,0.094,0.092,0.093,44323200,4122057.6
1986-11-10,MSFT,0.093,0.093,0.089,0.09,28684800,2581632.0
1986-11-11,MSFT,0.09,0.091,0.09,0.09,11894400,1070496.0
1986-11-12,MSFT,0.09,0.092,0.089,0.09,34156800,3074112.0
1986-11-13,MSFT,0.09,0.091,0.089,0.089,30211200,2688796.8
1986-11-14,MSFT,0.089,0.09,0.087,0.09,18720000,1684800.0
1986-11-17,MSFT,0.09,0.091,0.089,0.09,24307200,2187648.0
1986-11-18,MSFT,0.09,0.091,0.085,0.085,59673600,5072256.0
1986-11-19,MSFT,0.085,0.089,0.085,0.089,48729600,4336934.4
1986-11-20,MSFT,0.089,0.095,0.089,0.095,98179200,9327024.0
1986-11-21,MSFT,0.096,0.1,0.096,0.099,91065600,9015494.4
1986-11-24,MSFT,0.099,0.107,0.095,0.106,173836800,18426700.8
1986-11-25,MSFT,0.106,0.108,0.106,0.107,95788800,10249401.6
1986-11-26,MSFT,0.107,0.108,0.106,0.106,38793600,4112121.6
1986-11-28,MSFT,0.106,0.107,0.104,0.105,41328000,4339440.0
1986-12-01,MSFT,0.105,0.105,0.102,0.103,40291200,4149993.6
1986-12-02,MSFT,0.103,0.105,0.103,0.103,28771200,2963433.6
1986-12-03,MSFT,0.103,0.104,0.102,0.102,35164800,3586809.6
1986-12-04,MSFT,0.102,0.105,0.102,0.104,42508800,4420915.2
1986-12-05,MSFT,0.104,0.104,0.103,0.103,107510400,11073571.2
1986-12-08,MSFT,0.103,0.104,0.101,0.102,22665600,2311891.2
1986-12-09,MSFT,0.102,0.103,0.101,0.102,16099200,1642118.4
1986-12-10,MSFT,0.102,0.103,0.101,0.102,27590400,2814220.8
1986-12-11,MSFT,0.102,0.104,0.102,0.103,11635200,1198425.6
1986-12-12,MSFT,0.103,0.103,0.1,0.1,25286400,2528640.0
1986-12-15,MSFT,0.1,0.1,0.095,0.097,50774400,4925116.8
1986-12-16,MSFT,0.097,0.1,0.097,0.098,77299200,7575321.6
1986-12-17,MSFT,0.098,0.1,0.098,0.099,23356800,2312323.2
1986-12-18,MSFT,0.099,0.1,0.099,0.1,12672000,1267200.0
1986-12-19,MSFT,0.1,0.103,0.1,0.102,56592000,5772384.0
1986-12-22,MSFT,0.102,0.104,0.102,0.103,18316800,1886630.4
1986-12-23,MSFT,0.103,0.104,0.103,0.104,23788800,2474035.2
1986-12-24,MSFT,0.104,0.104,0.104,0.104,7027200,730828.8
1986-12-26,MSFT,0.104,0.105,0.104,0.104,3715200,386380.8
1986-12-29,MSFT,0.104,0.105,0.1,0.1,41702400,4170240.0
1986-12-30,MSFT,0.1,0.101,0.099,0.101,25401600,2565561.6
1986-12-31,MSFT,0.101,0.103,0.101,0.102,23356800,2382393.6
1987-01-02,MSFT,0.102,0.103,0.1,0.101,12643200,1276963.2
1987-01-05,MSFT,0.101,0.107,0.1,0.106,48499200,5140915.2
1987-01-06,MSFT,0.106,0.109,0.106,0.108,40032000,4323456.0
1987-01-07,MSFT,0.108,0.114,0.108,0.114,60998400,6953817.6
1987-01-08,MSFT,0.114,0.119,0.114,0.118,61488000,7255584.0
1987-01-09,MSFT,0.118,0.123,0.117,0.122,63705600,7772083.2
1987-01-12,MSFT,0.122,0.131,0.121,0.13,128793600,16743168.0
1987-01-13,MSFT,0.129,0.129,0.124,0.126,76320000,9616320.0
1987-01-14,MSFT,0.126,0.127,0.124,0.126,69465600,8752665.6
1987-01-15,MSFT,0.126,0.136,0.126,0.133,117014400,15562915.2
1987-01-16,MSFT,0.133,0.133,0.128,0.13,65433600,8506368.0
1987-01-19,MSFT,0.13,0.135,0.128,0.135,88243200,11912832.0
1987-01-20,MSFT,0.135,0.14,0.134,0.137,95760000,13119120.0
1987-01-21,MSFT,0.137,0.146,0.134,0.143,108489600,15514012.8
1987-01-22,MSFT,0.143,0.158,0.139,0.157,116035200,18217526.4
1987-01-23,MSFT,0.157,0.163,0.142,0.142,317894400,45141004.8
1987-01-26,MSFT,0.143,0.146,0.139,0.145,116553600,16900272.0
1987-01-27,MSFT,0.145,0.153,0.145,0.151,114105600,17229945.6
1987-01-28,MSFT,0.151,0.153,0.146,0.151,76723200,11585203.2
1987-01-29,MSFT,0.151,0.153,0.142,0.145,79228800,11488176.0
1987-01-30,MSFT,0.145,0.154,0.143,0.154,104169600,16042118.4
1987-02-02,MSFT,0.154,0.157,0.154,0.154,46915200,7224940.8
1987-02-03,MSFT,0.154,0.155,0.149,0.151,59328000,8958528.0
1987-02-04,MSFT,0.151,0.152,0.15,0.152,31737600,4824115.2
1987-02-05,MSFT,0.152,0.153,0.149,0.151,42652800,6440572.8
1987-02-06,MSFT,0.151,0.151,0.144,0.145,45619200,6614784.0
1987-02-09,MSFT,0.145,0.145,0.143,0.144,136080000,19595520.0
1987-02-10,MSFT,0.144,0.144,0.141,0.144,44668800,6432307.2
1987-02-11,MSFT,0.145,0.151,0.145,0.151,60307200,9106387.2
1987-02-12,MSFT,0.151,0.163,0.151,0.162,185731200,30088454.4
1987-02-13,MSFT,0.162,0.164,0.156,0.16,81763200,13082112.0
1987-02-17,MSFT,0.16,0.162,0.156,0.161,70732800,11387980.8
1987-02-18,MSFT,0.161,0.164,0.151,0.151,128592000,19417392.0
1987-02-19,MSFT,0.151,0.151,0.143,0.145,317750400,46073808.0
1987-02-20,MSFT,0.145,0.145,0.141,0.143,87897600,12569356.8
1987-02-23,MSFT,0.143,0.154,0.14,0.152,125913600,19138867.2
1987-02-24,MSFT,0.152,0.16,0.152,0.16,120816000,19330560.0
1987-02-25,MSFT,0.16,0.163,0.156,0.157,65001600,10205251.2
1987-02-26,MSFT,0.157,0.168,0.154,0.163,145209600,23669164.8
1987-02-27,MSFT,0.163,0.164,0.159,0.162,37555200,6083942.4
1987-03-02,MSFT,0.162,0.162,0.156,0.157,79516800,12484137.6
1987-03-03,MSFT,0.157,0.159,0.155,0.157,81100800,12732825.6
1987-03-04,MSFT,0.157,0.169,0.156,0.168,98179200,16494105.6
1987-03-05,MSFT,0.168,0.18,0.168,0.176,128188800,22561228.8
1987-03-06,MSFT,0.176,0.177,0.171,0.175,63561600,11123280.0
1987-03-09,MSFT,0.175,0.176,0.171,0.172,38275200,6583334.4
1987-03-10,MSFT,0.172,0.18,0.172,0.178,74102400,13190227.2
1987-03-11,MSFT,0.18,0.181,0.178,0.18,43862400,7895232.0
1987-03-12,MSFT,0.18,0.182,0.176,0.181,71337600,12912105.6
1987-03-13,MSFT,0.181,0.182,0.171,0.174,105120000,18290880.0
1987-03-16,MSFT,0.174,0.174,0.168,0.173,88473600,15305932.8
1987-03-17,MSFT,0.173,0.18,0.173,0.179,54547200,9763948.8
1987-03-18,MSFT,0.18,0.19,0.18,0.189,119347200,22556620.8
1987-03-19,MSFT,0.189,0.192,0.185,0.192,62812800,12060057.6
1987-03-20,MSFT,0.192,0.192,0.189,0.19,38246400,7266816.0
1987-03-23,MSFT,0.19,0.193,0.187,0.189,67478400,12753417.6
1987-03-24,MSFT,0.184,0.191,0.184,0.19,69609600,13225824.0
1987-03-25,MSFT,0.19,0.191,0.188,0.189,33840000,6395760.0
1987-03-26,MSFT,0.189,0.19,0.188,0.188,33379200,6275289.6
1987-03-27,MSFT,0.189,0.198,0.189,0.193,120873600,23328604.8
1987-03-30,MSFT,0.193,0.204,0.187,0.204,186134400,37971417.6
1987-03-31,MSFT,0.201,0.209,0.201,0.204,125337600,25568870.4
1987-04-01,MSFT,0.204,0.208,0.191,0.192,259430400,49810636.8
1987-04-02,MSFT,0.195,0.204,0.195,0.2,159955200,31991040.0
1987-04-03,MSFT,0.2,0.211,0.2,0.21,155606400,32677344.0
1987-04-06,MSFT,0.21,0.211,0.205,0.209,98956800,20681971.2
1987-04-07,MSFT,0.209,0.209,0.198,0.198,73728000,14598144.0
1987-04-08,MSFT,0.198,0.206,0.198,0.204,106214400,21667737.6
1987-04-09,MSFT,0.204,0.204,0.199,0.2,71568000,14313600.0
1987-04-10,MSFT,0.2,0.202,0.2,0.202,43372800,8761305.6
1987-04-13,MSFT,0.201,0.201,0.194,0.195,50256000,9799920.0
1987-04-14,MSFT,0.195,0.201,0.192,0.198,87379200,17301081.6
1987-04-15,MSFT,0.2,0.204,0.2,0.202,95961600,19384243.2
1987-04-16,MSFT,0.202,0.212,0.202,0.208,188092800,39123302.4
1987-04-20,MSFT,0.208,0.21,0.201,0.202,100310400,20262700.8
1987-04-21,MSFT,0.202,0.207,0.198,0.205,113184000,23202720.0
1987-04-22,MSFT,0.205,0.208,0.205,0.208,74678400,15533107.2
1987-04-23,MSFT,0.208,0.21,0.204,0.208,48326400,10051891.2
1987-04-24,MSFT,0.208,0.21,0.205,0.209,54172800,11322115.2
1987-04-27,MSFT,0.209,0.21,0.205,0.209,53107200,11099404.8
1987-04-28,MSFT,0.209,0.224,0.207,0.224,111081600,24882278.4
1987-04-29,MSFT,0.224,0.23,0.218,0.218,85161600,18565228.8
1987-04-30,MSFT,0.218,0.224,0.214,0.219,88041600,19281110.4
1987-05-01,MSFT,0.219,0.222,0.217,0.221,37843200,8363347.2
1987-05-04,MSFT,0.221,0.227,0.22,0.226,34531200,7804051.2
1987-05-05,MSFT,0.226,0.244,0.226,0.244,110995200,27082828.8
1987-05-06,MSFT,0.244,0.246,0.237,0.238,153504000,36533952.0
1987-05-07,MSFT,0.238,0.25,0.237,0.249,289699200,72135100.8
1987-05-08,MSFT,0.25,0.27,0.25,0.267,150048000,40062816.0
1987-05-11,MSFT,0.267,0.267,0.259,0.259,127382400,32992041.6
1987-05-12,MSFT,0.259,0.262,0.247,0.25,148464000,37116000.0
1987-05-13,MSFT,0.252,0.258,0.252,0.257,73382400,18859276.8
1987-05-14,MSFT,0.257,0.263,0.257,0.259,59961600,15530054.4
1987-05-15,MSFT,0.258,0.258,0.251,0.251,84326400,21165926.4
1987-05-18,MSFT,0.251,0.251,0.236,0.243,172598400,41941411.2
1987-05-19,MSFT,0.243,0.243,0.234,0.234,78336000,18330624.0
1987-05-20,MSFT,0.233,0.233,0.226,0.231,228355200,52750051.2
1987-05-21,MSFT,0.231,0.238,0.231,0.235,93312000,21928320.0
1987-05-22,MSFT,0.235,0.236,0.227,0.228,64627200,14735001.6
1987-05-26,MSFT,0.228,0.232,0.228,0.231,46886400,10830758.4
1987-05-27,MSFT,0.231,0.236,0.23,0.231,48758400,11263190.4
1987-05-28,MSFT,0.231,0.246,0.23,0.245,108662400,26622288.0
1987-05-29,MSFT,0.245,0.249,0.242,0.243,80380800,19532534.4
1987-06-01,MSFT,0.243,0.243,0.238,0.238,30326400,7217683.2
1987-06-02,MSFT,0.238,0.242,0.234,0.237,51552000,12217824.0
1987-06-03,MSFT,0.238,0.242,0.238,0.239,21628800,5169283.2
1987-06-04,MSFT,0.239,0.239,0.236,0.237,20390400,4832524.8
1987-06-05,MSFT,0.237,0.238,0.226,0.23,59270400,13632192.0
1987-06-08,MSFT,0.23,0.232,0.227,0.231,111571200,25772947.2
1987-06-09,MSFT,0.231,0.232,0.229,0.23,25833600,5941728.0
1987-06-10,MSFT,0.23,0.231,0.213,0.218,176256000,38423808.0
1987-06-11,MSFT,0.222,0.223,0.205,0.205,268704000,55084320.0
1987-06-12,MSFT,0.205,0.214,0.205,0.207,196156800,40604457.6
1987-06-15,MSFT,0.207,0.21,0.203,0.207,125222400,25921036.8
1987-06-16,MSFT,0.207,0.214,0.207,0.211,73526400,15514070.4
1987-06-17,MSFT,0.212,0.219,0.212,0.219,71078400,15566169.6
1987-06-18,MSFT,0.218,0.221,0.215,0.221,56188800,12417724.8
1987-06-19,MSFT,0.222,0.224,0.219,0.22,40809600,8978112.0
1987-06-22,MSFT,0.221,0.221,0.217,0.219,87436800,19148659.2
1987-06-23,MSFT,0.219,0.219,0.212,0.217,100771200,21867350.4
1987-06-24,MSFT,0.218,0.223,0.218,0.221,82684800,18273340.8
1987-06-25,MSFT,0.22,0.221,0.218,0.22,44035200,9687744.0
1987-06-26,MSFT,0.221,0.222,0.219,0.221,21945600,4849977.6
1987-06-29,MSFT,0.221,0.221,0.216,0.22,25632000,5639040.0
1987-06-30,MSFT,0.22,0.221,0.214,0.215,38332800,8241552.0
1987-07-01,MSFT,0.214,0.218,0.214,0.216,21945600,4740249.6
1987-07-02,MSFT,0.217,0.217,0.208,0.211,56880000,12001680.0
1987-07-06,MSFT,0.21,0.213,0.204,0.205,65491200,13425696.0
1987-07-07,MSFT,0.205,0.205,0.189,0.19,197078400,37444896.0
1987-07-08,MSFT,0.192,0.2,0.187,0.197,193449600,38109571.2
1987-07-09,MSFT,0.198,0.207,0.197,0.202,92707200,18726854.4
1987-07-10,MSFT,0.201,0.205,0.198,0.204,75830400,15469401.6
1987-07-13,MSFT,0.204,0.21,0.202,0.209,48326400,10100217.6
1987-07-14,MSFT,0.211,0.222,0.21,0.221,152812800,33771628.8
1987-07-15,MSFT,0.221,0.223,0.216,0.216,96768000,20901888.0
1987-07-16,MSFT,0.216,0.217,0.211,0.215,72979200,15690528.0
1987-07-17,MSFT,0.215,0.219,0.214,0.216,51264000,11073024.0
1987-07-20,MSFT,0.215,0.215,0.209,0.21,42019200,8824032.0
1987-07-21,MSFT,0.21,0.213,0.208,0.209,36547200,7638364.8
1987-07-22,MSFT,0.209,0.212,0.208,0.211,53366400,11260310.4
1987-07-23,MSFT,0.211,0.211,0.198,0.206,148492800,30589516.8
1987-07-24,MSFT,0.207,0.21,0.206,0.208,57744000,12010752.0
1987-07-27,MSFT,0.208,0.21,0.204,0.21,41817600,8781696.0
1987-07-28,MSFT,0.211,0.214,0.209,0.21,38160000,8013600.0
1987-07-29,MSFT,0.21,0.21,0.206,0.209,27676800,5784451.2
1987-07-30,MSFT,0.209,0.209,0.202,0.204,55555200,11333260.8
1987-07-31,MSFT,0.203,0.203,0.194,0.198,186624000,36951552.0
1987-08-03,MSFT,0.198,0.199,0.192,0.193,116352000,22455936.0
1987-08-04,MSFT,0.193,0.198,0.193,0.198,135072000,26744256.0
1987-08-05,MSFT,0.198,0.208,0.198,0.205,211190400,43294032.0
1987-08-06,MSFT,0.205,0.214,0.205,0.213,152553600,32493916.8
1987-08-07,MSFT,0.213,0.22,0.212,0.218,171014400,37281139.2
1987-08-10,MSFT,0.219,0.219,0.216,0.218,56448000,12305664.0
1987-08-11,MSFT,0.219,0.22,0.213,0.214,68544000,14668416.0
1987-08-12,MSFT,0.214,0.214,0.211,0.211,42364800,8938972.8
1987-08-13,MSFT,0.211,0.22,0.211,0.217,80640000,17498880.0
1987-08-14,MSFT,0.217,0.219,0.216,0.218,50832000,11081376.0
1987-08-17,MSFT,0.218,0.22,0.217,0.22,33667200,7406784.0
1987-08-18,MSFT,0.218,0.219,0.214,0.216,46944000,10139904.0
1987-08-19,MSFT,0.216,0.217,0.212,0.216,48902400,10562918.4
1987-08-20,MSFT,0.216,0.223,0.216,0.222,82051200,18215366.4
1987-08-21,MSFT,0.221,0.228,0.221,0.226,68976000,15588576.0
1987-08-24,MSFT,0.226,0.237,0.222,0.236,97747200,23068339.2
1987-08-25,MSFT,0.238,0.246,0.235,0.242,185961600,45002707.2
1987-08-26,MSFT,0.242,0.249,0.241,0.243,114105600,27727660.8
1987-08-27,MSFT,0.243,0.245,0.241,0.244,72432000,17673408.0
1987-08-28,MSFT,0.244,0.256,0.244,0.253,114796800,29043590.4
1987-08-31,MSFT,0.252,0.253,0.246,0.25,84326400,21081600.0
1987-09-01,MSFT,0.249,0.25,0.238,0.239,93859200,22432348.8
1987-09-02,MSFT,0.237,0.243,0.237,0.242,78393600,18971251.2
1987-09-03,MSFT,0.245,0.248,0.24,0.243,70934400,17237059.2
1987-09-04,MSFT,0.243,0.243,0.236,0.236,48355200,11411827.2
1987-09-08,MSFT,0.236,0.236,0.228,0.235,96336000,22638960.0
1987-09-09,MSFT,0.236,0.24,0.235,0.238,60710400,14449075.2
1987-09-10,MSFT,0.239,0.244,0.238,0.241,58176000,14020416.0
1987-09-11,MSFT,0.241,0.246,0.24,0.245,41040000,10054800.0
1987-09-14,MSFT,0.246,0.253,0.246,0.251,94464000,23710464.0
1987-09-15,MSFT,0.252,0.252,0.245,0.248,39052800,9685094.4
1987-09-16,MSFT,0.249,0.253,0.246,0.246,57715200,14197939.2
1987-09-17,MSFT,0.247,0.248,0.24,0.244,69436800,16942579.2
1987-09-18,MSFT,0.244,0.244,0.24,0.242,31651200,7659590.4
1987-09-21,MSFT,0.226,0.241,0.223,0.226,85550400,19334390.4
1987-09-22,MSFT,0.226,0.243,0.223,0.241,82008000,19763928.0
1987-09-23,MSFT,0.243,0.254,0.243,0.254,107697600,27355190.4
1987-09-24,MSFT,0.253,0.267,0.253,0.258,118440000,30557520.0
1987-09-25,MSFT,0.259,0.274,0.258,0.261,82454400,21520598.4
1987-09-28,MSFT,0.261,0.275,0.26,0.27,95544000,25796880.0
1987-09-29,MSFT,0.272,0.275,0.268,0.271,57412800,15558868.8
1987-09-30,MSFT,0.27,0.281,0.27,0.279,85680000,23904720.0
1987-10-01,MSFT,0.279,0.29,0.278,0.289,127224000,36767736.0
1987-10-02,MSFT,0.291,0.307,0.29,0.306,131644800,40283308.8
1987-10-05,MSFT,0.31,0.333,0.31,0.333,184320000,61378560.0
1987-10-06,MSFT,0.333,0.334,0.309,0.311,203040000,63145440.0
1987-10-07,MSFT,0.312,0.317,0.301,0.308,125640000,38697120.0
1987-10-08,MSFT,0.309,0.313,0.293,0.304,96940800,29470003.2
1987-10-09,MSFT,0.305,0.317,0.302,0.302,93888000,28354176.0
1987-10-12,MSFT,0.304,0.308,0.291,0.301,117187200,35273347.2
1987-10-13,MSFT,0.305,0.312,0.299,0.309,96811200,29914660.8
1987-10-14,MSFT,0.309,0.315,0.298,0.3,114220800,34266240.0
1987-10-15,MSFT,0.297,0.307,0.295,0.297,128822400,38260252.8
1987-10-16,MSFT,0.297,0.314,0.271,0.273,210240000,57395520.0
1987-10-19,MSFT,0.259,0.268,0.19,0.191,146880000,28054080.0
1987-10-20,MSFT,0.194,0.219,0.181,0.202,324000000,65448000.0
1987-10-21,MSFT,0.218,0.255,0.211,0.239,262080000,62637120.0
1987-10-22,MSFT,0.239,0.244,0.215,0.224,223200000,49996800.0
1987-10-23,MSFT,0.221,0.223,0.2,0.203,112766400,22891579.2
1987-10-26,MSFT,0.196,0.202,0.157,0.165,148320000,24472800.0
1987-10-27,MSFT,0.172,0.181,0.165,0.174,234720000,40841280.0
1987-10-28,MSFT,0.169,0.179,0.162,0.174,149760000,26058240.0
1987-10-29,MSFT,0.174,0.205,0.174,0.201,167040000,33575040.0
1987-10-30,MSFT,0.21,0.22,0.204,0.21,168480000,35380800.0
1987-11-02,MSFT,0.208,0.215,0.204,0.212,84772800,17971833.6
1987-11-03,MSFT,0.208,0.211,0.184,0.202,116150400,23462380.8
1987-11-04,MSFT,0.198,0.214,0.194,0.205,95342400,19545192.0
1987-11-05,MSFT,0.207,0.216,0.205,0.213,81432000,17345016.0
1987-11-06,MSFT,0.212,0.213,0.198,0.2,75355200,15071040.0
1987-11-09,MSFT,0.197,0.2,0.192,0.198,86587200,17144265.6
1987-11-10,MSFT,0.196,0.204,0.192,0.198,91166400,18050947.2
1987-11-11,MSFT,0.2,0.208,0.199,0.207,54619200,11306174.4
1987-11-12,MSFT,0.214,0.219,0.207,0.211,99172800,20925460.8
1987-11-13,MSFT,0.211,0.212,0.203,0.203,58492800,11874038.4
1987-11-16,MSFT,0.205,0.21,0.2,0.201,59472000,11953872.0
1987-11-17,MSFT,0.197,0.2,0.191,0.197,69321600,13656355.2
1987-11-18,MSFT,0.2,0.202,0.19,0.202,89308800,18040377.6
1987-11-19,MSFT,0.203,0.204,0.194,0.195,75024000,14629680.0
1987-11-20,MSFT,0.192,0.201,0.189,0.2,82468800,16493760.0
1987-11-23,MSFT,0.199,0.205,0.198,0.201,44640000,8972640.0
1987-11-24,MSFT,0.204,0.207,0.192,0.2,72230400,14446080.0
1987-11-25,MSFT,0.2,0.201,0.194,0.194,32155200,6238108.8
1987-11-27,MSFT,0.194,0.195,0.19,0.191,18316800,3498508.8
1987-11-30,MSFT,0.187,0.19,0.171,0.189,164160000,31026240.0
1987-12-01,MSFT,0.188,0.193,0.181,0.184,73540800,13531507.2
1987-12-02,MSFT,0.183,0.189,0.18,0.185,68515200,12675312.0
1987-12-03,MSFT,0.187,0.189,0.17,0.17,127670400,21703968.0
1987-12-04,MSFT,0.17,0.179,0.169,0.177,121752000,21550104.0
1987-12-07,MSFT,0.181,0.184,0.178,0.182,66211200,12050438.4
1987-12-08,MSFT,0.182,0.2,0.181,0.2,112521600,22504320.0
1987-12-09,MSFT,0.199,0.203,0.194,0.195,83793600,16339752.0
1987-12-10,MSFT,0.192,0.209,0.187,0.2,165600000,33120000.0
1987-12-11,MSFT,0.201,0.204,0.197,0.202,72475200,14639990.4
1987-12-14,MSFT,0.202,0.215,0.201,0.214,95112000,20353968.0
1987-12-15,MSFT,0.216,0.219,0.211,0.216,112219200,24239347.2
1987-12-16,MSFT,0.213,0.231,0.212,0.229,105537600,24168110.4
1987-12-17,MSFT,0.231,0.231,0.218,0.219,94017600,20589854.4
1987-12-18,MSFT,0.221,0.227,0.219,0.219,52488000,11494872.0
1987-12-21,MSFT,0.221,0.226,0.214,0.217,51163200,11102414.4
1987-12-22,MSFT,0.217,0.223,0.211,0.221,41774400,9232142.4
1987-12-23,MSFT,0.224,0.227,0.22,0.224,60710400,13599129.6
1987-12-24,MSFT,0.224,0.227,0.223,0.224,12672000,2838528.0
1987-12-28,MSFT,0.223,0.224,0.211,0.216,50716800,10954828.8
1987-12-29,MSFT,0.216,0.232,0.213,0.23,79459200,18275616.0
1987-12-30,MSFT,0.23,0.236,0.229,0.235,70704000,16615440.0
1987-12-31,MSFT,0.233,0.235,0.227,0.229,61545600,14093942.4
1988-01-04,MSFT,0.231,0.238,0.23,0.236,110347200,26041939.2
1988-01-05,MSFT,0.241,0.244,0.238,0.24,155520000,37324800.0
1988-01-06,MSFT,0.241,0.252,0.24,0.247,121680000,30054960.0
1988-01-07,MSFT,0.244,0.256,0.242,0.255,90676800,23122584.0
1988-01-08,MSFT,0.254,0.26,0.234,0.236,145440000,34323840.0
1988-01-11,MSFT,0.235,0.244,0.231,0.244,143568000,35030592.0
1988-01-12,MSFT,0.244,0.247,0.229,0.239,168480000,40266720.0
1988-01-13,MSFT,0.236,0.247,0.231,0.239,96148800,22979563.2
1988-01-14,MSFT,0.241,0.244,0.236,0.237,40608000,9624096.0
1988-01-15,MSFT,0.249,0.25,0.243,0.243,92174400,22398379.2
1988-01-18,MSFT,0.244,0.244,0.237,0.241,30038400,7239254.4
1988-01-19,MSFT,0.236,0.246,0.235,0.241,47419200,11428027.2
1988-01-20,MSFT,0.239,0.241,0.221,0.228,208800000,47606400.0
1988-01-21,MSFT,0.229,0.237,0.229,0.232,125107200,29024870.4
1988-01-22,MSFT,0.234,0.237,0.222,0.227,75297600,17092555.2
1988-01-25,MSFT,0.229,0.237,0.229,0.235,75499200,17742312.0
1988-01-26,MSFT,0.232,0.236,0.229,0.23,43560000,10018800.0
1988-01-27,MSFT,0.231,0.237,0.231,0.235,100411200,23596632.0
1988-01-28,MSFT,0.236,0.239,0.236,0.238,29318400,6977779.2
1988-01-29,MSFT,0.238,0.24,0.23,0.235,66700800,15674688.0
1988-02-01,MSFT,0.239,0.24,0.232,0.233,48729600,11353996.8
1988-02-02,MSFT,0.233,0.236,0.231,0.235,60753600,14277096.0
1988-02-03,MSFT,0.235,0.235,0.22,0.222,75801600,16827955.2
1988-02-04,MSFT,0.223,0.224,0.21,0.215,114710400,24662736.0
1988-02-05,MSFT,0.219,0.226,0.216,0.217,94104000,20420568.0
1988-02-08,MSFT,0.214,0.221,0.214,0.218,72878400,15887491.2
1988-02-09,MSFT,0.22,0.223,0.219,0.222,49939200,11086502.4
1988-02-10,MSFT,0.223,0.228,0.221,0.227,77025600,17484811.2
1988-02-11,MSFT,0.228,0.231,0.227,0.231,69436800,16039900.8
1988-02-12,MSFT,0.231,0.237,0.23,0.233,80222400,18691819.2
1988-02-16,MSFT,0.232,0.243,0.23,0.242,67334400,16294924.8
1988-02-17,MSFT,0.244,0.248,0.241,0.242,101318400,24519052.8
1988-02-18,MSFT,0.241,0.249,0.24,0.244,84153600,20533478.4
1988-02-19,MSFT,0.246,0.248,0.243,0.248,53164800,13184870.4
1988-02-22,MSFT,0.248,0.249,0.244,0.248,52228800,12952742.4
1988-02-23,MSFT,0.248,0.253,0.248,0.251,91728000,23023728.0
1988-02-24,MSFT,0.251,0.256,0.251,0.252,79560000,20049120.0
1988-02-25,MSFT,0.252,0.255,0.244,0.245,61560000,15082200.0
1988-02-26,MSFT,0.246,0.248,0.241,0.246,29923200,7361107.2
1988-02-29,MSFT,0.247,0.251,0.244,0.25,39326400,9831600.0
1988-03-01,MSFT,0.252,0.253,0.247,0.249,43300800,10781899.2
1988-03-02,MSFT,0.249,0.256,0.248,0.251,67896000,17041896.0
1988-03-03,MSFT,0.253,0.259,0.252,0.257,83664000,21501648.0
1988-03-04,MSFT,0.257,0.258,0.252,0.256,68356800,17499340.8
1988-03-07,MSFT,0.257,0.265,0.256,0.264,78004800,20593267.2
1988-03-08,MSFT,0.266,0.273,0.265,0.269,96897600,26065454.4
1988-03-09,MSFT,0.268,0.272,0.267,0.27,81734400,22068288.0
1988-03-10,MSFT,0.271,0.274,0.263,0.265,97948800,25956432.0
1988-03-11,MSFT,0.263,0.266,0.257,0.263,84297600,22170268.8
1988-03-14,MSFT,0.262,0.269,0.259,0.268,46281600,12403468.8
1988-03-15,MSFT,0.269,0.269,0.262,0.263,43761600,11509300.8
1988-03-16,MSFT,0.265,0.273,0.261,0.273,54547200,14891385.6
1988-03-17,MSFT,0.274,0.276,0.269,0.269,125308800,33708067.2
1988-03-18,MSFT,0.269,0.27,0.246,0.246,169920000,41800320.0
1988-03-21,MSFT,0.247,0.248,0.239,0.248,198720000,49282560.0
1988-03-22,MSFT,0.248,0.256,0.248,0.254,115833600,29421734.4
1988-03-23,MSFT,0.26,0.263,0.248,0.249,151200000,37648800.0
1988-03-24,MSFT,0.248,0.248,0.235,0.238,159840000,38041920.0
1988-03-25,MSFT,0.239,0.243,0.235,0.237,47332800,11217873.6
1988-03-28,MSFT,0.234,0.24,0.232,0.24,67147200,16115328.0
1988-03-29,MSFT,0.241,0.246,0.237,0.238,80712000,19209456.0
1988-03-30,MSFT,0.239,0.24,0.229,0.231,100713600,23264841.6
1988-03-31,MSFT,0.23,0.238,0.23,0.238,50256000,11960928.0
1988-04-04,MSFT,0.236,0.238,0.23,0.233,47721600,11119132.8
1988-04-05,MSFT,0.234,0.236,0.23,0.236,41760000,9855360.0
1988-04-06,MSFT,0.236,0.246,0.235,0.245,75297600,18447912.0
1988-04-07,MSFT,0.246,0.248,0.241,0.241,74923200,18056491.2
1988-04-08,MSFT,0.242,0.247,0.241,0.244,57974400,14145753.6
1988-04-11,MSFT,0.247,0.247,0.24,0.242,40406400,9778348.8
1988-04-12,MSFT,0.241,0.243,0.232,0.235,52444800,12324528.0
1988-04-13,MSFT,0.236,0.24,0.234,0.24,42206400,10129536.0
1988-04-14,MSFT,0.234,0.238,0.222,0.223,110030400,24536779.2
1988-04-15,MSFT,0.224,0.232,0.222,0.229,114220800,26156563.2
1988-04-18,MSFT,0.228,0.233,0.227,0.231,48052800,11100196.8
1988-04-19,MSFT,0.231,0.24,0.228,0.229,75772800,17351971.2
1988-04-20,MSFT,0.229,0.232,0.227,0.23,65404800,15043104.0
1988-04-21,MSFT,0.232,0.234,0.227,0.229,63979200,14651236.8
1988-04-22,MSFT,0.23,0.235,0.23,0.233,33926400,7904851.2
1988-04-25,MSFT,0.233,0.235,0.231,0.232,23385600,5425459.2
1988-04-26,MSFT,0.235,0.238,0.233,0.235,46454400,10916784.0
1988-04-27,MSFT,0.235,0.236,0.229,0.234,47894400,11207289.6
1988-04-28,MSFT,0.234,0.235,0.232,0.233,28468800,6633230.4
1988-04-29,MSFT,0.232,0.232,0.229,0.23,64771200,14897376.0
1988-05-02,MSFT,0.23,0.233,0.226,0.232,49262400,11428876.8
1988-05-03,MSFT,0.233,0.24,0.233,0.238,62740800,14932310.4
1988-05-04,MSFT,0.239,0.243,0.236,0.241,75153600,18112017.6
1988-05-05,MSFT,0.239,0.241,0.237,0.24,24883200,5971968.0
1988-05-06,MSFT,0.239,0.244,0.239,0.241,43977600,10598601.6
1988-05-09,MSFT,0.241,0.246,0.239,0.241,34790400,8384486.4
1988-05-10,MSFT,0.241,0.243,0.237,0.24,46828800,11238912.0
1988-05-11,MSFT,0.238,0.238,0.232,0.235,59486400,13979304.0
1988-05-12,MSFT,0.235,0.238,0.234,0.236,26409600,6232665.6
1988-05-13,MSFT,0.238,0.24,0.237,0.239,17913600,4281350.4
1988-05-16,MSFT,0.239,0.248,0.239,0.246,59788800,14708044.8
1988-05-17,MSFT,0.249,0.25,0.244,0.244,70430400,17185017.6
1988-05-18,MSFT,0.244,0.246,0.238,0.239,81374400,19448481.6
1988-05-19,MSFT,0.236,0.241,0.235,0.24,57729600,13855104.0
1988-05-20,MSFT,0.241,0.243,0.236,0.237,42523200,10077998.4
1988-05-23,MSFT,0.237,0.238,0.23,0.232,50227200,11652710.4
1988-05-24,MSFT,0.232,0.239,0.231,0.239,55324800,13222627.2
1988-05-25,MSFT,0.238,0.24,0.234,0.235,53582400,12591864.0
1988-05-26,MSFT,0.236,0.24,0.235,0.237,43387200,10282766.4
1988-05-27,MSFT,0.237,0.237,0.234,0.234,33148800,7756819.2
1988-05-31,MSFT,0.234,0.246,0.233,0.244,44049600,10748102.4
1988-06-01,MSFT,0.246,0.253,0.243,0.25,95788800,23947200.0
1988-06-02,MSFT,0.251,0.253,0.248,0.249,63230400,15744369.6
1988-06-03,MSFT,0.249,0.252,0.248,0.251,34833600,8743233.6
1988-06-06,MSFT,0.251,0.257,0.25,0.256,81748800,20927692.8
1988-06-07,MSFT,0.257,0.261,0.254,0.257,82166400,21116764.8
1988-06-08,MSFT,0.256,0.263,0.256,0.261,66283200,17299915.2
1988-06-09,MSFT,0.262,0.265,0.26,0.26,69264000,18008640.0
1988-06-10,MSFT,0.26,0.265,0.258,0.262,45014400,11793772.8
1988-06-13,MSFT,0.263,0.266,0.262,0.263,31118400,8184139.2
1988-06-14,MSFT,0.266,0.268,0.265,0.266,60379200,16060867.2
1988-06-15,MSFT,0.265,0.27,0.263,0.27,51033600,13779072.0
1988-06-16,MSFT,0.267,0.269,0.266,0.268,73713600,19755244.8
1988-06-17,MSFT,0.268,0.271,0.265,0.266,42105600,11200089.6
1988-06-20,MSFT,0.265,0.266,0.261,0.265,28137600,7456464.0
1988-06-21,MSFT,0.263,0.27,0.263,0.27,39715200,10723104.0
1988-06-22,MSFT,0.274,0.285,0.271,0.282,127324800,35905593.6
1988-06-23,MSFT,0.282,0.283,0.277,0.278,41054400,11413123.2
1988-06-24,MSFT,0.278,0.279,0.274,0.275,28555200,7852680.0
1988-06-27,MSFT,0.275,0.275,0.27,0.27,23630400,6380208.0
1988-06-28,MSFT,0.27,0.278,0.269,0.277,32140800,8903001.6
1988-06-29,MSFT,0.278,0.28,0.276,0.277,49809600,13797259.2
1988-06-30,MSFT,0.279,0.282,0.278,0.282,31550400,8897212.8
1988-07-01,MSFT,0.282,0.287,0.281,0.287,42940800,12324009.6
1988-07-05,MSFT,0.285,0.294,0.282,0.293,48096000,14092128.0
1988-07-06,MSFT,0.294,0.297,0.289,0.29,89380800,25920432.0
1988-07-07,MSFT,0.288,0.291,0.286,0.29,68428800,19844352.0
1988-07-08,MSFT,0.287,0.29,0.286,0.289,40089600,11585894.4
1988-07-11,MSFT,0.29,0.29,0.281,0.281,65764800,18479908.8
1988-07-12,MSFT,0.282,0.283,0.273,0.277,90000000,24930000.0
1988-07-13,MSFT,0.276,0.281,0.274,0.281,57427200,16137043.2
1988-07-14,MSFT,0.281,0.282,0.278,0.282,34848000,9827136.0
1988-07-15,MSFT,0.282,0.283,0.279,0.282,31579200,8905334.4
1988-07-18,MSFT,0.283,0.286,0.282,0.285,20102400,5729184.0
1988-07-19,MSFT,0.283,0.285,0.277,0.278,36460800,10136102.4
1988-07-20,MSFT,0.28,0.28,0.269,0.27,111096000,29995920.0
1988-07-21,MSFT,0.269,0.27,0.255,0.257,128937600,33136963.2
1988-07-22,MSFT,0.256,0.263,0.255,0.26,68817600,17892576.0
1988-07-25,MSFT,0.261,0.263,0.254,0.255,52704000,13439520.0
1988-07-26,MSFT,0.244,0.249,0.239,0.244,228960000,55866240.0
1988-07-27,MSFT,0.246,0.249,0.242,0.243,68140800,16558214.4
1988-07-28,MSFT,0.242,0.247,0.24,0.246,57945600,14254617.6
1988-07-29,MSFT,0.247,0.253,0.246,0.251,59385600,14905785.6
1988-08-01,MSFT,0.252,0.253,0.247,0.247,51825600,12800923.2
1988-08-02,MSFT,0.247,0.248,0.239,0.242,65476800,15845385.6
1988-08-03,MSFT,0.241,0.242,0.234,0.237,91987200,21800966.4
1988-08-04,MSFT,0.237,0.238,0.234,0.234,53496000,12518064.0
1988-08-05,MSFT,0.234,0.234,0.218,0.226,201600000,45561600.0
1988-08-08,MSFT,0.227,0.227,0.222,0.224,148320000,33223680.0
1988-08-09,MSFT,0.223,0.224,0.215,0.218,138830400,30265027.2
1988-08-10,MSFT,0.216,0.218,0.211,0.213,113169600,24105124.8
1988-08-11,MSFT,0.215,0.219,0.211,0.218,123105600,26837020.8
1988-08-12,MSFT,0.218,0.22,0.217,0.219,58262400,12759465.6
1988-08-15,MSFT,0.219,0.22,0.211,0.214,41083200,8791804.8
1988-08-16,MSFT,0.213,0.222,0.212,0.221,90878400,20084126.4
1988-08-17,MSFT,0.221,0.227,0.217,0.221,59112000,13063752.0
1988-08-18,MSFT,0.222,0.224,0.221,0.222,32025600,7109683.2
1988-08-19,MSFT,0.222,0.223,0.212,0.213,67377600,14351428.8
1988-08-22,MSFT,0.212,0.213,0.201,0.202,110174400,22255228.8
1988-08-23,MSFT,0.203,0.21,0.201,0.208,88315200,18369561.6
1988-08-24,MSFT,0.209,0.218,0.208,0.217,102585600,22261075.2
1988-08-25,MSFT,0.212,0.217,0.211,0.214,72633600,15543590.4
1988-08-26,MSFT,0.214,0.218,0.214,0.217,24451200,5305910.4
1988-08-29,MSFT,0.219,0.221,0.218,0.22,35035200,7707744.0
1988-08-30,MSFT,0.219,0.22,0.215,0.216,20966400,4528742.4
1988-08-31,MSFT,0.217,0.218,0.208,0.211,71884800,15167692.8
1988-09-01,MSFT,0.209,0.21,0.202,0.206,82382400,16970774.4
1988-09-02,MSFT,0.21,0.218,0.209,0.217,115329600,25026523.2
1988-09-06,MSFT,0.217,0.221,0.216,0.219,67752000,14837688.0
1988-09-07,MSFT,0.22,0.222,0.214,0.218,72115200,15721113.6
1988-09-08,MSFT,0.217,0.224,0.216,0.219,69206400,15156201.6
1988-09-09,MSFT,0.218,0.231,0.217,0.228,111124800,25336454.4
1988-09-12,MSFT,0.227,0.232,0.226,0.227,43257600,9819475.2
1988-09-13,MSFT,0.224,0.229,0.222,0.228,40608000,9258624.0
1988-09-14,MSFT,0.231,0.233,0.227,0.228,79214400,18060883.2
1988-09-15,MSFT,0.228,0.229,0.219,0.22,72921600,16042752.0
1988-09-16,MSFT,0.22,0.221,0.218,0.219,48700800,10665475.2
1988-09-19,MSFT,0.221,0.221,0.215,0.218,44697600,9744076.8
1988-09-20,MSFT,0.219,0.224,0.218,0.224,53625600,12012134.4
1988-09-21,MSFT,0.226,0.228,0.226,0.227,16056000,3644712.0
1988-09-22,MSFT,0.228,0.232,0.227,0.23,59688000,13728240.0
1988-09-23,MSFT,0.23,0.23,0.227,0.227,35092800,7966065.6
1988-09-26,MSFT,0.227,0.228,0.218,0.221,50212800,11097028.8
1988-09-27,MSFT,0.219,0.22,0.217,0.219,35366400,7745241.6
1988-09-28,MSFT,0.22,0.223,0.218,0.223,25516800,5690246.4
1988-09-29,MSFT,0.222,0.226,0.221,0.223,56462400,12591115.2
1988-09-30,MSFT,0.222,0.223,0.218,0.22,37252800,8195616.0
1988-10-03,MSFT,0.216,0.218,0.213,0.217,41097600,8918179.2
1988-10-04,MSFT,0.217,0.219,0.214,0.216,29260800,6320332.8
1988-10-05,MSFT,0.216,0.216,0.211,0.212,67089600,14222995.2
1988-10-06,MSFT,0.212,0.214,0.211,0.211,33609600,7091625.6
1988-10-07,MSFT,0.211,0.212,0.202,0.21,208065600,43693776.0
1988-10-10,MSFT,0.211,0.211,0.201,0.208,106358400,22122547.2
1988-10-11,MSFT,0.21,0.213,0.207,0.21,65952000,13849920.0
1988-10-12,MSFT,0.209,0.218,0.207,0.213,137534400,29294827.2
1988-10-13,MSFT,0.212,0.22,0.212,0.217,82468800,17895729.6
1988-10-14,MSFT,0.219,0.22,0.215,0.216,56764800,12261196.8
1988-10-17,MSFT,0.216,0.221,0.216,0.219,25675200,5622868.8
1988-10-18,MSFT,0.218,0.222,0.216,0.221,37224000,8226504.0
1988-10-19,MSFT,0.226,0.227,0.22,0.224,80683200,18073036.8
1988-10-20,MSFT,0.222,0.228,0.222,0.226,73296000,16564896.0
1988-10-21,MSFT,0.223,0.226,0.221,0.223,24264000,5410872.0
1988-10-24,MSFT,0.224,0.224,0.219,0.219,28627200,6269356.8
1988-10-25,MSFT,0.219,0.22,0.211,0.213,74548800,15878894.4
1988-10-26,MSFT,0.212,0.213,0.204,0.21,157420800,33058368.0
1988-10-27,MSFT,0.208,0.209,0.201,0.209,114336000,23896224.0
1988-10-28,MSFT,0.208,0.21,0.204,0.209,46540800,9727027.2
1988-10-31,MSFT,0.208,0.208,0.204,0.207,41284800,8545953.6
1988-11-01,MSFT,0.207,0.21,0.205,0.205,53280000,10922400.0
1988-11-02,MSFT,0.205,0.205,0.197,0.199,221803200,44138836.8
1988-11-03,MSFT,0.199,0.201,0.194,0.199,118339200,23549500.8
1988-11-04,MSFT,0.196,0.201,0.196,0.196,106603200,20894227.2
1988-11-07,MSFT,0.196,0.198,0.194,0.197,55065600,10847923.2
1988-11-08,MSFT,0.199,0.207,0.198,0.205,56606400,11604312.0
1988-11-09,MSFT,0.202,0.211,0.201,0.21,124732800,26193888.0
1988-11-10,MSFT,0.21,0.213,0.207,0.207,78796800,16310937.6
1988-11-11,MSFT,0.204,0.207,0.2,0.201,54936000,11042136.0
1988-11-14,MSFT,0.202,0.205,0.2,0.204,34329600,7003238.4
1988-11-15,MSFT,0.204,0.204,0.196,0.198,93902400,18592675.2
1988-11-16,MSFT,0.199,0.199,0.192,0.195,199008000,38806560.0
1988-11-17,MSFT,0.195,0.197,0.193,0.194,65865600,12777926.4
1988-11-18,MSFT,0.195,0.197,0.193,0.197,34430400,6782788.8
1988-11-21,MSFT,0.194,0.195,0.191,0.194,47102400,9137865.6
1988-11-22,MSFT,0.194,0.196,0.192,0.194,30312000,5880528.0
1988-11-23,MSFT,0.195,0.198,0.194,0.198,56548800,11196662.4
1988-11-25,MSFT,0.195,0.196,0.193,0.195,11462400,2235168.0
1988-11-28,MSFT,0.195,0.2,0.195,0.198,58737600,11630044.8
1988-11-29,MSFT,0.198,0.2,0.197,0.2,21873600,4374720.0
1988-11-30,MSFT,0.199,0.201,0.199,0.199,35193600,7003526.4
1988-12-01,MSFT,0.2,0.209,0.198,0.207,82008000,16975656.0
1988-12-02,MSFT,0.204,0.212,0.204,0.21,91497600,19214496.0
1988-12-05,MSFT,0.21,0.213,0.205,0.209,70142400,14659761.6
1988-12-06,MSFT,0.209,0.21,0.207,0.21,44366400,9316944.0
1988-12-07,MSFT,0.209,0.211,0.207,0.208,30888000,6424704.0
1988-12-08,MSFT,0.208,0.209,0.205,0.207,40176000,8316432.0
1988-12-09,MSFT,0.205,0.208,0.204,0.207,22305600,4617259.2
1988-12-12,MSFT,0.205,0.207,0.2,0.2,38894400,7778880.0
1988-12-13,MSFT,0.199,0.201,0.199,0.201,39168000,7872768.0
1988-12-14,MSFT,0.201,0.205,0.2,0.204,28008000,5713632.0
1988-12-15,MSFT,0.207,0.208,0.204,0.207,23198400,4802068.8
1988-12-16,MSFT,0.205,0.212,0.205,0.21,51796800,10877328.0
1988-12-19,MSFT,0.213,0.217,0.213,0.214,83534400,17876361.6
1988-12-20,MSFT,0.217,0.221,0.215,0.216,92188800,19912780.8
1988-12-21,MSFT,0.217,0.221,0.216,0.22,46440000,10216800.0
1988-12-22,MSFT,0.221,0.223,0.218,0.219,74592000,16335648.0
1988-12-23,MSFT,0.218,0.219,0.217,0.219,17121600,3749630.4
1988-12-27,MSFT,0.219,0.221,0.218,0.218,30772800,6708470.4
1988-12-28,MSFT,0.219,0.22,0.218,0.22,21268800,4679136.0
1988-12-29,MSFT,0.219,0.226,0.219,0.224,38275200,8573644.8
1988-12-30,MSFT,0.226,0.229,0.224,0.224,63820800,14295859.2
1989-01-03,MSFT,0.226,0.227,0.222,0.226,51825600,11712585.6
1989-01-04,MSFT,0.226,0.231,0.226,0.229,53899200,12342916.8
1989-01-05,MSFT,0.231,0.231,0.224,0.225,47246400,10630440.0
1989-01-06,MSFT,0.226,0.227,0.223,0.223,59054400,13169131.2
1989-01-09,MSFT,0.223,0.224,0.22,0.221,46008000,10167768.0
1989-01-10,MSFT,0.22,0.221,0.218,0.219,54129600,11854382.4
1989-01-11,MSFT,0.219,0.221,0.217,0.221,48297600,10673769.6
1989-01-12,MSFT,0.22,0.227,0.22,0.221,54590400,12064478.4
1989-01-13,MSFT,0.221,0.224,0.221,0.223,35568000,7931664.0
1989-01-16,MSFT,0.224,0.228,0.222,0.224,27532800,6167347.2
1989-01-17,MSFT,0.222,0.223,0.216,0.217,41745600,9058795.2
1989-01-18,MSFT,0.218,0.218,0.212,0.217,63633600,13808491.2
1989-01-19,MSFT,0.22,0.227,0.22,0.226,84297600,19051257.6
1989-01-20,MSFT,0.226,0.229,0.224,0.228,61027200,13914201.6
1989-01-23,MSFT,0.228,0.228,0.223,0.223,52228800,11647022.4
1989-01-24,MSFT,0.223,0.226,0.221,0.222,56217600,12480307.2
1989-01-25,MSFT,0.223,0.224,0.221,0.223,49046400,10937347.2
1989-01-26,MSFT,0.222,0.23,0.221,0.229,87134400,19953777.6
1989-01-27,MSFT,0.228,0.238,0.227,0.233,166420800,38776046.4
1989-01-30,MSFT,0.234,0.248,0.233,0.247,110088000,27191736.0
1989-01-31,MSFT,0.249,0.254,0.247,0.251,125092800,31398292.8
1989-02-01,MSFT,0.251,0.252,0.249,0.25,131212800,32803200.0
1989-02-02,MSFT,0.251,0.266,0.25,0.257,180028800,46267401.6
1989-02-03,MSFT,0.255,0.263,0.253,0.257,91324800,23470473.6
1989-02-06,MSFT,0.256,0.257,0.252,0.255,87580800,22333104.0
1989-02-07,MSFT,0.256,0.263,0.255,0.262,127094400,33298732.8
1989-02-08,MSFT,0.261,0.27,0.259,0.263,133315200,35061897.6
1989-02-09,MSFT,0.261,0.273,0.26,0.269,199036800,53540899.2
1989-02-10,MSFT,0.266,0.268,0.26,0.261,129038400,33679022.4
1989-02-13,MSFT,0.259,0.261,0.257,0.258,94075200,24271401.6
1989-02-14,MSFT,0.261,0.262,0.253,0.254,62956800,15991027.2
1989-02-15,MSFT,0.255,0.262,0.254,0.262,81936000,21467232.0
1989-02-16,MSFT,0.263,0.268,0.258,0.265,61387200,16267608.0
1989-02-17,MSFT,0.266,0.267,0.262,0.263,29692800,7809206.4
1989-02-21,MSFT,0.262,0.265,0.259,0.26,33753600,8775936.0
1989-02-22,MSFT,0.259,0.26,0.253,0.253,95515200,24165345.6
1989-02-23,MSFT,0.254,0.256,0.25,0.254,75945600,19290182.4
1989-02-24,MSFT,0.254,0.256,0.248,0.248,76017600,18852364.8
1989-02-27,MSFT,0.248,0.254,0.247,0.252,68788800,17334777.6
1989-02-28,MSFT,0.253,0.254,0.249,0.251,43444800,10904644.8
1989-03-01,MSFT,0.253,0.254,0.25,0.25,59889600,14972400.0
1989-03-02,MSFT,0.25,0.257,0.25,0.256,92304000,23629824.0
1989-03-03,MSFT,0.256,0.261,0.255,0.26,68947200,17926272.0
1989-03-06,MSFT,0.26,0.262,0.257,0.261,56635200,14781787.2
1989-03-07,MSFT,0.252,0.253,0.224,0.226,788688000,178243488.0
1989-03-08,MSFT,0.227,0.23,0.221,0.221,253612800,56048428.8
1989-03-09,MSFT,0.222,0.222,0.217,0.218,123307200,26880969.6
1989-03-10,MSFT,0.217,0.221,0.215,0.218,66902400,14584723.2
1989-03-13,MSFT,0.219,0.222,0.218,0.222,60206400,13365820.8
1989-03-14,MSFT,0.224,0.224,0.22,0.222,63720000,14145840.0
1989-03-15,MSFT,0.222,0.222,0.212,0.212,104889600,22236595.2
1989-03-16,MSFT,0.214,0.217,0.213,0.216,102888000,22223808.0
1989-03-17,MSFT,0.212,0.213,0.194,0.196,245577600,48133209.6
1989-03-20,MSFT,0.195,0.196,0.193,0.196,238996800,46843372.8
1989-03-21,MSFT,0.197,0.211,0.195,0.21,224467200,47138112.0
1989-03-22,MSFT,0.209,0.21,0.204,0.207,167025600,34574299.2
1989-03-23,MSFT,0.205,0.212,0.205,0.212,87811200,18615974.4
1989-03-27,MSFT,0.211,0.213,0.209,0.21,75542400,15863904.0
1989-03-28,MSFT,0.212,0.213,0.208,0.21,70804800,14869008.0
1989-03-29,MSFT,0.21,0.21,0.208,0.209,30009600,6272006.4
1989-03-30,MSFT,0.21,0.211,0.207,0.21,46742400,9815904.0
1989-03-31,MSFT,0.211,0.212,0.209,0.21,29736000,6244560.0
1989-04-03,MSFT,0.211,0.214,0.209,0.212,35049600,7430515.2
1989-04-04,MSFT,0.212,0.212,0.209,0.211,25027200,5280739.2
1989-04-05,MSFT,0.211,0.213,0.21,0.212,19641600,4164019.2
1989-04-06,MSFT,0.213,0.217,0.212,0.216,51681600,11163225.6
1989-04-07,MSFT,0.216,0.218,0.215,0.216,29448000,6360768.0
1989-04-10,MSFT,0.216,0.22,0.216,0.217,28670400,6221476.8
1989-04-11,MSFT,0.217,0.219,0.212,0.217,28728000,6233976.0
1989-04-12,MSFT,0.218,0.218,0.201,0.203,71020800,14417222.4
1989-04-13,MSFT,0.201,0.212,0.2,0.205,92880000,19040400.0
1989-04-14,MSFT,0.208,0.216,0.208,0.214,62625600,13401878.4
1989-04-17,MSFT,0.216,0.221,0.214,0.217,51638400,11205532.8
1989-04-18,MSFT,0.221,0.224,0.219,0.224,69336000,15531264.0
1989-04-19,MSFT,0.232,0.235,0.23,0.231,168969600,39031977.6
1989-04-20,MSFT,0.232,0.238,0.23,0.236,138801600,32757177.6
1989-04-21,MSFT,0.236,0.236,0.232,0.233,58190400,13558363.2
1989-04-24,MSFT,0.232,0.234,0.23,0.232,29332800,6805209.6
1989-04-25,MSFT,0.234,0.235,0.23,0.231,24897600,5751345.6
1989-04-26,MSFT,0.232,0.232,0.226,0.228,44510400,10148371.2
1989-04-27,MSFT,0.228,0.231,0.228,0.231,34588800,7990012.8
1989-04-28,MSFT,0.231,0.237,0.227,0.236,69782400,16468646.4
1989-05-01,MSFT,0.233,0.236,0.229,0.23,33739200,7760016.0
1989-05-02,MSFT,0.231,0.232,0.226,0.228,34372800,7836998.4
1989-05-03,MSFT,0.228,0.231,0.228,0.228,28857600,6579532.8
1989-05-04,MSFT,0.229,0.229,0.22,0.221,37425600,8271057.6
1989-05-05,MSFT,0.224,0.224,0.218,0.219,35827200,7846156.8
1989-05-08,MSFT,0.219,0.22,0.215,0.217,49003200,10633694.4
1989-05-09,MSFT,0.218,0.226,0.217,0.223,54590400,12173659.2
1989-05-10,MSFT,0.226,0.231,0.224,0.228,58752000,13395456.0
1989-05-11,MSFT,0.229,0.229,0.226,0.228,34401600,7843564.8
1989-05-12,MSFT,0.23,0.232,0.226,0.229,71092800,16280251.2
1989-05-15,MSFT,0.228,0.232,0.228,0.231,74736000,17264016.0
1989-05-16,MSFT,0.231,0.238,0.23,0.237,83433600,19773763.2
1989-05-17,MSFT,0.238,0.244,0.238,0.242,89812800,21734697.6
1989-05-18,MSFT,0.241,0.247,0.241,0.246,52574400,12933302.4
1989-05-19,MSFT,0.245,0.251,0.245,0.246,62568000,15391728.0
1989-05-22,MSFT,0.246,0.251,0.243,0.25,74275200,18568800.0
1989-05-23,MSFT,0.246,0.249,0.237,0.239,97545600,23313398.4
1989-05-24,MSFT,0.237,0.242,0.235,0.242,69364800,16786281.6
1989-05-25,MSFT,0.242,0.247,0.24,0.242,33840000,8189280.0
1989-05-26,MSFT,0.244,0.249,0.243,0.248,37886400,9395827.2
1989-05-30,MSFT,0.249,0.251,0.247,0.249,63907200,15912892.8
1989-05-31,MSFT,0.249,0.257,0.249,0.255,80971200,20647656.0
1989-06-01,MSFT,0.254,0.256,0.252,0.253,62798400,15887995.2
1989-06-02,MSFT,0.253,0.254,0.246,0.246,54043200,13294627.2
1989-06-05,MSFT,0.247,0.247,0.238,0.239,61416000,14678424.0
1989-06-06,MSFT,0.239,0.247,0.238,0.247,53899200,13313102.4
1989-06-07,MSFT,0.248,0.253,0.248,0.252,44928000,11321856.0
1989-06-08,MSFT,0.252,0.254,0.251,0.252,29217600,7362835.2
1989-06-09,MSFT,0.252,0.253,0.25,0.252,36144000,9108288.0
1989-06-12,MSFT,0.252,0.254,0.247,0.249,51681600,12868718.4
1989-06-13,MSFT,0.246,0.247,0.241,0.241,40564800,9776116.8
1989-06-14,MSFT,0.243,0.244,0.238,0.243,47304000,11494872.0
1989-06-15,MSFT,0.243,0.243,0.237,0.239,52113600,12455150.4
1989-06-16,MSFT,0.239,0.24,0.237,0.239,47361600,11319422.4
1989-06-19,MSFT,0.24,0.24,0.234,0.238,27158400,6463699.2
1989-06-20,MSFT,0.238,0.239,0.23,0.23,45806400,10535472.0
1989-06-21,MSFT,0.224,0.236,0.224,0.232,80496000,18675072.0
1989-06-22,MSFT,0.233,0.234,0.232,0.234,36072000,8440848.0
1989-06-23,MSFT,0.234,0.236,0.233,0.233,33537600,7814260.8
1989-06-26,MSFT,0.233,0.234,0.229,0.231,30240000,6985440.0
1989-06-27,MSFT,0.231,0.233,0.227,0.227,35899200,8149118.4
1989-06-28,MSFT,0.228,0.228,0.219,0.222,57456000,12755232.0
1989-06-29,MSFT,0.223,0.223,0.216,0.219,77198400,16906449.6
1989-06-30,MSFT,0.219,0.226,0.216,0.223,67248000,14996304.0
1989-07-03,MSFT,0.224,0.229,0.224,0.228,14688000,3348864.0
1989-07-05,MSFT,0.23,0.234,0.228,0.233,26539200,6183633.6
1989-07-06,MSFT,0.235,0.236,0.221,0.222,94780800,21041337.6
1989-07-07,MSFT,0.222,0.229,0.222,0.226,41457600,9369417.6
1989-07-10,MSFT,0.227,0.232,0.226,0.231,27259200,6296875.2
1989-07-11,MSFT,0.231,0.234,0.224,0.226,43488000,9828288.0
1989-07-12,MSFT,0.223,0.226,0.219,0.224,52156800,11683123.2
1989-07-13,MSFT,0.224,0.227,0.221,0.223,33408000,7449984.0
1989-07-14,MSFT,0.224,0.226,0.218,0.222,42768000,9494496.0
1989-07-17,MSFT,0.222,0.226,0.221,0.224,31291200,7009228.8
1989-07-18,MSFT,0.224,0.229,0.224,0.226,42984000,9714384.0
1989-07-19,MSFT,0.228,0.23,0.224,0.228,29764800,6786374.4
1989-07-20,MSFT,0.229,0.233,0.226,0.226,44524800,10062604.8
1989-07-21,MSFT,0.223,0.238,0.222,0.233,99763200,23244825.6
1989-07-24,MSFT,0.231,0.235,0.229,0.233,38361600,8938252.8
1989-07-25,MSFT,0.232,0.24,0.217,0.219,326030400,71400657.6
1989-07-26,MSFT,0.222,0.224,0.219,0.222,123638400,27447724.8
1989-07-27,MSFT,0.226,0.228,0.224,0.227,45561600,10342483.2
1989-07-28,MSFT,0.228,0.23,0.224,0.229,29217600,6690830.4
1989-07-31,MSFT,0.228,0.232,0.227,0.231,33336000,7700616.0
1989-08-01,MSFT,0.231,0.233,0.228,0.229,62136000,14229144.0
1989-08-02,MSFT,0.228,0.231,0.228,0.229,28368000,6496272.0
1989-08-03,MSFT,0.229,0.233,0.229,0.232,27590400,6400972.8
1989-08-04,MSFT,0.231,0.242,0.23,0.24,178128000,42750720.0
1989-08-07,MSFT,0.243,0.244,0.24,0.243,93571200,22737801.6
1989-08-08,MSFT,0.242,0.25,0.242,0.249,110548800,27526651.2
1989-08-09,MSFT,0.248,0.253,0.248,0.248,113774400,28216051.2
1989-08-10,MSFT,0.249,0.249,0.246,0.247,48340800,11940177.6
1989-08-11,MSFT,0.249,0.251,0.243,0.243,61473600,14938084.8
1989-08-14,MSFT,0.243,0.243,0.24,0.24,68990400,16557696.0
1989-08-15,MSFT,0.24,0.244,0.239,0.242,17856000,4321152.0
1989-08-16,MSFT,0.243,0.244,0.234,0.236,46670400,11014214.4
1989-08-17,MSFT,0.235,0.239,0.233,0.238,39960000,9510480.0
1989-08-18,MSFT,0.238,0.243,0.238,0.242,24912000,6028704.0
1989-08-21,MSFT,0.242,0.244,0.236,0.237,32097600,7607131.2
1989-08-22,MSFT,0.236,0.248,0.236,0.246,64771200,15933715.2
1989-08-23,MSFT,0.247,0.251,0.244,0.25,46094400,11523600.0
1989-08-24,MSFT,0.252,0.255,0.246,0.249,92764800,23098435.2
1989-08-25,MSFT,0.248,0.25,0.243,0.248,85147200,21116505.6
1989-08-28,MSFT,0.248,0.251,0.246,0.249,28540800,7106659.2
1989-08-29,MSFT,0.252,0.253,0.246,0.247,54417600,13441147.2
1989-08-30,MSFT,0.248,0.251,0.247,0.25,40377600,10094400.0
1989-08-31,MSFT,0.251,0.252,0.248,0.248,14198400,3521203.2
1989-09-01,MSFT,0.249,0.254,0.248,0.252,44409600,11191219.2
1989-09-05,MSFT,0.252,0.257,0.251,0.253,93340800,23615222.4
1989-09-06,MSFT,0.252,0.253,0.248,0.25,42379200,10594800.0
1989-09-07,MSFT,0.249,0.25,0.244,0.246,41904000,10308384.0
1989-09-08,MSFT,0.244,0.251,0.243,0.249,39787200,9907012.8
1989-09-11,MSFT,0.248,0.251,0.247,0.25,27907200,6976800.0
1989-09-12,MSFT,0.251,0.257,0.25,0.254,67795200,17219980.8
1989-09-13,MSFT,0.257,0.268,0.255,0.262,181022400,47427868.8
1989-09-14,MSFT,0.265,0.272,0.262,0.269,78163200,21025900.8
1989-09-15,MSFT,0.27,0.272,0.263,0.265,89150400,23624856.0
1989-09-18,MSFT,0.263,0.268,0.263,0.268,39110400,10481587.2
1989-09-19,MSFT,0.269,0.27,0.263,0.263,49204800,12940862.4
1989-09-20,MSFT,0.265,0.274,0.262,0.274,72129600,19763510.4
1989-09-21,MSFT,0.277,0.281,0.272,0.276,89352000,24661152.0
1989-09-22,MSFT,0.276,0.278,0.273,0.278,43948800,12217766.4
1989-09-25,MSFT,0.278,0.287,0.276,0.282,69940800,19723305.6
1989-09-26,MSFT,0.282,0.285,0.28,0.283,39988800,11316830.4
1989-09-27,MSFT,0.279,0.284,0.277,0.281,69235200,19455091.2
1989-09-28,MSFT,0.28,0.287,0.28,0.287,41428800,11890065.6
1989-09-29,MSFT,0.287,0.293,0.286,0.289,64324800,18589867.2
1989-10-02,MSFT,0.288,0.295,0.287,0.293,50428800,14775638.4
1989-10-03,MSFT,0.297,0.297,0.29,0.291,68918400,20055254.4
1989-10-04,MSFT,0.291,0.319,0.289,0.318,260020800,82686614.4
1989-10-05,MSFT,0.318,0.347,0.317,0.334,284760000,95109840.0
1989-10-06,MSFT,0.336,0.339,0.33,0.336,87609600,29436825.6
1989-10-09,MSFT,0.335,0.346,0.333,0.345,58536000,20194920.0
1989-10-10,MSFT,0.348,0.35,0.34,0.342,68299200,23358326.4
1989-10-11,MSFT,0.338,0.339,0.333,0.337,106401600,35857339.2
1989-10-12,MSFT,0.337,0.339,0.33,0.331,58881600,19489809.6
1989-10-13,MSFT,0.328,0.329,0.308,0.31,102643200,31819392.0
1989-10-16,MSFT,0.298,0.321,0.291,0.319,253065600,80727926.4
1989-10-17,MSFT,0.317,0.344,0.313,0.331,177206400,58655318.4
1989-10-18,MSFT,0.332,0.34,0.331,0.339,134784000,45691776.0
1989-10-19,MSFT,0.341,0.363,0.338,0.355,179424000,63695520.0
1989-10-20,MSFT,0.354,0.36,0.348,0.359,93542400,33581721.6
1989-10-23,MSFT,0.357,0.361,0.348,0.35,60912000,21319200.0
1989-10-24,MSFT,0.348,0.348,0.332,0.341,157089600,53567553.6
1989-10-25,MSFT,0.344,0.349,0.334,0.336,71481600,24017817.6
1989-10-26,MSFT,0.332,0.338,0.327,0.328,135460800,44431142.4
1989-10-27,MSFT,0.328,0.329,0.321,0.325,97041600,31538520.0
1989-10-30,MSFT,0.329,0.336,0.328,0.336,45921600,15429657.6
1989-10-31,MSFT,0.338,0.346,0.337,0.345,56563200,19514304.0
1989-11-01,MSFT,0.345,0.35,0.345,0.346,74649600,25828761.6
1989-11-02,MSFT,0.341,0.341,0.32,0.321,226051200,72562435.2
1989-11-03,MSFT,0.322,0.332,0.321,0.33,98755200,32589216.0
1989-11-06,MSFT,0.33,0.336,0.322,0.326,88027200,28696867.2
1989-11-07,MSFT,0.327,0.347,0.326,0.341,131544000,44856504.0
1989-11-08,MSFT,0.346,0.356,0.346,0.351,106488000,37377288.0
1989-11-09,MSFT,0.354,0.356,0.348,0.353,111528000,39369384.0
1989-11-10,MSFT,0.354,0.358,0.353,0.356,59169600,21064377.6
1989-11-13,MSFT,0.356,0.372,0.353,0.371,178905600,66373977.6
1989-11-14,MSFT,0.374,0.376,0.363,0.365,95241600,34763184.0
1989-11-15,MSFT,0.366,0.376,0.364,0.373,94492800,35245814.4
1989-11-16,MSFT,0.375,0.376,0.364,0.369,68054400,25112073.6
1989-11-17,MSFT,0.369,0.372,0.366,0.366,31651200,11584339.2
1989-11-20,MSFT,0.366,0.366,0.356,0.365,56937600,20782224.0
1989-11-21,MSFT,0.365,0.373,0.365,0.371,67118400,24900926.4
1989-11-22,MSFT,0.372,0.373,0.369,0.372,38232000,14222304.0
1989-11-24,MSFT,0.375,0.375,0.369,0.369,17971200,6631372.8
1989-11-27,MSFT,0.369,0.37,0.361,0.366,37281600,13645065.6
1989-11-28,MSFT,0.367,0.372,0.364,0.367,56664000,20795688.0
1989-11-29,MSFT,0.369,0.371,0.355,0.36,85896000,30922560.0
1989-11-30,MSFT,0.354,0.368,0.353,0.367,111211200,40814510.4
1989-12-01,MSFT,0.367,0.37,0.358,0.358,52070400,18641203.2
1989-12-04,MSFT,0.358,0.368,0.356,0.364,40536000,14755104.0
1989-12-05,MSFT,0.366,0.368,0.363,0.366,44049600,16122153.6
1989-12-06,MSFT,0.365,0.367,0.356,0.359,57384000,20600856.0
1989-12-07,MSFT,0.354,0.364,0.354,0.36,40348800,14525568.0
1989-12-08,MSFT,0.36,0.363,0.35,0.357,107625600,38422339.2
1989-12-11,MSFT,0.357,0.357,0.346,0.35,103377600,36182160.0
1989-12-12,MSFT,0.353,0.353,0.339,0.348,93628800,32582822.4
1989-12-13,MSFT,0.34,0.348,0.334,0.337,95788800,32280825.6
1989-12-14,MSFT,0.333,0.336,0.329,0.329,61516800,20239027.2
1989-12-15,MSFT,0.33,0.331,0.316,0.325,107164800,34828560.0
1989-12-18,MSFT,0.326,0.333,0.325,0.33,78436800,25884144.0
1989-12-19,MSFT,0.33,0.339,0.328,0.339,70473600,23890550.4
1989-12-20,MSFT,0.342,0.35,0.34,0.349,111009600,38742350.4
1989-12-21,MSFT,0.349,0.352,0.342,0.352,55022400,19367884.8
1989-12-22,MSFT,0.352,0.364,0.349,0.361,54892800,19816300.8
1989-12-26,MSFT,0.362,0.364,0.357,0.36,23817600,8574336.0
1989-12-27,MSFT,0.363,0.367,0.359,0.364,62798400,22858617.6
1989-12-28,MSFT,0.352,0.361,0.35,0.359,123091200,44189740.8
1989-12-29,MSFT,0.36,0.372,0.359,0.367,77630400,28490356.8
1990-01-02,MSFT,0.368,0.374,0.363,0.374,53035200,19835164.8
1990-01-03,MSFT,0.377,0.38,0.373,0.376,113774400,42779174.4
1990-01-04,MSFT,0.376,0.388,0.374,0.387,125740800,48661689.6
1990-01-05,MSFT,0.386,0.388,0.377,0.378,69566400,26296099.2
1990-01-08,MSFT,0.377,0.384,0.373,0.384,58982400,22649241.6
1990-01-09,MSFT,0.384,0.388,0.38,0.383,70300800,26925206.4
1990-01-10,MSFT,0.379,0.385,0.371,0.372,103766400,38601100.8
1990-01-11,MSFT,0.374,0.377,0.358,0.365,95774400,34957656.0
1990-01-12,MSFT,0.359,0.368,0.354,0.363,148910400,54054475.2
1990-01-15,MSFT,0.361,0.367,0.359,0.363,62467200,22675593.6
1990-01-16,MSFT,0.36,0.376,0.356,0.374,80092800,29954707.2
1990-01-17,MSFT,0.371,0.381,0.367,0.369,97588800,36010267.2
1990-01-18,MSFT,0.378,0.4,0.377,0.4,292363200,116945280.0
1990-01-19,MSFT,0.402,0.405,0.394,0.397,99259200,39405902.4
1990-01-22,MSFT,0.396,0.396,0.381,0.383,167688000,64224504.0
1990-01-23,MSFT,0.384,0.385,0.376,0.378,139348800,52673846.4
1990-01-24,MSFT,0.371,0.383,0.367,0.383,180345600,69072364.8
1990-01-25,MSFT,0.386,0.39,0.381,0.383,112752000,43184016.0
1990-01-26,MSFT,0.381,0.385,0.379,0.383,68083200,26075865.6
1990-01-29,MSFT,0.386,0.389,0.38,0.386,55080000,21260880.0
1990-01-30,MSFT,0.387,0.39,0.379,0.385,73108800,28146888.0
1990-01-31,MSFT,0.388,0.39,0.385,0.39,112939200,44046288.0
1990-02-01,MSFT,0.39,0.397,0.39,0.395,89193600,35231472.0
1990-02-02,MSFT,0.392,0.403,0.392,0.395,71395200,28201104.0
1990-02-05,MSFT,0.395,0.397,0.393,0.397,59731200,23713286.4
1990-02-06,MSFT,0.396,0.397,0.389,0.396,81964800,32458060.8
1990-02-07,MSFT,0.394,0.399,0.392,0.393,134150400,52721107.2
1990-02-08,MSFT,0.395,0.4,0.393,0.397,95227200,37805198.4
1990-02-09,MSFT,0.397,0.399,0.396,0.398,62380800,24827558.4
1990-02-12,MSFT,0.398,0.403,0.396,0.399,56088000,22379112.0
1990-02-13,MSFT,0.4,0.402,0.398,0.399,58752000,23442048.0
1990-02-14,MSFT,0.402,0.402,0.398,0.4,35870400,14348160.0
1990-02-15,MSFT,0.4,0.413,0.4,0.409,89496000,36603864.0
1990-02-16,MSFT,0.414,0.416,0.412,0.413,70876800,29272118.4
1990-02-20,MSFT,0.412,0.424,0.409,0.423,132652800,56112134.4
1990-02-21,MSFT,0.416,0.422,0.404,0.405,103348800,41856264.0
1990-02-22,MSFT,0.408,0.414,0.406,0.406,60811200,24689347.2
1990-02-23,MSFT,0.404,0.412,0.403,0.411,56851200,23365843.2
1990-02-26,MSFT,0.411,0.422,0.41,0.418,69220800,28934294.4
1990-02-27,MSFT,0.419,0.419,0.413,0.413,62020800,25614590.4
1990-02-28,MSFT,0.413,0.42,0.413,0.416,39312000,16353792.0
1990-03-01,MSFT,0.415,0.429,0.415,0.422,76867200,32437958.4
1990-03-02,MSFT,0.423,0.44,0.422,0.437,100209600,43791595.2
1990-03-05,MSFT,0.436,0.446,0.431,0.444,75528000,33534432.0
1990-03-06,MSFT,0.442,0.443,0.432,0.44,68630400,30197376.0
1990-03-07,MSFT,0.442,0.445,0.433,0.433,47606400,20613571.2
1990-03-08,MSFT,0.434,0.452,0.429,0.448,88977600,39861964.8
1990-03-09,MSFT,0.447,0.455,0.444,0.449,75744000,34009056.0
1990-03-12,MSFT,0.448,0.458,0.447,0.456,68875200,31407091.2
1990-03-13,MSFT,0.457,0.459,0.448,0.448,85204800,38171750.4
1990-03-14,MSFT,0.452,0.458,0.447,0.455,130968000,59590440.0
1990-03-15,MSFT,0.455,0.471,0.454,0.468,81676800,38224742.4
1990-03-16,MSFT,0.472,0.486,0.471,0.481,118900800,57191284.8
1990-03-19,MSFT,0.479,0.493,0.476,0.491,81172800,39855844.8
1990-03-20,MSFT,0.491,0.492,0.474,0.476,92145600,43861305.6
1990-03-21,MSFT,0.476,0.487,0.473,0.477,69840000,33313680.0
1990-03-22,MSFT,0.478,0.479,0.465,0.469,92419200,43344604.8
1990-03-23,MSFT,0.472,0.477,0.459,0.465,53596800,24922512.0
1990-03-26,MSFT,0.466,0.474,0.465,0.47,55929600,26286912.0
1990-03-27,MSFT,0.468,0.476,0.467,0.474,52516800,24892963.2
1990-03-28,MSFT,0.473,0.473,0.457,0.468,99532800,46581350.4
1990-03-29,MSFT,0.465,0.475,0.464,0.466,64785600,30190089.6
1990-03-30,MSFT,0.464,0.468,0.461,0.467,36691200,17134790.4
1990-04-02,MSFT,0.463,0.474,0.461,0.47,74059200,34807824.0
1990-04-03,MSFT,0.475,0.49,0.474,0.489,84643200,41390524.8
1990-04-04,MSFT,0.489,0.501,0.487,0.493,79646400,39265675.2
1990-04-05,MSFT,0.493,0.494,0.483,0.483,66369600,32056516.8
1990-04-06,MSFT,0.484,0.486,0.477,0.482,72878400,35127388.8
1990-04-09,MSFT,0.479,0.486,0.479,0.483,31176000,15058008.0
1990-04-10,MSFT,0.483,0.497,0.483,0.497,45187200,22458038.4
1990-04-11,MSFT,0.5,0.51,0.498,0.51,70372800,35890128.0
1990-04-12,MSFT,0.513,0.514,0.506,0.509,48254400,24561489.6
1990-04-16,MSFT,0.514,0.521,0.507,0.512,39470400,20208844.8
1990-04-17,MSFT,0.511,0.531,0.504,0.523,66780000,34925940.0
1990-04-18,MSFT,0.52,0.521,0.495,0.511,97797600,49974573.6
1990-04-19,MSFT,0.506,0.516,0.5,0.502,58003200,29117606.4
1990-04-20,MSFT,0.506,0.51,0.495,0.5,44661600,22330800.0
1990-04-23,MSFT,0.496,0.502,0.483,0.497,64879200,32244962.4
1990-04-24,MSFT,0.504,0.504,0.476,0.489,47916000,23430924.0
1990-04-25,MSFT,0.491,0.495,0.481,0.489,53870400,26342625.6
1990-04-26,MSFT,0.493,0.495,0.483,0.484,46296000,22407264.0
1990-04-27,MSFT,0.482,0.483,0.469,0.474,57124800,27077155.2
1990-04-30,MSFT,0.474,0.489,0.47,0.489,51451200,25159636.8
1990-05-01,MSFT,0.495,0.495,0.478,0.482,52473600,25292275.2
1990-05-02,MSFT,0.483,0.493,0.483,0.491,33264000,16332624.0
1990-05-03,MSFT,0.493,0.504,0.491,0.497,45892800,22808721.6
1990-05-04,MSFT,0.502,0.521,0.497,0.521,47815200,24911719.2
1990-05-07,MSFT,0.523,0.556,0.518,0.54,97351200,52569648.0
1990-05-08,MSFT,0.529,0.535,0.525,0.529,50824800,26886319.2
1990-05-09,MSFT,0.53,0.533,0.523,0.529,35164800,18602179.2
1990-05-10,MSFT,0.533,0.548,0.529,0.544,48801600,26548070.4
1990-05-11,MSFT,0.548,0.556,0.533,0.552,49168800,27141177.6
1990-05-14,MSFT,0.559,0.561,0.552,0.554,47232000,26166528.0
1990-05-15,MSFT,0.552,0.554,0.542,0.546,54122400,29550830.4
1990-05-16,MSFT,0.544,0.546,0.535,0.546,38556000,21051576.0
1990-05-17,MSFT,0.546,0.55,0.542,0.546,41731200,22785235.2
1990-05-18,MSFT,0.545,0.584,0.544,0.575,101822400,58547880.0
1990-05-21,MSFT,0.58,0.609,0.58,0.592,159595200,94480358.4
1990-05-22,MSFT,0.599,0.609,0.582,0.603,142437600,85889872.8
1990-05-23,MSFT,0.607,0.641,0.606,0.64,141184800,90358272.0
1990-05-24,MSFT,0.647,0.664,0.641,0.645,146649600,94588992.0
1990-05-25,MSFT,0.626,0.643,0.624,0.626,104688000,65534688.0
1990-05-29,MSFT,0.626,0.637,0.624,0.634,61480800,38978827.2
1990-05-30,MSFT,0.642,0.645,0.63,0.637,65073600,41451883.2
1990-05-31,MSFT,0.63,0.637,0.611,0.615,69436800,42703632.0
1990-06-01,MSFT,0.618,0.634,0.615,0.633,69069600,43721056.8
1990-06-04,MSFT,0.631,0.651,0.624,0.645,59162400,38159748.0
1990-06-05,MSFT,0.651,0.653,0.613,0.619,80258400,49679949.6
1990-06-06,MSFT,0.618,0.628,0.611,0.615,86292000,53069580.0
1990-06-07,MSFT,0.618,0.622,0.599,0.607,90122400,54704296.8
1990-06-08,MSFT,0.607,0.622,0.603,0.62,63770400,39537648.0
1990-06-11,MSFT,0.615,0.637,0.615,0.631,58240800,36749944.8
1990-06-12,MSFT,0.637,0.641,0.628,0.64,46656000,29859840.0
1990-06-13,MSFT,0.64,0.655,0.633,0.645,80265600,51771312.0
1990-06-14,MSFT,0.645,0.647,0.626,0.637,58204800,37076457.6
1990-06-15,MSFT,0.628,0.649,0.628,0.641,51552000,33044832.0
1990-06-18,MSFT,0.639,0.643,0.628,0.631,52790400,33310742.4
1990-06-19,MSFT,0.63,0.637,0.622,0.632,41716800,26365017.6
1990-06-20,MSFT,0.635,0.655,0.632,0.654,39564000,25874856.0
1990-06-21,MSFT,0.653,0.655,0.641,0.649,34308000,22265892.0
1990-06-22,MSFT,0.651,0.655,0.637,0.639,34034400,21747981.6
1990-06-25,MSFT,0.638,0.645,0.626,0.628,68983200,43321449.6
1990-06-26,MSFT,0.634,0.638,0.628,0.63,50198400,31624992.0
1990-06-27,MSFT,0.63,0.645,0.628,0.643,35762400,22995223.2
1990-06-28,MSFT,0.646,0.651,0.642,0.645,30052800,19384056.0
1990-06-29,MSFT,0.645,0.645,0.634,0.641,34956000,22406796.0
1990-07-02,MSFT,0.641,0.641,0.621,0.622,35474400,22065076.8
1990-07-03,MSFT,0.619,0.62,0.603,0.607,79257600,48109363.2
1990-07-05,MSFT,0.603,0.611,0.596,0.609,61855200,37669816.8
1990-07-06,MSFT,0.608,0.624,0.605,0.618,41803200,25834377.6
1990-07-09,MSFT,0.62,0.63,0.618,0.626,37317600,23360817.6
1990-07-10,MSFT,0.626,0.632,0.62,0.622,29700000,18473400.0
1990-07-11,MSFT,0.624,0.639,0.618,0.637,28922400,18423568.8
1990-07-12,MSFT,0.634,0.655,0.634,0.653,89042400,58144687.2
1990-07-13,MSFT,0.655,0.679,0.653,0.661,93628800,61888636.8
1990-07-16,MSFT,0.664,0.681,0.662,0.668,48729600,32551372.8
1990-07-17,MSFT,0.669,0.67,0.649,0.655,54475200,35681256.0
1990-07-18,MSFT,0.651,0.655,0.637,0.641,41853600,26828157.6
1990-07-19,MSFT,0.635,0.647,0.622,0.647,63136800,40849509.6
1990-07-20,MSFT,0.649,0.66,0.615,0.618,87724800,54213926.4
1990-07-23,MSFT,0.618,0.624,0.601,0.607,74203200,45041342.4
1990-07-24,MSFT,0.611,0.611,0.563,0.586,137102400,80342006.4
1990-07-25,MSFT,0.59,0.605,0.58,0.603,60148800,36269726.4
1990-07-26,MSFT,0.601,0.624,0.556,0.58,303321600,175926528.0
1990-07-27,MSFT,0.577,0.59,0.571,0.582,51019200,29693174.4
1990-07-30,MSFT,0.577,0.582,0.554,0.573,87955200,50398329.6
1990-07-31,MSFT,0.575,0.579,0.556,0.561,42307200,23734339.2
1990-08-01,MSFT,0.559,0.567,0.537,0.563,111117600,62559208.8
1990-08-02,MSFT,0.552,0.563,0.542,0.556,91771200,51024787.2
1990-08-03,MSFT,0.552,0.554,0.509,0.533,117180000,62456940.0
1990-08-06,MSFT,0.518,0.523,0.493,0.51,113184000,57723840.0
1990-08-07,MSFT,0.516,0.525,0.506,0.516,91065600,46989849.6
1990-08-08,MSFT,0.527,0.54,0.523,0.535,86263200,46150812.0
1990-08-09,MSFT,0.54,0.554,0.533,0.549,77054400,42302865.6
1990-08-10,MSFT,0.549,0.554,0.529,0.544,73188000,39814272.0
1990-08-13,MSFT,0.537,0.552,0.533,0.548,53942400,29560435.2
1990-08-14,MSFT,0.55,0.555,0.537,0.542,33710400,18271036.8
1990-08-15,MSFT,0.546,0.554,0.542,0.542,51408000,27863136.0
1990-08-16,MSFT,0.54,0.544,0.521,0.521,53330400,27785138.4
1990-08-17,MSFT,0.514,0.521,0.506,0.508,95227200,48375417.6
1990-08-20,MSFT,0.508,0.51,0.468,0.468,113601600,53165548.8
1990-08-21,MSFT,0.457,0.462,0.428,0.457,165650400,75702232.8
1990-08-22,MSFT,0.464,0.468,0.45,0.453,79236000,35893908.0
1990-08-23,MSFT,0.443,0.453,0.43,0.436,107445600,46846281.6
1990-08-24,MSFT,0.44,0.487,0.44,0.483,95443200,46099065.6
1990-08-27,MSFT,0.497,0.516,0.497,0.512,110116800,56379801.6
1990-08-28,MSFT,0.508,0.533,0.506,0.53,79826400,42307992.0
1990-08-29,MSFT,0.527,0.537,0.506,0.51,77954400,39756744.0
1990-08-30,MSFT,0.512,0.526,0.506,0.506,65383200,33083899.2
1990-08-31,MSFT,0.506,0.523,0.5,0.518,40737600,21102076.8
1990-09-04,MSFT,0.514,0.527,0.512,0.525,47376000,24872400.0
1990-09-05,MSFT,0.527,0.531,0.493,0.497,54676800,27174369.6
1990-09-06,MSFT,0.489,0.493,0.474,0.485,115617600,56074536.0
1990-09-07,MSFT,0.481,0.497,0.476,0.487,53704800,26154237.6
1990-09-10,MSFT,0.495,0.506,0.47,0.47,74246400,34895808.0
1990-09-11,MSFT,0.472,0.476,0.459,0.468,78868800,36910598.4
1990-09-12,MSFT,0.474,0.487,0.47,0.484,75016800,36308131.2
1990-09-13,MSFT,0.489,0.493,0.481,0.485,49867200,24185592.0
1990-09-14,MSFT,0.481,0.508,0.475,0.504,67672800,34107091.2
1990-09-17,MSFT,0.502,0.521,0.5,0.512,70394400,36041932.8
1990-09-18,MSFT,0.511,0.526,0.504,0.521,60638400,31592606.4
1990-09-19,MSFT,0.531,0.533,0.521,0.523,52696800,27560426.4
1990-09-20,MSFT,0.518,0.523,0.504,0.504,52444800,26432179.2
1990-09-21,MSFT,0.504,0.512,0.493,0.51,79891200,40744512.0
1990-09-24,MSFT,0.502,0.506,0.485,0.493,81439200,40149525.6
1990-09-25,MSFT,0.503,0.51,0.495,0.509,53308800,27134179.2
1990-09-26,MSFT,0.51,0.512,0.502,0.508,39268800,19948550.4
1990-09-27,MSFT,0.514,0.518,0.491,0.5,65728800,32864400.0
1990-09-28,MSFT,0.491,0.535,0.489,0.531,97984800,52029928.8
1990-10-01,MSFT,0.546,0.569,0.544,0.566,131623200,74498731.2
1990-10-02,MSFT,0.575,0.577,0.552,0.555,83469600,46325628.0
1990-10-03,MSFT,0.552,0.568,0.55,0.554,57600000,31910400.0
1990-10-04,MSFT,0.55,0.554,0.54,0.541,69292800,37487404.8
1990-10-05,MSFT,0.531,0.554,0.525,0.546,82101600,44827473.6
1990-10-08,MSFT,0.556,0.561,0.544,0.556,38678400,21505190.4
1990-10-09,MSFT,0.55,0.556,0.527,0.531,66376800,35246080.8
1990-10-10,MSFT,0.523,0.525,0.497,0.502,115596000,58029192.0
1990-10-11,MSFT,0.504,0.508,0.481,0.489,83815200,40985632.8
1990-10-12,MSFT,0.493,0.495,0.455,0.481,109252800,52550596.8
1990-10-15,MSFT,0.487,0.489,0.468,0.476,130334400,62039174.4
1990-10-16,MSFT,0.478,0.486,0.455,0.461,300888000,138709368.0
1990-10-17,MSFT,0.462,0.478,0.451,0.476,135820800,64650700.8
1990-10-18,MSFT,0.481,0.518,0.478,0.515,123739200,63725688.0
1990-10-19,MSFT,0.523,0.533,0.51,0.523,170337600,89086564.8
1990-10-22,MSFT,0.523,0.546,0.521,0.54,80294400,43358976.0
1990-10-23,MSFT,0.537,0.554,0.533,0.542,71884800,38961561.6
1990-10-24,MSFT,0.535,0.552,0.533,0.551,54734400,30158654.4
1990-10-25,MSFT,0.552,0.559,0.54,0.546,51501600,28119873.6
1990-10-26,MSFT,0.537,0.544,0.533,0.534,59126400,31573497.6
1990-10-29,MSFT,0.537,0.542,0.523,0.527,67881600,35773603.2
1990-10-30,MSFT,0.527,0.542,0.523,0.539,52567200,28333720.8
1990-10-31,MSFT,0.544,0.55,0.537,0.537,61200000,32864400.0
1990-11-01,MSFT,0.531,0.542,0.529,0.535,49442400,26451684.0
1990-11-02,MSFT,0.535,0.554,0.533,0.548,74764800,40971110.4
1990-11-05,MSFT,0.55,0.556,0.546,0.553,50702400,28038427.2
1990-11-06,MSFT,0.554,0.561,0.535,0.542,59212800,32093337.6
1990-11-07,MSFT,0.537,0.546,0.535,0.537,63100800,33885129.6
1990-11-08,MSFT,0.535,0.546,0.531,0.535,43466400,23254524.0
1990-11-09,MSFT,0.546,0.552,0.544,0.546,43344000,23665824.0
1990-11-12,MSFT,0.556,0.584,0.556,0.581,87660000,50930460.0
1990-11-13,MSFT,0.58,0.586,0.571,0.579,67658400,39174213.6
1990-11-14,MSFT,0.577,0.59,0.575,0.586,59724000,34998264.0
1990-11-15,MSFT,0.582,0.584,0.567,0.572,63129600,36110131.2
1990-11-16,MSFT,0.569,0.58,0.567,0.573,67075200,38434089.6
1990-11-19,MSFT,0.573,0.588,0.573,0.586,45554400,26694878.4
1990-11-20,MSFT,0.584,0.594,0.574,0.575,68868000,39599100.0
1990-11-21,MSFT,0.573,0.582,0.565,0.58,60739200,35228736.0
1990-11-23,MSFT,0.584,0.592,0.577,0.58,22060800,12795264.0
1990-11-26,MSFT,0.577,0.594,0.571,0.592,47577600,28165939.2
1990-11-27,MSFT,0.594,0.609,0.588,0.606,63417600,38431065.6
1990-11-28,MSFT,0.609,0.613,0.592,0.593,77623200,46030557.6
1990-11-29,MSFT,0.592,0.601,0.588,0.601,65865600,39585225.6
1990-11-30,MSFT,0.601,0.626,0.594,0.609,72165600,43948850.4
1990-12-03,MSFT,0.618,0.628,0.613,0.623,68241600,42514516.8
1990-12-04,MSFT,0.62,0.634,0.615,0.628,54547200,34255641.6
1990-12-05,MSFT,0.628,0.639,0.626,0.634,68630400,43511673.6
1990-12-06,MSFT,0.643,0.647,0.624,0.63,108201600,68167008.0
1990-12-07,MSFT,0.626,0.634,0.609,0.626,81921600,51282921.6
1990-12-10,MSFT,0.618,0.635,0.613,0.624,55526400,34648473.6
1990-12-11,MSFT,0.618,0.628,0.607,0.608,61768800,37555430.4
1990-12-12,MSFT,0.605,0.613,0.594,0.611,71560800,43723648.8
1990-12-13,MSFT,0.615,0.62,0.605,0.613,50709600,31084984.8
1990-12-14,MSFT,0.615,0.626,0.611,0.621,48636000,30202956.0
1990-12-17,MSFT,0.615,0.626,0.611,0.624,27288000,17027712.0
1990-12-18,MSFT,0.628,0.639,0.626,0.634,51876000,32889384.0
1990-12-19,MSFT,0.635,0.639,0.63,0.631,34264800,21621088.8
1990-12-20,MSFT,0.626,0.641,0.624,0.637,46994400,29935432.8
1990-12-21,MSFT,0.639,0.641,0.634,0.639,33472800,21389119.2
1990-12-24,MSFT,0.637,0.637,0.63,0.634,13550400,8590953.6
1990-12-26,MSFT,0.634,0.639,0.628,0.632,16214400,10247500.8
1990-12-27,MSFT,0.632,0.634,0.628,0.63,22629600,14256648.0
1990-12-28,MSFT,0.628,0.634,0.626,0.632,20268000,12809376.0
1990-12-31,MSFT,0.632,0.634,0.628,0.634,23702400,15027321.6
1991-01-02,MSFT,0.632,0.634,0.63,0.63,38109600,24009048.0
1991-01-03,MSFT,0.63,0.641,0.63,0.634,52826400,33491937.6
1991-01-04,MSFT,0.632,0.645,0.632,0.64,58485600,37430784.0
1991-01-07,MSFT,0.634,0.655,0.63,0.631,87552000,55245312.0
1991-01-08,MSFT,0.63,0.634,0.615,0.62,76442400,47394288.0
1991-01-09,MSFT,0.624,0.639,0.62,0.624,115624800,72149875.2
1991-01-10,MSFT,0.626,0.664,0.626,0.66,123890400,81767664.0
1991-01-11,MSFT,0.662,0.666,0.647,0.658,62006400,40800211.2
1991-01-14,MSFT,0.651,0.653,0.637,0.647,58658400,37951984.8
1991-01-15,MSFT,0.647,0.67,0.647,0.661,83440800,55154368.8
1991-01-16,MSFT,0.662,0.699,0.66,0.693,139917600,96962896.8
1991-01-17,MSFT,0.725,0.727,0.706,0.708,163526400,115776691.2
1991-01-18,MSFT,0.696,0.721,0.693,0.719,103032000,74080008.0
1991-01-21,MSFT,0.713,0.759,0.713,0.755,154512000,116656560.0
1991-01-22,MSFT,0.756,0.767,0.737,0.749,113716800,85173883.2
1991-01-23,MSFT,0.744,0.761,0.744,0.75,77083200,57812400.0
1991-01-24,MSFT,0.752,0.766,0.748,0.763,86083200,65681481.6
1991-01-25,MSFT,0.765,0.767,0.75,0.755,86889600,65601648.0
1991-01-28,MSFT,0.75,0.792,0.75,0.778,130989600,101909908.8
1991-01-29,MSFT,0.778,0.796,0.759,0.78,146980800,114645024.0
1991-01-30,MSFT,0.78,0.814,0.771,0.811,148586400,120503570.4
1991-01-31,MSFT,0.814,0.839,0.809,0.827,111420000,92144340.0
1991-02-01,MSFT,0.835,0.851,0.82,0.841,117878400,99135734.4
1991-02-04,MSFT,0.843,0.849,0.826,0.836,88236000,73765296.0
1991-02-05,MSFT,0.837,0.86,0.826,0.854,88740000,75783960.0
1991-02-06,MSFT,0.851,0.898,0.847,0.892,106351200,94865270.4
1991-02-07,MSFT,0.896,0.919,0.862,0.868,133466400,115848835.2
1991-02-08,MSFT,0.868,0.883,0.858,0.877,74232000,65101464.0
1991-02-11,MSFT,0.878,0.881,0.862,0.879,152337600,133904750.4
1991-02-12,MSFT,0.87,0.883,0.864,0.87,96206400,83699568.0
1991-02-13,MSFT,0.864,0.89,0.858,0.889,95493600,84893810.4
1991-02-14,MSFT,0.887,0.889,0.835,0.849,133704000,113514696.0
1991-02-15,MSFT,0.856,0.879,0.854,0.87,115452000,100443240.0
1991-02-19,MSFT,0.862,0.873,0.856,0.864,66564000,57511296.0
1991-02-20,MSFT,0.858,0.877,0.856,0.866,52552800,45510724.8
1991-02-21,MSFT,0.868,0.873,0.843,0.843,68277600,57558016.8
1991-02-22,MSFT,0.841,0.881,0.841,0.862,105343200,90805838.4
1991-02-25,MSFT,0.87,0.877,0.856,0.868,88524000,76838832.0
1991-02-26,MSFT,0.856,0.864,0.847,0.858,55540800,47654006.4
1991-02-27,MSFT,0.862,0.892,0.854,0.887,87674400,77767192.8
1991-02-28,MSFT,0.894,0.896,0.87,0.875,55008000,48132000.0
1991-03-01,MSFT,0.868,0.896,0.86,0.892,77724000,69329808.0
1991-03-04,MSFT,0.892,0.906,0.881,0.902,47023200,42414926.4
1991-03-05,MSFT,0.904,0.948,0.902,0.94,76356000,71774640.0
1991-03-06,MSFT,0.948,0.953,0.9,0.904,101088000,91383552.0
1991-03-07,MSFT,0.879,0.906,0.873,0.877,165391200,145048082.4
1991-03-08,MSFT,0.881,0.894,0.858,0.864,134697600,116378726.4
1991-03-11,MSFT,0.858,0.864,0.824,0.837,160970400,134732224.8
1991-03-12,MSFT,0.828,0.834,0.806,0.807,152884800,123378033.6
1991-03-13,MSFT,0.809,0.853,0.809,0.847,110268000,93396996.0
1991-03-14,MSFT,0.856,0.856,0.818,0.826,100216800,82779076.8
1991-03-15,MSFT,0.828,0.833,0.811,0.815,76932000,62699580.0
1991-03-18,MSFT,0.811,0.841,0.809,0.837,66218400,55424800.8
1991-03-19,MSFT,0.828,0.851,0.816,0.835,92505600,77242176.0
1991-03-20,MSFT,0.835,0.851,0.833,0.835,83217600,69486696.0
1991-03-21,MSFT,0.839,0.849,0.792,0.799,119188800,95231851.2
1991-03-22,MSFT,0.797,0.805,0.784,0.79,95688000,75593520.0
1991-03-25,MSFT,0.792,0.833,0.792,0.828,59824800,49534934.4
1991-03-26,MSFT,0.833,0.887,0.833,0.886,89928000,79676208.0
1991-03-27,MSFT,0.885,0.921,0.885,0.908,91936800,83478614.4
1991-03-28,MSFT,0.904,0.913,0.894,0.895,30492000,27290340.0
1991-04-01,MSFT,0.894,0.908,0.881,0.9,59205600,53285040.0
1991-04-02,MSFT,0.906,0.948,0.9,0.946,96256800,91058932.8
1991-04-03,MSFT,0.951,0.984,0.951,0.959,91778400,88015485.6
1991-04-04,MSFT,0.961,0.984,0.951,0.959,73850400,70822533.6
1991-04-05,MSFT,0.961,0.963,0.919,0.927,108914400,100963648.8
1991-04-08,MSFT,0.927,0.955,0.923,0.939,46526400,43688289.6
1991-04-09,MSFT,0.94,0.955,0.925,0.929,60768000,56453472.0
1991-04-10,MSFT,0.925,0.929,0.889,0.906,74340000,67352040.0
1991-04-11,MSFT,0.915,0.94,0.911,0.936,47937600,44869593.6
1991-04-12,MSFT,0.923,0.927,0.875,0.904,176731200,159765004.8
1991-04-15,MSFT,0.894,0.963,0.885,0.959,88819200,85177612.8
1991-04-16,MSFT,0.959,0.965,0.927,0.946,81331200,76939315.2
1991-04-17,MSFT,0.961,0.991,0.937,0.94,128383200,120680208.0
1991-04-18,MSFT,0.938,0.944,0.911,0.927,88084800,81654609.6
1991-04-19,MSFT,0.896,0.923,0.885,0.904,96588000,87315552.0
1991-04-22,MSFT,0.894,0.896,0.858,0.861,139708800,120289276.8
1991-04-23,MSFT,0.862,0.868,0.847,0.857,103910400,89051212.8
1991-04-24,MSFT,0.856,0.883,0.847,0.868,82130400,71289187.2
1991-04-25,MSFT,0.864,0.875,0.847,0.849,65707200,55785412.8
1991-04-26,MSFT,0.845,0.862,0.833,0.849,88372800,75028507.2
1991-04-29,MSFT,0.854,0.856,0.824,0.824,71258400,58716921.6
1991-04-30,MSFT,0.824,0.837,0.809,0.835,115178400,96173964.0
1991-05-01,MSFT,0.83,0.849,0.818,0.849,111628800,94772851.2
1991-05-02,MSFT,0.854,0.864,0.845,0.847,66888000,56654136.0
1991-05-03,MSFT,0.847,0.854,0.841,0.854,23047200,19682308.8
1991-05-06,MSFT,0.847,0.87,0.845,0.866,44755200,38758003.2
1991-05-07,MSFT,0.87,0.875,0.854,0.854,50904000,43472016.0
1991-05-08,MSFT,0.851,0.87,0.845,0.868,57592800,49990550.4
1991-05-09,MSFT,0.87,0.894,0.866,0.892,76298400,68058172.8
1991-05-10,MSFT,0.896,0.902,0.86,0.866,52070400,45092966.4
1991-05-13,MSFT,0.87,0.875,0.854,0.869,68745600,59739926.4
1991-05-14,MSFT,0.865,0.87,0.849,0.854,58816800,50229547.2
1991-05-15,MSFT,0.845,0.847,0.815,0.826,111160800,91818820.8
1991-05-16,MSFT,0.837,0.843,0.83,0.838,70243200,58863801.6
1991-05-17,MSFT,0.835,0.839,0.826,0.837,44812800,37508313.6
1991-05-20,MSFT,0.839,0.843,0.824,0.836,65937600,55123833.6
1991-05-21,MSFT,0.841,0.87,0.839,0.86,83570400,71870544.0
1991-05-22,MSFT,0.866,0.9,0.862,0.9,88783200,79904880.0
1991-05-23,MSFT,0.902,0.925,0.902,0.923,67752000,62535096.0
1991-05-24,MSFT,0.927,0.948,0.923,0.927,67932000,62972964.0
1991-05-28,MSFT,0.932,0.942,0.927,0.934,43941600,41041454.4
1991-05-29,MSFT,0.938,0.944,0.925,0.929,64202400,59644029.6
1991-05-30,MSFT,0.928,0.942,0.919,0.929,61833600,57443414.4
1991-05-31,MSFT,0.932,0.936,0.911,0.925,81784800,75650940.0
1991-06-03,MSFT,0.923,0.946,0.919,0.944,46951200,44321932.8
1991-06-04,MSFT,0.944,0.957,0.932,0.953,35035200,33388545.6
1991-06-05,MSFT,0.948,0.963,0.944,0.944,41385600,39068006.4
1991-06-06,MSFT,0.951,0.953,0.932,0.937,32680800,30621909.6
1991-06-07,MSFT,0.925,0.929,0.917,0.929,51984000,48293136.0
1991-06-10,MSFT,0.929,0.936,0.925,0.932,29498400,27492508.8
1991-06-11,MSFT,0.936,0.953,0.932,0.933,41846400,39042691.2
1991-06-12,MSFT,0.934,0.946,0.929,0.937,51069600,47852215.2
1991-06-13,MSFT,0.936,0.946,0.932,0.936,38001600,35569497.6
1991-06-14,MSFT,0.938,0.959,0.936,0.957,46360800,44367285.6
1991-06-17,MSFT,0.959,0.967,0.948,0.957,29419200,28154174.4
1991-06-18,MSFT,0.955,0.957,0.925,0.94,46850400,44039376.0
1991-06-19,MSFT,0.925,0.925,0.868,0.872,157039200,136938182.4
1991-06-20,MSFT,0.851,0.858,0.835,0.849,187999200,159611320.8
1991-06-21,MSFT,0.854,0.868,0.854,0.862,67680000,58340160.0
1991-06-24,MSFT,0.851,0.856,0.822,0.827,79696800,65909253.6
1991-06-25,MSFT,0.837,0.845,0.826,0.833,97228800,80991590.4
1991-06-26,MSFT,0.835,0.856,0.828,0.849,96638400,82046001.6
1991-06-27,MSFT,0.857,0.863,0.844,0.86,56510400,48598944.0
1991-06-28,MSFT,0.857,0.869,0.828,0.862,61526400,53035756.8
1991-07-01,MSFT,0.869,0.906,0.857,0.903,72388800,65367086.4
1991-07-02,MSFT,0.901,0.914,0.86,0.862,43920000,37859040.0
1991-07-03,MSFT,0.816,0.822,0.781,0.809,191630400,155028993.6
1991-07-05,MSFT,0.806,0.806,0.778,0.781,78758400,61510310.4
1991-07-08,MSFT,0.768,0.85,0.765,0.847,109185600,92480203.2
1991-07-09,MSFT,0.854,0.869,0.841,0.858,76948800,66022070.4
1991-07-10,MSFT,0.863,0.869,0.822,0.825,67310400,55531080.0
1991-07-11,MSFT,0.831,0.844,0.822,0.838,51148800,42862694.4
1991-07-12,MSFT,0.847,0.866,0.835,0.86,35174400,30249984.0
1991-07-15,MSFT,0.869,0.888,0.866,0.884,36763200,32498668.8
1991-07-16,MSFT,0.885,0.885,0.854,0.854,42734400,36495177.6
1991-07-17,MSFT,0.831,0.857,0.822,0.857,40526400,34731124.8
1991-07-18,MSFT,0.86,0.876,0.844,0.847,25656000,21730632.0
1991-07-19,MSFT,0.854,0.86,0.835,0.857,24441600,20946451.2
1991-07-22,MSFT,0.844,0.869,0.841,0.854,35136000,30006144.0
1991-07-23,MSFT,0.86,0.863,0.841,0.841,35596800,29936908.8
1991-07-24,MSFT,0.847,0.85,0.822,0.828,54321600,44978284.8
1991-07-25,MSFT,0.847,0.86,0.833,0.835,90211200,75326352.0
1991-07-26,MSFT,0.847,0.907,0.844,0.898,149294400,134066371.2
1991-07-29,MSFT,0.898,0.901,0.869,0.888,136468800,121184294.4
1991-07-30,MSFT,0.892,0.923,0.882,0.92,78038400,71795328.0
1991-07-31,MSFT,0.923,0.936,0.92,0.929,111628800,103703155.2
1991-08-01,MSFT,0.933,0.936,0.923,0.926,53942400,49950662.4
1991-08-02,MSFT,0.933,0.945,0.926,0.926,81369600,75348249.6
1991-08-05,MSFT,0.926,0.926,0.907,0.914,28252800,25823059.2
1991-08-06,MSFT,0.914,0.948,0.914,0.942,53097600,50017939.2
1991-08-07,MSFT,0.945,0.967,0.942,0.961,69235200,66535027.2
1991-08-08,MSFT,0.961,1.002,0.961,0.999,91852800,91760947.2
1991-08-09,MSFT,0.996,1.037,0.99,1.021,114806400,117217334.4
1991-08-12,MSFT,1.009,1.059,1.009,1.05,56899200,59744160.0
1991-08-13,MSFT,1.059,1.059,1.04,1.043,94497600,98560996.8
1991-08-14,MSFT,1.046,1.056,1.037,1.043,67008000,69889344.0
1991-08-15,MSFT,1.043,1.053,1.024,1.031,45460800,46870084.8
1991-08-16,MSFT,1.021,1.042,1.015,1.034,52075200,53845756.8
1991-08-19,MSFT,0.98,1.027,0.974,1.015,85425600,86706984.0
1991-08-20,MSFT,1.02,1.035,1.012,1.018,57326400,58358275.2
1991-08-21,MSFT,1.037,1.069,1.034,1.062,73214400,77753692.8
1991-08-22,MSFT,1.065,1.078,1.053,1.062,43627200,46332086.4
1991-08-23,MSFT,1.062,1.094,1.062,1.078,43161600,46528204.8
1991-08-26,MSFT,1.072,1.078,1.056,1.078,44136000,47578608.0
1991-08-27,MSFT,1.072,1.075,1.062,1.072,34204800,36667545.6
1991-08-28,MSFT,1.072,1.097,1.069,1.083,41558400,45007747.2
1991-08-29,MSFT,1.088,1.094,1.075,1.084,27974400,30324249.6
1991-08-30,MSFT,1.084,1.091,1.069,1.078,22032000,23750496.0
1991-09-03,MSFT,1.075,1.075,1.043,1.051,33494400,35202614.4
1991-09-04,MSFT,1.053,1.056,1.024,1.045,38467200,40198224.0
1991-09-05,MSFT,1.05,1.05,1.012,1.018,58459200,59511465.6
1991-09-06,MSFT,1.024,1.04,1.015,1.021,50788800,51855364.8
1991-09-09,MSFT,1.021,1.031,1.015,1.021,31915200,32585419.2
1991-09-10,MSFT,1.037,1.043,1.012,1.012,65937600,66728851.2
1991-09-11,MSFT,1.018,1.04,1.018,1.037,64032000,66401184.0
1991-09-12,MSFT,1.05,1.084,1.05,1.083,53808000,58274064.0
1991-09-13,MSFT,1.081,1.084,1.043,1.05,51360000,53928000.0
1991-09-16,MSFT,1.05,1.056,1.04,1.05,21686400,22770720.0
1991-09-17,MSFT,1.046,1.072,1.037,1.069,23366400,24978681.6
1991-09-18,MSFT,1.062,1.081,1.059,1.072,26942400,28882252.8
1991-09-19,MSFT,1.075,1.103,1.072,1.091,51364800,56038996.8
1991-09-20,MSFT,1.097,1.1,1.088,1.094,30316800,33166579.2
1991-09-23,MSFT,1.091,1.094,1.069,1.073,49771200,53404497.6
1991-09-24,MSFT,1.078,1.116,1.078,1.113,47625600,53007292.8
1991-09-25,MSFT,1.113,1.118,1.094,1.11,25766400,28600704.0
1991-09-26,MSFT,1.107,1.138,1.103,1.129,48000000,54192000.0
1991-09-27,MSFT,1.132,1.132,1.11,1.116,33273600,37133337.6
1991-09-30,MSFT,1.116,1.132,1.1,1.125,27700800,31163400.0
1991-10-01,MSFT,1.125,1.129,1.113,1.124,19627200,22060972.8
1991-10-02,MSFT,1.119,1.144,1.091,1.1,67219200,73941120.0
1991-10-03,MSFT,1.094,1.116,1.091,1.107,34632000,38337624.0
1991-10-04,MSFT,1.113,1.125,1.107,1.114,26457600,29473766.4
1991-10-07,MSFT,1.103,1.124,1.097,1.119,27187200,30422476.8
1991-10-08,MSFT,1.113,1.132,1.113,1.129,37708800,42573235.2
1991-10-09,MSFT,1.132,1.154,1.129,1.132,60931200,68974118.4
1991-10-10,MSFT,1.144,1.144,1.119,1.135,42048000,47724480.0
1991-10-11,MSFT,1.148,1.151,1.11,1.133,69921600,79221172.8
1991-10-14,MSFT,1.138,1.167,1.138,1.167,50625600,59080075.2
1991-10-15,MSFT,1.167,1.167,1.148,1.156,57854400,66879686.4
1991-10-16,MSFT,1.157,1.157,1.137,1.148,100200000,115029600.0
1991-10-17,MSFT,1.148,1.148,1.119,1.129,95563200,107890852.8
1991-10-18,MSFT,1.138,1.154,1.135,1.138,37843200,43065561.6
1991-10-21,MSFT,1.138,1.157,1.135,1.151,28704000,33038304.0
1991-10-22,MSFT,1.157,1.173,1.154,1.156,32496000,37565376.0
1991-10-23,MSFT,1.16,1.163,1.135,1.141,36724800,41902996.8
1991-10-24,MSFT,1.144,1.144,1.129,1.141,26942400,30741278.4
1991-10-25,MSFT,1.141,1.148,1.129,1.132,28080000,31786560.0
1991-10-28,MSFT,1.132,1.141,1.11,1.141,37953600,43305057.6
1991-10-29,MSFT,1.141,1.148,1.135,1.148,36523200,41928633.6
1991-10-30,MSFT,1.148,1.198,1.148,1.195,65592000,78382440.0
1991-10-31,MSFT,1.195,1.205,1.179,1.187,41092800,48777153.6
1991-11-01,MSFT,1.182,1.186,1.163,1.171,34296000,40160616.0
1991-11-04,MSFT,1.167,1.17,1.148,1.151,28838400,33192998.4
1991-11-05,MSFT,1.154,1.195,1.151,1.186,51739200,61362691.2
1991-11-06,MSFT,1.189,1.208,1.179,1.205,38308800,46162104.0
1991-11-07,MSFT,1.208,1.211,1.195,1.198,20894400,25031491.2
1991-11-08,MSFT,1.201,1.223,1.201,1.205,36494400,43975752.0
1991-11-11,MSFT,1.214,1.239,1.209,1.233,40564800,50016398.4
1991-11-12,MSFT,1.242,1.274,1.239,1.263,80035200,101084457.6
1991-11-13,MSFT,1.258,1.287,1.249,1.277,57523200,73457126.4
1991-11-14,MSFT,1.284,1.284,1.249,1.255,44371200,55685856.0
1991-11-15,MSFT,1.252,1.271,1.198,1.201,71592000,85981992.0
1991-11-18,MSFT,1.205,1.236,1.201,1.23,72432000,89091360.0
1991-11-19,MSFT,1.217,1.231,1.192,1.217,71976000,87594792.0
1991-11-20,MSFT,1.227,1.233,1.214,1.22,36441600,44458752.0
1991-11-21,MSFT,1.217,1.23,1.211,1.23,35558400,43736832.0
1991-11-22,MSFT,1.227,1.233,1.205,1.214,38102400,46256313.6
1991-11-25,MSFT,1.211,1.227,1.205,1.209,33724800,40773283.2
1991-11-26,MSFT,1.216,1.217,1.173,1.195,58809600,70277472.0
1991-11-27,MSFT,1.192,1.208,1.189,1.205,15009600,18086568.0
1991-11-29,MSFT,1.198,1.236,1.198,1.23,20524800,25245504.0
1991-12-02,MSFT,1.217,1.284,1.214,1.28,55852800,71491584.0
1991-12-03,MSFT,1.277,1.299,1.258,1.282,64996800,83325897.6
1991-12-04,MSFT,1.287,1.303,1.265,1.29,36297600,46823904.0
1991-12-05,MSFT,1.287,1.293,1.274,1.287,24892800,32037033.6
1991-12-06,MSFT,1.284,1.331,1.277,1.318,51580800,67983494.4
1991-12-09,MSFT,1.306,1.312,1.28,1.29,57720000,74458800.0
1991-12-10,MSFT,1.29,1.29,1.265,1.287,46252800,59527353.6
1991-12-11,MSFT,1.291,1.299,1.258,1.274,39134400,49857225.6
1991-12-12,MSFT,1.277,1.306,1.271,1.29,36979200,47703168.0
1991-12-13,MSFT,1.293,1.299,1.284,1.29,26193600,33789744.0
1991-12-16,MSFT,1.29,1.293,1.274,1.291,27225600,35148249.6
1991-12-17,MSFT,1.29,1.309,1.268,1.288,27480000,35394240.0
1991-12-18,MSFT,1.29,1.306,1.28,1.301,33561600,43663641.6
1991-12-19,MSFT,1.295,1.306,1.28,1.299,38116800,49513723.2
1991-12-20,MSFT,1.315,1.328,1.293,1.306,35356800,46175980.8
1991-12-23,MSFT,1.306,1.35,1.296,1.35,46113600,62253360.0
1991-12-24,MSFT,1.35,1.359,1.34,1.344,23995200,32249548.8
1991-12-26,MSFT,1.344,1.369,1.337,1.364,24326400,33181209.6
1991-12-27,MSFT,1.369,1.41,1.363,1.396,36657600,51174009.6
1991-12-30,MSFT,1.397,1.407,1.385,1.401,35524800,49770244.8
1991-12-31,MSFT,1.401,1.416,1.375,1.407,40512000,57000384.0
1992-01-02,MSFT,1.401,1.451,1.385,1.442,74265600,107090995.2
1992-01-03,MSFT,1.442,1.445,1.413,1.429,38246400,54654105.6
1992-01-06,MSFT,1.432,1.489,1.421,1.473,63057600,92883844.8
1992-01-07,MSFT,1.473,1.521,1.464,1.518,64363200,97703337.6
1992-01-08,MSFT,1.505,1.59,1.502,1.571,90763200,142588987.2
1992-01-09,MSFT,1.571,1.631,1.568,1.609,88348800,142153219.2
1992-01-10,MSFT,1.606,1.616,1.568,1.584,64641600,102392294.4
1992-01-13,MSFT,1.568,1.63,1.552,1.608,52804800,84910118.4
1992-01-14,MSFT,1.612,1.625,1.593,1.622,44006400,71378380.8
1992-01-15,MSFT,1.628,1.685,1.622,1.663,65294400,108584587.2
1992-01-16,MSFT,1.66,1.669,1.612,1.616,58761600,94958745.6
1992-01-17,MSFT,1.616,1.638,1.565,1.6,85027200,136043520.0
1992-01-20,MSFT,1.609,1.609,1.549,1.549,58862400,91177857.6
1992-01-21,MSFT,1.546,1.555,1.467,1.51,120019200,181228992.0
1992-01-22,MSFT,1.518,1.587,1.505,1.587,56131200,89080214.4
1992-01-23,MSFT,1.587,1.636,1.565,1.581,75590400,119508422.4
1992-01-24,MSFT,1.574,1.587,1.568,1.576,37756800,59504716.8
1992-01-27,MSFT,1.578,1.587,1.524,1.525,46233600,70506240.0
1992-01-28,MSFT,1.53,1.54,1.467,1.527,95539200,145888358.4
1992-01-29,MSFT,1.549,1.59,1.54,1.574,97344000,153219456.0
1992-01-30,MSFT,1.574,1.578,1.536,1.562,41923200,65484038.4
1992-01-31,MSFT,1.562,1.565,1.514,1.521,49948800,75972124.8
1992-02-03,MSFT,1.495,1.587,1.486,1.581,80265600,126899913.6
1992-02-04,MSFT,1.584,1.593,1.549,1.574,58440000,91984560.0
1992-02-05,MSFT,1.578,1.625,1.562,1.609,71212800,114581395.2
1992-02-06,MSFT,1.6,1.631,1.59,1.597,62356800,99583809.6
1992-02-07,MSFT,1.597,1.612,1.568,1.59,36499200,58033728.0
1992-02-10,MSFT,1.589,1.593,1.543,1.574,41371200,65118268.8
1992-02-11,MSFT,1.571,1.578,1.536,1.549,41078400,63630441.6
1992-02-12,MSFT,1.5,1.603,1.5,1.59,83342400,132514416.0
1992-02-13,MSFT,1.587,1.6,1.536,1.549,97358400,150808161.6
1992-02-14,MSFT,1.546,1.549,1.492,1.499,82632000,123865368.0
1992-02-18,MSFT,1.508,1.546,1.492,1.495,73694400,110173128.0
1992-02-19,MSFT,1.492,1.492,1.435,1.456,145372800,211662796.8
1992-02-20,MSFT,1.467,1.508,1.464,1.486,74323200,110444275.2
1992-02-21,MSFT,1.48,1.499,1.438,1.448,91118400,131939443.2
1992-02-24,MSFT,1.448,1.473,1.429,1.453,59049600,85799068.8
1992-02-25,MSFT,1.454,1.473,1.432,1.464,57388800,84017203.2
1992-02-26,MSFT,1.467,1.543,1.467,1.543,100670400,155334427.2
1992-02-27,MSFT,1.552,1.584,1.552,1.579,79579200,125655556.8
1992-02-28,MSFT,1.581,1.6,1.546,1.562,58276800,91028361.6
1992-03-02,MSFT,1.565,1.59,1.54,1.555,34876800,54233424.0
1992-03-03,MSFT,1.562,1.584,1.549,1.559,27734400,43237929.6
1992-03-04,MSFT,1.559,1.571,1.54,1.549,33086400,51250833.6
1992-03-05,MSFT,1.549,1.559,1.508,1.533,55689600,85372156.8
1992-03-06,MSFT,1.527,1.543,1.476,1.495,61867200,92491464.0
1992-03-09,MSFT,1.502,1.524,1.495,1.505,30427200,45792936.0
1992-03-10,MSFT,1.511,1.552,1.508,1.54,45480000,70039200.0
1992-03-11,MSFT,1.546,1.559,1.508,1.521,39532800,60129388.8
1992-03-12,MSFT,1.521,1.536,1.499,1.532,50025600,76639219.2
1992-03-13,MSFT,1.549,1.555,1.524,1.53,36763200,56247696.0
1992-03-16,MSFT,1.53,1.571,1.524,1.571,55132800,86613628.8
1992-03-17,MSFT,1.585,1.628,1.578,1.619,94473600,152952758.4
1992-03-18,MSFT,1.625,1.631,1.593,1.598,69230400,110630179.2
1992-03-19,MSFT,1.606,1.647,1.597,1.612,111576000,179860512.0
1992-03-20,MSFT,1.612,1.631,1.612,1.625,35774400,58133400.0
1992-03-23,MSFT,1.625,1.634,1.616,1.625,37843200,61495200.0
1992-03-24,MSFT,1.631,1.642,1.6,1.612,70228800,113208825.6
1992-03-25,MSFT,1.612,1.634,1.606,1.625,36739200,59701200.0
1992-03-26,MSFT,1.628,1.631,1.571,1.581,60403200,95497459.2
1992-03-27,MSFT,1.574,1.581,1.511,1.533,89971200,137925849.6
1992-03-30,MSFT,1.536,1.543,1.518,1.518,40713600,61803244.8
1992-03-31,MSFT,1.524,1.543,1.489,1.499,86702400,129966897.6
1992-04-01,MSFT,1.483,1.527,1.48,1.524,74203200,113085676.8
1992-04-02,MSFT,1.524,1.536,1.476,1.48,56918400,84239232.0
1992-04-03,MSFT,1.486,1.508,1.476,1.486,59534400,88468118.4
1992-04-06,MSFT,1.489,1.538,1.489,1.533,40123200,61508865.6
1992-04-07,MSFT,1.543,1.549,1.464,1.467,72758400,106736572.8
1992-04-08,MSFT,1.464,1.486,1.432,1.483,105388800,156291590.4
1992-04-09,MSFT,1.495,1.521,1.475,1.518,70008000,106272144.0
1992-04-10,MSFT,1.533,1.543,1.442,1.467,126446400,185496868.8
1992-04-13,MSFT,1.476,1.494,1.445,1.486,45552000,67690272.0
1992-04-14,MSFT,1.495,1.521,1.473,1.48,72806400,107753472.0
1992-04-15,MSFT,1.628,1.634,1.6,1.63,223305600,363988128.0
1992-04-16,MSFT,1.631,1.631,1.606,1.614,66393600,107159270.4
1992-04-20,MSFT,1.574,1.581,1.461,1.494,226118400,337820889.6
1992-04-21,MSFT,1.495,1.499,1.461,1.469,99244800,145790611.2
1992-04-22,MSFT,1.473,1.499,1.448,1.487,61790400,91882324.8
1992-04-23,MSFT,1.499,1.505,1.42,1.464,115334400,168849561.6
1992-04-24,MSFT,1.467,1.476,1.416,1.42,90393600,128358912.0
1992-04-27,MSFT,1.423,1.473,1.423,1.432,99585600,142606579.2
1992-04-28,MSFT,1.438,1.448,1.353,1.378,199876800,275430230.4
1992-04-29,MSFT,1.385,1.41,1.369,1.408,137308800,193330790.4
1992-04-30,MSFT,1.416,1.426,1.388,1.394,95870400,133643337.6
1992-05-01,MSFT,1.397,1.442,1.394,1.438,62083200,89275641.6
1992-05-04,MSFT,1.435,1.467,1.423,1.442,73920000,106592640.0
1992-05-05,MSFT,1.438,1.486,1.432,1.473,59246400,87269947.2
1992-05-06,MSFT,1.48,1.483,1.461,1.467,50016000,73373472.0
1992-05-07,MSFT,1.467,1.473,1.445,1.454,40579200,59002156.8
1992-05-08,MSFT,1.467,1.48,1.432,1.448,59822400,86622835.2
1992-05-11,MSFT,1.451,1.457,1.432,1.442,41112000,59283504.0
1992-05-12,MSFT,1.451,1.457,1.426,1.445,49905600,72113592.0
1992-05-13,MSFT,1.438,1.445,1.404,1.426,64320000,91720320.0
1992-05-14,MSFT,1.426,1.429,1.382,1.401,72307200,101302387.2
1992-05-15,MSFT,1.394,1.41,1.385,1.391,40814400,56772830.4
1992-05-18,MSFT,1.401,1.435,1.397,1.426,37526400,53512646.4
1992-05-19,MSFT,1.432,1.448,1.432,1.448,51240000,74195520.0
1992-05-20,MSFT,1.448,1.48,1.448,1.476,58800000,86788800.0
1992-05-21,MSFT,1.48,1.48,1.457,1.475,48566400,71635440.0
1992-05-22,MSFT,1.48,1.48,1.454,1.464,36969600,54123494.4
1992-05-26,MSFT,1.467,1.48,1.454,1.461,38217600,55835913.6
1992-05-27,MSFT,1.464,1.47,1.451,1.454,31166400,45315945.6
1992-05-28,MSFT,1.451,1.511,1.448,1.505,62702400,94367112.0
1992-05-29,MSFT,1.514,1.546,1.511,1.53,89918400,137575152.0
1992-06-01,MSFT,1.524,1.571,1.518,1.571,68529600,107660001.6
1992-06-02,MSFT,1.571,1.574,1.546,1.554,42585600,66178022.4
1992-06-03,MSFT,1.549,1.571,1.549,1.555,28190400,43836072.0
1992-06-04,MSFT,1.559,1.562,1.549,1.551,41755200,64762315.2
1992-06-05,MSFT,1.549,1.555,1.527,1.53,40939200,62636976.0
1992-06-08,MSFT,1.527,1.53,1.495,1.495,40228800,60142056.0
1992-06-09,MSFT,1.499,1.505,1.442,1.454,84604800,123015379.2
1992-06-10,MSFT,1.457,1.461,1.416,1.423,65457600,93146164.8
1992-06-11,MSFT,1.423,1.457,1.359,1.366,130732800,178581004.8
1992-06-12,MSFT,1.394,1.429,1.377,1.423,138028800,196414982.4
1992-06-15,MSFT,1.423,1.48,1.423,1.437,54940800,78949929.6
1992-06-16,MSFT,1.432,1.451,1.375,1.38,57376000,79178880.0
1992-06-17,MSFT,1.375,1.389,1.356,1.373,70032000,96153936.0
1992-06-18,MSFT,1.385,1.418,1.347,1.371,53356800,73152172.8
1992-06-19,MSFT,1.394,1.408,1.38,1.394,43110400,60095897.6
1992-06-22,MSFT,1.389,1.413,1.356,1.408,54080000,76144640.0
1992-06-23,MSFT,1.418,1.437,1.38,1.394,57420800,80044595.2
1992-06-24,MSFT,1.399,1.399,1.361,1.371,34096000,46745616.0
1992-06-25,MSFT,1.371,1.371,1.261,1.328,165340800,219572582.4
1992-06-26,MSFT,1.318,1.323,1.247,1.266,140982400,178483718.4
1992-06-29,MSFT,1.299,1.38,1.295,1.371,90963200,124710547.2
1992-06-30,MSFT,1.38,1.385,1.318,1.328,74048000,98335744.0
1992-07-01,MSFT,1.333,1.38,1.318,1.368,45136000,61746048.0
1992-07-02,MSFT,1.38,1.385,1.304,1.325,80563200,106746240.0
1992-07-06,MSFT,1.328,1.333,1.285,1.318,36224000,47743232.0
1992-07-07,MSFT,1.323,1.323,1.276,1.29,54396800,70171872.0
1992-07-08,MSFT,1.29,1.309,1.242,1.302,93417600,121629715.2
1992-07-09,MSFT,1.309,1.342,1.295,1.309,61174400,80077289.6
1992-07-10,MSFT,1.314,1.328,1.283,1.318,28905600,38097580.8
1992-07-13,MSFT,1.323,1.352,1.299,1.328,35113600,46630860.8
1992-07-14,MSFT,1.337,1.356,1.333,1.349,41116800,55466563.2
1992-07-15,MSFT,1.361,1.389,1.347,1.356,80172800,108714316.8
1992-07-16,MSFT,1.347,1.371,1.342,1.371,42291200,57981235.2
1992-07-17,MSFT,1.361,1.366,1.323,1.333,59865600,79800844.8
1992-07-20,MSFT,1.318,1.333,1.299,1.314,48707200,64001260.8
1992-07-21,MSFT,1.328,1.38,1.318,1.361,45907200,62479699.2
1992-07-22,MSFT,1.361,1.361,1.318,1.328,59008000,78362624.0
1992-07-23,MSFT,1.323,1.371,1.304,1.347,68441600,92190835.2
1992-07-24,MSFT,1.349,1.399,1.347,1.38,76259200,105237696.0
1992-07-27,MSFT,1.38,1.394,1.371,1.385,30512000,42259120.0
1992-07-28,MSFT,1.394,1.413,1.38,1.404,45363200,63689932.8
1992-07-29,MSFT,1.413,1.418,1.366,1.404,145273600,203964134.4
1992-07-30,MSFT,1.394,1.413,1.385,1.387,32035200,44432822.4
1992-07-31,MSFT,1.394,1.394,1.371,1.38,35312000,48730560.0
1992-08-03,MSFT,1.38,1.408,1.366,1.399,31516800,44092003.2
1992-08-04,MSFT,1.404,1.413,1.394,1.401,31430400,44033990.4
1992-08-05,MSFT,1.399,1.399,1.352,1.366,60150400,82165446.4
1992-08-06,MSFT,1.356,1.366,1.333,1.356,3705600,5024793.6
1992-08-07,MSFT,1.356,1.399,1.337,1.342,55008000,73820736.0
1992-08-10,MSFT,1.347,1.375,1.342,1.344,42067200,56538316.8
1992-08-11,MSFT,1.352,1.363,1.328,1.354,33436800,45273427.2
1992-08-12,MSFT,1.361,1.375,1.342,1.347,30441600,41004835.2
1992-08-13,MSFT,1.352,1.361,1.337,1.344,28227200,37937356.8
1992-08-14,MSFT,1.347,1.361,1.342,1.347,33942400,45720412.8
1992-08-17,MSFT,1.342,1.347,1.318,1.318,63318400,83453651.2
1992-08-18,MSFT,1.309,1.342,1.29,1.318,66313600,87401324.8
1992-08-19,MSFT,1.318,1.337,1.304,1.314,27433600,36047750.4
1992-08-20,MSFT,1.318,1.342,1.309,1.335,36534400,48773424.0
1992-08-21,MSFT,1.337,1.344,1.309,1.323,52710400,69735859.2
1992-08-24,MSFT,1.321,1.328,1.304,1.309,42800000,56025200.0
1992-08-25,MSFT,1.304,1.342,1.299,1.335,37123200,49559472.0
1992-08-26,MSFT,1.333,1.371,1.333,1.359,50016000,67971744.0
1992-08-27,MSFT,1.366,1.404,1.366,1.397,88028800,122976233.6
1992-08-28,MSFT,1.394,1.413,1.394,1.411,49468800,69800476.8
1992-08-31,MSFT,1.408,1.423,1.394,1.413,25651200,36245145.6
1992-09-01,MSFT,1.404,1.416,1.389,1.413,30825600,43556572.8
1992-09-02,MSFT,1.413,1.437,1.399,1.43,61955200,88595936.0
1992-09-03,MSFT,1.437,1.465,1.432,1.453,85296000,123935088.0
1992-09-04,MSFT,1.446,1.451,1.432,1.442,28585600,41220435.2
1992-09-08,MSFT,1.442,1.458,1.427,1.456,49376000,71891456.0
1992-09-09,MSFT,1.456,1.487,1.451,1.482,60982400,90375916.8
1992-09-10,MSFT,1.484,1.499,1.47,1.499,53302400,79900297.6
1992-09-11,MSFT,1.489,1.503,1.48,1.494,30796800,46010419.2
1992-09-14,MSFT,1.513,1.555,1.513,1.551,95100800,147501340.8
1992-09-15,MSFT,1.546,1.551,1.518,1.541,44614400,68750790.4
1992-09-16,MSFT,1.513,1.551,1.508,1.525,35708800,54455920.0
1992-09-17,MSFT,1.527,1.546,1.522,1.539,23590400,36305625.6
1992-09-18,MSFT,1.541,1.546,1.487,1.515,71683200,108600048.0
1992-09-21,MSFT,1.494,1.508,1.484,1.501,31811200,47748611.2
1992-09-22,MSFT,1.499,1.501,1.47,1.475,30777600,45396960.0
1992-09-23,MSFT,1.475,1.513,1.47,1.501,37654400,56519254.4
1992-09-24,MSFT,1.503,1.527,1.503,1.522,36953600,56243379.2
1992-09-25,MSFT,1.522,1.525,1.442,1.494,41817600,62475494.4
1992-09-28,MSFT,1.451,1.484,1.446,1.461,52854400,77220278.4
1992-09-29,MSFT,1.461,1.499,1.461,1.494,39392000,58851648.0
1992-09-30,MSFT,1.513,1.527,1.494,1.527,59843200,91380566.4
1992-10-01,MSFT,1.518,1.536,1.508,1.51,47804800,72185248.0
1992-10-02,MSFT,1.503,1.513,1.48,1.494,36803200,54983980.8
1992-10-05,MSFT,1.489,1.551,1.437,1.551,71347200,110659507.2
1992-10-06,MSFT,1.56,1.584,1.541,1.565,74316800,116305792.0
1992-10-07,MSFT,1.565,1.598,1.536,1.539,58153600,89498390.4
1992-10-08,MSFT,1.56,1.603,1.551,1.582,59532800,94180889.6
1992-10-09,MSFT,1.584,1.584,1.546,1.563,40182400,62805091.2
1992-10-12,MSFT,1.574,1.593,1.57,1.591,34700800,55208972.8
1992-10-13,MSFT,1.608,1.619,1.579,1.598,86643200,138455833.6
1992-10-14,MSFT,1.601,1.612,1.574,1.584,47456000,75170304.0
1992-10-15,MSFT,1.579,1.608,1.57,1.603,35942400,57615667.2
1992-10-16,MSFT,1.608,1.622,1.589,1.619,47644800,77136931.2
1992-10-19,MSFT,1.612,1.674,1.612,1.667,83280000,138827760.0
1992-10-20,MSFT,1.674,1.702,1.65,1.667,84150400,140278716.8
1992-10-21,MSFT,1.674,1.707,1.665,1.707,60396800,103097337.6
1992-10-22,MSFT,1.707,1.712,1.674,1.702,49174400,83694828.8
1992-10-23,MSFT,1.712,1.712,1.674,1.681,46006400,77336758.4
1992-10-26,MSFT,1.679,1.712,1.665,1.707,40121600,68487571.2
1992-10-27,MSFT,1.707,1.712,1.66,1.669,49116800,81975939.2
1992-10-28,MSFT,1.674,1.683,1.655,1.679,36172800,60734131.2
1992-10-29,MSFT,1.683,1.707,1.679,1.707,32774400,55945900.8
1992-10-30,MSFT,1.705,1.707,1.679,1.683,24998400,42072307.2
1992-11-02,MSFT,1.688,1.707,1.665,1.7,31091200,52855040.0
1992-11-03,MSFT,1.698,1.702,1.662,1.674,35267200,59037292.8
1992-11-04,MSFT,1.674,1.702,1.669,1.679,23657600,39721110.4
1992-11-05,MSFT,1.688,1.75,1.674,1.743,90361600,157500268.8
1992-11-06,MSFT,1.74,1.769,1.731,1.759,61155200,107571996.8
1992-11-09,MSFT,1.759,1.759,1.717,1.743,54796800,95510822.4
1992-11-10,MSFT,1.745,1.769,1.736,1.762,38710400,68207724.8
1992-11-11,MSFT,1.759,1.802,1.75,1.778,60748800,108011366.4
1992-11-12,MSFT,1.778,1.788,1.745,1.774,46960000,83307040.0
1992-11-13,MSFT,1.774,1.778,1.755,1.769,25811200,45660012.8
1992-11-16,MSFT,1.764,1.774,1.75,1.759,19312000,33969808.0
1992-11-17,MSFT,1.762,1.783,1.693,1.707,56649600,96700867.2
1992-11-18,MSFT,1.717,1.755,1.705,1.745,33273600,58062432.0
1992-11-19,MSFT,1.75,1.802,1.75,1.783,46857600,83547100.8
1992-11-20,MSFT,1.783,1.802,1.778,1.802,41113600,74086707.2
1992-11-23,MSFT,1.712,1.74,1.655,1.679,309884800,520296579.2
1992-11-24,MSFT,1.731,1.759,1.693,1.736,145513600,252611609.6
1992-11-25,MSFT,1.745,1.755,1.712,1.729,53152000,91899808.0
1992-11-27,MSFT,1.736,1.755,1.726,1.74,17593600,30612864.0
1992-11-30,MSFT,1.755,1.769,1.74,1.766,35251200,62253619.2
1992-12-01,MSFT,1.759,1.774,1.745,1.766,33593600,59326297.6
1992-12-02,MSFT,1.764,1.774,1.717,1.721,49881600,85846233.6
1992-12-03,MSFT,1.721,1.755,1.717,1.738,26048000,45271424.0
1992-12-04,MSFT,1.736,1.755,1.731,1.74,23548800,40974912.0
1992-12-07,MSFT,1.745,1.774,1.726,1.771,46422400,82214070.4
1992-12-08,MSFT,1.778,1.783,1.736,1.755,26908800,47224944.0
1992-12-09,MSFT,1.74,1.769,1.731,1.745,26048000,45453760.0
1992-12-10,MSFT,1.707,1.74,1.679,1.688,89296000,150731648.0
1992-12-11,MSFT,1.679,1.688,1.627,1.638,112934400,184986547.2
1992-12-14,MSFT,1.646,1.674,1.641,1.653,51286400,84776419.2
1992-12-15,MSFT,1.655,1.665,1.622,1.638,45289600,74184364.8
1992-12-16,MSFT,1.641,1.674,1.617,1.65,73792000,121756800.0
1992-12-17,MSFT,1.655,1.712,1.65,1.707,51859200,88523654.4
1992-12-18,MSFT,1.688,1.712,1.679,1.707,74387200,126978950.4
1992-12-21,MSFT,1.702,1.745,1.693,1.717,64928000,111481376.0
1992-12-22,MSFT,1.726,1.736,1.65,1.665,56928000,94785120.0
1992-12-23,MSFT,1.669,1.674,1.631,1.655,59974400,99257632.0
1992-12-24,MSFT,1.655,1.655,1.631,1.655,32723200,54156896.0
1992-12-28,MSFT,1.655,1.665,1.631,1.66,45731200,75913792.0
1992-12-29,MSFT,1.655,1.66,1.636,1.641,60035200,98517763.2
1992-12-30,MSFT,1.646,1.65,1.617,1.629,50860800,82852243.2
1992-12-31,MSFT,1.631,1.636,1.617,1.619,30851200,49948092.8
1993-01-04,MSFT,1.612,1.627,1.603,1.615,72646400,117323936.0
1993-01-05,MSFT,1.612,1.646,1.608,1.641,71529600,117380073.6
1993-01-06,MSFT,1.65,1.693,1.646,1.688,87440000,147598720.0
1993-01-07,MSFT,1.688,1.705,1.65,1.655,58748800,97229264.0
1993-01-08,MSFT,1.655,1.674,1.636,1.653,43977600,72694972.8
1993-01-11,MSFT,1.655,1.693,1.636,1.691,58348800,98667820.8
1993-01-12,MSFT,1.688,1.731,1.683,1.702,85129600,144890579.2
1993-01-13,MSFT,1.698,1.75,1.674,1.731,83696000,144877776.0
1993-01-14,MSFT,1.75,1.783,1.717,1.731,121264000,209907984.0
1993-01-15,MSFT,1.66,1.726,1.65,1.702,181958400,309693196.8
1993-01-18,MSFT,1.698,1.702,1.674,1.693,50611200,85684761.6
1993-01-19,MSFT,1.688,1.693,1.674,1.676,52960000,88760960.0
1993-01-20,MSFT,1.679,1.688,1.665,1.676,47968000,80394368.0
1993-01-21,MSFT,1.665,1.707,1.646,1.698,73363200,124570713.6
1993-01-22,MSFT,1.702,1.712,1.683,1.695,49088000,83204160.0
1993-01-25,MSFT,1.693,1.712,1.665,1.679,49609600,83294518.4
1993-01-26,MSFT,1.679,1.707,1.66,1.669,42345600,70674806.4
1993-01-27,MSFT,1.66,1.665,1.622,1.636,64192000,105018112.0
1993-01-28,MSFT,1.636,1.653,1.608,1.65,77030400,127100160.0
1993-01-29,MSFT,1.66,1.669,1.627,1.641,39424000,64694784.0
1993-02-01,MSFT,1.636,1.669,1.622,1.66,42854400,71138304.0
1993-02-02,MSFT,1.657,1.698,1.655,1.688,70371200,118786585.6
1993-02-03,MSFT,1.698,1.712,1.669,1.676,71728000,120216128.0
1993-02-04,MSFT,1.665,1.665,1.603,1.612,124214400,200233612.8
1993-02-05,MSFT,1.608,1.698,1.56,1.688,177216000,299140608.0
1993-02-08,MSFT,1.679,1.688,1.612,1.627,92665600,150766931.2
1993-02-09,MSFT,1.646,1.655,1.584,1.591,64550400,102699686.4
1993-02-10,MSFT,1.603,1.636,1.593,1.622,39193600,63572019.2
1993-02-11,MSFT,1.636,1.641,1.608,1.617,31635200,51154118.4
1993-02-12,MSFT,1.617,1.617,1.579,1.586,34752000,55116672.0
1993-02-16,MSFT,1.572,1.589,1.513,1.52,91180800,138594816.0
1993-02-17,MSFT,1.536,1.541,1.465,1.522,121913600,185552499.2
1993-02-18,MSFT,1.541,1.57,1.499,1.548,138553600,214480972.8
1993-02-19,MSFT,1.553,1.555,1.508,1.513,97094400,146903827.2
1993-02-22,MSFT,1.513,1.536,1.456,1.456,76256000,111028736.0
1993-02-23,MSFT,1.48,1.527,1.456,1.508,105974400,159809395.2
1993-02-24,MSFT,1.499,1.593,1.494,1.591,77548800,123380140.8
1993-02-25,MSFT,1.565,1.612,1.565,1.601,60806400,97351046.4
1993-02-26,MSFT,1.598,1.612,1.574,1.582,29833600,47196755.2
1993-03-01,MSFT,1.589,1.589,1.541,1.546,26432000,40863872.0
1993-03-02,MSFT,1.551,1.608,1.541,1.605,38380800,61601184.0
1993-03-03,MSFT,1.608,1.622,1.584,1.608,42352000,68102016.0
1993-03-04,MSFT,1.608,1.608,1.551,1.589,56659200,90031468.8
1993-03-05,MSFT,1.584,1.612,1.565,1.57,35724800,56087936.0
1993-03-08,MSFT,1.567,1.603,1.555,1.586,48022400,76163526.4
1993-03-09,MSFT,1.593,1.612,1.589,1.598,41312000,66016576.0
1993-03-10,MSFT,1.603,1.627,1.584,1.612,26592000,42866304.0
1993-03-11,MSFT,1.617,1.665,1.612,1.641,57779200,94815667.2
1993-03-12,MSFT,1.631,1.693,1.617,1.688,73580800,124204390.4
1993-03-15,MSFT,1.693,1.693,1.65,1.662,35347200,58747046.4
1993-03-16,MSFT,1.674,1.683,1.65,1.665,36336000,60499440.0
1993-03-17,MSFT,1.646,1.66,1.617,1.619,39644800,64184931.2
1993-03-18,MSFT,1.627,1.646,1.612,1.617,34406400,55635148.8
1993-03-19,MSFT,1.627,1.627,1.593,1.598,45404800,72556870.4
1993-03-22,MSFT,1.579,1.593,1.565,1.582,34083200,53919622.4
1993-03-23,MSFT,1.584,1.612,1.574,1.577,34409600,54263939.2
1993-03-24,MSFT,1.579,1.646,1.574,1.636,50576000,82742336.0
1993-03-25,MSFT,1.641,1.674,1.638,1.657,43833600,72632275.2
1993-03-26,MSFT,1.669,1.674,1.631,1.643,28380800,46629654.4
1993-03-29,MSFT,1.646,1.679,1.646,1.65,48262400,79632960.0
1993-03-30,MSFT,1.679,1.731,1.655,1.726,140777600,242982137.6
1993-03-31,MSFT,1.731,1.788,1.721,1.755,179660800,315304704.0
1993-04-01,MSFT,1.755,1.797,1.755,1.764,100412800,177128179.2
1993-04-02,MSFT,1.74,1.745,1.702,1.702,73251200,124673542.4
1993-04-05,MSFT,1.683,1.75,1.669,1.736,61187200,106220979.2
1993-04-06,MSFT,1.74,1.764,1.693,1.702,55699200,94800038.4
1993-04-07,MSFT,1.707,1.717,1.693,1.712,39417600,67482931.2
1993-04-08,MSFT,1.707,1.712,1.674,1.688,40185600,67833292.8
1993-04-12,MSFT,1.683,1.731,1.679,1.71,48976000,83748960.0
1993-04-13,MSFT,1.712,1.75,1.683,1.686,53337600,89927193.6
1993-04-14,MSFT,1.688,1.712,1.665,1.688,38592000,65143296.0
1993-04-15,MSFT,1.669,1.705,1.631,1.653,109152000,180428256.0
1993-04-16,MSFT,1.655,1.665,1.622,1.65,49600000,81840000.0
1993-04-19,MSFT,1.65,1.655,1.612,1.65,45673600,75361440.0
1993-04-20,MSFT,1.646,1.66,1.612,1.646,46009600,75731801.6
1993-04-21,MSFT,1.646,1.646,1.598,1.61,92528000,148970080.0
1993-04-22,MSFT,1.603,1.612,1.572,1.579,79872000,126117888.0
1993-04-23,MSFT,1.574,1.579,1.532,1.544,89296000,137873024.0
1993-04-26,MSFT,1.546,1.565,1.513,1.525,65376000,99698400.0
1993-04-27,MSFT,1.527,1.57,1.522,1.565,58208000,91095520.0
1993-04-28,MSFT,1.574,1.631,1.57,1.631,55372800,90313036.8
1993-04-29,MSFT,1.627,1.627,1.593,1.622,49660800,80549817.6
1993-04-30,MSFT,1.612,1.646,1.612,1.622,46825600,75951123.2
1993-05-03,MSFT,1.622,1.65,1.612,1.634,38096000,62248864.0
1993-05-04,MSFT,1.646,1.679,1.641,1.669,49664000,82889216.0
1993-05-05,MSFT,1.669,1.707,1.66,1.693,51868800,87813878.4
1993-05-06,MSFT,1.688,1.702,1.646,1.655,47244800,78190144.0
1993-05-07,MSFT,1.655,1.665,1.641,1.65,31798400,52467360.0
1993-05-10,MSFT,1.679,1.707,1.669,1.691,69091200,116833219.2
1993-05-11,MSFT,1.674,1.683,1.655,1.665,38220800,63637632.0
1993-05-12,MSFT,1.66,1.669,1.627,1.636,48272000,78972992.0
1993-05-13,MSFT,1.627,1.631,1.603,1.627,43708800,71114217.6
1993-05-14,MSFT,1.631,1.646,1.608,1.622,49116800,79667449.6
1993-05-17,MSFT,1.627,1.643,1.617,1.641,27763200,45559411.2
1993-05-18,MSFT,1.646,1.683,1.641,1.679,84185600,141347622.4
1993-05-19,MSFT,1.721,1.764,1.698,1.755,181017600,317685888.0
1993-05-20,MSFT,1.75,1.807,1.745,1.785,150256000,268206960.0
1993-05-21,MSFT,1.774,1.788,1.745,1.755,75500800,132503904.0
1993-05-24,MSFT,1.75,1.783,1.745,1.748,64252800,112313894.4
1993-05-25,MSFT,1.74,1.745,1.707,1.731,36716800,63556780.8
1993-05-26,MSFT,1.736,1.807,1.731,1.807,87484800,158085033.6
1993-05-27,MSFT,1.802,1.812,1.764,1.785,95052800,169669248.0
1993-05-28,MSFT,1.774,1.778,1.74,1.757,35136000,61733952.0
1993-06-01,MSFT,1.764,1.859,1.759,1.826,173088000,316058688.0
1993-06-02,MSFT,1.816,1.849,1.807,1.816,70710400,128410086.4
1993-06-03,MSFT,1.816,1.821,1.793,1.795,23936000,42965120.0
1993-06-04,MSFT,1.783,1.793,1.774,1.783,32652800,58219942.4
1993-06-07,MSFT,1.788,1.816,1.764,1.769,52761600,93335270.4
1993-06-08,MSFT,1.764,1.769,1.721,1.75,48131200,84229600.0
1993-06-09,MSFT,1.759,1.764,1.721,1.726,62480000,107840480.0
1993-06-10,MSFT,1.731,1.755,1.698,1.729,56544000,97764576.0
1993-06-11,MSFT,1.74,1.755,1.688,1.695,67542400,114484368.0
1993-06-14,MSFT,1.726,1.75,1.712,1.75,40489600,70856800.0
1993-06-15,MSFT,1.764,1.764,1.736,1.755,42345600,74316528.0
1993-06-16,MSFT,1.759,1.769,1.693,1.731,66966400,115918838.4
1993-06-17,MSFT,1.736,1.74,1.717,1.724,28083200,48415436.8
1993-06-18,MSFT,1.717,1.731,1.65,1.66,75910400,126011264.0
1993-06-21,MSFT,1.683,1.693,1.65,1.681,68102400,114480134.4
1993-06-22,MSFT,1.693,1.702,1.655,1.669,41062400,68533145.6
1993-06-23,MSFT,1.669,1.693,1.665,1.681,33129600,55690857.6
1993-06-24,MSFT,1.674,1.698,1.655,1.679,35782400,60078649.6
1993-06-25,MSFT,1.679,1.693,1.646,1.679,45484800,76368979.2
1993-06-28,MSFT,1.683,1.712,1.679,1.712,52224000,89407488.0
1993-06-29,MSFT,1.712,1.74,1.679,1.688,42361600,71506380.8
1993-06-30,MSFT,1.693,1.712,1.655,1.669,56422400,94168985.6
1993-07-01,MSFT,1.674,1.679,1.641,1.653,57907200,95720601.6
1993-07-02,MSFT,1.655,1.66,1.641,1.655,25404800,42044944.0
1993-07-06,MSFT,1.646,1.665,1.617,1.631,47721600,77833929.6
1993-07-07,MSFT,1.558,1.598,1.541,1.582,182569600,288825107.2
1993-07-08,MSFT,1.593,1.622,1.593,1.61,70105600,112870016.0
1993-07-09,MSFT,1.612,1.612,1.584,1.605,50000000,80250000.0
1993-07-12,MSFT,1.608,1.608,1.584,1.589,26540800,42173331.2
1993-07-13,MSFT,1.593,1.593,1.565,1.57,36476800,57268576.0
1993-07-14,MSFT,1.574,1.622,1.565,1.598,43491200,69498937.6
1993-07-15,MSFT,1.598,1.598,1.57,1.584,34432000,54540288.0
1993-07-16,MSFT,1.579,1.579,1.532,1.539,86217600,132688886.4
1993-07-19,MSFT,1.508,1.522,1.48,1.494,122435200,182918188.8
1993-07-20,MSFT,1.503,1.527,1.48,1.527,74822400,114253804.8
1993-07-21,MSFT,1.489,1.499,1.456,1.499,178963200,268265836.8
1993-07-22,MSFT,1.532,1.551,1.456,1.472,147584000,217243648.0
1993-07-23,MSFT,1.461,1.484,1.456,1.472,92790400,136587468.8
1993-07-26,MSFT,1.484,1.503,1.475,1.484,65801600,97649574.4
1993-07-27,MSFT,1.489,1.494,1.432,1.432,112220800,160700185.6
1993-07-28,MSFT,1.442,1.508,1.418,1.484,113459200,168373452.8
1993-07-29,MSFT,1.48,1.532,1.47,1.499,96534400,144705065.6
1993-07-30,MSFT,1.385,1.408,1.366,1.404,287936000,404262144.0
1993-08-02,MSFT,1.418,1.437,1.371,1.38,148208000,204527040.0
1993-08-03,MSFT,1.385,1.389,1.366,1.385,85136000,117913360.0
1993-08-04,MSFT,1.389,1.399,1.361,1.385,94416000,130766160.0
1993-08-05,MSFT,1.394,1.423,1.389,1.418,67910400,96296947.2
1993-08-06,MSFT,1.418,1.439,1.38,1.389,71760000,99674640.0
1993-08-09,MSFT,1.389,1.404,1.371,1.385,70876800,98164368.0
1993-08-10,MSFT,1.385,1.389,1.335,1.347,192028800,258662793.6
1993-08-11,MSFT,1.352,1.385,1.349,1.373,95974400,131772851.2
1993-08-12,MSFT,1.375,1.413,1.371,1.404,77366400,108622425.6
1993-08-13,MSFT,1.404,1.437,1.385,1.427,61900800,88332441.6
1993-08-16,MSFT,1.437,1.484,1.432,1.475,78451200,115715520.0
1993-08-17,MSFT,1.48,1.489,1.442,1.465,54272000,79508480.0
1993-08-18,MSFT,1.475,1.503,1.451,1.465,66012800,96708752.0
1993-08-19,MSFT,1.465,1.477,1.399,1.408,114742400,161557299.2
1993-08-20,MSFT,1.394,1.456,1.389,1.446,73683200,106545907.2
1993-08-23,MSFT,1.432,1.484,1.432,1.461,59472000,86888592.0
1993-08-24,MSFT,1.451,1.461,1.437,1.439,39417600,56721926.4
1993-08-25,MSFT,1.423,1.442,1.382,1.408,68800000,96870400.0
1993-08-26,MSFT,1.394,1.399,1.356,1.368,136256000,186398208.0
1993-08-27,MSFT,1.371,1.375,1.352,1.363,67763200,92361241.6
1993-08-30,MSFT,1.375,1.389,1.361,1.378,54012800,74429638.4
1993-08-31,MSFT,1.399,1.432,1.394,1.425,93020800,132554640.0
1993-09-01,MSFT,1.427,1.465,1.423,1.456,86035200,125267251.2
1993-09-02,MSFT,1.465,1.489,1.444,1.453,55497600,80638012.8
1993-09-03,MSFT,1.451,1.456,1.427,1.437,26800000,38511600.0
1993-09-07,MSFT,1.437,1.446,1.408,1.418,38659200,54818745.6
1993-09-08,MSFT,1.404,1.418,1.389,1.413,54777600,77400748.8
1993-09-09,MSFT,1.423,1.451,1.413,1.446,29856000,43171776.0
1993-09-10,MSFT,1.461,1.484,1.446,1.48,56540800,83680384.0
1993-09-13,MSFT,1.489,1.489,1.446,1.449,33481600,48514838.4
1993-09-14,MSFT,1.442,1.446,1.408,1.427,57756800,82418953.6
1993-09-15,MSFT,1.437,1.456,1.411,1.451,60428800,87682188.8
1993-09-16,MSFT,1.456,1.465,1.437,1.442,25641600,36975187.2
1993-09-17,MSFT,1.432,1.451,1.427,1.442,25286400,36462988.8
1993-09-20,MSFT,1.446,1.475,1.423,1.435,34691200,49781872.0
1993-09-21,MSFT,1.432,1.468,1.418,1.442,57846400,83414508.8
1993-09-22,MSFT,1.442,1.48,1.427,1.465,72051200,105555008.0
1993-09-23,MSFT,1.465,1.503,1.456,1.494,72214400,107888313.6
1993-09-24,MSFT,1.489,1.532,1.489,1.518,91481600,138869068.8
1993-09-27,MSFT,1.551,1.565,1.541,1.56,73472000,114616320.0
1993-09-28,MSFT,1.56,1.598,1.56,1.593,84012800,133832390.4
1993-09-29,MSFT,1.589,1.593,1.532,1.574,87529600,137771590.4
1993-09-30,MSFT,1.57,1.579,1.56,1.565,38400000,60096000.0
1993-10-01,MSFT,1.565,1.579,1.555,1.555,46048000,71604640.0
1993-10-04,MSFT,1.565,1.593,1.565,1.567,40505600,63472275.2
1993-10-05,MSFT,1.57,1.608,1.565,1.579,86931200,137264364.8
1993-10-06,MSFT,1.579,1.622,1.574,1.61,77321600,124487776.0
1993-10-07,MSFT,1.612,1.627,1.589,1.596,41596800,66388492.8
1993-10-08,MSFT,1.598,1.608,1.56,1.603,38086400,61052499.2
1993-10-11,MSFT,1.603,1.608,1.56,1.593,36457600,58076956.8
1993-10-12,MSFT,1.598,1.617,1.56,1.598,79296000,126715008.0
1993-10-13,MSFT,1.589,1.598,1.541,1.579,62409600,98544758.4
1993-10-14,MSFT,1.589,1.593,1.555,1.558,63257600,98555340.8
1993-10-15,MSFT,1.56,1.574,1.522,1.532,126425600,193684019.2
1993-10-18,MSFT,1.536,1.579,1.532,1.574,67750400,106639129.6
1993-10-19,MSFT,1.555,1.593,1.508,1.522,91392000,139098624.0
1993-10-20,MSFT,1.527,1.551,1.503,1.536,81590400,125322854.4
1993-10-21,MSFT,1.494,1.518,1.48,1.508,127142400,191730739.2
1993-10-22,MSFT,1.503,1.532,1.503,1.525,47625600,72629040.0
1993-10-25,MSFT,1.527,1.541,1.499,1.527,48553600,74141347.2
1993-10-26,MSFT,1.527,1.532,1.503,1.508,66944000,100951552.0
1993-10-27,MSFT,1.508,1.527,1.508,1.515,45564800,69030672.0
1993-10-28,MSFT,1.513,1.527,1.494,1.499,56009600,83958390.4
1993-10-29,MSFT,1.508,1.522,1.503,1.52,39843200,60561664.0
1993-11-01,MSFT,1.522,1.546,1.513,1.534,30163200,46270348.8
1993-11-02,MSFT,1.541,1.546,1.508,1.522,42422400,64566892.8
1993-11-03,MSFT,1.518,1.527,1.475,1.489,56796800,84570435.2
1993-11-04,MSFT,1.494,1.499,1.451,1.451,63177600,91670697.6
1993-11-05,MSFT,1.446,1.499,1.442,1.494,56432000,84309408.0
1993-11-08,MSFT,1.499,1.508,1.475,1.489,28819200,42911788.8
1993-11-09,MSFT,1.499,1.518,1.48,1.484,36320000,53898880.0
1993-11-10,MSFT,1.518,1.548,1.499,1.544,57177600,88282214.4
1993-11-11,MSFT,1.541,1.565,1.536,1.548,31158400,48233203.2
1993-11-12,MSFT,1.551,1.565,1.551,1.553,34339200,53328777.6
1993-11-15,MSFT,1.555,1.555,1.527,1.527,29244800,44656809.6
1993-11-16,MSFT,1.536,1.57,1.527,1.56,47664000,74355840.0
1993-11-17,MSFT,1.57,1.574,1.532,1.532,72217600,110637363.2
1993-11-18,MSFT,1.532,1.546,1.518,1.522,48438400,73723244.8
1993-11-19,MSFT,1.513,1.522,1.508,1.52,38403200,58372864.0
1993-11-22,MSFT,1.513,1.513,1.451,1.461,80355200,117398947.2
1993-11-23,MSFT,1.475,1.489,1.465,1.468,98256000,144239808.0
1993-11-24,MSFT,1.47,1.513,1.47,1.494,32467200,48505996.8
1993-11-26,MSFT,1.499,1.503,1.494,1.499,6403200,9598396.8
1993-11-29,MSFT,1.499,1.518,1.499,1.508,32105600,48415244.8
1993-11-30,MSFT,1.489,1.527,1.484,1.518,44153600,67025164.8
1993-12-01,MSFT,1.527,1.56,1.527,1.546,58886400,91038374.4
1993-12-02,MSFT,1.555,1.574,1.551,1.572,51936000,81643392.0
1993-12-03,MSFT,1.589,1.641,1.584,1.627,114502400,186295404.8
1993-12-06,MSFT,1.612,1.622,1.593,1.61,59337600,95533536.0
1993-12-07,MSFT,1.612,1.631,1.612,1.622,32780800,53170457.6
1993-12-08,MSFT,1.574,1.589,1.56,1.584,105900800,167746867.2
1993-12-09,MSFT,1.584,1.584,1.527,1.539,61465600,94595558.4
1993-12-10,MSFT,1.541,1.56,1.532,1.553,19916800,30930790.4
1993-12-13,MSFT,1.546,1.555,1.532,1.544,20112000,31052928.0
1993-12-14,MSFT,1.536,1.546,1.503,1.518,47414400,71975059.2
1993-12-15,MSFT,1.518,1.536,1.513,1.513,35219200,53286649.6
1993-12-16,MSFT,1.518,1.536,1.513,1.518,29113600,44194444.8
1993-12-17,MSFT,1.527,1.527,1.513,1.527,26112000,39873024.0
1993-12-20,MSFT,1.536,1.555,1.527,1.555,35462400,55144032.0
1993-12-21,MSFT,1.555,1.565,1.546,1.565,31008000,48527520.0
1993-12-22,MSFT,1.56,1.565,1.536,1.539,24169600,37197014.4
1993-12-23,MSFT,1.536,1.56,1.532,1.534,31820800,48813107.2
1993-12-27,MSFT,1.532,1.541,1.513,1.527,24537600,37468915.2
1993-12-28,MSFT,1.527,1.574,1.527,1.57,27776000,43608320.0
1993-12-29,MSFT,1.57,1.584,1.527,1.546,48988800,75736684.8
1993-12-30,MSFT,1.551,1.56,1.532,1.541,25328000,39030448.0
1993-12-31,MSFT,1.536,1.546,1.522,1.529,22995200,35159660.8
1994-01-03,MSFT,1.527,1.532,1.503,1.52,36646400,55702528.0
1994-01-04,MSFT,1.522,1.532,1.503,1.527,45302400,69176764.8
1994-01-05,MSFT,1.522,1.565,1.518,1.56,53974400,84200064.0
1994-01-06,MSFT,1.567,1.608,1.565,1.605,82006400,131620272.0
1994-01-07,MSFT,1.598,1.627,1.579,1.617,70832000,114535344.0
1994-01-10,MSFT,1.612,1.641,1.612,1.627,74185600,120699971.2
1994-01-11,MSFT,1.612,1.631,1.601,1.617,35360000,57177120.0
1994-01-12,MSFT,1.612,1.627,1.589,1.622,39488000,64049536.0
1994-01-13,MSFT,1.608,1.622,1.593,1.619,40755200,65982668.8
1994-01-14,MSFT,1.622,1.631,1.608,1.624,45216000,73430784.0
1994-01-17,MSFT,1.617,1.631,1.603,1.608,30755200,49454361.6
1994-01-18,MSFT,1.617,1.622,1.593,1.605,43686400,70116672.0
1994-01-19,MSFT,1.589,1.598,1.565,1.579,76563200,120893292.8
1994-01-20,MSFT,1.579,1.638,1.579,1.636,145004800,237227852.8
1994-01-21,MSFT,1.636,1.65,1.612,1.636,99078400,162092262.4
1994-01-24,MSFT,1.631,1.65,1.612,1.617,38374400,62051404.8
1994-01-25,MSFT,1.617,1.619,1.593,1.615,70361600,113633984.0
1994-01-26,MSFT,1.612,1.612,1.593,1.598,50489600,80682380.8
1994-01-27,MSFT,1.593,1.608,1.579,1.598,51129600,81705100.8
1994-01-28,MSFT,1.603,1.622,1.598,1.61,41875200,67419072.0
1994-01-31,MSFT,1.617,1.629,1.608,1.615,62566400,101044736.0
1994-02-01,MSFT,1.612,1.627,1.603,1.615,44003200,71065168.0
1994-02-02,MSFT,1.608,1.622,1.593,1.593,40924800,65193206.4
1994-02-03,MSFT,1.598,1.603,1.584,1.603,31792000,50962576.0
1994-02-04,MSFT,1.593,1.603,1.541,1.541,78217600,120533321.6
1994-02-07,MSFT,1.513,1.541,1.508,1.532,118851200,182080038.4
1994-02-08,MSFT,1.527,1.527,1.48,1.494,149875200,223913548.8
1994-02-09,MSFT,1.489,1.522,1.48,1.51,98585600,148864256.0
1994-02-10,MSFT,1.513,1.532,1.499,1.506,66620800,100330924.8
1994-02-11,MSFT,1.503,1.508,1.48,1.494,53747200,80298316.8
1994-02-14,MSFT,1.499,1.508,1.494,1.501,55270400,82960870.4
1994-02-15,MSFT,1.513,1.522,1.503,1.513,28876800,43690598.4
1994-02-16,MSFT,1.522,1.522,1.494,1.494,43731200,65334412.8
1994-02-17,MSFT,1.499,1.508,1.48,1.491,85017600,126761241.6
1994-02-18,MSFT,1.489,1.532,1.489,1.518,79465600,120628780.8
1994-02-22,MSFT,1.518,1.522,1.489,1.508,63235200,95358681.6
1994-02-23,MSFT,1.513,1.555,1.484,1.536,139462400,214214246.4
1994-02-24,MSFT,1.518,1.532,1.503,1.515,82553600,125068704.0
1994-02-25,MSFT,1.522,1.541,1.513,1.536,52995200,81400627.2
1994-02-28,MSFT,1.541,1.574,1.536,1.565,55494400,86848736.0
1994-03-01,MSFT,1.574,1.579,1.56,1.579,48070400,75903161.6
1994-03-02,MSFT,1.551,1.574,1.536,1.57,68499200,107543744.0
1994-03-03,MSFT,1.574,1.579,1.527,1.536,31564800,48483532.8
1994-03-04,MSFT,1.536,1.546,1.527,1.536,25705600,39483801.6
1994-03-07,MSFT,1.541,1.56,1.532,1.541,30540800,47063372.8
1994-03-08,MSFT,1.541,1.541,1.513,1.536,24723200,37974835.2
1994-03-09,MSFT,1.541,1.551,1.518,1.534,37024000,56794816.0
1994-03-10,MSFT,1.546,1.56,1.527,1.534,46588800,71467219.2
1994-03-11,MSFT,1.536,1.56,1.532,1.551,34857600,54064137.6
1994-03-14,MSFT,1.565,1.598,1.56,1.591,69203200,110102291.2
1994-03-15,MSFT,1.593,1.617,1.584,1.61,62934400,101324384.0
1994-03-16,MSFT,1.612,1.617,1.603,1.608,41286400,66388531.2
1994-03-17,MSFT,1.608,1.617,1.603,1.603,30992000,49680176.0
1994-03-18,MSFT,1.603,1.612,1.584,1.608,36857600,59267020.8
1994-03-21,MSFT,1.612,1.619,1.574,1.579,65078400,102758793.6
1994-03-22,MSFT,1.56,1.627,1.56,1.608,89024000,143150592.0
1994-03-23,MSFT,1.617,1.66,1.612,1.636,116441600,190498457.6
1994-03-24,MSFT,1.627,1.655,1.612,1.655,60166400,99575392.0
1994-03-25,MSFT,1.65,1.693,1.65,1.66,102051200,169404992.0
1994-03-28,MSFT,1.66,1.669,1.589,1.638,118403200,193944441.6
1994-03-29,MSFT,1.641,1.641,1.565,1.565,78339200,122600848.0
1994-03-30,MSFT,1.57,1.612,1.565,1.586,86860800,137761228.8
1994-03-31,MSFT,1.584,1.627,1.565,1.608,72297600,116254540.8
1994-04-04,MSFT,1.565,1.627,1.555,1.603,73996800,118616870.4
1994-04-05,MSFT,1.617,1.665,1.612,1.665,101878400,169627536.0
1994-04-06,MSFT,1.66,1.693,1.655,1.688,80780800,136357990.4
1994-04-07,MSFT,1.693,1.71,1.683,1.702,76630400,130424940.8
1994-04-08,MSFT,1.702,1.707,1.646,1.65,118710400,195872160.0
1994-04-11,MSFT,1.65,1.655,1.631,1.65,40400000,66660000.0
1994-04-12,MSFT,1.646,1.646,1.593,1.608,84969600,136631116.8
1994-04-13,MSFT,1.608,1.622,1.574,1.61,69644800,112128128.0
1994-04-14,MSFT,1.603,1.617,1.589,1.596,53088000,84728448.0
1994-04-15,MSFT,1.584,1.617,1.584,1.61,35241600,56738976.0
1994-04-18,MSFT,1.608,1.627,1.56,1.574,78006400,122782073.6
1994-04-19,MSFT,1.65,1.698,1.627,1.672,291273600,487009459.2
1994-04-20,MSFT,1.679,1.7,1.65,1.698,104732800,177836294.4
1994-04-21,MSFT,1.698,1.74,1.693,1.736,141980800,246478668.8
1994-04-22,MSFT,1.745,1.759,1.721,1.74,66060800,114945792.0
1994-04-25,MSFT,1.745,1.788,1.736,1.778,142745600,253801676.8
1994-04-26,MSFT,1.793,1.807,1.783,1.801,113193600,203861673.6
1994-04-28,MSFT,1.807,1.807,1.74,1.748,141382400,247136435.2
1994-04-29,MSFT,1.745,1.774,1.731,1.755,56803200,99689616.0
1994-05-02,MSFT,1.759,1.813,1.745,1.812,79260800,143620569.6
1994-05-03,MSFT,1.807,1.812,1.769,1.774,41929600,74383110.4
1994-05-04,MSFT,1.778,1.807,1.759,1.804,68889600,124276838.4
1994-05-05,MSFT,1.807,1.826,1.783,1.79,56374400,100910176.0
1994-05-06,MSFT,1.769,1.788,1.724,1.755,96403200,169187616.0
1994-05-09,MSFT,1.74,1.776,1.738,1.75,47600000,83300000.0
1994-05-10,MSFT,1.764,1.793,1.759,1.783,65305600,116439884.8
1994-05-11,MSFT,1.783,1.788,1.759,1.774,57433600,101887206.4
1994-05-12,MSFT,1.774,1.808,1.769,1.793,58998400,105784131.2
1994-05-13,MSFT,1.849,1.849,1.793,1.83,179920000,329253600.0
1994-05-16,MSFT,1.826,1.835,1.797,1.802,56633600,102053747.2
1994-05-17,MSFT,1.802,1.807,1.774,1.795,122464000,219822880.0
1994-05-18,MSFT,1.807,1.849,1.797,1.841,96953600,178491577.6
1994-05-19,MSFT,1.845,1.878,1.84,1.866,89651200,167289139.2
1994-05-20,MSFT,1.859,1.883,1.845,1.854,78140800,144873043.2
1994-05-23,MSFT,1.859,1.935,1.84,1.918,74947200,143748729.6
1994-05-24,MSFT,1.944,1.968,1.906,1.94,85144000,165179360.0
1994-05-25,MSFT,1.935,2.001,1.906,1.992,86003200,171318374.4
1994-05-26,MSFT,2.001,2.001,1.944,1.973,64296000,126856008.0
1994-05-27,MSFT,1.963,2.001,1.944,1.987,47544000,94469928.0
1994-05-31,MSFT,1.982,2.04,1.968,2.039,76000000,154964000.0
1994-06-01,MSFT,2.03,2.03,1.987,2.011,100764800,202638012.8
1994-06-02,MSFT,2.02,2.025,1.973,1.982,60291200,119497158.4
1994-06-03,MSFT,1.992,2.03,1.982,2.006,86841600,174204249.6
1994-06-06,MSFT,1.996,2.072,1.963,2.068,764504000,1580994272.0
1994-06-07,MSFT,2.049,2.058,2.03,2.034,166171200,337992220.8
1994-06-08,MSFT,2.034,2.034,1.959,1.973,203835200,402166849.6
1994-06-09,MSFT,1.968,1.994,1.963,1.982,79356800,157285177.6
1994-06-10,MSFT,1.982,2.011,1.968,1.994,53726400,107130441.6
1994-06-13,MSFT,1.996,2.025,1.968,2.006,56628800,113597372.8
1994-06-14,MSFT,2.015,2.053,2.011,2.032,59249600,120395187.2
1994-06-15,MSFT,2.034,2.072,2.02,2.058,58860800,121135526.4
1994-06-16,MSFT,2.058,2.058,2.03,2.032,48478400,98508108.8
1994-06-17,MSFT,2.03,2.034,2.006,2.011,47622400,95768646.4
1994-06-20,MSFT,1.992,2.03,1.987,2.03,45668800,92707664.0
1994-06-21,MSFT,1.978,2.025,1.973,1.996,86995200,173642419.2
1994-06-22,MSFT,2.001,2.011,1.944,1.954,82924800,162035059.2
1994-06-23,MSFT,1.954,1.982,1.897,1.902,85979200,163532438.4
1994-06-24,MSFT,1.897,1.911,1.868,1.878,81454400,152971363.2
1994-06-27,MSFT,1.887,1.978,1.873,1.968,76161600,149886028.8
1994-06-28,MSFT,1.973,2.001,1.904,1.947,99417600,193566067.2
1994-06-29,MSFT,1.949,1.968,1.93,1.949,53435200,104145204.8
1994-06-30,MSFT,1.963,1.978,1.935,1.959,40827200,79980484.8
1994-07-01,MSFT,1.959,1.963,1.892,1.906,66622400,126982294.4
1994-07-05,MSFT,1.911,1.935,1.859,1.864,40430400,75362265.6
1994-07-06,MSFT,1.842,1.859,1.812,1.833,89254400,163603315.2
1994-07-07,MSFT,1.84,1.916,1.819,1.911,89667200,171354019.2
1994-07-08,MSFT,1.892,1.93,1.864,1.878,48945600,91919836.8
1994-07-11,MSFT,1.883,1.883,1.812,1.835,85406400,156720744.0
1994-07-12,MSFT,1.831,1.831,1.778,1.821,83752000,152512392.0
1994-07-13,MSFT,1.83,1.878,1.816,1.878,82956800,155792870.4
1994-07-14,MSFT,1.873,1.883,1.835,1.849,81446400,150594393.6
1994-07-15,MSFT,1.849,1.873,1.821,1.845,45520000,83984400.0
1994-07-18,MSFT,1.954,1.963,1.878,1.916,150499200,288356467.2
1994-07-19,MSFT,1.921,1.921,1.883,1.902,70126400,133380412.8
1994-07-20,MSFT,1.897,1.897,1.816,1.835,112604800,206629808.0
1994-07-21,MSFT,1.845,1.854,1.802,1.812,85740800,155362329.6
1994-07-22,MSFT,1.84,1.925,1.793,1.918,152916800,293294422.4
1994-07-25,MSFT,1.921,1.959,1.906,1.942,51513600,100039411.2
1994-07-26,MSFT,1.94,1.944,1.887,1.911,54308800,103784116.8
1994-07-27,MSFT,1.911,1.911,1.878,1.878,29291200,55008873.6
1994-07-28,MSFT,1.878,1.906,1.868,1.878,39899200,74930697.6
1994-07-29,MSFT,1.892,1.959,1.883,1.954,67064000,131043056.0
1994-08-01,MSFT,1.959,2.034,1.954,2.025,83934400,169967160.0
1994-08-02,MSFT,2.039,2.072,1.996,2.004,95249600,190880198.4
1994-08-03,MSFT,2.039,2.049,2.015,2.025,58771200,119011680.0
1994-08-04,MSFT,2.03,2.034,2.001,2.001,40192000,80424192.0
1994-08-05,MSFT,1.996,2.006,1.982,1.992,31204800,62159961.6
1994-08-08,MSFT,1.987,2.011,1.973,2.011,34537600,69455113.6
1994-08-09,MSFT,2.011,2.044,2.001,2.03,40198400,81602752.0
1994-08-10,MSFT,2.03,2.063,2.02,2.053,48646400,99871059.2
1994-08-11,MSFT,2.044,2.125,2.044,2.096,81428800,170674764.8
1994-08-12,MSFT,2.101,2.11,2.082,2.096,38088000,79832448.0
1994-08-15,MSFT,2.106,2.106,2.063,2.065,36113600,74574584.0
1994-08-16,MSFT,2.082,2.091,2.049,2.082,56779200,118214294.4
1994-08-17,MSFT,2.101,2.134,2.091,2.12,79790400,169155648.0
1994-08-18,MSFT,2.12,2.139,2.101,2.106,61276800,129048940.8
1994-08-19,MSFT,2.12,2.125,2.077,2.082,74761600,155653651.2
1994-08-22,MSFT,2.087,2.087,2.068,2.072,62835200,130194534.4
1994-08-23,MSFT,2.072,2.139,2.068,2.106,58363200,122912899.2
1994-08-24,MSFT,2.106,2.125,2.106,2.115,35246400,74546136.0
1994-08-25,MSFT,2.12,2.153,2.115,2.132,55174400,117631820.8
1994-08-26,MSFT,2.139,2.191,2.134,2.158,60961600,131555132.8
1994-08-29,MSFT,2.177,2.205,2.162,2.165,56625600,122594424.0
1994-08-30,MSFT,2.162,2.219,2.148,2.215,39851200,88270408.0
1994-08-31,MSFT,2.215,2.248,2.191,2.205,60968000,134434440.0
1994-09-01,MSFT,2.162,2.162,2.115,2.129,115568000,246044272.0
1994-09-02,MSFT,2.143,2.143,2.115,2.125,46964800,99800200.0
1994-09-06,MSFT,2.12,2.134,2.113,2.125,28804800,61210200.0
1994-09-07,MSFT,2.134,2.193,2.129,2.158,43588800,94064630.4
1994-09-08,MSFT,2.162,2.2,2.162,2.198,28377600,62373964.8
1994-09-09,MSFT,2.129,2.196,2.12,2.158,60800000,131206400.0
1994-09-12,MSFT,2.167,2.167,2.12,2.129,36238400,77151553.6
1994-09-13,MSFT,2.139,2.196,2.139,2.184,41134400,89837529.6
1994-09-14,MSFT,2.191,2.205,2.181,2.186,29968000,65510048.0
1994-09-15,MSFT,2.186,2.21,2.177,2.21,40640000,89814400.0
1994-09-16,MSFT,2.2,2.205,2.153,2.158,52921600,114204812.8
1994-09-19,MSFT,2.167,2.172,2.148,2.158,48350400,104340163.2
1994-09-20,MSFT,2.158,2.167,2.122,2.125,40276800,85588200.0
1994-09-21,MSFT,2.136,2.177,2.087,2.172,82948800,180164793.6
1994-09-22,MSFT,2.172,2.181,2.148,2.162,44320000,95819840.0
1994-09-23,MSFT,2.158,2.181,2.125,2.125,48371200,102788800.0
1994-09-26,MSFT,2.125,2.125,2.096,2.108,29921600,63074732.8
1994-09-27,MSFT,2.106,2.143,2.082,2.143,50585600,108404940.8
1994-09-28,MSFT,2.148,2.181,2.143,2.162,33355200,72113942.4
1994-09-29,MSFT,2.158,2.172,2.139,2.143,27105600,58087300.8
1994-09-30,MSFT,2.143,2.181,2.129,2.129,34608000,73680432.0
1994-10-03,MSFT,2.129,2.139,2.106,2.12,28833600,61127232.0
1994-10-04,MSFT,2.125,2.129,2.082,2.087,42622400,88952948.8
1994-10-05,MSFT,2.082,2.12,2.053,2.106,50985600,107375673.6
1994-10-06,MSFT,2.106,2.12,2.058,2.068,40790400,84354547.2
1994-10-07,MSFT,2.072,2.082,2.044,2.063,51518400,106282459.2
1994-10-10,MSFT,2.063,2.101,2.063,2.077,39480000,81999960.0
1994-10-11,MSFT,2.091,2.148,2.091,2.117,55692800,117901657.6
1994-10-12,MSFT,2.12,2.143,2.115,2.134,27912000,59564208.0
1994-10-13,MSFT,2.148,2.191,2.148,2.172,63033600,136908979.2
1994-10-14,MSFT,2.172,2.177,2.094,2.122,99878400,211941964.8
1994-10-17,MSFT,2.125,2.134,2.087,2.091,31160000,65155560.0
1994-10-18,MSFT,2.096,2.153,2.089,2.148,52686400,113170387.2
1994-10-19,MSFT,2.148,2.2,2.134,2.186,59488000,130040768.0
1994-10-20,MSFT,2.21,2.272,2.196,2.262,136558400,308895100.8
1994-10-21,MSFT,2.248,2.262,2.215,2.253,67099200,151174497.6
1994-10-24,MSFT,2.257,2.257,2.215,2.234,57145600,127663270.4
1994-10-25,MSFT,2.229,2.267,2.215,2.264,44780800,101383731.2
1994-10-26,MSFT,2.272,2.319,2.267,2.314,97904000,226549856.0
1994-10-27,MSFT,2.319,2.338,2.305,2.338,41238400,96415379.2
1994-10-28,MSFT,2.338,2.366,2.328,2.357,58414400,137682740.8
1994-10-31,MSFT,2.362,2.419,2.352,2.39,59932800,143239392.0
1994-11-01,MSFT,2.381,2.385,2.357,2.381,39624000,94344744.0
1994-11-02,MSFT,2.381,2.433,2.371,2.39,61408000,146765120.0
1994-11-03,MSFT,2.39,2.4,2.366,2.376,63441600,150737241.6
1994-11-04,MSFT,2.376,2.395,2.326,2.333,46947200,109527817.6
1994-11-07,MSFT,2.333,2.352,2.309,2.347,47094400,110530556.8
1994-11-08,MSFT,2.347,2.423,2.34,2.414,43328000,104593792.0
1994-11-09,MSFT,2.438,2.452,2.395,2.419,60206400,145639281.6
1994-11-10,MSFT,2.409,2.442,2.409,2.416,24689600,59650073.6
1994-11-11,MSFT,2.362,2.378,2.305,2.362,132899200,313907910.4
1994-11-14,MSFT,2.381,2.447,2.381,2.447,48934400,119742476.8
1994-11-15,MSFT,2.447,2.471,2.438,2.449,52544000,128680256.0
1994-11-16,MSFT,2.456,2.461,2.447,2.452,30196800,74042553.6
1994-11-17,MSFT,2.452,2.456,2.423,2.438,33232000,81019616.0
1994-11-18,MSFT,2.433,2.456,2.428,2.433,25694400,62514475.2
1994-11-21,MSFT,2.447,2.456,2.404,2.409,35560000,85664040.0
1994-11-22,MSFT,2.4,2.423,2.347,2.352,56358400,132554956.8
1994-11-23,MSFT,2.338,2.355,2.317,2.333,87507200,204154297.6
1994-11-25,MSFT,2.343,2.366,2.338,2.362,12563200,29674278.4
1994-11-28,MSFT,2.371,2.409,2.362,2.404,43449600,104452838.4
1994-11-29,MSFT,2.414,2.442,2.409,2.433,37673600,91659868.8
1994-11-30,MSFT,2.438,2.438,2.381,2.385,40934400,97628544.0
1994-12-01,MSFT,2.376,2.405,2.371,2.373,43096000,102266808.0
1994-12-02,MSFT,2.381,2.4,2.352,2.4,37715200,90516480.0
1994-12-05,MSFT,2.404,2.438,2.395,2.402,38166400,91675692.8
1994-12-06,MSFT,2.4,2.433,2.39,2.404,38830400,93348281.6
1994-12-07,MSFT,2.409,2.423,2.39,2.39,36744000,87818160.0
1994-12-08,MSFT,2.395,2.419,2.362,2.371,41934400,99426462.4
1994-12-09,MSFT,2.371,2.4,2.362,2.395,79956800,191496536.0
1994-12-12,MSFT,2.395,2.409,2.338,2.395,65313600,156426072.0
1994-12-13,MSFT,2.404,2.409,2.362,2.381,30219200,71951915.2
1994-12-14,MSFT,2.371,2.414,2.371,2.4,33641600,80739840.0
1994-12-15,MSFT,2.404,2.433,2.39,2.409,28854400,69510249.6
1994-12-16,MSFT,2.414,2.438,2.398,2.404,54020800,129866003.2
1994-12-19,MSFT,2.404,2.414,2.371,2.376,31507200,74861107.2
1994-12-20,MSFT,2.376,2.381,2.229,2.272,253456000,575852032.0
1994-12-21,MSFT,2.286,2.338,2.281,2.333,69395200,161899001.6
1994-12-22,MSFT,2.333,2.352,2.286,2.3,57355200,131916960.0
1994-12-23,MSFT,2.3,2.328,2.29,2.309,19486400,44994097.6
1994-12-27,MSFT,2.314,2.338,2.3,2.305,20566400,47405552.0
1994-12-28,MSFT,2.305,2.314,2.276,2.314,34961600,80901142.4
1994-12-29,MSFT,2.309,2.347,2.3,2.345,23446400,54981808.0
1994-12-30,MSFT,2.347,2.347,2.319,2.319,20686400,47971761.6
1995-01-03,MSFT,2.333,2.333,2.281,2.283,39545600,90282604.8
1995-01-04,MSFT,2.286,2.305,2.257,2.3,51611200,118705760.0
1995-01-05,MSFT,2.309,2.314,2.253,2.262,39824000,90081888.0
1995-01-06,MSFT,2.272,2.324,2.267,2.3,46681600,107367680.0
1995-01-09,MSFT,2.309,2.314,2.267,2.286,46000000,105156000.0
1995-01-10,MSFT,2.3,2.333,2.295,2.314,42184000,97613776.0
1995-01-11,MSFT,2.319,2.343,2.305,2.328,31512000,73359936.0
1995-01-12,MSFT,2.324,2.357,2.314,2.324,26996800,62740563.2
1995-01-13,MSFT,2.352,2.39,2.347,2.381,41307200,98352443.2
1995-01-16,MSFT,2.4,2.447,2.39,2.433,74648000,181618584.0
1995-01-17,MSFT,2.456,2.471,2.442,2.452,73932800,181283225.6
1995-01-18,MSFT,2.461,2.475,2.438,2.468,50504000,124643872.0
1995-01-19,MSFT,2.447,2.466,2.407,2.409,67108800,161665099.2
1995-01-20,MSFT,2.385,2.409,2.324,2.338,82388800,192625014.4
1995-01-23,MSFT,2.314,2.39,2.295,2.383,53843200,128308345.6
1995-01-24,MSFT,2.39,2.395,2.352,2.353,36739200,86447337.6
1995-01-25,MSFT,2.338,2.362,2.314,2.343,52459200,122911905.6
1995-01-26,MSFT,2.309,2.314,2.267,2.272,80836800,183661209.6
1995-01-27,MSFT,2.281,2.286,2.267,2.272,58376000,132630272.0
1995-01-30,MSFT,2.281,2.281,2.234,2.238,55164800,123458822.4
1995-01-31,MSFT,2.243,2.267,2.21,2.253,59945600,135057436.8
1995-02-01,MSFT,2.253,2.305,2.238,2.243,66705600,149620660.8
1995-02-02,MSFT,2.229,2.253,2.215,2.238,46312000,103646256.0
1995-02-03,MSFT,2.257,2.295,2.248,2.281,60332800,137619116.8
1995-02-06,MSFT,2.281,2.319,2.281,2.309,48345600,111629990.4
1995-02-07,MSFT,2.305,2.319,2.3,2.314,33152000,76713728.0
1995-02-08,MSFT,2.324,2.352,2.314,2.347,49150400,115355988.8
1995-02-09,MSFT,2.357,2.371,2.343,2.347,42398400,99509044.8
1995-02-10,MSFT,2.352,2.376,2.333,2.352,49862400,117276364.8
1995-02-13,MSFT,2.352,2.381,2.338,2.352,38160000,89752320.0
1995-02-14,MSFT,2.357,2.362,2.333,2.347,31121600,73042395.2
1995-02-15,MSFT,2.281,2.328,2.262,2.305,147001600,338838688.0
1995-02-16,MSFT,2.309,2.319,2.286,2.309,56744000,131021896.0
1995-02-17,MSFT,2.305,2.309,2.286,2.29,37824000,86616960.0
1995-02-21,MSFT,2.295,2.305,2.257,2.267,55392000,125573664.0
1995-02-22,MSFT,2.267,2.352,2.262,2.333,60902400,142085299.2
1995-02-23,MSFT,2.324,2.357,2.314,2.338,59939200,140137849.6
1995-02-24,MSFT,2.328,2.347,2.324,2.324,34177600,79428742.4
1995-02-27,MSFT,2.328,2.352,2.319,2.343,28592000,66991056.0
1995-02-28,MSFT,2.347,2.4,2.343,2.39,52544000,125580160.0
1995-03-01,MSFT,2.395,2.428,2.381,2.4,52032000,124876800.0
1995-03-02,MSFT,2.4,2.419,2.395,2.419,26038400,62986889.6
1995-03-03,MSFT,2.414,2.423,2.395,2.414,31776000,76707264.0
1995-03-06,MSFT,2.4,2.442,2.385,2.44,45156800,110182592.0
1995-03-07,MSFT,2.442,2.504,2.438,2.479,91750400,227449241.6
1995-03-08,MSFT,2.494,2.603,2.494,2.599,140096000,364109504.0
1995-03-09,MSFT,2.599,2.608,2.537,2.575,58238400,149963880.0
1995-03-10,MSFT,2.575,2.608,2.523,2.601,44324800,115288804.8
1995-03-13,MSFT,2.603,2.644,2.589,2.618,34550400,90452947.2
1995-03-14,MSFT,2.632,2.732,2.627,2.722,78643200,214066790.4
1995-03-15,MSFT,2.722,2.727,2.67,2.675,57294400,153262520.0
1995-03-16,MSFT,2.656,2.675,2.641,2.66,47510400,126377664.0
1995-03-17,MSFT,2.675,2.722,2.651,2.653,59868800,158831926.4
1995-03-20,MSFT,2.66,2.713,2.656,2.698,37772800,101911014.4
1995-03-21,MSFT,2.703,2.713,2.67,2.672,74772800,199792921.6
1995-03-22,MSFT,2.675,2.694,2.651,2.691,52464000,141180624.0
1995-03-23,MSFT,2.708,2.779,2.703,2.76,105286400,290590464.0
1995-03-24,MSFT,2.779,2.812,2.774,2.803,65683200,184110009.6
1995-03-27,MSFT,2.76,2.803,2.755,2.769,61008000,168931152.0
1995-03-28,MSFT,2.765,2.807,2.765,2.793,47603200,132955737.6
1995-03-29,MSFT,2.793,2.807,2.734,2.741,65763200,180256931.2
1995-03-30,MSFT,2.75,2.76,2.67,2.736,75011200,205230643.2
1995-03-31,MSFT,2.722,2.736,2.675,2.698,63080000,170189840.0
1995-04-03,MSFT,2.694,2.708,2.637,2.656,65617600,174280345.6
1995-04-04,MSFT,2.665,2.713,2.646,2.651,66689600,176794129.6
1995-04-05,MSFT,2.651,2.679,2.608,2.679,65792000,176256768.0
1995-04-06,MSFT,2.679,2.689,2.634,2.656,35414400,94060646.4
1995-04-07,MSFT,2.665,2.684,2.637,2.641,43148800,113955980.8
1995-04-10,MSFT,2.637,2.703,2.632,2.691,43169600,116169393.6
1995-04-11,MSFT,2.717,2.737,2.698,2.736,43624000,119355264.0
1995-04-12,MSFT,2.736,2.779,2.684,2.717,40430400,109849396.8
1995-04-13,MSFT,2.722,2.75,2.698,2.75,32814400,90239600.0
1995-04-17,MSFT,2.864,2.964,2.864,2.935,187913600,551526416.0
1995-04-18,MSFT,2.935,2.94,2.883,2.912,75609600,220175155.2
1995-04-19,MSFT,2.907,2.921,2.864,2.888,59163200,170863321.6
1995-04-20,MSFT,2.902,2.916,2.807,2.855,83913600,239573328.0
1995-04-21,MSFT,2.869,2.879,2.841,2.845,53555200,152364544.0
1995-04-24,MSFT,2.86,2.95,2.85,2.95,68089600,200864320.0
1995-04-25,MSFT,2.945,3.04,2.945,3.035,69371200,210541592.0
1995-04-26,MSFT,3.026,3.045,3.002,3.021,44305600,133847217.6
1995-04-27,MSFT,3.021,3.054,2.898,2.983,128844800,384344038.4
1995-04-28,MSFT,2.992,3.116,2.983,3.101,92104000,285614504.0
1995-05-01,MSFT,3.106,3.177,3.101,3.116,65550400,204255046.4
1995-05-02,MSFT,3.116,3.12,3.016,3.018,78099200,235703385.6
1995-05-03,MSFT,3.045,3.073,3.045,3.068,61566400,188885715.2
1995-05-04,MSFT,3.092,3.158,3.073,3.092,66524800,205694681.6
1995-05-05,MSFT,3.087,3.097,3.03,3.035,43707200,132651352.0
1995-05-08,MSFT,3.03,3.049,3.002,3.03,43988800,133286064.0
1995-05-09,MSFT,3.035,3.049,3.002,3.028,36748800,111275366.4
1995-05-10,MSFT,3.04,3.049,2.992,3.007,38688000,116334816.0
1995-05-11,MSFT,3.002,3.092,2.997,3.087,38673600,119385403.2
1995-05-12,MSFT,3.087,3.12,3.049,3.063,36192000,110856096.0
1995-05-15,MSFT,3.059,3.111,3.03,3.085,35232000,108690720.0
1995-05-16,MSFT,3.092,3.225,3.092,3.22,86708800,279202336.0
1995-05-17,MSFT,3.234,3.296,3.229,3.263,66515200,217039097.6
1995-05-18,MSFT,3.248,3.291,3.21,3.21,58326400,187227744.0
1995-05-19,MSFT,3.196,3.244,3.187,3.239,45190400,146371705.6
1995-05-22,MSFT,3.239,3.32,3.187,3.31,91382400,302475744.0
1995-05-23,MSFT,3.32,3.357,3.264,3.357,55516800,186369897.6
1995-05-24,MSFT,3.381,3.395,3.301,3.32,68684800,228033536.0
1995-05-25,MSFT,3.334,3.391,3.305,3.386,43440000,147087840.0
1995-05-26,MSFT,3.384,3.386,3.301,3.32,52934400,175742208.0
1995-05-30,MSFT,3.339,3.353,3.135,3.149,99612800,313680707.2
1995-05-31,MSFT,3.158,3.215,3.073,3.213,119756800,384778598.4
1995-06-01,MSFT,3.225,3.248,3.182,3.192,61153600,195202291.2
1995-06-02,MSFT,3.177,3.192,3.135,3.154,55556800,175226147.2
1995-06-05,MSFT,3.135,3.239,3.101,3.215,55852800,179566752.0
1995-06-06,MSFT,3.22,3.263,3.154,3.154,49036800,154662067.2
1995-06-07,MSFT,3.144,3.215,3.116,3.187,64590400,205849604.8
1995-06-08,MSFT,3.192,3.21,3.173,3.192,29320000,93589440.0
1995-06-09,MSFT,3.177,3.258,3.135,3.22,81214400,261510368.0
1995-06-12,MSFT,3.21,3.215,3.158,3.177,45832000,145608264.0
1995-06-13,MSFT,3.192,3.215,3.163,3.182,37691200,119933398.4
1995-06-14,MSFT,3.163,3.192,3.139,3.18,43096000,137045280.0
1995-06-15,MSFT,3.187,3.225,3.182,3.22,43912000,141396640.0
1995-06-16,MSFT,3.225,3.32,3.22,3.301,92278400,304610998.4
1995-06-19,MSFT,3.31,3.41,3.296,3.407,78982400,269093036.8
1995-06-20,MSFT,3.429,3.467,3.405,3.467,56670400,196476276.8
1995-06-21,MSFT,3.486,3.505,3.414,3.433,57224000,196449992.0
1995-06-22,MSFT,3.438,3.49,3.438,3.486,46296000,161387856.0
1995-06-23,MSFT,3.443,3.497,3.424,3.457,46356800,160255457.6
1995-06-26,MSFT,3.452,3.457,3.395,3.405,41048000,139768440.0
1995-06-27,MSFT,3.395,3.433,3.291,3.296,66004800,217551820.8
1995-06-28,MSFT,3.291,3.376,3.22,3.334,107286400,357692857.6
1995-06-29,MSFT,3.339,3.405,3.339,3.391,57643200,195468091.2
1995-06-30,MSFT,3.4,3.452,3.4,3.429,53342400,182911089.6
1995-07-03,MSFT,3.448,3.457,3.429,3.45,16763200,57833040.0
1995-07-05,MSFT,3.476,3.49,3.429,3.44,48547200,167002368.0
1995-07-06,MSFT,3.438,3.528,3.429,3.519,47070400,165640737.6
1995-07-07,MSFT,3.523,3.628,3.519,3.628,66699200,241984697.6
1995-07-10,MSFT,3.642,3.784,3.633,3.751,111982400,420045982.4
1995-07-11,MSFT,3.756,3.761,3.661,3.661,78227200,286389779.2
1995-07-12,MSFT,3.67,3.794,3.67,3.789,94675200,358724332.8
1995-07-13,MSFT,3.799,3.851,3.723,3.799,84811200,322197748.8
1995-07-14,MSFT,3.727,3.931,3.718,3.931,89905600,353418913.6
1995-07-17,MSFT,4.088,4.145,4.04,4.135,155830400,644358704.0
1995-07-18,MSFT,4.059,4.064,3.841,3.865,289624000,1119396760.0
1995-07-19,MSFT,3.68,3.746,3.357,3.585,305092800,1093757688.0
1995-07-20,MSFT,3.614,3.694,3.566,3.647,177848000,648611656.0
1995-07-21,MSFT,3.566,3.642,3.481,3.49,169257600,590709024.0
1995-07-24,MSFT,3.514,3.557,3.495,3.552,94811200,336769382.4
1995-07-25,MSFT,3.623,3.704,3.604,3.656,109422400,400048294.4
1995-07-26,MSFT,3.704,3.723,3.599,3.642,77470400,282147196.8
1995-07-27,MSFT,3.661,3.704,3.652,3.661,52916800,193728404.8
1995-07-28,MSFT,3.642,3.642,3.49,3.514,158468800,556859363.2
1995-07-31,MSFT,3.533,3.547,3.414,3.433,101435200,348227041.6
1995-08-01,MSFT,3.443,3.448,3.334,3.395,166144000,564058880.0
1995-08-02,MSFT,3.452,3.514,3.339,3.376,129804800,438221004.8
1995-08-03,MSFT,3.339,3.467,3.32,3.457,113536000,392493952.0
1995-08-04,MSFT,3.467,3.561,3.462,3.561,77705600,276709641.6
1995-08-07,MSFT,3.585,3.623,3.481,3.552,64273600,228299827.2
1995-08-08,MSFT,3.571,3.599,3.542,3.547,43913600,155761539.2
1995-08-09,MSFT,3.708,3.723,3.642,3.661,144384000,528589824.0
1995-08-10,MSFT,3.68,3.685,3.561,3.571,71883200,256694907.2
1995-08-11,MSFT,3.595,3.666,3.495,3.661,97195200,355831627.2
1995-08-14,MSFT,3.675,3.765,3.633,3.746,88872000,332914512.0
1995-08-15,MSFT,3.765,3.77,3.675,3.732,63267200,236113190.4
1995-08-16,MSFT,3.732,3.751,3.685,3.746,38118400,142791526.4
1995-08-17,MSFT,3.751,3.822,3.742,3.761,74564800,280438212.8
1995-08-18,MSFT,3.782,3.784,3.68,3.685,77502400,285596344.0
1995-08-21,MSFT,3.699,3.727,3.58,3.585,110491200,396110952.0
1995-08-22,MSFT,3.609,3.77,3.58,3.768,94320000,355397760.0
1995-08-23,MSFT,3.794,3.813,3.699,3.713,111188800,412844014.4
1995-08-24,MSFT,3.723,3.723,3.623,3.647,95275200,347468654.4
1995-08-25,MSFT,3.656,3.67,3.58,3.58,73489600,263092768.0
1995-08-28,MSFT,3.58,3.58,3.41,3.417,112622400,384830740.8
1995-08-29,MSFT,3.419,3.486,3.301,3.486,163929600,571458585.6
1995-08-30,MSFT,3.523,3.557,3.471,3.538,79499200,281268169.6
1995-08-31,MSFT,3.542,3.566,3.471,3.509,38764800,136025683.2
1995-09-01,MSFT,3.481,3.49,3.391,3.405,80262400,273293472.0
1995-09-05,MSFT,3.448,3.609,3.424,3.604,92052800,331758291.2
1995-09-06,MSFT,3.614,3.661,3.528,3.547,100265600,355642083.2
1995-09-07,MSFT,3.576,3.666,3.538,3.59,93932800,337218752.0
1995-09-08,MSFT,3.557,3.628,3.538,3.623,64417600,233384964.8
1995-09-11,MSFT,3.618,3.713,3.604,3.704,77408000,286719232.0
1995-09-12,MSFT,3.708,3.708,3.628,3.652,71155200,259858790.4
1995-09-13,MSFT,3.647,3.68,3.609,3.647,61208000,223225576.0
1995-09-14,MSFT,3.647,3.661,3.595,3.599,54230400,195175209.6
1995-09-15,MSFT,3.595,3.618,3.509,3.545,88316800,313083056.0
1995-09-18,MSFT,3.538,3.542,3.448,3.49,76827200,268126928.0
1995-09-19,MSFT,3.49,3.585,3.471,3.54,58011200,205359648.0
1995-09-20,MSFT,3.547,3.59,3.514,3.533,44652800,157758342.4
1995-09-21,MSFT,3.462,3.531,3.433,3.438,83836800,288230918.4
1995-09-22,MSFT,3.41,3.443,3.376,3.405,99899200,340156776.0
1995-09-25,MSFT,3.433,3.438,3.357,3.423,57878400,198117763.2
1995-09-26,MSFT,3.429,3.486,3.343,3.348,76548800,256285382.4
1995-09-27,MSFT,3.339,3.367,3.163,3.362,140756800,473224361.6
1995-09-28,MSFT,3.376,3.471,3.372,3.471,105510400,366226598.4
1995-09-29,MSFT,3.476,3.519,3.417,3.433,95158400,326678787.2
1995-10-02,MSFT,3.433,3.448,3.343,3.348,67731200,226764057.6
1995-10-03,MSFT,3.343,3.386,3.31,3.372,80736000,272241792.0
1995-10-04,MSFT,3.343,3.343,3.244,3.267,73473600,240038251.2
1995-10-05,MSFT,3.263,3.32,3.225,3.32,101289600,336281472.0
1995-10-06,MSFT,3.32,3.376,3.244,3.258,76616000,249614928.0
1995-10-09,MSFT,3.22,3.253,3.139,3.154,108614400,342569817.6
1995-10-10,MSFT,3.082,3.192,3.049,3.177,157644800,500837529.6
1995-10-11,MSFT,3.258,3.315,3.225,3.286,107009600,351633545.6
1995-10-12,MSFT,3.301,3.343,3.286,3.324,78700800,261601459.2
1995-10-13,MSFT,3.357,3.367,3.263,3.272,68644800,224605785.6
1995-10-16,MSFT,3.253,3.315,3.244,3.291,61067200,200972155.2
1995-10-17,MSFT,3.31,3.471,3.291,3.457,123140800,425697745.6
1995-10-18,MSFT,3.727,3.742,3.599,3.628,294329600,1067827788.8
1995-10-19,MSFT,3.614,3.68,3.595,3.67,95840000,351732800.0
1995-10-20,MSFT,3.661,3.675,3.599,3.623,79984000,289782032.0
1995-10-23,MSFT,3.604,3.685,3.585,3.656,93473600,341739481.6
1995-10-24,MSFT,3.656,3.723,3.656,3.699,68681600,254053238.4
1995-10-25,MSFT,3.704,3.708,3.637,3.637,60211200,218988134.4
1995-10-26,MSFT,3.633,3.723,3.618,3.718,82841600,308005068.8
1995-10-27,MSFT,3.699,3.799,3.694,3.794,130683200,495812060.8
1995-10-30,MSFT,3.765,3.922,3.737,3.898,125464000,489058672.0
1995-10-31,MSFT,3.908,3.922,3.784,3.794,91958400,348890169.6
1995-11-01,MSFT,3.799,3.832,3.727,3.732,72819200,271761254.4
1995-11-02,MSFT,3.742,3.808,3.727,3.794,63504000,240934176.0
1995-11-03,MSFT,3.794,3.799,3.746,3.775,40635200,153397880.0
1995-11-06,MSFT,3.68,3.751,3.675,3.694,87729600,324073142.4
1995-11-07,MSFT,3.661,3.694,3.523,3.528,115921600,408971404.8
1995-11-08,MSFT,3.561,3.623,3.542,3.614,71280000,257605920.0
1995-11-09,MSFT,3.661,3.756,3.642,3.756,99814400,374902886.4
1995-11-10,MSFT,3.737,3.756,3.665,3.675,60819200,223510560.0
1995-11-13,MSFT,3.666,3.689,3.644,3.654,59003200,215597692.8
1995-11-14,MSFT,3.637,3.642,3.561,3.566,75657600,269795001.6
1995-11-15,MSFT,3.58,3.59,3.486,3.566,108686400,387575702.4
1995-11-16,MSFT,3.433,3.484,3.4,3.41,195126400,665381024.0
1995-11-17,MSFT,3.414,3.438,3.315,3.315,143803200,476707608.0
1995-11-20,MSFT,3.353,3.391,3.253,3.263,115296000,376210848.0
1995-11-21,MSFT,3.258,3.367,3.196,3.339,130163200,434614924.8
1995-11-22,MSFT,3.353,3.395,3.31,3.315,65428800,216896472.0
1995-11-24,MSFT,3.324,3.348,3.315,3.339,15014400,50133081.6
1995-11-27,MSFT,3.362,3.395,3.306,3.31,79100800,261823648.0
1995-11-28,MSFT,3.301,3.471,3.282,3.471,86537600,300372009.6
1995-11-29,MSFT,3.486,3.509,3.386,3.405,91067200,310083816.0
1995-11-30,MSFT,3.395,3.405,3.296,3.305,93512000,309057160.0
1995-12-01,MSFT,3.305,3.334,3.258,3.272,96124800,314520345.6
1995-12-04,MSFT,3.267,3.4,3.234,3.334,130436800,434876291.2
1995-12-05,MSFT,3.334,3.343,3.229,3.263,104528000,341074864.0
1995-12-06,MSFT,3.267,3.452,3.263,3.438,145272000,499445136.0
1995-12-07,MSFT,3.457,3.49,3.371,3.433,132876800,456166054.4
1995-12-08,MSFT,3.514,3.59,3.499,3.585,147041600,527144136.0
1995-12-11,MSFT,3.585,3.595,3.528,3.533,61924800,218780318.4
1995-12-12,MSFT,3.528,3.533,3.457,3.467,44739200,155110806.4
1995-12-13,MSFT,3.457,3.495,3.433,3.481,39577600,137769625.6
1995-12-14,MSFT,3.5,3.547,3.362,3.367,92822400,312533020.8
1995-12-15,MSFT,3.381,3.405,3.31,3.353,115470400,387172251.2
1995-12-18,MSFT,3.353,3.376,3.239,3.301,99460800,328320100.8
1995-12-19,MSFT,3.315,3.453,3.315,3.448,84340800,290807078.4
1995-12-20,MSFT,3.457,3.467,3.301,3.305,84980800,280861544.0
1995-12-21,MSFT,3.329,3.414,3.315,3.414,60593600,206866550.4
1995-12-22,MSFT,3.419,3.448,3.381,3.433,36057600,123785740.8
1995-12-26,MSFT,3.424,3.462,3.41,3.424,34707200,118837452.8
1995-12-27,MSFT,3.429,3.438,3.353,3.372,40539200,136698182.4
1995-12-28,MSFT,3.348,3.357,3.31,3.315,49777600,165012744.0
1995-12-29,MSFT,3.31,3.367,3.272,3.329,52342400,174247849.6
1996-01-02,MSFT,3.334,3.405,3.315,3.405,57779200,196738176.0
1996-01-03,MSFT,3.381,3.419,3.291,3.296,62857600,207178649.6
1996-01-04,MSFT,3.31,3.32,3.22,3.315,102353600,339302184.0
1996-01-05,MSFT,3.272,3.324,3.267,3.277,62083200,203446646.4
1996-01-08,MSFT,3.282,3.324,3.267,3.272,11377600,37227507.2
1996-01-09,MSFT,3.263,3.263,3.03,3.042,177424000,539723808.0
1996-01-10,MSFT,3.054,3.158,3.053,3.125,181571200,567410000.0
1996-01-11,MSFT,3.168,3.296,3.154,3.286,116617600,383205433.6
1996-01-12,MSFT,3.282,3.296,3.182,3.253,80544000,262009632.0
1996-01-15,MSFT,3.258,3.258,3.106,3.13,84572800,264712864.0
1996-01-16,MSFT,3.173,3.281,3.158,3.277,122006400,399814972.8
1996-01-17,MSFT,3.215,3.32,3.21,3.22,143078400,460712448.0
1996-01-18,MSFT,3.244,3.372,3.225,3.324,121331200,403304908.8
1996-01-19,MSFT,3.424,3.538,3.4,3.486,227440000,792855840.0
1996-01-22,MSFT,3.476,3.519,3.448,3.49,82643200,288424768.0
1996-01-23,MSFT,3.467,3.481,3.386,3.395,66473600,225677872.0
1996-01-24,MSFT,3.41,3.509,3.395,3.462,92217600,319257331.2
1996-01-25,MSFT,3.467,3.476,3.376,3.391,59881600,203058505.6
1996-01-26,MSFT,3.381,3.448,3.376,3.433,50881600,174676532.8
1996-01-29,MSFT,3.443,3.462,3.39,3.429,39587200,135744508.8
1996-01-30,MSFT,3.448,3.467,3.438,3.445,45120000,155438400.0
1996-01-31,MSFT,3.443,3.514,3.419,3.509,68774400,241329369.6
1996-02-01,MSFT,3.5,3.576,3.49,3.571,78587200,280634891.2
1996-02-02,MSFT,3.566,3.571,3.495,3.528,44686400,157653619.2
1996-02-05,MSFT,3.519,3.689,3.519,3.685,126480000,466078800.0
1996-02-06,MSFT,3.661,3.699,3.628,3.661,98158400,359357902.4
1996-02-07,MSFT,3.642,3.685,3.622,3.675,65555200,240915360.0
1996-02-08,MSFT,3.666,3.775,3.623,3.751,103924800,389821924.8
1996-02-09,MSFT,3.746,3.803,3.737,3.799,122832000,466638768.0
1996-02-12,MSFT,3.784,3.836,3.761,3.775,87779200,331366480.0
1996-02-13,MSFT,3.708,3.803,3.699,3.78,114513600,432861408.0
1996-02-14,MSFT,3.799,3.799,3.732,3.746,80212800,300477148.8
1996-02-15,MSFT,3.737,3.761,3.708,3.737,52195200,195053462.4
1996-02-16,MSFT,3.746,3.765,3.713,3.713,62206400,230972363.2
1996-02-20,MSFT,3.689,3.737,3.675,3.708,64182400,237988339.2
1996-02-21,MSFT,3.708,3.799,3.699,3.789,80046400,303295809.6
1996-02-22,MSFT,3.794,3.893,3.794,3.889,106500800,414181611.2
1996-02-23,MSFT,3.893,3.931,3.865,3.927,102640000,403067280.0
1996-02-26,MSFT,3.908,3.917,3.813,3.817,63696000,243127632.0
1996-02-27,MSFT,3.822,3.825,3.784,3.799,60958400,231580961.6
1996-02-28,MSFT,3.822,3.87,3.789,3.799,60051200,228134508.8
1996-02-29,MSFT,3.756,3.799,3.739,3.744,61723200,231091660.8
1996-03-01,MSFT,3.732,3.742,3.59,3.623,157652800,571176094.4
1996-03-04,MSFT,3.642,3.694,3.623,3.652,72564800,265006649.6
1996-03-05,MSFT,3.642,3.728,3.633,3.723,57369600,213587020.8
1996-03-06,MSFT,3.727,3.751,3.68,3.68,44256000,162862080.0
1996-03-07,MSFT,3.685,3.704,3.666,3.692,44291200,163523110.4
1996-03-08,MSFT,3.623,3.699,3.595,3.609,108524800,391666003.2
1996-03-11,MSFT,3.609,3.666,3.609,3.661,74592000,273081312.0
1996-03-12,MSFT,3.652,3.666,3.595,3.633,76888000,279334104.0
1996-03-13,MSFT,3.727,3.832,3.708,3.827,156710400,599730700.8
1996-03-14,MSFT,3.836,3.865,3.78,3.78,60640000,229219200.0
1996-03-15,MSFT,3.794,3.912,3.78,3.884,121721600,472766694.4
1996-03-18,MSFT,3.884,4.017,3.884,3.993,119472000,477051696.0
1996-03-19,MSFT,4.036,4.062,3.974,4.055,92491200,375051816.0
1996-03-20,MSFT,4.031,4.045,3.935,3.969,92944000,368894736.0
1996-03-21,MSFT,3.955,3.96,3.813,3.822,66313600,253450579.2
1996-03-22,MSFT,3.836,3.848,3.784,3.836,48046400,184305990.4
1996-03-25,MSFT,3.851,3.884,3.749,3.789,63379200,240143788.8
1996-03-26,MSFT,3.77,3.903,3.746,3.898,79899200,311447081.6
1996-03-27,MSFT,3.917,3.946,3.836,3.889,52729600,205065414.4
1996-03-28,MSFT,3.865,3.927,3.836,3.879,54955200,213171220.8
1996-03-29,MSFT,3.884,3.95,3.874,3.912,53508800,209326425.6
1996-04-01,MSFT,3.913,3.927,3.874,3.898,31692800,123538534.4
1996-04-02,MSFT,3.898,3.983,3.893,3.969,54396800,215900899.2
1996-04-03,MSFT,3.95,3.988,3.922,3.965,46072000,182675480.0
1996-04-04,MSFT,3.969,3.979,3.927,3.96,28961600,114687936.0
1996-04-08,MSFT,3.889,3.941,3.865,3.936,73753600,290294169.6
1996-04-09,MSFT,3.946,3.946,3.851,3.855,66942400,258062952.0
1996-04-10,MSFT,3.851,3.908,3.841,3.855,51910400,200114592.0
1996-04-11,MSFT,3.851,3.884,3.78,3.836,62465600,239618041.6
1996-04-12,MSFT,3.836,3.855,3.813,3.836,33737600,129417433.6
1996-04-15,MSFT,3.832,3.931,3.832,3.927,50102400,196752124.8
1996-04-16,MSFT,3.955,4.002,3.946,3.993,80116800,319906382.4
1996-04-17,MSFT,3.993,4.021,3.957,4.019,62630400,251711577.6
1996-04-18,MSFT,4.021,4.145,4.002,4.135,133958400,553917984.0
1996-04-19,MSFT,4.235,4.254,4.154,4.164,169492800,705768019.2
1996-04-22,MSFT,4.192,4.301,4.183,4.277,92758400,396727676.8
1996-04-23,MSFT,4.277,4.296,4.225,4.273,57139200,244155801.6
1996-04-24,MSFT,4.287,4.292,4.221,4.23,69251200,292932576.0
1996-04-25,MSFT,4.23,4.315,4.183,4.277,63896000,273283192.0
1996-04-26,MSFT,4.277,4.32,4.263,4.306,54296000,233798576.0
1996-04-29,MSFT,4.301,4.306,4.249,4.273,34267200,146423745.6
1996-04-30,MSFT,4.273,4.296,4.244,4.296,28441600,122185113.6
1996-05-01,MSFT,4.282,4.372,4.273,4.368,65014400,283982899.2
1996-05-02,MSFT,4.368,4.372,4.216,4.235,87340800,369888288.0
1996-05-03,MSFT,4.268,4.344,4.178,4.206,75300800,316715164.8
1996-05-06,MSFT,4.211,4.263,4.159,4.24,75852800,321615872.0
1996-05-07,MSFT,4.235,4.306,4.235,4.292,47366400,203296588.8
1996-05-08,MSFT,4.282,4.339,4.202,4.334,77851200,337407100.8
1996-05-09,MSFT,4.334,4.368,4.296,4.306,47776000,205723456.0
1996-05-10,MSFT,4.339,4.368,4.33,4.358,43913600,191375468.8
1996-05-13,MSFT,4.363,4.51,4.363,4.5,95606400,430228800.0
1996-05-14,MSFT,4.524,4.553,4.486,4.515,76832000,346896480.0
1996-05-15,MSFT,4.515,4.543,4.453,4.462,56323200,251314118.4
1996-05-16,MSFT,4.401,4.453,4.387,4.443,67092800,298093310.4
1996-05-17,MSFT,4.472,4.477,4.415,4.439,35392000,157105088.0
1996-05-20,MSFT,4.453,4.472,4.424,4.429,38457600,170328710.4
1996-05-21,MSFT,4.429,4.434,4.368,4.368,42113600,183952204.8
1996-05-22,MSFT,4.363,4.448,4.349,4.434,45646400,202396137.6
1996-05-23,MSFT,4.434,4.519,4.434,4.496,51976000,233684096.0
1996-05-24,MSFT,4.496,4.515,4.486,4.496,26443200,118888627.2
1996-05-28,MSFT,4.505,4.52,4.443,4.448,43376000,192936448.0
1996-05-29,MSFT,4.453,4.486,4.424,4.443,33569600,149149732.8
1996-05-30,MSFT,4.448,4.486,4.424,4.486,33824000,151734464.0
1996-05-31,MSFT,4.498,4.529,4.477,4.505,40259200,181367696.0
1996-06-03,MSFT,4.505,4.534,4.481,4.491,31684800,142296436.8
1996-06-04,MSFT,4.5,4.51,4.41,4.472,65852800,294493721.6
1996-06-05,MSFT,4.477,4.6,4.472,4.586,50968000,233739248.0
1996-06-06,MSFT,4.619,4.666,4.543,4.545,88136000,400578120.0
1996-06-07,MSFT,4.462,4.6,4.462,4.6,70198400,322912640.0
1996-06-10,MSFT,4.59,4.6,4.552,4.576,45819200,209668659.2
1996-06-11,MSFT,4.581,4.676,4.576,4.633,65259200,302345873.6
1996-06-12,MSFT,4.662,4.756,4.657,4.742,88844800,421302041.6
1996-06-13,MSFT,4.747,4.775,4.695,4.728,62577600,295866892.8
1996-06-14,MSFT,4.733,4.742,4.662,4.666,55944000,261034704.0
1996-06-17,MSFT,4.671,4.742,4.643,4.728,57499200,271856217.6
1996-06-18,MSFT,4.723,4.723,4.628,4.643,74585600,346300940.8
1996-06-19,MSFT,4.647,4.671,4.605,4.619,73409600,339078942.4
1996-06-20,MSFT,4.628,4.647,4.515,4.619,102228800,472194827.2
1996-06-21,MSFT,4.643,4.709,4.609,4.7,56806400,266990080.0
1996-06-24,MSFT,4.704,4.747,4.666,4.709,48102400,226514201.6
1996-06-25,MSFT,4.714,4.714,4.605,4.628,41145600,190421836.8
1996-06-26,MSFT,4.624,4.628,4.515,4.572,71457600,326704147.2
1996-06-27,MSFT,4.572,4.59,4.515,4.55,77582400,352999920.0
1996-06-28,MSFT,4.572,4.59,4.519,4.557,52000000,236964000.0
1996-07-01,MSFT,4.562,4.647,4.557,4.64,47862400,222081536.0
1996-07-02,MSFT,4.643,4.652,4.6,4.614,38548800,177864163.2
1996-07-03,MSFT,4.614,4.662,4.576,4.595,44243200,203297504.0
1996-07-05,MSFT,4.557,4.557,4.491,4.491,35331200,158672419.2
1996-07-08,MSFT,4.496,4.581,4.481,4.564,64432000,294067648.0
1996-07-09,MSFT,4.586,4.605,4.553,4.553,35571200,161955673.6
1996-07-10,MSFT,4.553,4.553,4.481,4.534,77980800,353564947.2
1996-07-11,MSFT,4.486,4.491,4.315,4.344,140915200,612135628.8
1996-07-12,MSFT,4.37,4.37,4.192,4.263,139478400,594596419.2
1996-07-15,MSFT,4.263,4.315,4.168,4.197,111832000,469358904.0
1996-07-16,MSFT,4.183,4.387,4.078,4.377,182100800,797055201.6
1996-07-17,MSFT,4.467,4.481,4.387,4.443,126208000,560742144.0
1996-07-18,MSFT,4.448,4.553,4.396,4.548,98537600,448149004.8
1996-07-19,MSFT,4.467,4.614,4.467,4.59,99208000,455364720.0
1996-07-22,MSFT,4.591,4.609,4.472,4.543,144475200,656350833.6
1996-07-23,MSFT,4.553,4.553,4.183,4.254,257678400,1096163913.6
1996-07-24,MSFT,4.154,4.391,4.154,4.353,192225600,836758036.8
1996-07-25,MSFT,4.401,4.505,4.368,4.496,100920000,453736320.0
1996-07-26,MSFT,4.534,4.534,4.486,4.519,59304000,267994776.0
1996-07-29,MSFT,4.524,4.548,4.429,4.434,56748800,251624179.2
1996-07-30,MSFT,4.472,4.505,4.406,4.5,66976000,301392000.0
1996-07-31,MSFT,4.515,4.538,4.462,4.472,56320000,251863040.0
1996-08-01,MSFT,4.472,4.586,4.453,4.576,96025600,439413145.6
1996-08-02,MSFT,4.633,4.7,4.576,4.681,109289600,511584617.6
1996-08-05,MSFT,4.685,4.695,4.6,4.619,55072000,254377568.0
1996-08-06,MSFT,4.614,4.709,4.586,4.704,67388800,316996915.2
1996-08-07,MSFT,4.719,4.747,4.662,4.733,76790400,363448963.2
1996-08-08,MSFT,4.709,4.775,4.695,4.752,54379200,258409958.4
1996-08-09,MSFT,4.733,4.761,4.7,4.723,44313600,209293132.8
1996-08-12,MSFT,4.714,4.785,4.704,4.752,66187200,314521574.4
1996-08-13,MSFT,4.742,4.775,4.681,4.685,72508800,339703728.0
1996-08-14,MSFT,4.7,4.747,4.695,4.737,52032000,246475584.0
1996-08-15,MSFT,4.733,4.771,4.719,4.747,35556800,168788129.6
1996-08-16,MSFT,4.747,4.752,4.695,4.714,47598400,224378857.6
1996-08-19,MSFT,4.7,4.709,4.638,4.685,43131200,202069672.0
1996-08-20,MSFT,4.695,4.709,4.676,4.681,25678400,120200590.4
1996-08-21,MSFT,4.647,4.685,4.619,4.685,49345600,231184136.0
1996-08-22,MSFT,4.709,4.747,4.685,4.742,50236800,238222905.6
1996-08-23,MSFT,4.737,4.742,4.676,4.676,44006400,205773926.4
1996-08-26,MSFT,4.681,4.695,4.657,4.662,31944000,148922928.0
1996-08-27,MSFT,4.671,4.733,4.666,4.733,28038400,132705747.2
1996-08-28,MSFT,4.742,4.771,4.737,4.766,32070400,152847526.4
1996-08-29,MSFT,4.752,4.752,4.69,4.709,34182400,160964921.6
1996-08-30,MSFT,4.714,4.714,4.647,4.647,28088000,130524936.0
1996-09-03,MSFT,4.628,4.681,4.576,4.681,48524800,227144588.8
1996-09-04,MSFT,4.681,4.69,4.664,4.681,27126400,126978678.4
1996-09-05,MSFT,4.657,4.657,4.609,4.609,40372800,186078235.2
1996-09-06,MSFT,4.628,4.657,4.614,4.647,41921600,194809675.2
1996-09-09,MSFT,4.647,4.742,4.638,4.737,41747200,197756486.4
1996-09-10,MSFT,4.733,4.747,4.69,4.719,38904000,183587976.0
1996-09-11,MSFT,4.702,4.761,4.69,4.747,36387200,172730038.4
1996-09-12,MSFT,4.761,4.913,4.749,4.88,95944000,468206720.0
1996-09-13,MSFT,4.918,4.984,4.889,4.97,80137600,398283872.0
1996-09-16,MSFT,4.975,5.05,4.97,4.989,62409600,311361494.4
1996-09-17,MSFT,5.041,5.107,5.017,5.079,75624000,384094296.0
1996-09-18,MSFT,5.084,5.231,5.055,5.179,86049600,445650878.4
1996-09-19,MSFT,5.179,5.245,5.15,5.226,75912000,396716112.0
1996-09-20,MSFT,5.197,5.259,5.155,5.24,104849600,549411904.0
1996-09-23,MSFT,5.221,5.24,5.169,5.226,46385600,242411145.6
1996-09-24,MSFT,5.216,5.25,5.164,5.193,72520000,376596360.0
1996-09-25,MSFT,5.216,5.231,5.136,5.145,44067200,226725744.0
1996-09-26,MSFT,5.15,5.164,4.998,5.008,92604800,463764838.4
1996-09-27,MSFT,5.027,5.131,4.979,5.098,98372800,501504534.4
1996-09-30,MSFT,5.065,5.117,4.998,5.003,89574400,448140723.2
1996-10-01,MSFT,4.998,5.079,4.965,5.013,69124800,346522622.4
1996-10-02,MSFT,5.041,5.15,5.022,5.112,68760000,351501120.0
1996-10-03,MSFT,5.112,5.126,5.069,5.084,58294400,296368729.6
1996-10-04,MSFT,5.107,5.183,5.093,5.174,45166400,233690953.6
1996-10-07,MSFT,5.174,5.24,5.155,5.216,42432000,221325312.0
1996-10-08,MSFT,5.226,5.226,5.122,5.136,48465600,248919321.6
1996-10-09,MSFT,5.16,5.164,5.055,5.103,64955200,331466385.6
1996-10-10,MSFT,5.074,5.164,5.06,5.074,51739200,262524700.8
1996-10-11,MSFT,5.107,5.207,5.093,5.202,36523200,189993686.4
1996-10-14,MSFT,5.212,5.24,5.174,5.183,36091200,187060689.6
1996-10-15,MSFT,5.264,5.278,5.212,5.269,61206400,322496521.6
1996-10-16,MSFT,5.264,5.271,5.197,5.235,36427200,190696392.0
1996-10-17,MSFT,5.245,5.273,5.141,5.141,49097600,252410761.6
1996-10-18,MSFT,5.084,5.122,5.067,5.112,69646400,356032396.8
1996-10-21,MSFT,5.112,5.16,5.065,5.084,71401600,363005734.4
1996-10-22,MSFT,5.05,5.06,4.979,5.027,113806400,572104772.8
1996-10-23,MSFT,5.032,5.112,4.998,5.103,67443200,344162649.6
1996-10-24,MSFT,5.117,5.212,5.079,5.183,81417600,421987420.8
1996-10-25,MSFT,5.183,5.231,5.164,5.176,53084800,274766924.8
1996-10-28,MSFT,5.186,5.221,5.169,5.183,51240000,265576920.0
1996-10-29,MSFT,5.193,5.212,5.117,5.136,66756800,342862924.8
1996-10-30,MSFT,5.136,5.197,5.117,5.169,60526400,312860961.6
1996-10-31,MSFT,5.174,5.212,5.164,5.207,37028800,192808961.6
1996-11-01,MSFT,5.207,5.264,5.179,5.212,56531200,294640614.4
1996-11-04,MSFT,5.207,5.25,5.188,5.235,36006400,188493504.0
1996-11-05,MSFT,5.254,5.368,5.247,5.368,86417600,463889676.8
1996-11-06,MSFT,5.363,5.482,5.349,5.482,71438400,391625308.8
1996-11-07,MSFT,5.491,5.544,5.43,5.444,76742400,417785625.6
1996-11-08,MSFT,5.439,5.444,5.368,5.444,67369600,366760102.4
1996-11-11,MSFT,5.439,5.491,5.425,5.449,38593600,210296526.4
1996-11-12,MSFT,5.463,5.534,5.368,5.378,81156800,436461270.4
1996-11-13,MSFT,5.449,5.529,5.43,5.501,90409600,497343209.6
1996-11-14,MSFT,5.51,5.676,5.51,5.676,114969600,652567449.6
1996-11-15,MSFT,5.719,5.724,5.591,5.653,104041600,588147164.8
1996-11-18,MSFT,5.667,5.757,5.639,5.705,98585600,562430848.0
1996-11-19,MSFT,5.71,5.914,5.7,5.914,104739200,619427628.8
1996-11-20,MSFT,5.918,5.994,5.814,5.814,123857600,720108086.4
1996-11-21,MSFT,5.861,5.866,5.691,5.705,130718400,745748472.0
1996-11-22,MSFT,5.719,5.786,5.667,5.71,94424000,539161040.0
1996-11-25,MSFT,5.733,5.828,5.71,5.823,75129600,437479660.8
1996-11-26,MSFT,5.842,5.895,5.781,5.833,108238400,631354587.2
1996-11-27,MSFT,5.847,5.909,5.833,5.899,44446400,262189313.6
1996-11-29,MSFT,5.899,5.961,5.899,5.951,17152000,102071552.0
1996-12-02,MSFT,5.975,5.985,5.89,5.985,64502400,386046864.0
1996-12-03,MSFT,6.008,6.051,5.866,5.869,77563200,455218420.8
1996-12-04,MSFT,5.885,5.89,5.771,5.814,102542400,596181513.6
1996-12-05,MSFT,5.819,5.895,5.762,5.804,74950400,435012121.6
1996-12-06,MSFT,5.653,5.861,5.625,5.8,110238400,639382720.0
1996-12-09,MSFT,5.947,6.212,5.918,6.203,94718400,587538235.2
1996-12-10,MSFT,6.402,6.416,6.203,6.212,125725600,781007427.2
1996-12-11,MSFT,6.146,6.345,6.08,6.326,113558400,718370438.4
1996-12-12,MSFT,6.449,6.468,6.146,6.146,78272800,481064628.8
1996-12-13,MSFT,6.155,6.222,6.012,6.07,74532000,452409240.0
1996-12-16,MSFT,6.089,6.127,5.804,5.823,64883200,377814873.6
1996-12-17,MSFT,5.814,6.08,5.795,6.061,68944800,417874432.8
1996-12-18,MSFT,6.174,6.279,6.07,6.269,61796800,387404139.2
1996-12-19,MSFT,6.374,6.459,6.298,6.44,94609600,609285824.0
1996-12-20,MSFT,6.487,6.497,6.326,6.345,90414400,573679368.0
1996-12-23,MSFT,6.383,6.43,6.288,6.355,36892800,234453744.0
1996-12-24,MSFT,6.383,6.459,6.307,6.44,16246400,104626816.0
1996-12-26,MSFT,6.468,6.535,6.459,6.487,27905600,181023627.2
1996-12-27,MSFT,6.487,6.506,6.375,6.393,19079200,121973325.6
1996-12-30,MSFT,6.478,6.497,6.336,6.336,27279200,172841011.2
1996-12-31,MSFT,6.374,6.393,6.26,6.269,34367200,215447976.8
1997-01-02,MSFT,6.307,6.307,6.127,6.193,54480800,337399594.4
1997-01-03,MSFT,6.241,6.43,6.222,6.421,44131200,283366435.2
1997-01-06,MSFT,6.421,6.468,6.307,6.402,55948000,358179096.0
1997-01-07,MSFT,6.411,6.459,6.326,6.449,36880800,237844279.2
1997-01-08,MSFT,6.449,6.467,6.307,6.326,50593600,320055113.6
1997-01-09,MSFT,6.355,6.355,6.241,6.25,47763200,298520000.0
1997-01-10,MSFT,6.222,6.402,6.193,6.393,66556800,425497622.4
1997-01-13,MSFT,6.459,6.487,6.336,6.355,50361600,320047968.0
1997-01-14,MSFT,6.393,6.573,6.393,6.478,63728000,412829984.0
1997-01-15,MSFT,6.497,6.544,6.402,6.421,53058400,340687986.4
1997-01-16,MSFT,6.449,6.611,6.449,6.525,58688000,382939200.0
1997-01-17,MSFT,6.497,6.658,6.487,6.611,65368800,432153136.8
1997-01-20,MSFT,6.601,7.047,6.573,6.886,146220800,1006876428.8
1997-01-21,MSFT,6.876,7.213,6.8,7.208,114592000,825979136.0
1997-01-22,MSFT,7.218,7.474,7.18,7.388,129236800,954801478.4
1997-01-23,MSFT,7.445,7.569,7.17,7.189,105048000,755190072.0
1997-01-24,MSFT,7.218,7.417,7.161,7.279,89817600,653782310.4
1997-01-27,MSFT,7.322,7.39,7.246,7.294,53263200,388501780.8
1997-01-28,MSFT,7.464,7.493,7.189,7.256,64656800,469149740.8
1997-01-29,MSFT,7.341,7.388,7.265,7.379,48933600,361081034.4
1997-01-30,MSFT,7.455,7.682,7.436,7.673,79937600,613361204.8
1997-01-31,MSFT,7.73,7.834,7.654,7.739,86516000,669547324.0
1997-02-03,MSFT,7.787,7.845,7.673,7.768,60804800,472331686.4
1997-02-04,MSFT,7.768,7.834,7.625,7.825,56464000,441830800.0
1997-02-05,MSFT,7.825,7.853,7.35,7.464,110099200,821780428.8
1997-02-06,MSFT,7.455,7.464,7.284,7.369,102122400,752539965.6
1997-02-07,MSFT,7.464,7.626,7.398,7.616,62448000,475603968.0
1997-02-10,MSFT,7.644,7.701,7.407,7.417,66804800,495491201.6
1997-02-11,MSFT,7.455,7.483,7.218,7.474,88834400,663948305.6
1997-02-12,MSFT,7.464,7.588,7.398,7.578,72001600,545628124.8
1997-02-13,MSFT,7.626,7.673,7.54,7.588,58292000,442319696.0
1997-02-14,MSFT,7.54,7.626,7.407,7.426,57395200,426216755.2
1997-02-18,MSFT,7.407,7.426,7.303,7.388,52545600,388206892.8
1997-02-19,MSFT,7.388,7.445,7.322,7.398,56383200,417122913.6
1997-02-20,MSFT,7.35,7.398,7.218,7.227,75395200,544881110.4
1997-02-21,MSFT,7.199,7.237,7.132,7.208,61131200,440633689.6
1997-02-24,MSFT,7.151,7.607,7.132,7.597,68599200,521148122.4
1997-02-25,MSFT,7.588,7.665,7.502,7.55,63941600,482759080.0
1997-02-26,MSFT,7.55,7.616,7.464,7.607,48849600,371598907.2
1997-02-27,MSFT,7.607,7.607,7.284,7.294,56628800,413050467.2
1997-02-28,MSFT,7.294,7.464,7.241,7.398,78412000,580091976.0
1997-03-03,MSFT,7.36,7.597,7.331,7.55,53874400,406751720.0
1997-03-04,MSFT,7.531,7.597,7.483,7.521,63920800,480748336.8
1997-03-05,MSFT,7.55,7.663,7.531,7.654,46393600,355096614.4
1997-03-06,MSFT,7.644,7.654,7.416,7.417,57018400,422905472.8
1997-03-07,MSFT,7.464,7.55,7.322,7.341,46032000,337920912.0
1997-03-10,MSFT,7.369,7.597,7.279,7.588,45997600,349029788.8
1997-03-11,MSFT,7.559,7.63,7.464,7.464,47577600,355119206.4
1997-03-12,MSFT,7.417,7.55,7.417,7.493,43234400,323955359.2
1997-03-13,MSFT,7.455,7.597,7.436,7.559,45505600,343976830.4
1997-03-14,MSFT,7.569,7.607,7.502,7.512,61327200,460689926.4
1997-03-17,MSFT,7.474,7.644,7.436,7.626,83958400,640266758.4
1997-03-18,MSFT,7.635,7.649,7.502,7.559,59012000,446071708.0
1997-03-19,MSFT,7.417,7.455,7.203,7.341,111560000,818961960.0
1997-03-20,MSFT,7.331,7.417,7.237,7.284,81410400,592993353.6
1997-03-21,MSFT,7.322,7.369,7.047,7.132,85829600,612136707.2
1997-03-24,MSFT,7.066,7.094,6.649,6.838,186269600,1273711524.8
1997-03-25,MSFT,6.876,6.933,6.743,6.853,89701600,614725064.8
1997-03-26,MSFT,6.886,7.18,6.876,7.151,81270400,581164630.4
1997-03-27,MSFT,7.218,7.294,6.905,7.113,93919200,668047269.6
1997-03-31,MSFT,7.066,7.17,6.924,6.957,93825600,652744699.2
1997-04-01,MSFT,6.838,7.113,6.81,7.075,86680800,613266660.0
1997-04-02,MSFT,7.047,7.104,6.905,6.981,63331200,442115107.2
1997-04-03,MSFT,6.905,7.237,6.876,7.218,92252800,665880710.4
1997-04-04,MSFT,7.113,7.341,7.113,7.147,94964000,678707708.0
1997-04-07,MSFT,7.256,7.407,7.208,7.275,76511200,556618980.0
1997-04-08,MSFT,7.331,7.455,7.246,7.455,53339200,397643736.0
1997-04-09,MSFT,7.521,7.531,7.417,7.436,73762400,548497206.4
1997-04-10,MSFT,7.417,7.417,7.246,7.341,67913600,498553737.6
1997-04-11,MSFT,7.246,7.379,7.203,7.208,60033600,432722188.8
1997-04-14,MSFT,7.189,7.388,7.085,7.388,59107200,436683993.6
1997-04-15,MSFT,7.426,7.512,7.275,7.369,84440000,622238360.0
1997-04-16,MSFT,7.331,7.474,7.303,7.455,42710400,318406032.0
1997-04-17,MSFT,7.474,7.588,7.398,7.445,71720800,533961356.0
1997-04-18,MSFT,7.891,8.166,7.815,8.166,231764000,1892584824.0
1997-04-21,MSFT,8.119,8.489,8.052,8.166,155695200,1271407003.2
1997-04-22,MSFT,8.166,8.408,8.157,8.394,82300000,690826200.0
1997-04-23,MSFT,8.394,8.783,8.375,8.735,102814400,898083784.0
1997-04-24,MSFT,8.849,8.944,8.555,8.659,118163200,1023175148.8
1997-04-25,MSFT,8.612,8.754,8.593,8.621,58566400,504900934.4
1997-04-28,MSFT,8.631,8.73,8.47,8.716,67224000,585924384.0
1997-04-29,MSFT,8.906,9.039,8.84,9.029,73953600,667727054.4
1997-04-30,MSFT,9.001,9.304,8.982,9.219,90204000,831590676.0
1997-05-01,MSFT,9.257,9.352,9.048,9.181,72325600,664021333.6
1997-05-02,MSFT,9.257,9.371,9.024,9.162,96192000,881311104.0
1997-05-05,MSFT,9.077,9.162,8.764,9.119,111063200,1012785320.8
1997-05-06,MSFT,9.058,9.086,8.83,8.901,74770400,665531330.4
1997-05-07,MSFT,8.83,9.029,8.735,8.764,70532800,618149459.2
1997-05-08,MSFT,8.745,8.963,8.735,8.83,53834400,475357752.0
1997-05-09,MSFT,8.953,8.991,8.783,8.858,58392000,517236336.0
1997-05-12,MSFT,8.915,8.991,8.877,8.963,42976000,385193888.0
1997-05-13,MSFT,8.982,9.048,8.868,8.934,49813600,445034702.4
1997-05-14,MSFT,8.982,9.001,8.773,8.792,60744800,534068281.6
1997-05-15,MSFT,8.802,8.944,8.792,8.887,41861600,372024039.2
1997-05-16,MSFT,8.83,8.877,8.716,8.759,59913600,524783222.4
1997-05-19,MSFT,8.811,8.887,8.735,8.735,45632000,398595520.0
1997-05-20,MSFT,8.792,9.048,8.745,9.039,64876800,586421395.2
1997-05-21,MSFT,9.152,9.328,9.086,9.134,76620000,699847080.0
1997-05-22,MSFT,9.181,9.228,9.086,9.152,33655200,308012390.4
1997-05-23,MSFT,9.209,9.333,9.171,9.323,28904800,269479450.4
1997-05-27,MSFT,9.314,9.665,9.285,9.608,69036000,663297888.0
1997-05-28,MSFT,9.655,9.655,9.475,9.551,52241600,498959521.6
1997-05-29,MSFT,9.655,9.793,9.484,9.551,51111200,488163071.2
1997-05-30,MSFT,8.915,9.532,8.915,9.409,83337600,784123478.4
1997-06-02,MSFT,9.484,9.522,9.342,9.437,38939200,367469230.4
1997-06-03,MSFT,9.361,9.371,9.152,9.162,41995200,384760022.4
1997-06-04,MSFT,9.152,9.276,8.972,9.043,54639200,494102285.6
1997-06-05,MSFT,9.125,9.219,9.067,9.148,35892000,328340016.0
1997-06-06,MSFT,9.209,9.432,9.181,9.413,35964000,338529132.0
1997-06-09,MSFT,9.475,9.57,9.295,9.494,48200000,457610800.0
1997-06-10,MSFT,9.494,9.641,9.39,9.47,53135200,503190344.0
1997-06-11,MSFT,9.47,9.665,9.375,9.636,49056800,472711324.8
1997-06-12,MSFT,9.617,9.722,9.513,9.636,44614400,429904358.4
1997-06-13,MSFT,9.617,9.869,9.603,9.835,50116000,492890860.0
1997-06-16,MSFT,9.835,9.968,9.778,9.968,40612800,404828390.4
1997-06-17,MSFT,9.978,10.238,9.93,10.182,53191200,541592798.4
1997-06-18,MSFT,10.11,10.129,9.869,9.878,55657600,549785772.8
1997-06-19,MSFT,9.741,9.921,9.712,9.812,65519200,642874390.4
1997-06-20,MSFT,9.816,9.968,9.75,9.854,64240000,633020960.0
1997-06-23,MSFT,9.854,9.978,9.712,9.717,35724800,347137881.6
1997-06-24,MSFT,9.826,10.025,9.741,10.02,39319200,393978384.0
1997-06-25,MSFT,10.082,10.11,9.85,9.897,49576000,490653672.0
1997-06-26,MSFT,9.873,9.925,9.703,9.731,37312000,363083072.0
1997-06-27,MSFT,9.797,9.864,9.655,9.674,38198400,369531321.6
1997-06-30,MSFT,9.703,9.769,9.575,9.589,38286400,367128289.6
1997-07-01,MSFT,9.594,9.627,9.352,9.48,59377600,562899648.0
1997-07-02,MSFT,9.532,9.75,9.413,9.741,53237600,518587461.6
1997-07-03,MSFT,9.869,9.869,9.75,9.831,28764000,282778884.0
1997-07-07,MSFT,9.911,9.997,9.816,9.826,39320000,386358320.0
1997-07-08,MSFT,9.816,9.963,9.783,9.959,36007200,358595704.8
1997-07-09,MSFT,10.054,10.063,9.826,9.921,48266400,478850954.4
1997-07-10,MSFT,9.902,9.959,9.778,9.854,43780800,431416003.2
1997-07-11,MSFT,9.883,9.944,9.745,9.845,38094400,375039368.0
1997-07-14,MSFT,9.925,10.319,9.902,10.314,57424000,592271136.0
1997-07-15,MSFT,10.476,10.566,10.367,10.506,75503200,793236619.2
1997-07-16,MSFT,10.803,11.343,10.623,11.263,111217600,1252643828.8
1997-07-17,MSFT,11.419,11.438,11.116,11.343,131668000,1493510124.0
1997-07-18,MSFT,11.002,11.182,10.623,10.661,158927200,1694322879.2
1997-07-21,MSFT,10.689,10.698,10.148,10.314,127223200,1312180084.8
1997-07-22,MSFT,10.385,10.988,10.376,10.936,101384000,1108735424.0
1997-07-23,MSFT,11.021,11.144,10.698,10.732,95556000,1025506992.0
1997-07-24,MSFT,10.499,10.651,10.291,10.471,141855200,1485365799.2
1997-07-25,MSFT,10.509,10.793,10.414,10.509,90308800,949055179.2
1997-07-28,MSFT,10.566,10.575,10.3,10.395,56404000,586319580.0
1997-07-29,MSFT,10.376,10.627,10.329,10.618,79061600,839476068.8
1997-07-30,MSFT,10.679,10.774,10.594,10.708,78324000,838693392.0
1997-07-31,MSFT,10.774,10.784,10.689,10.727,42240800,453117061.6
1997-08-01,MSFT,10.727,10.76,10.561,10.67,58912800,628599576.0
1997-08-04,MSFT,10.642,10.774,10.58,10.741,46312800,497445784.8
1997-08-05,MSFT,10.793,10.955,10.774,10.874,59333600,645193566.4
1997-08-06,MSFT,10.874,10.974,10.793,10.883,43410400,472435383.2
1997-08-07,MSFT,10.95,10.955,10.774,10.921,43947200,479947371.2
1997-08-08,MSFT,10.836,10.86,10.623,10.623,66815200,709777869.6
1997-08-11,MSFT,10.623,10.642,10.348,10.49,72696000,762581040.0
1997-08-12,MSFT,10.575,10.604,10.305,10.319,60887200,628295016.8
1997-08-13,MSFT,10.48,10.49,10.224,10.324,66731200,688932908.8
1997-08-14,MSFT,10.319,10.376,10.177,10.338,45900800,474522470.4
1997-08-15,MSFT,10.281,10.319,10.072,10.082,51078400,514972428.8
1997-08-18,MSFT,10.091,10.158,9.94,10.158,69969600,710751196.8
1997-08-19,MSFT,10.224,10.547,10.215,10.532,91013600,958555235.2
1997-08-20,MSFT,10.547,10.675,10.395,10.665,51433600,548539344.0
1997-08-21,MSFT,10.746,10.803,10.433,10.461,64412000,673813932.0
1997-08-22,MSFT,10.262,10.433,10.177,10.414,72161600,751490902.4
1997-08-25,MSFT,10.461,10.547,10.291,10.357,38856800,402439877.6
1997-08-26,MSFT,10.319,10.385,10.224,10.243,34327200,351613509.6
1997-08-27,MSFT,10.262,10.267,10.091,10.21,49371200,504079952.0
1997-08-28,MSFT,10.129,10.148,10.016,10.02,43641600,437288832.0
1997-08-29,MSFT,10.02,10.158,9.997,10.03,37857600,379711728.0
1997-09-02,MSFT,10.101,10.433,10.091,10.409,50112800,521624135.2
1997-09-03,MSFT,10.442,10.537,10.333,10.362,42872800,444247953.6
1997-09-04,MSFT,10.319,10.509,10.3,10.485,44476000,466330860.0
1997-09-05,MSFT,10.551,10.599,10.338,10.419,48398400,504262929.6
1997-09-08,MSFT,10.452,10.608,10.452,10.57,42416000,448337120.0
1997-09-09,MSFT,10.566,10.642,10.499,10.585,39465600,417743376.0
1997-09-10,MSFT,10.537,10.556,10.248,10.253,53294400,546427483.2
1997-09-11,MSFT,10.243,10.423,10.082,10.381,61779200,641329875.2
1997-09-12,MSFT,10.385,10.499,10.291,10.466,48576000,508396416.0
1997-09-15,MSFT,10.291,10.414,9.911,9.916,129003200,1279195731.2
1997-09-16,MSFT,9.997,10.395,9.94,10.348,102538400,1061067363.2
1997-09-17,MSFT,10.367,10.376,10.063,10.106,61609600,622626617.6
1997-09-18,MSFT,10.186,10.253,9.973,10.035,61077600,612913716.0
1997-09-19,MSFT,10.035,10.262,10.016,10.257,77435200,794252846.4
1997-09-22,MSFT,10.243,10.31,10.106,10.115,43251200,437485888.0
1997-09-23,MSFT,10.134,10.281,10.101,10.281,39946400,410688938.4
1997-09-24,MSFT,10.291,10.324,10.025,10.049,60040000,603341960.0
1997-09-25,MSFT,10.082,10.177,10.02,10.072,39272000,395547584.0
1997-09-26,MSFT,10.139,10.148,9.987,10.12,36652000,370918240.0
1997-09-29,MSFT,10.129,10.224,10.082,10.205,27505600,280694648.0
1997-09-30,MSFT,10.201,10.3,10.035,10.039,43892800,440639819.2
1997-10-01,MSFT,10.054,10.205,9.968,10.158,61466400,624375691.2
1997-10-02,MSFT,10.148,10.215,10.072,10.106,28831200,291368107.2
1997-10-03,MSFT,10.238,10.338,10.12,10.238,60284800,617195782.4
1997-10-06,MSFT,10.31,10.338,10.186,10.253,41776800,428337530.4
1997-10-07,MSFT,10.243,10.447,10.215,10.362,54548800,565234665.6
1997-10-08,MSFT,10.367,10.551,10.338,10.547,71196800,750912649.6
1997-10-09,MSFT,10.509,10.594,10.48,10.542,34672800,365520657.6
1997-10-10,MSFT,10.495,10.528,10.338,10.357,24893600,257823015.2
1997-10-13,MSFT,10.395,10.461,10.362,10.376,19051200,197675251.2
1997-10-14,MSFT,10.404,10.423,10.272,10.371,33361600,345993153.6
1997-10-15,MSFT,10.3,10.319,10.234,10.3,45003200,463532960.0
1997-10-16,MSFT,10.329,10.367,10.035,10.16,47327200,480844352.0
1997-10-17,MSFT,10.101,10.215,9.892,10.035,87720000,880270200.0
1997-10-20,MSFT,10.091,10.262,9.674,10.063,154052800,1550233326.4
1997-10-21,MSFT,10.329,10.564,10.267,10.509,115682400,1215706341.6
1997-10-22,MSFT,10.499,10.509,10.272,10.295,55775200,574205684.0
1997-10-23,MSFT,10.016,10.414,10.016,10.291,66413600,683462357.6
1997-10-24,MSFT,10.385,10.414,10.11,10.272,70030400,719352268.8
1997-10-27,MSFT,10.234,10.338,9.76,9.778,96795200,946463465.6
1997-10-28,MSFT,10.035,10.243,9.371,10.12,160057600,1619782912.0
1997-10-29,MSFT,10.148,10.248,9.873,9.93,85532800,849340704.0
1997-10-30,MSFT,9.826,9.968,9.75,9.76,72097600,703672576.0
1997-10-31,MSFT,9.94,9.978,9.835,9.864,46808800,461722003.2
1997-11-03,MSFT,9.987,10.186,9.963,10.177,67714400,689129448.8
1997-11-04,MSFT,10.167,10.238,10.106,10.186,49134400,500482998.4
1997-11-05,MSFT,10.205,10.215,10.054,10.134,42512800,430824715.2
1997-11-06,MSFT,10.11,10.129,9.997,10.02,40266400,403469328.0
1997-11-07,MSFT,9.869,10.016,9.854,9.982,63628800,635142681.6
1997-11-10,MSFT,9.987,10.054,9.845,9.878,36764800,363162694.4
1997-11-11,MSFT,9.897,9.973,9.816,9.911,37013600,366841789.6
1997-11-12,MSFT,9.873,9.94,9.788,9.802,45784000,448774768.0
1997-11-13,MSFT,9.869,9.987,9.802,9.982,60094400,599862300.8
1997-11-14,MSFT,9.987,10.158,9.968,10.115,46663200,471998268.0
1997-11-17,MSFT,10.205,10.305,10.125,10.234,60094400,615006089.6
1997-11-18,MSFT,10.238,10.281,10.148,10.167,36683200,372958094.4
1997-11-19,MSFT,10.139,10.253,10.12,10.248,31720800,325074758.4
1997-11-20,MSFT,10.262,10.404,10.234,10.385,53680800,557475108.0
1997-11-21,MSFT,10.457,10.471,10.348,10.461,68220800,713657788.8
1997-11-24,MSFT,10.404,10.48,10.281,10.281,39084000,401822604.0
1997-11-25,MSFT,10.31,10.566,10.3,10.547,56463200,595517370.4
1997-11-26,MSFT,10.547,10.765,10.49,10.741,63053600,677258717.6
1997-11-28,MSFT,10.717,10.793,10.708,10.736,17392800,186729100.8
1997-12-01,MSFT,10.77,10.926,10.746,10.912,49006400,534757836.8
1997-12-02,MSFT,10.893,10.992,10.774,10.793,50167200,541454589.6
1997-12-03,MSFT,10.751,11.007,10.698,10.978,57712000,633562336.0
1997-12-04,MSFT,10.983,11.068,10.793,10.817,62630400,677473036.8
1997-12-05,MSFT,10.784,10.983,10.784,10.86,48136000,522756960.0
1997-12-08,MSFT,10.888,11.125,10.86,11.087,49952800,553826693.6
1997-12-09,MSFT,11.002,11.03,10.888,10.95,51782400,567017280.0
1997-12-10,MSFT,10.793,10.869,10.698,10.793,66434400,717026479.2
1997-12-11,MSFT,10.651,10.698,10.537,10.551,70189600,740570469.6
1997-12-12,MSFT,10.452,10.509,10.319,10.376,54308000,563499808.0
1997-12-15,MSFT,10.352,10.395,10.091,10.329,84305600,870792542.4
1997-12-16,MSFT,10.31,10.651,10.243,10.551,65401600,690052281.6
1997-12-17,MSFT,10.613,10.651,10.281,10.291,51472000,529698352.0
1997-12-18,MSFT,10.205,10.224,9.892,9.93,98774400,980829792.0
1997-12-19,MSFT,9.769,9.878,9.579,9.764,138065600,1348072518.4
1997-12-22,MSFT,9.797,9.864,9.551,9.636,59063200,569132995.2
1997-12-23,MSFT,9.641,9.731,9.333,9.356,67195200,628678291.2
1997-12-24,MSFT,9.39,9.399,8.953,9.024,88411200,797822668.8
1997-12-26,MSFT,9.02,9.162,9.01,9.162,32388800,296746185.6
1997-12-29,MSFT,9.285,9.617,9.266,9.584,67815200,649940876.8
1997-12-30,MSFT,9.594,9.94,9.579,9.883,77864800,769537818.4
1997-12-31,MSFT,9.94,9.978,9.788,9.807,46147200,452565590.4
1998-01-02,MSFT,9.835,9.978,9.826,9.949,39748000,395452852.0
1998-01-05,MSFT,9.959,10.139,9.703,9.892,80377600,795095219.2
1998-01-06,MSFT,9.845,10.091,9.807,9.949,67834400,674884445.6
1998-01-07,MSFT,9.854,9.954,9.674,9.831,61492800,604535716.8
1998-01-08,MSFT,9.76,10.025,9.674,9.902,77619200,768585318.4
1998-01-09,MSFT,9.869,9.978,9.551,9.636,87534400,843481478.4
1998-01-12,MSFT,9.456,9.864,9.437,9.826,78393600,770295513.6
1998-01-13,MSFT,9.826,10.035,9.722,10.025,66945600,671129640.0
1998-01-14,MSFT,10.025,10.054,9.807,9.949,54774400,544950505.6
1998-01-15,MSFT,9.892,10.091,9.854,10.039,50622400,508198273.6
1998-01-16,MSFT,10.044,10.272,10.039,10.262,72943200,748543118.4
1998-01-20,MSFT,10.177,10.471,10.167,10.457,64956000,679244892.0
1998-01-21,MSFT,10.414,10.504,10.291,10.395,85567200,889471044.0
1998-01-22,MSFT,10.286,10.613,10.267,10.518,159139200,1673826105.6
1998-01-23,MSFT,10.528,10.58,10.372,10.49,63312000,664142880.0
1998-01-26,MSFT,10.613,10.765,10.505,10.755,74277600,798855588.0
1998-01-27,MSFT,10.803,11.068,10.741,11.016,97540800,1074509452.8
1998-01-28,MSFT,11.097,11.343,11.04,11.305,79387200,897472296.0
1998-01-29,MSFT,11.301,11.391,11.192,11.249,73571200,827602428.8
1998-01-30,MSFT,11.277,11.381,11.201,11.32,50071200,566805984.0
1998-02-02,MSFT,11.514,11.77,11.419,11.751,98397600,1156270197.6
1998-02-03,MSFT,11.77,11.846,11.671,11.827,61374400,725875028.8
1998-02-04,MSFT,11.827,11.988,11.765,11.898,61940800,736971638.4
1998-02-05,MSFT,11.998,12.045,11.742,11.794,67014400,790367833.6
1998-02-06,MSFT,11.789,12.007,11.77,11.998,50070400,600744659.2
1998-02-09,MSFT,12.045,12.055,11.808,11.927,54681600,652187443.2
1998-02-10,MSFT,11.931,12.102,11.894,12.083,48099200,581182633.6
1998-02-11,MSFT,12.093,12.145,11.917,12.059,76460000,922031140.0
1998-02-12,MSFT,11.993,12.059,11.87,12.045,76658400,923350428.0
1998-02-13,MSFT,12.036,12.045,11.941,11.95,42203200,504328240.0
1998-02-17,MSFT,12.026,12.026,11.675,11.713,85673600,1003494876.8
1998-02-18,MSFT,11.732,11.837,11.666,11.732,76608800,898774441.6
1998-02-19,MSFT,11.799,11.841,11.704,11.751,73773600,866913573.6
1998-02-20,MSFT,11.799,11.818,11.599,11.77,86092000,1013302840.0
1998-02-23,MSFT,12.282,12.396,12.045,12.387,120803600,1496394193.2
1998-02-24,MSFT,12.652,12.889,12.425,12.463,118302000,1474397826.0
1998-02-25,MSFT,12.662,12.899,12.605,12.889,94944400,1223738371.6
1998-02-26,MSFT,12.975,13.003,12.813,12.975,61388000,796509300.0
1998-02-27,MSFT,12.984,13.051,12.832,12.861,47532400,611314196.4
1998-03-02,MSFT,13.032,13.032,12.605,12.643,50093600,633333384.8
1998-03-03,MSFT,12.538,12.832,12.529,12.823,50753600,650813412.8
1998-03-04,MSFT,12.51,12.719,12.377,12.491,71513600,893276377.6
1998-03-05,MSFT,12.026,12.358,12.026,12.15,92255600,1120905540.0
1998-03-06,MSFT,12.188,12.557,12.178,12.557,51404800,645490073.6
1998-03-09,MSFT,12.519,12.519,12.064,12.078,52256000,631147968.0
1998-03-10,MSFT,12.32,12.368,12.131,12.368,47406400,586322355.2
1998-03-11,MSFT,12.444,12.444,12.102,12.244,39838800,487786267.2
1998-03-12,MSFT,12.519,12.538,12.263,12.425,47962000,595927850.0
1998-03-13,MSFT,12.51,12.595,12.377,12.501,32542400,406812542.4
1998-03-16,MSFT,12.51,12.557,12.349,12.444,27979600,348178142.4
1998-03-17,MSFT,12.396,12.396,12.093,12.197,53842400,656715752.8
1998-03-18,MSFT,12.15,12.415,12.121,12.406,33887600,420409565.6
1998-03-19,MSFT,12.368,12.491,12.33,12.444,30299200,377043244.8
1998-03-20,MSFT,12.463,12.595,12.216,12.415,56310000,699088650.0
1998-03-23,MSFT,12.32,12.842,12.301,12.728,55050000,700676400.0
1998-03-24,MSFT,12.776,12.908,12.662,12.889,32281600,416077542.4
1998-03-25,MSFT,13.733,13.8,13.24,13.477,124244800,1674447169.6
1998-03-26,MSFT,13.43,13.591,13.278,13.392,45441200,608548550.4
1998-03-27,MSFT,13.563,13.563,13.288,13.326,38924000,518701224.0
1998-03-30,MSFT,13.364,13.449,13.221,13.345,27463200,366496404.0
1998-03-31,MSFT,13.449,13.62,13.43,13.582,38177200,518522730.4
1998-04-01,MSFT,13.629,13.752,13.43,13.715,36835600,505200254.0
1998-04-02,MSFT,13.762,13.952,13.639,13.857,41414800,573884883.6
1998-04-03,MSFT,13.961,14.122,13.885,14.113,40987600,578457998.8
1998-04-06,MSFT,14.056,14.056,13.515,13.648,74232000,1013118336.0
1998-04-07,MSFT,13.553,13.752,13.164,13.24,62630800,829231792.0
1998-04-08,MSFT,13.164,13.506,13.145,13.496,36793200,496561027.2
1998-04-09,MSFT,13.345,13.601,13.278,13.506,33619200,454060915.2
1998-04-13,MSFT,13.477,13.506,13.164,13.449,33156400,445920423.6
1998-04-14,MSFT,13.458,13.591,13.278,13.421,28476800,382187132.8
1998-04-15,MSFT,13.544,13.866,13.487,13.866,40498400,561550814.4
1998-04-16,MSFT,13.715,13.971,13.686,13.914,39695600,552324578.4
1998-04-17,MSFT,13.885,13.999,13.705,13.98,37402800,522891144.0
1998-04-20,MSFT,14.018,14.416,13.99,14.359,45535200,653839936.8
1998-04-21,MSFT,14.369,14.416,14.132,14.397,51938400,747757144.8
1998-04-22,MSFT,14.568,15.042,14.511,15.004,80154000,1202630616.0
1998-04-23,MSFT,14.758,14.777,14.286,14.34,64215200,920845968.0
1998-04-24,MSFT,14.189,14.378,13.942,13.98,51436000,719075280.0
1998-04-27,MSFT,13.582,13.738,13.43,13.705,58752000,805196160.0
1998-04-28,MSFT,13.98,13.999,13.508,13.639,56668000,772894852.0
1998-04-29,MSFT,13.667,13.885,13.601,13.733,50061600,687495952.8
1998-04-30,MSFT,13.885,13.904,13.61,13.677,54473600,745035427.2
1998-05-01,MSFT,13.686,13.733,13.373,13.601,35996000,489581596.0
1998-05-04,MSFT,13.534,13.639,13.345,13.364,37899600,506490254.4
1998-05-05,MSFT,13.297,13.591,13.202,13.316,50828000,676825648.0
1998-05-06,MSFT,13.278,13.278,13.051,13.108,48110800,630636366.4
1998-05-07,MSFT,13.079,13.089,12.624,12.652,78022000,987134344.0
1998-05-08,MSFT,12.425,13.07,12.425,13.013,96274800,1252823972.4
1998-05-11,MSFT,13.07,13.079,12.757,12.785,51474400,658100204.0
1998-05-12,MSFT,12.633,13.013,12.633,13.003,64147200,834106041.6
1998-05-13,MSFT,13.458,13.468,13.126,13.193,80680400,1064416517.2
1998-05-14,MSFT,13.032,13.809,13.022,13.496,94774400,1279075302.4
1998-05-15,MSFT,13.677,13.686,13.468,13.572,48150800,653502657.6
1998-05-18,MSFT,12.823,13.126,12.823,13.06,80395600,1049966536.0
1998-05-19,MSFT,13.022,13.193,12.984,13.126,52234400,685628734.4
1998-05-20,MSFT,13.07,13.183,12.956,13.013,35698800,464548484.4
1998-05-21,MSFT,13.022,13.259,12.975,13.108,36680000,480801440.0
1998-05-22,MSFT,13.145,13.164,12.965,12.984,36129200,469101532.8
1998-05-26,MSFT,12.946,13.079,12.671,12.69,44473600,564369984.0
1998-05-27,MSFT,12.576,13.07,12.576,13.051,58574400,764454494.4
1998-05-28,MSFT,13.013,13.108,12.908,13.098,30746800,402721586.4
1998-05-29,MSFT,13.108,13.126,12.861,12.87,34091200,438753744.0
1998-06-01,MSFT,12.728,12.84,12.614,12.709,42436800,539329291.2
1998-06-02,MSFT,12.757,13.041,12.728,12.975,38570800,500456130.0
1998-06-03,MSFT,13.032,13.117,12.766,12.795,36010800,460758186.0
1998-06-04,MSFT,12.851,13.07,12.69,13.06,33717600,440351856.0
1998-06-05,MSFT,13.032,13.126,12.861,13.089,34431600,450675212.4
1998-06-08,MSFT,12.994,13.098,12.899,13.003,18886400,245579859.2
1998-06-09,MSFT,12.946,13.288,12.937,13.212,35690400,471541564.8
1998-06-10,MSFT,13.145,13.411,13.032,13.051,33290400,434473010.4
1998-06-11,MSFT,13.117,13.221,12.918,12.946,41271200,534296955.2
1998-06-12,MSFT,12.88,13.07,12.747,13.013,41323600,537744006.8
1998-06-15,MSFT,12.851,13.25,12.832,13.041,42846000,558754686.0
1998-06-16,MSFT,13.098,13.648,12.975,13.639,61138400,833866637.6
1998-06-17,MSFT,13.648,14.018,13.62,13.819,76147600,1052283684.4
1998-06-18,MSFT,13.781,13.923,13.715,13.838,39228400,542842599.2
1998-06-19,MSFT,14.094,14.378,14.037,14.369,91226800,1310837889.2
1998-06-22,MSFT,14.378,14.559,14.217,14.54,48969600,712017984.0
1998-06-23,MSFT,14.54,15.308,14.454,15.289,124675200,1906159132.8
1998-06-24,MSFT,15.431,15.953,15.166,15.924,105724800,1683561715.2
1998-06-25,MSFT,16.067,16.218,15.384,15.412,88969600,1371199475.2
1998-06-26,MSFT,15.517,15.877,15.479,15.849,55680400,882478659.6
1998-06-29,MSFT,16.01,16.342,15.972,16.304,65906000,1074531424.0
1998-06-30,MSFT,15.972,16.475,15.877,16.446,77010000,1266506460.0
1998-07-01,MSFT,16.56,16.712,16.266,16.598,53470400,887501699.2
1998-07-02,MSFT,16.512,16.56,16.256,16.275,27321200,444652530.0
1998-07-06,MSFT,16.218,16.399,15.991,16.361,35307600,577667643.6
1998-07-07,MSFT,16.361,16.474,16.162,16.38,32422800,531085464.0
1998-07-08,MSFT,16.408,16.712,16.199,16.674,41553600,692864726.4
1998-07-09,MSFT,16.693,16.996,16.655,16.844,43690000,735914360.0
1998-07-10,MSFT,16.863,17.186,16.674,17.176,45396800,779735436.8
1998-07-13,MSFT,17.319,17.945,17.243,17.84,69223200,1234941888.0
1998-07-14,MSFT,17.945,18.02,17.527,17.679,56972400,1007215059.6
1998-07-15,MSFT,17.603,17.907,17.546,17.812,48690000,867266280.0
1998-07-16,MSFT,17.916,18.039,17.698,17.812,65125200,1160010062.4
1998-07-17,MSFT,17.831,18.153,17.594,17.897,83108400,1487391034.8
1998-07-20,MSFT,17.935,18.134,17.726,17.755,45794800,813086674.0
1998-07-21,MSFT,17.736,18.058,17.072,17.119,74605200,1277166418.8
1998-07-22,MSFT,16.996,17.793,16.977,17.717,71654400,1269501004.8
1998-07-23,MSFT,17.651,17.831,17.148,17.148,51029600,875055580.8
1998-07-24,MSFT,17.262,17.546,17.072,17.271,60366400,1042588094.4
1998-07-27,MSFT,17.167,17.717,16.797,17.717,58998000,1045267566.0
1998-07-28,MSFT,17.603,17.736,16.996,17.034,78378400,1335097665.6
1998-07-29,MSFT,17.186,17.338,16.702,16.797,59738000,1003419186.0
1998-07-30,MSFT,16.987,17.243,16.806,17.214,72746400,1252256529.6
1998-07-31,MSFT,17.138,17.226,16.683,16.683,53705200,895963851.6
1998-08-03,MSFT,16.56,16.825,16.294,16.456,73566400,1210608678.4
1998-08-04,MSFT,16.484,16.636,15.811,15.858,91412000,1449611496.0
1998-08-05,MSFT,15.801,16.124,15.403,15.83,120208800,1902905304.0
1998-08-06,MSFT,15.744,16.228,15.725,16.218,68308000,1107819144.0
1998-08-07,MSFT,16.304,16.313,15.943,16.067,54972400,883241550.8
1998-08-10,MSFT,16.057,16.133,15.849,15.849,46763200,741149956.8
1998-08-11,MSFT,15.611,15.839,15.479,15.697,60976400,957146550.8
1998-08-12,MSFT,15.83,15.962,15.63,15.943,53760000,857095680.0
1998-08-13,MSFT,15.801,16.086,15.744,15.773,51193200,807470343.6
1998-08-14,MSFT,15.886,15.943,15.706,15.82,29566400,467740448.0
1998-08-17,MSFT,15.706,16.294,15.63,16.285,54073200,880582062.0
1998-08-18,MSFT,16.37,16.968,16.294,16.882,70591200,1191720638.4
1998-08-19,MSFT,17.034,17.11,16.731,16.778,55709600,934695668.8
1998-08-20,MSFT,16.712,17.11,16.645,17.082,49970400,853594372.8
1998-08-21,MSFT,16.863,16.977,16.503,16.787,59523600,999222673.2
1998-08-24,MSFT,16.74,16.996,16.693,16.75,26319200,440846600.0
1998-08-25,MSFT,16.901,17.252,16.863,17.119,58026800,993360789.2
1998-08-26,MSFT,16.882,17.262,16.825,17.082,44804400,765348760.8
1998-08-27,MSFT,16.778,17.11,16.465,16.579,74874000,1241336046.0
1998-08-28,MSFT,16.427,16.636,15.896,15.972,72730000,1161643560.0
1998-08-31,MSFT,15.915,16.162,14.53,14.559,132690400,1931839533.6
1998-09-01,MSFT,14.454,15.441,14.34,15.365,140112400,2152827026.0
1998-09-02,MSFT,15.45,15.82,15.213,15.26,63438400,968069984.0
1998-09-03,MSFT,14.985,15.289,14.929,15.061,67506800,1016719914.8
1998-09-04,MSFT,15.128,15.213,14.587,14.663,50890400,746205935.2
1998-09-08,MSFT,15.175,15.488,15.033,15.474,60625600,938120534.4
1998-09-09,MSFT,15.517,15.849,15.422,15.517,65480800,1016065573.6
1998-09-10,MSFT,15.175,15.346,14.976,15.289,60758000,928929062.0
1998-09-11,MSFT,15.346,15.877,15.194,15.82,58989200,933209144.0
1998-09-14,MSFT,15.924,16.247,15.915,16.086,45086800,725266264.8
1998-09-15,MSFT,16.067,16.456,15.953,16.437,49367600,811455241.2
1998-09-16,MSFT,16.37,16.465,16.105,16.418,42886800,704115482.4
1998-09-17,MSFT,15.981,16.162,15.905,15.924,45178400,719420841.6
1998-09-18,MSFT,16.048,16.124,15.83,15.991,47361600,757359345.6
1998-09-21,MSFT,15.555,16.399,15.536,16.37,45872000,750924640.0
1998-09-22,MSFT,16.456,16.674,16.199,16.569,43082000,713825658.0
1998-09-23,MSFT,16.636,17.281,16.465,17.243,65263600,1125340254.8
1998-09-24,MSFT,17.167,17.394,16.541,16.712,63521600,1061572979.2
1998-09-25,MSFT,16.56,17.167,16.484,17.157,47878400,821449708.8
1998-09-28,MSFT,17.148,17.357,16.655,16.892,41405200,699416638.4
1998-09-29,MSFT,16.968,17.3,16.901,17.129,48743200,834922272.8
1998-09-30,MSFT,17.044,17.233,16.697,16.702,38875600,649300271.2
1998-10-01,MSFT,16.399,16.617,15.782,15.792,65442400,1033466380.8
1998-10-02,MSFT,15.687,15.962,15.327,15.801,65889600,1041121569.6
1998-10-05,MSFT,15.555,15.611,14.644,15.355,114937600,1764866848.0
1998-10-06,MSFT,15.555,15.725,14.777,14.815,76550000,1134088250.0
1998-10-07,MSFT,14.777,15.137,14.17,14.284,90710400,1295707353.6
1998-10-08,MSFT,13.743,13.942,13.316,13.838,144719200,2002624289.6
1998-10-09,MSFT,14.141,14.72,13.999,14.701,72661600,1068198181.6
1998-10-12,MSFT,15.061,15.327,14.947,15.137,51502800,779597883.6
1998-10-13,MSFT,15.099,15.137,14.53,14.635,47995600,702415606.0
1998-10-14,MSFT,14.549,15.384,14.549,15.204,62403200,948778252.8
1998-10-15,MSFT,15.194,16.029,15.118,16.0,66253600,1060057600.0
1998-10-16,MSFT,16.086,16.162,15.782,15.943,68620000,1094008660.0
1998-10-19,MSFT,15.801,15.811,15.346,15.621,60177600,940034289.6
1998-10-20,MSFT,15.668,15.687,15.118,15.213,94368400,1435626469.2
1998-10-21,MSFT,15.915,16.218,15.64,16.152,125377200,2025092534.4
1998-10-22,MSFT,16.086,16.712,15.972,16.693,81910800,1367336984.4
1998-10-23,MSFT,16.541,16.693,16.114,16.143,59882000,966675126.0
1998-10-26,MSFT,16.209,16.389,16.038,16.247,59678400,969594964.8
1998-10-27,MSFT,16.351,16.37,15.934,16.0,65434800,1046956800.0
1998-10-28,MSFT,15.915,16.18,15.915,16.038,56808400,911093119.2
1998-10-29,MSFT,16.0,16.313,16.0,16.18,52402800,847877304.0
1998-10-30,MSFT,16.275,16.418,15.953,16.067,59322800,953139427.6
1998-11-02,MSFT,16.143,16.218,15.934,16.057,48388400,776972538.8
1998-11-03,MSFT,16.01,16.171,15.896,15.962,36546800,583360021.6
1998-11-04,MSFT,16.057,16.285,15.915,16.01,67459600,1080028196.0
1998-11-05,MSFT,15.981,16.332,15.972,16.143,76727200,1238607189.6
1998-11-06,MSFT,16.095,16.655,16.076,16.588,74461200,1235162385.6
1998-11-09,MSFT,16.569,16.901,16.512,16.797,68956800,1158267369.6
1998-11-10,MSFT,16.712,17.214,16.702,17.006,72075600,1225717653.6
1998-11-11,MSFT,17.214,17.413,16.825,16.854,63899200,1076957116.8
1998-11-12,MSFT,16.731,16.863,16.465,16.503,38526800,635807780.4
1998-11-13,MSFT,16.456,16.769,16.446,16.693,28368800,473560378.4
1998-11-16,MSFT,16.892,16.958,16.313,16.512,42620400,703748044.8
1998-11-17,MSFT,16.541,17.053,16.531,16.977,58744000,997296888.0
1998-11-18,MSFT,16.626,16.854,16.56,16.655,41691200,694366936.0
1998-11-19,MSFT,16.55,17.072,16.55,16.958,45220800,766854326.4
1998-11-20,MSFT,17.11,17.262,16.882,17.243,48405200,834650863.6
1998-11-23,MSFT,17.072,18.239,17.072,18.087,110870400,2005312924.8
1998-11-24,MSFT,18.011,18.978,18.001,18.466,101114800,1867185896.8
1998-11-25,MSFT,18.618,18.874,18.324,18.855,41394000,780483870.0
1998-11-27,MSFT,18.988,19.443,18.865,19.434,26335600,511806050.4
1998-11-30,MSFT,19.633,19.768,18.504,18.514,70900000,1312642600.0
1998-12-01,MSFT,18.248,19.69,18.229,19.652,86330800,1696572881.6
1998-12-02,MSFT,19.604,19.69,19.045,19.234,65759600,1264820146.4
1998-12-03,MSFT,19.253,19.566,18.514,18.533,51426800,953092884.4
1998-12-04,MSFT,18.959,19.329,18.817,19.329,44352000,857279808.0
1998-12-07,MSFT,19.377,20.297,19.234,20.268,89809200,1820252865.6
1998-12-08,MSFT,20.164,20.373,19.69,19.908,77585200,1544566161.6
1998-12-09,MSFT,20.05,20.306,19.728,20.278,44781600,908081284.8
1998-12-10,MSFT,20.202,20.43,19.936,19.965,57015600,1138316454.0
1998-12-11,MSFT,19.879,20.439,19.841,20.335,51728800,1051905148.0
1998-12-14,MSFT,20.145,20.297,19.377,19.415,64077600,1244066604.0
1998-12-15,MSFT,19.623,20.031,19.614,20.012,51719600,1035012635.2
1998-12-16,MSFT,20.107,20.505,19.595,20.297,60024000,1218307128.0
1998-12-17,MSFT,20.363,20.467,20.069,20.392,46963600,957681731.2
1998-12-18,MSFT,20.486,20.98,20.354,20.913,59648000,1247418624.0
1998-12-21,MSFT,21.037,21.577,20.904,21.312,48112000,1025362944.0
1998-12-22,MSFT,21.321,21.321,20.847,21.008,41350000,868680800.0
1998-12-23,MSFT,21.302,21.824,21.15,21.786,34940000,761202840.0
1998-12-24,MSFT,21.795,21.852,21.473,21.511,13832400,297548756.4
1998-12-28,MSFT,21.7,21.795,21.473,21.606,23636400,510688058.4
1998-12-29,MSFT,21.634,21.634,21.188,21.321,29651600,632201763.6
1998-12-30,MSFT,21.378,21.755,21.074,21.093,34942800,737048480.4
1998-12-31,MSFT,21.122,21.245,20.942,21.046,23834400,501618782.4
1999-01-04,MSFT,21.186,22.042,21.15,21.397,69305200,1482923364.4
1999-01-05,MSFT,21.53,22.459,21.463,22.232,64281600,1429108531.2
1999-01-06,MSFT,22.687,22.99,22.269,22.952,69064800,1585175289.6
1999-01-07,MSFT,22.725,22.858,22.497,22.839,51150400,1168223985.6
1999-01-08,MSFT,23.095,23.142,22.307,22.744,50244800,1142767731.2
1999-01-11,MSFT,22.895,22.905,21.89,22.383,46463200,1039985805.6
1999-01-12,MSFT,22.478,22.478,21.397,21.577,57907200,1249463654.4
1999-01-13,MSFT,20.638,22.421,20.638,21.824,75346000,1644351104.0
1999-01-14,MSFT,22.042,22.089,21.473,21.511,59214000,1273752354.0
1999-01-15,MSFT,21.691,22.763,21.454,22.725,59344000,1348592400.0
1999-01-19,MSFT,22.971,24.034,22.895,23.616,102741600,2426345625.6
1999-01-20,MSFT,25.333,25.456,24.657,24.679,125481200,3096750534.8
1999-01-21,MSFT,24.546,24.783,23.939,24.024,80077200,1923774652.8
1999-01-22,MSFT,23.616,24.316,23.559,23.711,82160000,1948095760.0
1999-01-25,MSFT,24.536,24.783,24.147,24.565,103076400,2532071766.0
1999-01-26,MSFT,25.115,26.063,24.963,26.035,120203200,3129490312.0
1999-01-27,MSFT,26.177,26.471,25.57,25.589,98048000,2508950272.0
1999-01-28,MSFT,26.063,26.414,25.769,26.405,78838400,2081727952.0
1999-01-29,MSFT,26.519,26.575,25.93,26.556,79571600,2113103409.6
1999-02-01,MSFT,26.623,26.699,25.921,26.243,81729200,2144819395.6
1999-02-02,MSFT,26.177,26.187,25.229,25.437,91965600,2339328967.2
1999-02-03,MSFT,25.248,25.779,25.191,25.314,73749200,1866887248.8
1999-02-04,MSFT,25.513,25.551,24.109,24.138,89151600,2151941320.8
1999-02-05,MSFT,24.318,24.527,23.502,24.28,127945200,3106509456.0
1999-02-08,MSFT,24.669,25.124,24.527,25.077,109866800,2755129743.6
1999-02-09,MSFT,25.029,25.305,24.242,24.29,77293600,1877461544.0
1999-02-10,MSFT,24.261,24.944,24.072,24.375,73694000,1796291250.0
1999-02-11,MSFT,24.698,24.868,24.337,24.698,60366000,1490919468.0
1999-02-12,MSFT,24.536,24.84,23.844,23.939,62930400,1506490845.6
1999-02-16,MSFT,24.242,24.261,23.455,23.711,73666800,1746713494.8
1999-02-17,MSFT,23.208,23.389,22.535,22.763,101215600,2303970702.8
1999-02-18,MSFT,22.905,22.971,21.85,22.118,117035200,2588584553.6
1999-02-19,MSFT,22.374,22.649,22.118,22.421,73085600,1638652237.6
1999-02-22,MSFT,22.497,22.611,21.966,22.582,92514400,2089160180.8
1999-02-23,MSFT,23.208,23.616,22.839,23.588,95106800,2243379198.4
1999-02-24,MSFT,23.74,24.185,23.18,23.199,67696800,1570498063.2
1999-02-25,MSFT,23.123,23.332,22.706,23.294,70817200,1649615856.8
1999-02-26,MSFT,23.123,23.142,22.687,22.782,59273200,1350362042.4
1999-03-01,MSFT,22.696,23.152,22.687,23.028,58332000,1343269296.0
1999-03-02,MSFT,23.047,23.389,22.402,22.545,58569600,1320451632.0
1999-03-03,MSFT,22.611,22.867,22.317,22.706,76798400,1743784470.4
1999-03-04,MSFT,22.933,23.294,22.478,23.104,61696400,1425433625.6
1999-03-05,MSFT,23.484,23.578,23.237,23.512,47302800,1112183433.6
1999-03-08,MSFT,23.597,24.164,23.521,24.128,46726000,1127404928.0
1999-03-09,MSFT,24.261,25.001,24.242,24.555,90129600,2213132328.0
1999-03-10,MSFT,24.631,24.66,24.157,24.489,53114800,1300728337.2
1999-03-11,MSFT,24.432,24.973,24.176,24.498,62948400,1542109903.2
1999-03-12,MSFT,24.679,24.698,23.796,24.309,73395200,1784163916.8
1999-03-15,MSFT,24.366,25.191,23.958,25.172,60609600,1525664851.2
1999-03-16,MSFT,25.115,25.798,24.925,25.655,68554000,1758752870.0
1999-03-17,MSFT,25.655,25.712,25.305,25.361,44919600,1139205975.6
1999-03-18,MSFT,25.257,26.187,25.219,26.168,56231200,1471458041.6
1999-03-19,MSFT,26.386,26.424,25.779,25.978,91980400,2389466831.2
1999-03-22,MSFT,26.243,26.547,26.101,26.225,55719200,1461236020.0
1999-03-23,MSFT,26.206,26.424,25.229,25.276,69581200,1758734411.2
1999-03-24,MSFT,25.342,26.073,24.754,25.987,82634400,2147420152.8
1999-03-25,MSFT,26.262,27.325,26.177,27.306,109447600,2988576165.6
1999-03-26,MSFT,27.154,27.372,26.67,27.031,94687600,2559500515.6
1999-03-29,MSFT,27.353,28.112,26.67,28.036,79777000,2236627972.0
1999-03-30,MSFT,28.34,28.377,27.998,28.226,67502400,1905322742.4
1999-03-31,MSFT,28.681,28.719,27.05,27.201,58752600,1598129472.6
1999-04-01,MSFT,27.695,28.188,27.396,28.131,41106000,1156352886.0
1999-04-05,MSFT,28.624,28.837,28.377,28.814,39848600,1148197560.4
1999-04-06,MSFT,28.89,29.022,28.302,28.548,39674800,1132636190.4
1999-04-07,MSFT,28.795,28.833,27.695,28.321,46910200,1328543774.2
1999-04-08,MSFT,28.302,28.719,27.619,28.7,38637000,1108881900.0
1999-04-09,MSFT,28.605,28.833,28.226,28.605,31816800,910119564.0
1999-04-12,MSFT,27.808,28.415,27.733,28.226,37858800,1068602488.8
1999-04-13,MSFT,28.264,28.264,27.069,27.353,46746800,1278665220.4
1999-04-14,MSFT,27.562,27.657,26.063,26.063,52944000,1379879472.0
1999-04-15,MSFT,26.5,27.277,25.456,26.974,72594600,1958166740.4
1999-04-16,MSFT,27.031,27.05,26.063,26.291,44774000,1177153234.0
1999-04-19,MSFT,26.367,26.746,24.394,24.584,75389000,1853363176.0
1999-04-20,MSFT,24.963,25.494,24.28,25.229,108459400,2736322202.6
1999-04-21,MSFT,24.925,25.039,24.28,24.887,92732800,2307841193.6
1999-04-22,MSFT,25.798,25.874,25.305,25.779,55096400,1420330095.6
1999-04-23,MSFT,25.798,26.405,25.191,26.101,56592000,1477107792.0
1999-04-26,MSFT,26.462,26.993,26.329,26.708,48349800,1291326458.4
1999-04-27,MSFT,26.936,26.936,25.475,25.494,58665800,1495625905.2
1999-04-28,MSFT,25.893,26.253,24.802,24.925,55963400,1394887745.0
1999-04-29,MSFT,25.001,25.399,24.403,24.906,60880600,1516292223.6
1999-04-30,MSFT,25.115,25.418,24.242,24.679,58558600,1445167689.4
1999-05-03,MSFT,24.716,24.735,23.844,24.242,67180000,1628577560.0
1999-05-04,MSFT,24.432,24.83,23.597,23.692,66502200,1575570122.4
1999-05-05,MSFT,24.015,24.242,23.199,24.015,67028200,1609682223.0
1999-05-06,MSFT,24.489,24.622,23.521,23.654,74021000,1750892734.0
1999-05-07,MSFT,24.166,24.394,23.673,23.996,48011600,1152086353.6
1999-05-10,MSFT,24.242,24.432,23.749,24.185,46218000,1117782330.0
1999-05-11,MSFT,24.508,24.588,24.109,24.242,42786200,1037223060.4
1999-05-12,MSFT,24.508,24.584,24.053,24.432,60142600,1469404003.2
1999-05-13,MSFT,24.622,24.811,24.015,24.015,51737200,1242468858.0
1999-05-14,MSFT,23.939,24.261,23.256,23.332,84401000,1969244132.0
1999-05-17,MSFT,23.484,24.147,23.37,24.015,66850200,1605407553.0
1999-05-18,MSFT,24.223,24.356,23.654,23.882,63858400,1525066308.8
1999-05-19,MSFT,24.242,24.242,23.446,24.072,46510800,1119607977.6
1999-05-20,MSFT,24.147,24.28,23.787,23.806,42386200,1009045877.2
1999-05-21,MSFT,23.825,23.977,23.37,23.54,56568800,1331629552.0
1999-05-24,MSFT,23.635,23.635,23.085,23.446,38990000,914159540.0
1999-05-25,MSFT,23.294,24.053,23.104,23.142,50791600,1175419207.2
1999-05-26,MSFT,23.427,23.825,22.914,23.825,52022800,1239443210.0
1999-05-27,MSFT,23.749,24.109,23.521,23.787,56702200,1348775231.4
1999-05-28,MSFT,23.901,24.546,23.711,24.489,41548000,1017468972.0
1999-06-01,MSFT,24.47,24.508,23.806,23.825,36046400,858805480.0
1999-06-02,MSFT,23.692,23.863,23.142,23.806,42812600,1019196755.6
1999-06-03,MSFT,23.787,23.958,23.104,23.18,32934400,763419392.0
1999-06-04,MSFT,23.351,24.185,23.294,24.147,35668200,861280025.4
1999-06-07,MSFT,24.261,24.603,24.034,24.356,32392200,788944423.2
1999-06-08,MSFT,24.242,24.925,23.977,24.091,41516400,1000171592.4
1999-06-09,MSFT,24.318,25.077,24.28,24.982,53310800,1331810405.6
1999-06-10,MSFT,24.849,24.982,23.996,24.242,35277400,855194730.8
1999-06-11,MSFT,24.28,24.432,23.54,23.711,34543000,819049073.0
1999-06-14,MSFT,23.901,24.185,23.502,23.54,28369800,667825092.0
1999-06-15,MSFT,23.692,23.939,23.275,23.578,36981000,871938018.0
1999-06-16,MSFT,23.996,24.773,23.958,24.584,48325200,1188026716.8
1999-06-17,MSFT,24.489,25.191,24.432,25.153,44475200,1118684705.6
1999-06-18,MSFT,24.982,25.798,24.925,25.798,69116200,1783059727.6
1999-06-21,MSFT,25.76,27.012,25.76,26.993,56194400,1516855439.2
1999-06-22,MSFT,26.841,26.841,26.177,26.253,38751000,1017330003.0
1999-06-23,MSFT,26.082,26.519,25.817,26.101,33942000,885920142.0
1999-06-24,MSFT,26.025,26.177,25.494,25.684,33559000,861929356.0
1999-06-25,MSFT,25.912,26.234,25.608,25.779,24933000,642747807.0
1999-06-28,MSFT,25.949,26.348,25.779,26.329,31701000,834655629.0
1999-06-29,MSFT,26.31,26.727,26.101,26.708,38973200,1040896225.6
1999-06-30,MSFT,26.632,27.391,26.329,27.372,57610200,1576906394.4
1999-07-01,MSFT,27.277,27.77,26.822,27.676,47737800,1321191352.8
1999-07-02,MSFT,27.581,27.96,27.41,27.922,32094800,896151005.6
1999-07-06,MSFT,27.998,28.207,27.088,27.182,45419400,1234590130.8
1999-07-07,MSFT,27.334,28.017,27.277,28.017,33834600,947943988.2
1999-07-08,MSFT,27.865,28.226,27.524,28.093,37790400,1061645707.2
1999-07-09,MSFT,28.036,28.321,27.998,28.302,33884200,958990628.4
1999-07-12,MSFT,28.283,28.757,28.036,28.586,43847800,1253433210.8
1999-07-13,MSFT,28.264,28.548,28.169,28.415,30845000,876460675.0
1999-07-14,MSFT,28.453,28.833,28.074,28.814,37985200,1094505552.8
1999-07-15,MSFT,28.833,28.909,28.453,28.643,40926200,1172249146.6
1999-07-16,MSFT,28.984,30.312,28.833,30.18,115369800,3481860564.0
1999-07-19,MSFT,30.35,30.578,29.686,29.857,81181600,2423839031.2
1999-07-20,MSFT,29.269,29.364,28.017,28.321,92287400,2613671455.4
1999-07-21,MSFT,28.415,28.928,28.226,28.738,54050800,1553311890.4
1999-07-22,MSFT,28.643,28.681,27.315,27.638,60904200,1683270279.6
1999-07-23,MSFT,27.789,27.846,27.22,27.391,68833200,1885410181.2
1999-07-26,MSFT,26.974,27.258,26.594,26.594,50885000,1353235690.0
1999-07-27,MSFT,26.955,27.239,26.708,26.955,65513000,1765902915.0
1999-07-28,MSFT,27.069,27.467,26.822,27.315,62215200,1699408188.0
1999-07-29,MSFT,26.917,26.955,26.196,26.386,57968200,1529548925.2
1999-07-30,MSFT,26.594,26.898,25.949,26.044,51127400,1331562005.6
1999-08-02,MSFT,26.006,26.386,25.608,25.741,48050600,1236870494.6
1999-08-03,MSFT,26.063,26.12,25.608,25.722,55051200,1416026966.4
1999-08-04,MSFT,25.836,26.462,25.722,25.779,75573400,1948206678.6
1999-08-05,MSFT,25.912,26.215,25.722,26.025,76634000,1994399850.0
1999-08-06,MSFT,26.12,26.234,25.779,25.836,67205800,1736329048.8
1999-08-09,MSFT,25.987,26.044,25.399,25.437,39333600,1000528783.2
1999-08-10,MSFT,25.361,25.513,24.773,25.172,62743000,1579366796.0
1999-08-11,MSFT,25.494,25.703,24.982,25.551,66105200,1689053965.2
1999-08-12,MSFT,25.475,25.551,24.773,24.811,61062000,1515009282.0
1999-08-13,MSFT,25.172,25.987,25.115,25.703,65099800,1673260159.4
1999-08-16,MSFT,25.817,26.068,24.982,25.589,57321800,1466807540.2
1999-08-17,MSFT,25.93,25.949,25.172,25.665,51749000,1328138085.0
1999-08-18,MSFT,25.627,26.158,25.513,25.798,58361200,1505602237.6
1999-08-19,MSFT,25.665,25.836,25.229,25.437,71478200,1818190973.4
1999-08-20,MSFT,25.494,25.731,25.21,25.305,46072800,1165872204.0
1999-08-23,MSFT,25.589,26.291,25.456,26.234,60447000,1585766598.0
1999-08-24,MSFT,26.424,28.377,26.424,27.979,120450000,3370070550.0
1999-08-25,MSFT,28.415,29.136,28.283,28.928,81877600,2368555212.8
1999-08-26,MSFT,28.947,29.25,28.434,28.719,61246000,1758923874.0
1999-08-27,MSFT,28.852,28.871,28.036,28.302,41948400,1187223616.8
1999-08-30,MSFT,28.188,28.359,27.789,27.998,33300800,932355798.4
1999-08-31,MSFT,27.865,28.264,27.353,28.093,46882800,1317078500.4
1999-09-01,MSFT,28.017,28.359,27.808,28.036,36607200,1026319459.2
1999-09-02,MSFT,27.77,28.093,27.524,27.865,33340800,929041392.0
1999-09-03,MSFT,28.453,29.269,28.377,29.098,52098000,1515947604.0
1999-09-07,MSFT,28.795,29.345,28.453,28.605,47028000,1345235940.0
1999-09-08,MSFT,28.434,28.738,27.941,27.998,42568200,1191824463.6
1999-09-09,MSFT,28.055,28.572,27.861,28.548,38475200,1098390009.6
1999-09-10,MSFT,28.852,28.928,28.529,28.833,34455000,993441015.0
1999-09-13,MSFT,28.681,28.776,28.34,28.491,27870800,794066962.8
1999-09-14,MSFT,28.434,29.003,28.415,28.852,40207800,1160075445.6
1999-09-15,MSFT,28.984,29.06,28.036,28.112,48413800,1361008745.6
1999-09-16,MSFT,28.188,28.548,27.505,28.529,45796000,1306514084.0
1999-09-17,MSFT,28.643,29.288,28.472,29.269,79773400,2334887644.6
1999-09-20,MSFT,29.136,29.705,28.833,29.61,48601800,1439099298.0
1999-09-21,MSFT,29.307,29.307,28.567,28.719,47082800,1352170933.2
1999-09-22,MSFT,28.757,29.326,28.434,29.155,48531600,1414938798.0
1999-09-23,MSFT,29.402,29.402,27.32,27.676,71073600,1967032953.6
1999-09-24,MSFT,27.372,27.733,26.974,27.6,70277000,1939645200.0
1999-09-27,MSFT,27.922,28.207,27.581,27.752,34132200,947236814.4
1999-09-28,MSFT,27.695,28.131,27.031,27.96,46000600,1286176776.0
1999-09-29,MSFT,27.789,27.96,27.05,27.163,37484400,1018188757.2
1999-09-30,MSFT,27.315,27.827,26.955,27.486,47455400,1304359124.4
1999-10-01,MSFT,27.372,27.505,26.803,27.31,44239000,1208167090.0
1999-10-04,MSFT,27.467,28.112,27.391,28.093,29998000,842733814.0
1999-10-05,MSFT,28.15,28.491,27.163,27.865,43397000,1209257405.0
1999-10-06,MSFT,28.017,28.529,27.941,28.434,35500200,1009412686.8
1999-10-07,MSFT,28.434,28.852,28.131,28.453,46036400,1309873689.2
1999-10-08,MSFT,28.377,28.89,27.96,28.814,35697000,1028573358.0
1999-10-11,MSFT,28.719,28.833,28.567,28.624,19943800,570871331.2
1999-10-12,MSFT,28.529,28.624,28.036,28.093,27668600,777293979.8
1999-10-13,MSFT,27.922,28.264,27.41,27.638,38098400,1052963579.2
1999-10-14,MSFT,27.581,27.993,27.22,27.524,42737800,1176315207.2
1999-10-15,MSFT,27.163,27.258,26.5,26.727,73788000,1972131876.0
1999-10-18,MSFT,26.462,26.708,25.817,26.67,75312800,2008592376.0
1999-10-19,MSFT,26.784,27.088,25.874,26.196,69945600,1832294937.6
1999-10-20,MSFT,27.789,28.036,27.391,27.998,88090600,2466360618.8
1999-10-21,MSFT,27.486,28.264,27.467,28.245,60801200,1717329894.0
1999-10-22,MSFT,28.396,28.491,27.846,28.131,43650600,1227935028.6
1999-10-25,MSFT,27.922,28.396,27.657,28.055,30492200,855458671.0
1999-10-26,MSFT,28.643,28.909,28.003,28.036,52467600,1470981633.6
1999-10-27,MSFT,27.77,27.808,27.22,27.581,54416600,1500864244.6
1999-10-28,MSFT,27.315,27.581,27.107,27.277,70570400,1924948800.8
1999-10-29,MSFT,27.752,28.529,27.695,28.093,79452600,2232061891.8
1999-11-01,MSFT,28.302,28.586,27.96,28.036,53261200,1493231003.2
1999-11-02,MSFT,28.15,28.681,27.903,28.093,46349000,1302082457.0
1999-11-03,MSFT,28.207,28.377,27.77,27.922,44517000,1243003674.0
1999-11-04,MSFT,28.017,28.15,27.41,27.846,54239400,1510350332.4
1999-11-05,MSFT,27.865,28.188,27.467,27.789,70167400,1949881878.6
1999-11-08,MSFT,25.741,27.543,25.608,27.296,243819200,6655288883.2
1999-11-09,MSFT,27.239,27.277,26.234,26.974,109769800,2960930585.2
1999-11-10,MSFT,26.746,27.05,26.234,26.443,69385400,1834758132.2
1999-11-11,MSFT,26.784,27.448,26.784,27.201,69274600,1884338394.6
1999-11-12,MSFT,27.239,27.315,26.424,27.069,49414200,1337592979.8
1999-11-15,MSFT,26.784,26.86,26.386,26.405,47080400,1243157962.0
1999-11-16,MSFT,26.386,26.632,26.063,26.5,59165200,1567877800.0
1999-11-17,MSFT,26.234,26.424,25.798,25.798,66819000,1723796562.0
1999-11-18,MSFT,25.779,26.044,25.646,25.779,64493200,1662570202.8
1999-11-19,MSFT,25.627,26.272,25.608,26.101,58226000,1519756826.0
1999-11-22,MSFT,27.201,27.429,26.841,27.258,90596600,2469482122.8
1999-11-23,MSFT,27.088,27.733,26.822,27.201,70787400,1925488067.4
1999-11-24,MSFT,27.182,27.998,27.163,27.827,53771000,1496285617.0
1999-11-26,MSFT,27.808,28.34,27.619,27.657,28514200,788617229.4
1999-11-29,MSFT,27.353,27.941,27.163,27.372,51460200,1408568594.4
1999-11-30,MSFT,27.239,28.188,27.182,27.633,64145600,1772535364.8
1999-12-01,MSFT,27.638,28.51,27.581,28.283,48864200,1382026168.6
1999-12-02,MSFT,28.245,28.909,28.188,28.776,55473800,1596314068.8
1999-12-03,MSFT,29.079,29.478,29.056,29.174,64100600,1870070904.4
1999-12-06,MSFT,28.909,29.497,28.757,28.966,49098200,1422178461.2
1999-12-07,MSFT,28.757,28.795,28.188,28.226,56859200,1604907779.2
1999-12-08,MSFT,28.264,28.624,27.827,27.846,40955800,1140455206.8
1999-12-09,MSFT,27.922,28.321,27.752,28.15,46258200,1302168330.0
1999-12-10,MSFT,28.34,28.567,27.998,28.491,36836000,1049494476.0
1999-12-13,MSFT,28.411,29.421,28.15,29.326,52691600,1545233861.6
1999-12-14,MSFT,29.193,30.692,28.928,29.952,144116200,4316568422.4
1999-12-15,MSFT,29.914,33.006,29.895,32.911,155571600,5120016927.6
1999-12-16,MSFT,33.158,34.903,33.063,34.504,128660200,4439291540.8
1999-12-17,MSFT,35.396,35.548,34.485,34.979,105898800,3704234125.2
1999-12-20,MSFT,34.846,34.903,33.746,34.22,39433800,1349424636.0
1999-12-21,MSFT,34.106,35.396,33.575,35.168,57446000,2020260928.0
1999-12-22,MSFT,35.296,35.813,34.941,35.681,38565200,1376044901.2
1999-12-23,MSFT,35.586,36.193,35.434,35.643,31028400,1105945261.2
1999-12-27,MSFT,35.946,36.193,35.244,36.155,32202200,1164270541.0
1999-12-28,MSFT,36.041,36.06,35.529,35.662,24591000,876964242.0
1999-12-29,MSFT,35.491,35.927,35.453,35.794,17449200,624576664.8
1999-12-30,MSFT,35.775,36.401,35.548,35.699,22360000,798229640.0
1999-12-31,MSFT,35.662,35.737,35.282,35.434,12517600,443548638.4
2000-01-03,MSFT,35.624,36.003,33.992,35.377,53228400,1883061106.8
2000-01-04,MSFT,34.467,35.548,34.068,34.182,54119000,1849895658.0
2000-01-05,MSFT,33.727,35.32,33.196,34.542,64059600,2212746703.2
2000-01-06,MSFT,34.049,34.561,32.892,33.385,54976600,1835393791.0
2000-01-07,MSFT,32.968,34.068,32.57,33.822,62013600,2097423979.2
2000-01-10,MSFT,34.429,34.504,33.803,34.068,44963600,1531819924.8
2000-01-11,MSFT,33.841,34.675,32.987,33.196,46743600,1551700545.6
2000-01-12,MSFT,32.93,33.044,31.697,32.114,66532400,2136621493.6
2000-01-13,MSFT,31.678,32.968,30.806,32.721,83144000,2720554824.0
2000-01-14,MSFT,32.532,34.58,32.095,34.068,73416400,2501149915.2
2000-01-18,MSFT,33.935,35.358,33.916,34.998,81483600,2851763032.8
2000-01-19,MSFT,33.537,33.841,32.171,32.475,97568200,3168527295.0
2000-01-20,MSFT,32.494,33.29,32.133,32.171,56349800,1812829415.8
2000-01-21,MSFT,32.475,32.551,31.337,31.488,68416200,2154289305.6
2000-01-24,MSFT,31.503,32.076,30.597,30.73,63597600,1954354248.0
2000-01-25,MSFT,30.654,31.526,30.217,31.204,59823200,1866723132.8
2000-01-26,MSFT,31.09,31.413,30.085,30.161,49365000,1488897765.0
2000-01-27,MSFT,30.317,30.711,29.516,29.971,63654800,1907798010.8
2000-01-28,MSFT,29.781,30.426,29.516,29.819,58225400,1736223202.6
2000-01-31,MSFT,29.629,29.8,28.795,29.705,73194200,2174233711.0
2000-02-01,MSFT,29.895,31.337,29.648,31.242,70196600,2193082177.2
2000-02-02,MSFT,31.09,31.545,30.502,30.597,49915600,1527267613.2
2000-02-03,MSFT,30.976,31.621,30.388,31.45,49186000,1546899700.0
2000-02-04,MSFT,31.678,32.778,31.607,32.342,55365400,1790627766.8
2000-02-07,MSFT,32.418,32.437,31.64,32.361,40005800,1294627693.8
2000-02-08,MSFT,32.304,33.385,32.304,33.366,56229000,1876136814.0
2000-02-09,MSFT,33.215,33.215,31.526,31.564,55090000,1738860760.0
2000-02-10,MSFT,31.531,32.342,31.109,32.171,54527800,1754213853.8
2000-02-11,MSFT,31.83,31.83,30.085,30.331,115559000,3505020029.0
2000-02-14,MSFT,30.725,30.881,30.066,30.236,81028600,2449980749.6
2000-02-15,MSFT,30.274,30.35,29.781,29.914,71027600,2124719626.4
2000-02-16,MSFT,30.123,30.407,29.478,29.629,65202600,1931887835.4
2000-02-17,MSFT,29.895,30.255,29.482,30.236,80343400,2429263042.4
2000-02-18,MSFT,30.35,30.369,28.795,28.852,79063000,2281125676.0
2000-02-22,MSFT,28.871,29.478,28.169,28.472,66296200,1887585406.4
2000-02-23,MSFT,28.377,29.06,27.941,28.605,75847200,2169609156.0
2000-02-24,MSFT,28.605,29.098,27.922,28.757,69733200,2005317632.4
2000-02-25,MSFT,28.738,28.743,27.467,27.714,65301400,1809762999.6
2000-02-28,MSFT,27.391,27.96,26.746,27.789,76131800,2115626590.2
2000-02-29,MSFT,27.846,27.846,26.974,27.126,58437400,1585172912.4
2000-03-01,MSFT,27.201,28.558,26.993,27.562,106889800,2946096667.6
2000-03-02,MSFT,27.865,28.947,27.657,28.34,106932600,3030469884.0
2000-03-03,MSFT,28.757,30.009,28.491,29.174,101435200,2959270524.8
2000-03-06,MSFT,29.136,29.554,27.353,27.505,93609400,2574726547.0
2000-03-07,MSFT,29.174,29.592,27.903,28.188,135061000,3807099468.0
2000-03-08,MSFT,28.472,29.193,27.619,29.003,94290000,2734692870.0
2000-03-09,MSFT,28.928,30.35,28.833,30.35,88198800,2676833580.0
2000-03-10,MSFT,30.217,31.109,30.198,30.654,85589000,2623645206.0
2000-03-13,MSFT,29.629,30.426,29.591,29.743,61831800,1839063227.4
2000-03-14,MSFT,29.933,30.123,28.871,28.871,73489200,2121706693.2
2000-03-15,MSFT,28.7,29.326,28.434,28.947,53208000,1540211976.0
2000-03-16,MSFT,29.117,29.345,28.302,28.947,77300800,2237626257.6
2000-03-17,MSFT,28.909,30.199,28.681,30.161,81161600,2447915017.6
2000-03-20,MSFT,29.971,30.274,29.288,29.554,47773000,1411883242.0
2000-03-21,MSFT,29.364,31.299,29.288,31.185,81648800,2546217828.0
2000-03-22,MSFT,31.204,32.057,30.692,31.337,93975800,2944919644.6
2000-03-23,MSFT,32.418,34.258,32.361,33.954,148224000,5032797696.0
2000-03-24,MSFT,34.182,34.903,33.253,33.897,112196800,3803134929.6
2000-03-27,MSFT,32.707,32.854,31.545,31.583,111434000,3519420022.0
2000-03-28,MSFT,31.45,32.608,31.071,31.659,81114400,2568000789.6
2000-03-29,MSFT,31.925,33.063,31.906,32.532,64363800,2093883141.6
2000-03-30,MSFT,32.228,32.968,31.109,31.375,64178400,2013597300.0
2000-03-31,MSFT,32.171,32.854,31.602,32.247,64281400,2072882305.8
2000-04-03,MSFT,28.662,29.288,27.315,27.581,260118200,7174320074.2
2000-04-04,MSFT,27.789,27.922,25.779,26.879,181244400,4871668227.6
2000-04-05,MSFT,26.784,26.86,26.063,26.215,82887600,2172898434.0
2000-04-06,MSFT,26.67,26.708,25.878,26.101,66421400,1733664961.4
2000-04-07,MSFT,26.405,27.126,25.798,27.031,82613600,2233128221.6
2000-04-10,MSFT,26.898,26.898,26.101,26.12,60685400,1585102648.0
2000-04-11,MSFT,25.836,26.12,25.342,25.456,71961800,1831859580.8
2000-04-12,MSFT,24.925,24.963,23.901,24.091,153003800,3686014545.8
2000-04-13,MSFT,24.546,24.963,23.977,24.053,94316200,2268587558.6
2000-04-14,MSFT,24.015,24.128,22.232,22.497,151217800,3401946846.6
2000-04-17,MSFT,22.535,23.066,22.156,23.028,119772200,2758114221.6
2000-04-18,MSFT,23.218,24.868,23.028,24.451,91794600,2244469764.6
2000-04-19,MSFT,24.716,24.735,23.711,23.882,53715400,1282831182.8
2000-04-20,MSFT,23.863,24.242,23.521,23.958,52387400,1255097329.2
2000-04-24,MSFT,20.411,20.638,19.728,20.221,313645800,6342231721.8
2000-04-25,MSFT,20.866,21.093,20.524,21.055,159517400,3358638857.0
2000-04-26,MSFT,21.245,21.587,20.448,20.638,107091200,2210148185.6
2000-04-27,MSFT,20.467,21.226,20.448,21.188,77669800,1645667722.4
2000-04-28,MSFT,21.473,21.549,20.714,21.169,78082600,1652930559.4
2000-05-01,MSFT,22.118,22.459,21.757,22.288,107811000,2402891568.0
2000-05-02,MSFT,22.099,22.307,21.093,21.207,97716200,2072267453.4
2000-05-03,MSFT,21.359,21.492,20.885,21.416,55354800,1185478396.8
2000-05-04,MSFT,21.34,21.625,21.037,21.378,43317200,926035101.6
2000-05-05,MSFT,21.321,21.795,21.207,21.587,36402200,785814291.4
2000-05-08,MSFT,21.53,21.662,21.15,21.188,36187600,766742868.8
2000-05-09,MSFT,21.302,21.378,20.486,20.581,60778400,1250880250.4
2000-05-10,MSFT,20.562,20.6,19.955,20.088,67740000,1360761120.0
2000-05-11,MSFT,20.221,20.676,19.955,20.6,58390800,1202850480.0
2000-05-12,MSFT,20.771,21.169,20.714,20.885,37886000,791249110.0
2000-05-15,MSFT,20.942,21.074,20.638,21.055,33899600,713756078.0
2000-05-16,MSFT,21.112,21.435,20.961,21.093,48410600,1021124785.8
2000-05-17,MSFT,20.904,20.98,20.411,20.543,53242000,1093750406.0
2000-05-18,MSFT,20.657,20.657,19.993,20.088,53640400,1077528355.2
2000-05-19,MSFT,19.841,20.012,19.576,19.747,66578000,1314715766.0
2000-05-22,MSFT,19.766,19.804,18.95,19.481,69955000,1362793355.0
2000-05-23,MSFT,19.386,19.898,19.14,19.178,57963200,1111618249.6
2000-05-24,MSFT,19.159,20.202,19.121,19.898,85482400,1700928795.2
2000-05-25,MSFT,19.595,19.652,18.552,18.665,94348800,1761020352.0
2000-05-26,MSFT,18.836,19.007,18.324,18.646,55822000,1040857012.0
2000-05-30,MSFT,18.95,19.462,18.817,19.234,68536400,1318229117.6
2000-05-31,MSFT,19.315,19.334,18.836,18.988,54968200,1043736181.6
2000-06-01,MSFT,19.538,20.031,19.367,19.595,94507200,1851868584.0
2000-06-02,MSFT,20.031,20.259,19.728,20.126,80463200,1619402363.2
2000-06-05,MSFT,20.036,20.752,20.031,20.297,64400000,1307126800.0
2000-06-06,MSFT,20.695,21.207,20.581,21.131,99019000,2092370489.0
2000-06-07,MSFT,21.018,21.473,20.373,21.397,76310600,1632817908.2
2000-06-08,MSFT,21.719,21.89,20.714,20.885,94765600,1979179556.0
2000-06-09,MSFT,21.131,21.15,20.733,20.885,35710200,745807527.0
2000-06-12,MSFT,20.942,20.942,20.145,20.297,49260600,999842398.2
2000-06-13,MSFT,20.259,20.638,20.069,20.6,44289200,912357520.0
2000-06-14,MSFT,21.188,21.549,21.093,21.397,79992400,1711597382.8
2000-06-15,MSFT,21.492,22.061,21.435,21.966,65592600,1440807051.6
2000-06-16,MSFT,22.042,22.194,21.7,22.023,68710600,1513213543.8
2000-06-19,MSFT,22.023,22.402,21.852,22.364,46604800,1042269747.2
2000-06-20,MSFT,22.421,22.839,22.383,22.744,62275000,1416382600.0
2000-06-21,MSFT,23.37,24.944,23.351,24.489,160399600,3928025804.4
2000-06-22,MSFT,24.698,24.887,24.072,24.242,87315200,2116695078.4
2000-06-23,MSFT,24.261,24.299,23.37,23.578,49811600,1174457904.8
2000-06-26,MSFT,23.521,24.318,23.521,24.128,48287000,1165068736.0
2000-06-27,MSFT,24.053,24.318,23.787,23.92,31071200,743223104.0
2000-06-28,MSFT,23.977,24.299,23.863,23.958,37459200,897447513.6
2000-06-29,MSFT,23.749,23.958,23.389,23.427,38449000,900744723.0
2000-06-30,MSFT,23.389,24.28,23.275,24.28,52356400,1271213392.0
2000-07-03,MSFT,24.185,24.299,24.091,24.28,15734800,382040944.0
2000-07-05,MSFT,24.242,24.242,23.749,23.825,34824400,829691330.0
2000-07-06,MSFT,23.939,24.792,23.825,24.565,47873200,1176005158.0
2000-07-07,MSFT,24.664,25.153,24.451,24.887,54153200,1347710688.4
2000-07-10,MSFT,24.489,24.679,24.091,24.109,52689800,1270298388.2
2000-07-11,MSFT,23.92,24.432,23.825,24.015,37164800,892512672.0
2000-07-12,MSFT,23.749,24.584,23.427,24.375,58370200,1422773625.0
2000-07-13,MSFT,23.92,24.28,23.484,24.261,80843200,1961336875.2
2000-07-14,MSFT,24.128,24.204,23.806,23.958,51180600,1226184814.8
2000-07-17,MSFT,23.749,24.147,23.521,23.73,53992800,1281249144.0
2000-07-18,MSFT,23.559,24.128,23.502,23.825,70617200,1682454790.0
2000-07-19,MSFT,23.085,23.521,22.099,22.194,139924600,3105486572.4
2000-07-20,MSFT,22.288,22.839,22.194,22.706,54690600,1241804763.6
2000-07-21,MSFT,22.687,22.763,21.814,21.947,56100600,1231239868.2
2000-07-24,MSFT,21.871,21.89,21.245,21.416,56165600,1202842489.6
2000-07-25,MSFT,21.492,21.549,20.752,20.942,64188600,1344237661.2
2000-07-26,MSFT,20.961,21.093,20.411,20.581,85404600,1757712072.6
2000-07-27,MSFT,20.6,21.283,20.486,21.055,74337600,1565178168.0
2000-07-28,MSFT,21.53,21.795,21.131,21.15,75645600,1599904440.0
2000-07-31,MSFT,21.302,21.587,21.018,21.188,70283800,1489173154.4
2000-08-01,MSFT,21.226,21.264,20.695,20.847,47163600,983219569.2
2000-08-02,MSFT,20.809,21.378,20.79,21.055,48269200,1016308006.0
2000-08-03,MSFT,20.695,21.359,20.676,21.321,54543400,1162919831.4
2000-08-04,MSFT,21.074,21.207,20.695,20.98,38107400,799493252.0
2000-08-07,MSFT,21.302,21.587,21.169,21.245,52741800,1120499541.0
2000-08-08,MSFT,21.264,22.668,21.245,22.497,138038800,3105458883.6
2000-08-09,MSFT,22.383,22.725,22.194,22.535,63945600,1441014096.0
2000-08-10,MSFT,22.402,22.478,21.776,22.042,48986000,1079749412.0
2000-08-11,MSFT,21.985,22.061,21.738,21.985,35629600,783316756.0
2000-08-14,MSFT,21.947,22.269,21.662,21.909,53427000,1170532143.0
2000-08-15,MSFT,21.852,22.156,21.7,21.738,40714200,885045279.6
2000-08-16,MSFT,21.814,21.928,21.416,21.549,44976200,969192133.8
2000-08-17,MSFT,21.587,21.852,21.416,21.719,36112800,784333903.2
2000-08-18,MSFT,21.587,21.681,21.245,21.549,54438800,1173101701.2
2000-08-21,MSFT,21.454,21.492,21.264,21.435,34119600,731353626.0
2000-08-22,MSFT,21.492,21.985,21.312,21.625,54428200,1177009825.0
2000-08-23,MSFT,21.492,21.587,21.359,21.473,36726800,788634576.4
2000-08-24,MSFT,21.435,21.606,21.226,21.587,42405400,915405369.8
2000-08-25,MSFT,21.454,21.757,21.416,21.435,52729400,1130254689.0
2000-08-28,MSFT,21.302,21.89,21.283,21.644,56421600,1221189110.4
2000-08-29,MSFT,21.606,22.08,21.511,21.53,59400200,1278886306.0
2000-08-30,MSFT,21.454,21.53,21.15,21.245,53498800,1136582006.0
2000-08-31,MSFT,21.511,21.852,21.15,21.188,72575400,1537727575.2
2000-09-01,MSFT,21.245,21.435,21.15,21.302,37629800,801589999.6
2000-09-05,MSFT,21.245,21.454,21.188,21.283,50755200,1080222921.6
2000-09-06,MSFT,21.264,21.454,21.037,21.074,62960800,1326835899.2
2000-09-07,MSFT,21.245,21.871,21.074,21.264,111711200,2375426956.8
2000-09-08,MSFT,21.359,21.511,20.999,21.037,56709600,1192999855.2
2000-09-11,MSFT,20.98,21.15,20.657,20.885,48495200,1012822252.0
2000-09-12,MSFT,20.866,21.037,20.524,20.676,46781200,967248091.2
2000-09-13,MSFT,20.505,20.866,20.392,20.714,40744800,843987787.2
2000-09-14,MSFT,20.847,20.866,19.936,19.974,78503000,1568018922.0
2000-09-15,MSFT,19.86,19.917,19.216,19.481,99915200,1946448011.2
2000-09-18,MSFT,19.5,19.614,18.874,19.121,69037800,1320071773.8
2000-09-19,MSFT,19.31,19.955,19.234,19.728,79311200,1564651353.6
2000-09-20,MSFT,19.69,19.728,19.178,19.5,67791400,1321932300.0
2000-09-21,MSFT,19.424,19.766,19.291,19.481,48952200,953637808.2
2000-09-22,MSFT,18.552,19.272,18.514,19.197,84476600,1621697290.2
2000-09-25,MSFT,19.197,19.272,18.343,18.59,53484200,994271278.0
2000-09-26,MSFT,18.495,19.993,18.343,19.026,155704800,2962439524.8
2000-09-27,MSFT,19.253,19.291,18.153,18.4,106155600,1953263040.0
2000-09-28,MSFT,18.457,18.779,18.4,18.608,52360400,974322323.2
2000-09-29,MSFT,18.514,18.609,17.793,18.305,74053600,1355551148.0
2000-10-02,MSFT,18.362,18.457,17.679,17.945,58562400,1050902268.0
2000-10-03,MSFT,18.077,18.153,17.148,17.167,85374000,1465615458.0
2000-10-04,MSFT,17.11,17.167,16.541,16.825,136453400,2295828455.0
2000-10-05,MSFT,16.844,17.376,16.769,16.806,81099400,1362956516.4
2000-10-06,MSFT,16.939,17.224,16.617,16.863,61794000,1042032222.0
2000-10-09,MSFT,16.882,16.92,16.086,16.446,58323600,959189925.6
2000-10-10,MSFT,16.37,16.863,16.332,16.56,62066200,1027816272.0
2000-10-11,MSFT,16.389,17.281,16.389,16.92,101205800,1712402136.0
2000-10-12,MSFT,17.091,17.262,16.332,16.503,90219600,1488894058.8
2000-10-13,MSFT,16.351,16.655,15.82,16.313,104521200,1705054335.6
2000-10-16,MSFT,16.237,16.332,15.042,15.289,119759000,1830995351.0
2000-10-17,MSFT,15.744,15.915,15.251,15.308,81276600,1244182192.8
2000-10-18,MSFT,15.061,16.162,14.701,15.706,110536400,1736084698.4
2000-10-19,MSFT,17.736,18.874,17.603,18.779,256993200,4826075302.8
2000-10-20,MSFT,18.608,20.069,18.552,19.785,160378600,3173090601.0
2000-10-23,MSFT,19.614,20.107,18.419,18.855,185170400,3491387892.0
2000-10-24,MSFT,19.007,19.102,18.267,18.665,94427400,1762487421.0
2000-10-25,MSFT,18.798,19.253,18.343,18.59,167603800,3115754642.0
2000-10-26,MSFT,18.514,19.747,18.457,19.557,114826600,2245663816.2
2000-10-27,MSFT,19.633,20.999,19.614,20.543,124292400,2553338773.2
2000-10-30,MSFT,20.486,21.283,20.448,20.961,110057600,2306917353.6
2000-10-31,MSFT,20.942,21.093,20.638,20.904,104474000,2183924496.0
2000-11-01,MSFT,20.79,21.264,20.771,21.131,81309400,1718148931.4
2000-11-02,MSFT,21.359,21.501,21.131,21.34,77985200,1664204168.0
2000-11-03,MSFT,21.018,21.131,20.657,20.714,68711000,1423279654.0
2000-11-06,MSFT,20.847,21.283,20.714,21.093,74851400,1578840580.2
2000-11-07,MSFT,21.169,21.814,21.093,21.397,104331200,2232374686.4
2000-11-08,MSFT,21.587,21.966,20.638,21.074,206149400,4344392455.6
2000-11-09,MSFT,20.79,21.644,20.771,21.511,91058600,1958761544.6
2000-11-10,MSFT,21.226,21.34,20.278,20.448,93744400,1916885491.2
2000-11-13,MSFT,20.24,20.676,19.547,20.164,83364800,1680967827.2
2000-11-14,MSFT,20.638,21.188,20.43,20.885,84218600,1758905461.0
2000-11-15,MSFT,20.961,21.511,20.847,21.264,60422200,1284817660.8
2000-11-16,MSFT,21.074,21.7,20.923,20.923,92128600,1927606697.8
2000-11-17,MSFT,21.074,21.245,20.577,20.961,106525600,2232883101.6
2000-11-20,MSFT,20.676,20.79,19.898,20.392,80157200,1634565622.4
2000-11-21,MSFT,20.448,21.018,20.448,20.562,59487600,1223184031.2
2000-11-22,MSFT,20.05,21.093,20.031,20.714,76343200,1581373044.8
2000-11-24,MSFT,20.942,21.378,20.79,21.226,34439200,731006459.2
2000-11-27,MSFT,21.681,21.928,21.435,21.454,85307600,1830189250.4
2000-11-28,MSFT,21.055,21.169,20.278,20.335,127446200,2591618477.0
2000-11-29,MSFT,20.278,20.373,19.197,19.747,98280400,1940743058.8
2000-11-30,MSFT,18.817,18.836,17.3,17.413,197200800,3433857530.4
2000-12-01,MSFT,17.622,18.4,17.015,17.186,109809800,1887191222.8
2000-12-04,MSFT,17.376,17.907,16.75,17.129,80407200,1377294928.8
2000-12-05,MSFT,17.964,18.362,17.679,18.172,101734400,1848717516.8
2000-12-06,MSFT,18.21,18.229,17.015,17.205,90560800,1558098564.0
2000-12-07,MSFT,16.218,16.389,15.858,16.124,145308400,2342952641.6
2000-12-08,MSFT,16.579,16.958,16.218,16.522,120939800,1998167375.6
2000-12-11,MSFT,16.844,17.831,16.693,17.622,95576200,1684243796.4
2000-12-12,MSFT,17.546,18.21,17.224,17.717,63106000,1118049002.0
2000-12-13,MSFT,18.362,18.362,17.243,17.376,98360400,1709110310.4
2000-12-14,MSFT,17.584,17.826,16.806,16.844,71201400,1199316381.6
2000-12-15,MSFT,15.493,15.782,14.492,14.929,116899800,1745197114.2
2000-12-18,MSFT,14.872,15.175,14.265,14.511,107187400,1555396361.4
2000-12-19,MSFT,14.397,14.568,13.506,13.601,120271800,1635816751.8
2000-12-20,MSFT,12.994,13.354,12.557,12.595,149037800,1877131091.0
2000-12-21,MSFT,12.368,13.696,12.235,13.183,163173000,2151109659.0
2000-12-22,MSFT,13.582,14.303,13.582,14.094,109551800,1544023069.2
2000-12-26,MSFT,14.227,14.739,13.923,14.227,66941600,952378143.2
2000-12-27,MSFT,13.999,14.208,13.658,14.094,69003800,972539557.2
2000-12-28,MSFT,13.696,14.037,13.316,13.525,77619200,1049799680.0
2000-12-29,MSFT,13.335,13.904,13.051,13.164,99977600,1316105126.4
2001-01-02,MSFT,13.392,13.658,13.013,13.164,82413200,1084887364.8
2001-01-03,MSFT,13.108,14.834,13.089,14.549,135962200,1978114047.8
2001-01-04,MSFT,14.511,15.327,14.227,14.701,112397000,1652348297.0
2001-01-05,MSFT,14.72,15.137,14.435,14.91,93414600,1392811686.0
2001-01-08,MSFT,14.853,15.099,14.17,14.853,79817600,1185530812.8
2001-01-09,MSFT,15.175,15.972,15.099,15.725,114965400,1807830915.0
2001-01-10,MSFT,15.479,16.332,15.403,16.048,90230200,1448014249.6
2001-01-11,MSFT,16.086,16.92,15.877,16.693,101854800,1700262176.4
2001-01-12,MSFT,16.655,16.693,15.934,16.237,73712000,1196861744.0
2001-01-16,MSFT,16.199,16.237,15.517,15.953,68462400,1092180667.2
2001-01-17,MSFT,16.275,16.655,15.953,16.067,72844200,1170387761.4
2001-01-18,MSFT,16.294,17.053,15.972,16.844,109788800,1849282547.2
2001-01-19,MSFT,18.21,18.646,17.869,18.514,209348800,3875883683.2
2001-01-22,MSFT,18.438,18.514,17.907,18.248,76673000,1399128904.0
2001-01-23,MSFT,18.134,18.495,17.888,18.381,70295200,1292096071.2
2001-01-24,MSFT,18.514,19.253,18.438,19.102,110455000,2109911410.0
2001-01-25,MSFT,19.045,19.424,18.684,18.76,85657400,1606932824.0
2001-01-26,MSFT,18.514,19.519,18.514,19.424,93080000,1807985920.0
2001-01-29,MSFT,19.291,19.614,19.272,19.576,84983800,1663642868.8
2001-01-30,MSFT,19.576,19.652,19.083,19.234,57276800,1101661971.2
2001-01-31,MSFT,19.121,19.348,18.514,18.533,81898800,1517830460.4
2001-02-01,MSFT,18.457,19.007,18.324,18.931,71792800,1359109496.8
2001-02-02,MSFT,18.969,19.234,18.438,18.457,71100000,1312292700.0
2001-02-05,MSFT,18.438,18.836,18.286,18.798,51399200,966202161.6
2001-02-06,MSFT,18.836,19.367,18.722,18.988,96442000,1831240696.0
2001-02-07,MSFT,18.817,19.747,18.76,19.633,126061800,2474971319.4
2001-02-08,MSFT,19.348,19.576,18.817,18.893,88041200,1663362391.6
2001-02-09,MSFT,18.608,18.684,17.755,17.945,100575200,1804821964.0
2001-02-12,MSFT,17.85,18.039,17.357,17.831,71289400,1271161291.4
2001-02-13,MSFT,18.096,18.533,17.641,17.66,76070600,1343406796.0
2001-02-14,MSFT,17.489,17.907,17.11,17.717,61728400,1093642062.8
2001-02-15,MSFT,17.907,18.267,17.565,17.85,65627800,1171456230.0
2001-02-16,MSFT,17.3,17.679,17.034,17.394,66958400,1164674409.6
2001-02-20,MSFT,17.413,17.679,16.806,16.958,60730800,1029872906.4
2001-02-21,MSFT,16.769,17.622,16.75,17.072,63947200,1091706598.4
2001-02-22,MSFT,17.091,17.243,16.351,16.75,100816400,1688674700.0
2001-02-23,MSFT,16.522,17.451,16.484,17.224,92620600,1595297214.4
2001-02-26,MSFT,17.489,18.191,17.413,18.077,87936800,1589633533.6
2001-02-27,MSFT,18.02,18.571,17.807,18.02,99148600,1786657772.0
2001-02-28,MSFT,18.077,18.234,17.66,17.907,84608400,1515082618.8
2001-03-01,MSFT,17.774,18.058,17.072,18.016,81781600,1473377305.6
2001-03-02,MSFT,17.451,17.641,17.129,17.205,79800800,1372972764.0
2001-03-05,MSFT,17.376,17.793,17.167,17.432,49383600,860854915.2
2001-03-06,MSFT,17.793,18.21,17.717,18.039,66781800,1204676890.2
2001-03-07,MSFT,18.172,18.552,18.001,18.419,59743600,1100417368.4
2001-03-08,MSFT,18.305,18.39,17.736,17.983,54626000,982339358.0
2001-03-09,MSFT,17.584,17.66,16.655,17.205,103794400,1785782652.0
2001-03-12,MSFT,16.598,16.693,15.668,15.763,114376000,1802908888.0
2001-03-13,MSFT,15.839,16.617,15.782,16.446,91035600,1497171477.6
2001-03-14,MSFT,15.934,16.769,15.839,16.389,90686200,1486256131.8
2001-03-15,MSFT,16.787,17.02,16.237,16.294,71638400,1167276089.6
2001-03-16,MSFT,15.934,16.731,15.929,16.56,112848800,1868776128.0
2001-03-19,MSFT,16.541,16.844,16.124,16.484,61036400,1006124017.6
2001-03-20,MSFT,16.56,17.034,15.972,15.991,91822800,1468338394.8
2001-03-21,MSFT,15.858,16.162,15.099,15.194,124988600,1899076788.4
2001-03-22,MSFT,15.346,16.408,15.327,16.389,126363200,2070966484.8
2001-03-23,MSFT,16.674,17.3,16.503,17.167,99519600,1708452973.2
2001-03-26,MSFT,17.338,17.451,16.863,17.015,63118600,1073962979.0
2001-03-27,MSFT,17.015,17.774,16.958,17.679,95135600,1681902272.4
2001-03-28,MSFT,17.413,17.584,16.806,16.863,78681600,1326807820.8
2001-03-29,MSFT,16.806,17.357,16.56,16.806,86985000,1461869910.0
2001-03-30,MSFT,16.92,17.053,16.351,16.598,91201600,1513764156.8
2001-04-02,MSFT,16.636,17.281,16.579,16.939,75924000,1286076636.0
2001-04-03,MSFT,16.787,16.787,16.01,16.199,94187600,1525744932.4
2001-04-04,MSFT,16.199,16.693,15.498,15.763,104046600,1640086555.8
2001-04-05,MSFT,16.313,17.413,16.237,17.224,113364000,1952581536.0
2001-04-06,MSFT,17.11,17.357,16.712,17.053,92622000,1579482966.0
2001-04-09,MSFT,17.169,17.427,16.893,17.345,56295600,976447182.0
2001-04-10,MSFT,17.588,18.237,17.536,18.113,109199400,1977928732.2
2001-04-11,MSFT,18.407,18.665,18.119,18.222,109879600,2002226071.2
2001-04-12,MSFT,18.077,18.911,18.013,18.872,87520000,1651677440.0
2001-04-16,MSFT,18.635,18.69,18.247,18.45,65857400,1215069030.0
2001-04-17,MSFT,18.368,18.851,18.222,18.659,85149200,1588798922.8
2001-04-18,MSFT,19.239,20.125,19.121,19.858,156696400,3111677111.2
2001-04-19,MSFT,19.973,20.942,19.955,20.65,159375600,3291106140.0
2001-04-20,MSFT,21.336,21.579,20.79,20.942,192919600,4040122263.2
2001-04-23,MSFT,20.672,20.781,20.304,20.714,92171200,1909234236.8
2001-04-24,MSFT,20.699,21.224,20.377,20.502,89176600,1828298653.2
2001-04-25,MSFT,20.508,21.181,20.411,21.151,76744000,1623212344.0
2001-04-26,MSFT,21.266,21.549,20.714,20.981,118737600,2491233585.6
2001-04-27,MSFT,21.103,21.148,20.095,20.371,121572400,2476551360.4
2001-04-30,MSFT,20.799,20.96,20.541,20.562,74368200,1529158928.4
2001-05-01,MSFT,20.535,21.336,20.517,21.297,83702800,1782618531.6
2001-05-02,MSFT,21.549,21.594,21.048,21.172,92864400,1966125076.8
2001-05-03,MSFT,21.018,21.3,20.681,20.799,66273400,1378420446.6
2001-05-04,MSFT,20.638,21.564,20.626,21.473,119538400,2566848063.2
2001-05-07,MSFT,21.497,21.898,21.458,21.664,109356200,2369092716.8
2001-05-08,MSFT,21.776,21.883,21.473,21.87,75084000,1642087080.0
2001-05-09,MSFT,21.622,21.64,21.203,21.367,76676600,1638348912.2
2001-05-10,MSFT,21.588,21.622,21.233,21.245,64334600,1366788577.0
2001-05-11,MSFT,21.233,21.245,20.835,21.063,51128800,1076925914.4
2001-05-14,MSFT,20.981,21.002,20.729,20.857,44968000,937897576.0
2001-05-15,MSFT,20.863,21.033,20.638,20.72,61385600,1271909632.0
2001-05-16,MSFT,20.547,21.209,20.435,20.99,91893800,1928850862.0
2001-05-17,MSFT,20.972,21.288,20.502,20.69,106984800,2213515512.0
2001-05-18,MSFT,20.544,21.002,20.411,20.665,90605400,1872360591.0
2001-05-21,MSFT,20.653,21.242,20.562,20.878,103491600,2160697624.8
2001-05-22,MSFT,21.078,21.351,20.996,21.339,83455600,1780859048.4
2001-05-23,MSFT,21.364,21.731,21.096,21.154,93637400,1980805559.6
2001-05-24,MSFT,21.227,21.785,21.024,21.767,80781600,1758373087.2
2001-05-25,MSFT,21.749,21.822,21.354,21.521,52747600,1135181099.6
2001-05-29,MSFT,21.488,21.776,21.26,21.348,71210800,1520208158.4
2001-05-30,MSFT,21.112,21.421,20.835,20.999,86501800,1816451298.2
2001-05-31,MSFT,21.09,21.36,20.76,20.996,70682600,1484051869.6
2001-06-01,MSFT,21.124,21.458,20.851,21.348,57587600,1229380084.8
2001-06-04,MSFT,21.412,21.555,21.184,21.482,43736600,939549641.2
2001-06-05,MSFT,21.476,22.18,21.397,22.034,89454200,1971033842.8
2001-06-06,MSFT,22.122,22.301,21.716,21.961,80022800,1757380710.8
2001-06-07,MSFT,21.889,22.377,21.876,22.362,66960000,1497359520.0
2001-06-08,MSFT,22.368,22.383,21.867,22.213,51867000,1152121671.0
2001-06-11,MSFT,22.11,22.11,21.703,21.889,47345600,1036347838.4
2001-06-12,MSFT,21.555,21.977,21.491,21.876,66714600,1459448589.6
2001-06-13,MSFT,21.867,21.943,21.439,21.455,55302400,1186512992.0
2001-06-14,MSFT,21.312,21.412,20.76,20.911,71972400,1505014856.4
2001-06-15,MSFT,20.489,20.729,20.153,20.644,108354400,2236868233.6
2001-06-18,MSFT,20.623,20.626,20.034,20.298,56846800,1153876346.4
2001-06-19,MSFT,20.702,20.896,20.289,20.432,63457400,1296561596.8
2001-06-20,MSFT,20.377,21.121,20.365,21.066,64108400,1350507554.4
2001-06-21,MSFT,20.987,21.412,20.917,21.197,69603800,1475391748.6
2001-06-22,MSFT,21.245,21.43,20.814,20.89,51092000,1067311880.0
2001-06-25,MSFT,20.972,21.188,20.568,20.896,49215600,1028409177.6
2001-06-26,MSFT,20.584,21.309,20.547,21.288,63077000,1342783176.0
2001-06-27,MSFT,21.203,21.71,21.051,21.591,69199800,1494092881.8
2001-06-28,MSFT,21.716,23.112,21.406,22.077,128975600,2847394321.2
2001-06-29,MSFT,22.034,22.28,21.67,22.156,94283800,2088951872.8
2001-07-02,MSFT,21.867,22.201,21.291,21.427,72810200,1560104155.4
2001-07-03,MSFT,21.336,21.488,21.224,21.388,28037400,599663911.2
2001-07-05,MSFT,21.312,21.464,20.772,20.793,49242600,1023901381.8
2001-07-06,MSFT,20.729,20.76,19.931,20.049,67467800,1352661922.2
2001-07-09,MSFT,20.092,20.307,19.74,19.937,66476600,1325343974.2
2001-07-10,MSFT,20.001,20.107,19.53,19.57,66562600,1302630082.0
2001-07-11,MSFT,19.488,20.259,19.485,20.183,73822600,1489961535.8
2001-07-12,MSFT,21.458,21.867,21.345,21.731,128078000,2783263018.0
2001-07-13,MSFT,21.67,21.852,21.53,21.652,58934600,1276051959.2
2001-07-16,MSFT,21.685,21.901,21.291,21.603,55990800,1209569252.4
2001-07-17,MSFT,21.445,21.855,21.288,21.798,63241000,1378527318.0
2001-07-18,MSFT,21.427,21.7,21.206,21.418,57590800,1233479754.4
2001-07-19,MSFT,21.615,22.156,21.615,22.025,76549400,1686000535.0
2001-07-20,MSFT,20.647,21.063,20.62,20.996,124203600,2607778785.6
2001-07-23,MSFT,21.015,21.015,20.137,20.362,79999400,1628947782.8
2001-07-24,MSFT,20.335,20.635,19.94,20.128,67530200,1359247865.6
2001-07-25,MSFT,20.11,20.492,19.913,20.48,74065400,1516859392.0
2001-07-26,MSFT,20.371,20.432,19.879,20.21,77974000,1575854540.0
2001-07-27,MSFT,20.046,20.107,19.743,19.87,65396000,1299418520.0
2001-07-30,MSFT,19.925,20.298,19.892,19.97,42196400,842662108.0
2001-07-31,MSFT,20.034,20.453,19.986,20.089,59031600,1185885812.4
2001-08-01,MSFT,20.274,20.277,19.958,20.174,55679000,1123268146.0
2001-08-02,MSFT,20.398,20.499,20.11,20.471,54198400,1109495446.4
2001-08-03,MSFT,20.426,20.444,20.031,20.301,43260400,878229380.4
2001-08-06,MSFT,20.192,20.371,19.934,20.071,27831600,558608043.6
2001-08-07,MSFT,20.043,20.35,20.028,20.137,31347800,631250648.6
2001-08-08,MSFT,20.186,20.408,19.573,19.685,54996400,1082604134.0
2001-08-09,MSFT,19.722,19.895,19.515,19.731,45536200,898474762.2
2001-08-10,MSFT,19.658,19.989,19.09,19.885,51756400,1029176014.0
2001-08-13,MSFT,19.801,20.028,19.652,19.98,32675400,652854492.0
2001-08-14,MSFT,19.955,20.058,19.561,19.634,36481200,716271880.8
2001-08-15,MSFT,19.64,19.743,19.181,19.181,39503000,757707043.0
2001-08-16,MSFT,19.072,19.64,19.03,19.612,43905600,861076627.2
2001-08-17,MSFT,19.357,19.464,18.665,18.781,52234200,981010510.2
2001-08-20,MSFT,18.714,19.045,18.544,19.03,48371200,920503936.0
2001-08-21,MSFT,19.03,19.181,18.426,18.447,47111800,869071374.6
2001-08-22,MSFT,18.553,18.559,17.931,18.41,78107200,1437953552.0
2001-08-23,MSFT,18.413,18.675,17.907,17.943,51813200,929684247.6
2001-08-24,MSFT,18.089,18.902,17.976,18.832,63399000,1193929968.0
2001-08-27,MSFT,18.787,19.23,18.687,18.911,44562800,842727110.8
2001-08-28,MSFT,18.92,19.105,18.386,18.435,47422800,874239318.0
2001-08-29,MSFT,18.529,18.605,18.071,18.286,48170000,880836620.0
2001-08-30,MSFT,17.919,18.107,17.154,17.281,97632000,1687178592.0
2001-08-31,MSFT,17.254,17.621,17.087,17.315,57900800,1002552352.0
2001-09-04,MSFT,17.357,17.931,17.017,17.026,67189200,1143963319.2
2001-09-05,MSFT,17.051,17.722,16.811,17.524,89470600,1567882794.4
2001-09-06,MSFT,17.166,17.722,16.966,17.002,112356800,1910290313.6
2001-09-07,MSFT,17.03,17.409,16.787,16.814,89863800,1510969933.2
2001-09-10,MSFT,16.668,17.588,16.602,17.476,84471800,1476229176.8
2001-09-17,MSFT,16.395,16.723,16.025,16.058,127502000,2047427116.0
2001-09-18,MSFT,16.21,16.693,16.137,16.486,83182600,1371348343.6
2001-09-19,MSFT,16.529,16.602,15.357,16.35,126950200,2075635770.0
2001-09-20,MSFT,15.888,15.967,15.378,15.406,117983200,1817649179.2
2001-09-21,MSFT,14.544,15.357,14.416,15.087,184976600,2790741964.2
2001-09-24,MSFT,15.372,15.919,15.136,15.785,85580200,1350883457.0
2001-09-25,MSFT,15.864,16.086,15.224,15.57,84940600,1322525142.0
2001-09-26,MSFT,15.633,15.721,15.039,15.257,58524400,892906770.8
2001-09-27,MSFT,15.205,15.382,14.568,15.163,81191200,1231102165.6
2001-09-28,MSFT,15.06,15.658,14.866,15.53,116641200,1811437836.0
2001-10-01,MSFT,15.46,15.934,15.3,15.718,69999600,1100253712.8
2001-10-02,MSFT,15.67,16.253,15.649,16.101,80860800,1301939740.8
2001-10-03,MSFT,15.928,17.278,15.904,17.066,97199200,1658801547.2
2001-10-04,MSFT,17.275,17.725,17.06,17.13,101778000,1743457140.0
2001-10-05,MSFT,17.045,17.603,16.674,17.518,80844400,1416232199.2
2001-10-08,MSFT,17.239,17.8,17.221,17.615,60605800,1067571167.0
2001-10-09,MSFT,17.451,17.473,16.447,16.559,99477600,1647249578.4
2001-10-10,MSFT,16.268,16.92,16.086,16.847,86349200,1454724972.4
2001-10-11,MSFT,16.923,17.251,16.568,17.093,83742600,1431412261.8
2001-10-12,MSFT,16.905,17.19,16.556,17.111,63307000,1083246077.0
2001-10-15,MSFT,16.966,17.755,16.951,17.621,68437000,1205928377.0
2001-10-16,MSFT,17.564,17.879,17.363,17.74,66169000,1173838060.0
2001-10-17,MSFT,17.943,17.998,16.99,17.005,73710600,1253448753.0
2001-10-18,MSFT,17.099,17.476,16.844,17.224,78348000,1349465952.0
2001-10-19,MSFT,17.421,17.606,16.884,17.573,91219600,1603002030.8
2001-10-22,MSFT,17.573,18.265,17.442,18.259,72323600,1320556612.4
2001-10-23,MSFT,18.353,18.647,18.028,18.341,80325000,1473240825.0
2001-10-24,MSFT,18.362,18.702,18.095,18.611,79141400,1472900595.4
2001-10-25,MSFT,18.395,18.999,18.08,18.987,75318200,1430066663.4
2001-10-26,MSFT,18.914,19.312,18.841,18.878,64509400,1217808453.2
2001-10-29,MSFT,18.848,18.878,18.071,18.101,55129400,997897269.4
2001-10-30,MSFT,17.882,18.071,17.661,17.87,57395600,1025659372.0
2001-10-31,MSFT,17.998,18.432,17.633,17.649,64700000,1141890300.0
2001-11-01,MSFT,18.234,18.893,18.089,18.769,109671200,2058418752.8
2001-11-02,MSFT,18.796,19.127,18.365,18.635,83360000,1553413600.0
2001-11-05,MSFT,18.775,19.433,18.741,19.203,66401600,1275109924.8
2001-11-06,MSFT,19.03,19.709,18.866,19.661,68612000,1348980532.0
2001-11-07,MSFT,19.491,19.743,19.433,19.5,58899000,1148530500.0
2001-11-08,MSFT,19.564,20.049,19.321,19.552,74227800,1451301945.6
2001-11-09,MSFT,19.527,19.925,19.397,19.791,48013600,950237157.6
2001-11-12,MSFT,19.637,20.165,19.318,19.967,57752800,1153150157.6
2001-11-13,MSFT,20.274,20.623,20.213,20.608,60159600,1239769036.8
2001-11-14,MSFT,20.708,20.741,19.967,20.016,88625600,1773930009.6
2001-11-15,MSFT,20.062,20.35,19.864,20.068,77922000,1563738696.0
2001-11-16,MSFT,20.14,20.216,19.712,19.955,59249000,1182313795.0
2001-11-19,MSFT,20.107,20.326,19.94,20.195,56005000,1131020975.0
2001-11-20,MSFT,20.168,20.577,19.737,19.849,65921800,1308481808.2
2001-11-21,MSFT,19.533,19.606,19.266,19.439,50785200,987213502.8
2001-11-23,MSFT,19.539,19.67,19.309,19.64,15754600,309420344.0
2001-11-26,MSFT,19.725,19.943,19.546,19.77,41983600,830015772.0
2001-11-27,MSFT,19.664,19.749,19.045,19.345,90819000,1756893555.0
2001-11-28,MSFT,19.172,19.461,19.039,19.06,54536600,1039467596.0
2001-11-29,MSFT,19.157,19.697,19.105,19.679,54034400,1063342957.6
2001-11-30,MSFT,19.624,19.752,19.403,19.488,48234200,939988089.6
2001-12-03,MSFT,19.373,19.797,19.363,19.658,47211800,928089564.4
2001-12-04,MSFT,19.728,20.055,19.455,20.031,51005800,1021697179.8
2001-12-05,MSFT,20.18,20.69,19.788,20.669,74243000,1534528567.0
2001-12-06,MSFT,20.632,20.942,20.502,20.835,56026200,1167305877.0
2001-12-07,MSFT,20.714,20.893,20.198,20.587,42334800,871546527.6
2001-12-10,MSFT,20.492,20.775,20.292,20.353,38367400,780891692.2
2001-12-11,MSFT,20.535,20.678,20.356,20.432,54334000,1110152288.0
2001-12-12,MSFT,20.383,20.632,20.107,20.623,47884200,987515856.6
2001-12-13,MSFT,20.374,20.711,20.052,20.113,53227800,1070570741.4
2001-12-14,MSFT,20.037,20.623,20.01,20.468,43000600,880136280.8
2001-12-17,MSFT,20.386,20.975,20.383,20.936,57079800,1195022692.8
2001-12-18,MSFT,20.917,21.063,20.82,21.024,47255200,993493324.8
2001-12-19,MSFT,20.826,21.212,20.775,21.09,56996200,1202049858.0
2001-12-20,MSFT,20.987,21.018,20.219,20.262,78585000,1592289270.0
2001-12-21,MSFT,20.641,20.644,20.335,20.499,84307600,1728221492.4
2001-12-24,MSFT,20.553,20.647,20.395,20.417,11701600,238911567.2
2001-12-26,MSFT,20.462,20.963,20.453,20.541,29328000,602426448.0
2001-12-27,MSFT,20.632,20.854,20.414,20.593,32406600,667349113.8
2001-12-28,MSFT,20.708,20.896,20.547,20.599,28787200,592987532.8
2001-12-31,MSFT,20.59,20.784,20.107,20.107,43006200,864725663.4
2002-01-02,MSFT,20.228,20.368,19.882,20.347,48124000,979179028.0
2002-01-03,MSFT,20.368,21.018,20.362,21.011,67590800,1420150298.8
2002-01-04,MSFT,21.018,21.218,20.842,20.911,52731400,1102666305.4
2002-01-07,MSFT,21.169,21.251,20.744,20.808,58508800,1217451110.4
2002-01-08,MSFT,20.848,21.203,20.638,21.057,47736400,1005185374.8
2002-01-09,MSFT,21.16,21.433,20.805,20.854,76304000,1591243616.0
2002-01-10,MSFT,20.784,21.184,20.678,21.027,50296600,1057586608.2
2002-01-11,MSFT,21.099,21.342,20.669,20.823,72993200,1519937403.6
2002-01-14,MSFT,20.729,20.954,20.559,20.781,50997800,1059785281.8
2002-01-15,MSFT,20.838,21.13,20.79,21.109,60717400,1281683596.6
2002-01-16,MSFT,20.896,21.197,20.593,20.599,61955400,1276219284.6
2002-01-17,MSFT,20.799,21.245,20.76,21.203,78958000,1674146474.0
2002-01-18,MSFT,20.365,20.593,19.855,20.062,107140400,2149450704.8
2002-01-22,MSFT,20.216,20.222,19.5,19.564,76837200,1503242980.8
2002-01-23,MSFT,19.439,19.64,19.193,19.345,80403000,1555396035.0
2002-01-24,MSFT,19.455,19.782,19.363,19.606,83886000,1644668916.0
2002-01-25,MSFT,19.482,19.682,19.275,19.363,48981200,948422975.6
2002-01-28,MSFT,19.494,19.546,19.093,19.37,41622000,806218140.0
2002-01-29,MSFT,19.394,19.576,18.814,18.914,58666000,1109608724.0
2002-01-30,MSFT,18.954,19.09,18.614,19.075,66100000,1260857500.0
2002-01-31,MSFT,19.139,19.366,18.854,19.336,69566200,1345132043.2
2002-02-01,MSFT,19.47,19.576,18.96,19.017,63462200,1206860657.4
2002-02-04,MSFT,18.939,19.027,18.438,18.55,70308400,1304220820.0
2002-02-05,MSFT,18.453,18.887,18.362,18.559,66772600,1239232683.4
2002-02-06,MSFT,18.699,18.784,18.286,18.332,66103000,1211800196.0
2002-02-07,MSFT,18.301,18.699,18.134,18.149,63314000,1149085786.0
2002-02-08,MSFT,18.247,18.41,17.855,18.407,61283000,1128036181.0
2002-02-11,MSFT,18.213,18.586,18.086,18.553,50899600,944340278.8
2002-02-12,MSFT,18.359,18.468,18.216,18.253,44973800,820906771.4
2002-02-13,MSFT,18.289,18.781,18.195,18.763,54168600,1016365441.8
2002-02-14,MSFT,18.817,19.118,18.611,18.72,57267000,1072038240.0
2002-02-15,MSFT,18.726,18.835,18.271,18.28,50179800,917286744.0
2002-02-19,MSFT,18.183,18.253,17.785,17.885,52262600,934716601.0
2002-02-20,MSFT,18.028,18.319,17.846,18.18,50492000,917944560.0
2002-02-21,MSFT,18.125,18.292,17.606,17.618,59398400,1046481011.2
2002-02-22,MSFT,17.618,17.831,17.345,17.6,71347800,1255721280.0
2002-02-25,MSFT,17.585,18.177,17.57,17.931,51832200,929403178.2
2002-02-26,MSFT,17.937,18.21,17.573,17.77,63276200,1124418074.0
2002-02-27,MSFT,17.928,18.256,17.6,17.722,65750000,1165221500.0
2002-02-28,MSFT,17.84,18.119,17.646,17.706,68068000,1205212008.0
2002-03-01,MSFT,17.922,18.641,17.861,18.626,62115600,1156965165.6
2002-03-04,MSFT,18.586,19.272,18.474,19.212,74464200,1430606210.4
2002-03-05,MSFT,19.121,19.388,18.92,19.145,55926400,1070710928.0
2002-03-06,MSFT,19.093,19.333,18.875,19.312,49835400,962421244.8
2002-03-07,MSFT,19.324,19.388,18.775,19.036,58079200,1105595651.2
2002-03-08,MSFT,19.312,19.637,19.172,19.409,57701800,1119934236.2
2002-03-11,MSFT,19.275,19.728,19.121,19.527,43718200,853685291.4
2002-03-12,MSFT,18.975,19.06,18.717,18.981,66407200,1260475063.2
2002-03-13,MSFT,18.841,19.127,18.802,18.848,44387400,836613715.2
2002-03-14,MSFT,18.86,18.89,18.529,18.58,51819600,962808168.0
2002-03-15,MSFT,18.514,18.972,18.505,18.966,69086800,1310300248.8
2002-03-18,MSFT,19.042,19.118,18.574,18.86,52296800,986317648.0
2002-03-19,MSFT,18.872,19.121,18.665,18.887,36376400,687041066.8
2002-03-20,MSFT,18.635,18.823,18.241,18.241,55235200,1007545283.2
2002-03-21,MSFT,18.274,18.693,18.159,18.623,46123400,858956078.2
2002-03-22,MSFT,18.529,18.556,18.277,18.347,41341400,758490665.8
2002-03-25,MSFT,18.356,18.447,17.952,17.976,47752400,858397142.4
2002-03-26,MSFT,17.937,18.489,17.697,17.931,69357200,1243643953.2
2002-03-27,MSFT,17.846,18.174,17.782,18.04,47318400,853623936.0
2002-03-28,MSFT,18.195,18.407,18.107,18.304,43901200,803567564.8
2002-04-01,MSFT,18.159,18.332,17.967,18.325,47010000,861458250.0
2002-04-02,MSFT,17.876,17.934,17.333,17.385,76509400,1330115919.0
2002-04-03,MSFT,17.433,17.485,16.844,17.096,76931400,1315219214.4
2002-04-04,MSFT,16.99,17.291,16.82,17.133,61763800,1058199185.4
2002-04-05,MSFT,17.266,17.391,16.948,16.957,50166000,850664862.0
2002-04-08,MSFT,16.48,17.394,16.468,17.366,73389600,1274483793.6
2002-04-09,MSFT,17.4,17.43,16.632,16.653,63413000,1056016689.0
2002-04-10,MSFT,16.729,17.333,16.711,17.087,75636400,1292399166.8
2002-04-11,MSFT,16.963,17.133,16.541,16.629,58165800,967239088.2
2002-04-12,MSFT,16.738,17.075,16.65,16.975,52297600,887751760.0
2002-04-15,MSFT,16.996,17.224,16.814,16.902,47388800,800965497.6
2002-04-16,MSFT,17.118,17.634,17.105,17.545,51921600,910964472.0
2002-04-17,MSFT,17.588,17.688,17.124,17.187,55158600,948010858.2
2002-04-18,MSFT,17.236,17.394,15.989,17.108,74794800,1279589438.4
2002-04-19,MSFT,17.433,17.597,17.257,17.36,104268600,1810102896.0
2002-04-22,MSFT,17.154,17.209,16.693,16.872,51465200,868320854.4
2002-04-23,MSFT,16.905,16.942,16.177,16.386,68281400,1118859020.4
2002-04-24,MSFT,16.344,16.52,16.086,16.092,61220400,985158676.8
2002-04-25,MSFT,16.055,16.526,16.049,16.307,57290400,934234552.8
2002-04-26,MSFT,16.41,16.526,15.618,15.63,62776600,981198258.0
2002-04-29,MSFT,15.621,16.058,15.612,15.855,70246000,1113750330.0
2002-04-30,MSFT,15.812,16.177,15.758,15.861,77384000,1227387624.0
2002-05-01,MSFT,15.831,16.143,15.375,16.01,76413000,1223372130.0
2002-05-02,MSFT,15.976,16.41,15.524,15.542,79009200,1227960986.4
2002-05-03,MSFT,15.558,15.685,15.026,15.042,71628000,1077428376.0
2002-05-06,MSFT,15.005,15.339,14.68,14.756,66299400,978313946.4
2002-05-07,MSFT,14.926,15.263,14.674,15.014,88385400,1327018395.6
2002-05-08,MSFT,15.561,16.684,15.545,16.684,101242000,1689121528.0
2002-05-09,MSFT,16.511,16.693,15.752,15.819,83288200,1317536035.8
2002-05-10,MSFT,15.943,15.985,15.172,15.19,64408800,978369672.0
2002-05-13,MSFT,15.312,16.058,15.099,15.992,64819000,1036585448.0
2002-05-14,MSFT,16.511,16.723,16.383,16.656,64832400,1079848454.4
2002-05-15,MSFT,16.538,17.13,16.347,16.617,70412000,1170036204.0
2002-05-16,MSFT,16.605,17.005,16.586,16.917,53406400,903476068.8
2002-05-17,MSFT,17.06,17.118,16.775,17.005,54646200,929258631.0
2002-05-20,MSFT,16.844,16.86,16.237,16.392,52115800,854282193.6
2002-05-21,MSFT,16.374,16.571,15.822,15.84,63120000,999820800.0
2002-05-22,MSFT,15.743,16.304,15.737,16.295,54169400,882690373.0
2002-05-23,MSFT,16.298,16.644,16.089,16.638,51412800,855406166.4
2002-05-24,MSFT,16.432,16.547,16.098,16.165,35982000,581649030.0
2002-05-28,MSFT,16.265,16.295,15.706,15.879,49602000,787630158.0
2002-05-29,MSFT,15.676,16.001,15.646,15.797,45393200,717076380.4
2002-05-30,MSFT,15.673,16.195,15.609,15.976,63213000,1009890888.0
2002-05-31,MSFT,16.055,16.213,15.442,15.451,66468000,1026997068.0
2002-06-03,MSFT,15.476,15.673,14.923,14.999,88439000,1326496561.0
2002-06-04,MSFT,15.023,15.548,14.944,15.169,88008400,1334999419.6
2002-06-05,MSFT,15.306,15.706,15.275,15.679,66969400,1050013222.6
2002-06-06,MSFT,15.63,15.825,15.175,15.752,78703400,1239735956.8
2002-06-07,MSFT,15.142,15.964,15.133,15.776,97834400,1543435494.4
2002-06-10,MSFT,15.676,16.177,15.618,16.031,71825400,1151432987.4
2002-06-11,MSFT,16.158,16.444,15.91,15.955,74368200,1186544631.0
2002-06-12,MSFT,15.958,16.929,15.934,16.857,136198600,2295899800.2
2002-06-13,MSFT,16.644,16.838,16.45,16.456,79771600,1312721449.6
2002-06-14,MSFT,16.131,16.86,16.086,16.769,109433600,1835092038.4
2002-06-17,MSFT,16.893,17.13,16.805,16.899,94486600,1596729053.4
2002-06-18,MSFT,16.853,17.084,16.799,16.993,77518400,1317270171.2
2002-06-19,MSFT,16.835,16.978,16.486,16.498,81247000,1340413006.0
2002-06-20,MSFT,16.501,16.723,16.359,16.419,86401200,1418621302.8
2002-06-21,MSFT,16.207,16.556,15.867,15.867,116820000,1853582940.0
2002-06-24,MSFT,15.809,16.583,15.737,16.438,104523200,1718152361.6
2002-06-25,MSFT,16.602,16.693,16.025,16.07,84025200,1350284964.0
2002-06-26,MSFT,15.494,16.508,15.494,16.429,112131400,1842206770.6
2002-06-27,MSFT,16.571,16.674,16.043,16.668,95812400,1597001083.2
2002-06-28,MSFT,16.556,16.932,16.389,16.602,89555600,1486802071.2
2002-07-01,MSFT,16.426,16.508,15.958,15.982,66473800,1062384271.6
2002-07-02,MSFT,15.897,16.061,15.579,15.612,82814200,1292895290.4
2002-07-03,MSFT,15.551,15.94,15.312,15.734,80936600,1273456464.4
2002-07-05,MSFT,16.113,16.662,16.101,16.647,35673600,593858419.2
2002-07-08,MSFT,16.514,16.671,15.958,16.061,63199400,1015045563.4
2002-07-09,MSFT,16.18,16.611,16.077,16.149,85277200,1377141502.8
2002-07-10,MSFT,16.295,16.45,15.822,15.855,90673400,1437626757.0
2002-07-11,MSFT,15.794,16.107,15.555,16.058,129550600,2080323534.8
2002-07-12,MSFT,16.198,16.307,15.624,15.74,95733800,1506850012.0
2002-07-15,MSFT,15.597,15.74,14.568,15.721,136965600,2153236197.6
2002-07-16,MSFT,15.573,16.025,15.369,15.554,97154600,1511142648.4
2002-07-17,MSFT,15.94,16.177,15.53,15.782,98034800,1547185213.6
2002-07-18,MSFT,15.8,16.007,15.375,15.512,91053600,1412423443.2
2002-07-19,MSFT,15.136,15.445,14.814,15.042,112543400,1692877822.8
2002-07-22,MSFT,14.856,15.172,13.931,14.419,180069800,2596426446.2
2002-07-23,MSFT,14.11,14.204,13.042,13.054,168061600,2193876126.4
2002-07-24,MSFT,12.671,14.07,12.568,14.031,202307800,2838580741.8
2002-07-25,MSFT,13.794,13.873,12.881,12.999,163411400,2124184788.6
2002-07-26,MSFT,13.275,13.782,13.257,13.764,123538000,1700377032.0
2002-07-29,MSFT,14.219,14.659,14.128,14.644,112148600,1642304098.4
2002-07-30,MSFT,14.432,14.82,14.365,14.598,122690600,1791037378.8
2002-07-31,MSFT,14.45,14.568,14.07,14.562,93875600,1367016487.2
2002-08-01,MSFT,14.441,14.595,13.809,13.885,92002800,1277458878.0
2002-08-02,MSFT,13.812,13.916,13.293,13.479,85947600,1158487700.4
2002-08-05,MSFT,13.442,13.709,13.296,13.351,78941600,1053949301.6
2002-08-06,MSFT,13.627,14.341,13.609,13.861,88715800,1229689703.8
2002-08-07,MSFT,14.265,14.356,13.706,14.292,86349400,1234105624.8
2002-08-08,MSFT,14.298,14.872,14.086,14.844,88748000,1317375312.0
2002-08-09,MSFT,14.614,14.917,14.465,14.605,69049400,1008466487.0
2002-08-12,MSFT,14.45,14.796,14.447,14.711,56866600,836564552.6
2002-08-13,MSFT,14.565,15.084,14.24,14.283,100122800,1430053952.4
2002-08-14,MSFT,14.341,15.093,14.328,15.087,96706000,1459003422.0
2002-08-15,MSFT,15.163,15.4,14.796,15.105,98745600,1491552288.0
2002-08-16,MSFT,15.002,15.245,14.847,15.175,69334000,1052143450.0
2002-08-19,MSFT,15.187,15.797,15.13,15.782,79848200,1260164292.4
2002-08-20,MSFT,15.594,15.691,15.403,15.491,70317600,1089289941.6
2002-08-21,MSFT,15.649,15.897,15.524,15.867,81203400,1288454347.8
2002-08-22,MSFT,16.04,16.222,15.964,16.155,72517600,1171521828.0
2002-08-23,MSFT,15.982,16.04,15.734,15.849,57929200,918119890.8
2002-08-26,MSFT,15.934,15.979,15.533,15.812,55652400,879975748.8
2002-08-27,MSFT,15.882,15.919,15.372,15.43,65470200,1010205186.0
2002-08-28,MSFT,15.321,15.375,14.963,14.987,68875000,1032229625.0
2002-08-29,MSFT,14.838,15.479,14.726,15.351,94275600,1447224735.6
2002-08-30,MSFT,15.218,15.321,14.872,14.896,58138400,866029606.4
2002-09-03,MSFT,14.726,14.726,14.265,14.271,74452600,1062513054.6
2002-09-04,MSFT,14.401,14.75,14.31,14.632,80232000,1173954624.0
2002-09-05,MSFT,14.416,14.422,13.925,13.934,90438800,1260174239.2
2002-09-06,MSFT,14.492,14.65,14.407,14.513,69918400,1014725739.2
2002-09-09,MSFT,14.34,14.856,14.152,14.781,81653200,1206915949.2
2002-09-10,MSFT,14.732,15.12,14.674,15.111,83950000,1268568450.0
2002-09-11,MSFT,15.245,15.509,14.729,14.744,77443200,1141822540.8
2002-09-12,MSFT,14.614,14.659,14.271,14.31,63726800,911930508.0
2002-09-13,MSFT,14.234,14.647,14.219,14.541,59549200,865904917.2
2002-09-16,MSFT,14.447,14.608,14.28,14.501,50166200,727460066.2
2002-09-17,MSFT,14.771,14.841,14.328,14.353,73343400,1052697820.2
2002-09-18,MSFT,14.18,14.641,14.161,14.492,83951800,1216629485.6
2002-09-19,MSFT,14.167,14.513,14.14,14.325,77777600,1114164120.0
2002-09-20,MSFT,14.48,14.568,14.356,14.404,130619200,1881438956.8
2002-09-23,MSFT,14.143,14.177,13.6,13.727,89783800,1232462222.6
2002-09-24,MSFT,13.606,14.107,13.545,13.852,104142200,1442577754.4
2002-09-25,MSFT,14.083,14.252,13.673,14.116,107116600,1512057925.6
2002-09-26,MSFT,14.298,14.416,13.946,14.022,100852200,1414149548.4
2002-09-27,MSFT,13.973,14.295,13.715,13.733,81011600,1112532302.8
2002-09-30,MSFT,13.618,13.67,13.084,13.275,115577000,1534284675.0
2002-10-01,MSFT,13.451,14.037,13.108,14.031,110636600,1552342134.6
2002-10-02,MSFT,13.991,14.207,13.706,13.843,103488600,1432592689.8
2002-10-03,MSFT,13.749,14.14,13.536,13.597,105221400,1430695375.8
2002-10-04,MSFT,13.776,13.831,13.26,13.284,107120400,1422987393.6
2002-10-07,MSFT,13.296,13.676,13.26,13.369,89790000,1200402510.0
2002-10-08,MSFT,13.582,13.955,13.394,13.655,115667600,1579441078.0
2002-10-09,MSFT,13.424,13.794,13.296,13.351,123142600,1644076852.6
2002-10-10,MSFT,13.354,14.149,13.126,14.076,118515000,1668217140.0
2002-10-11,MSFT,14.374,14.841,14.268,14.832,108828800,1614148761.6
2002-10-14,MSFT,14.644,14.972,14.52,14.96,76216200,1140194352.0
2002-10-15,MSFT,15.558,15.894,15.372,15.87,133374200,2116648554.0
2002-10-16,MSFT,15.293,15.558,15.26,15.3,95437400,1460192220.0
2002-10-17,MSFT,15.867,15.934,15.19,15.409,182602400,2813720381.6
2002-10-18,MSFT,15.964,16.146,15.521,16.131,152817200,2465094253.2
2002-10-21,MSFT,15.773,16.083,15.588,15.937,112378600,1790977748.2
2002-10-22,MSFT,15.609,15.761,15.488,15.682,87159000,1366827438.0
2002-10-23,MSFT,15.609,16.165,15.609,16.146,110866600,1790052123.6
2002-10-24,MSFT,16.195,16.198,15.448,15.548,95833400,1490017703.2
2002-10-25,MSFT,15.555,16.025,15.527,15.989,75425800,1205983116.2
2002-10-28,MSFT,16.207,16.237,15.633,15.767,79906600,1259887362.2
2002-10-29,MSFT,15.828,15.931,15.433,15.803,90517200,1430443311.6
2002-10-30,MSFT,15.843,16.204,15.67,16.119,94451200,1522458892.8
2002-10-31,MSFT,16.143,16.41,16.04,16.228,105973800,1719742826.4
2002-11-01,MSFT,15.913,16.158,15.752,16.086,105097800,1690603210.8
2002-11-04,MSFT,17.224,17.376,16.85,17.026,139964200,2383030469.2
2002-11-05,MSFT,16.929,17.239,16.869,17.203,76658200,1318751014.6
2002-11-06,MSFT,17.297,17.33,16.854,17.309,115407000,1997579763.0
2002-11-07,MSFT,17.057,17.184,16.844,16.999,73699600,1252819500.4
2002-11-08,MSFT,16.996,17.163,16.696,16.723,64522200,1079004750.6
2002-11-11,MSFT,16.714,16.723,16.335,16.347,58341200,953703596.4
2002-11-12,MSFT,16.419,16.823,16.359,16.544,81398600,1346658438.4
2002-11-13,MSFT,16.462,16.975,16.423,16.802,107370200,1804034100.4
2002-11-14,MSFT,16.993,17.3,16.957,17.297,78337000,1354995089.0
2002-11-15,MSFT,17.178,17.275,16.896,17.206,77533600,1334043121.6
2002-11-18,MSFT,17.284,17.309,16.917,16.951,58086400,984622566.4
2002-11-19,MSFT,16.86,16.935,16.483,16.65,76403400,1272116610.0
2002-11-20,MSFT,16.696,17.269,16.671,17.184,76435400,1313465913.6
2002-11-21,MSFT,17.294,17.603,17.233,17.555,82922200,1455699221.0
2002-11-22,MSFT,17.436,17.694,17.315,17.67,70002000,1236935340.0
2002-11-25,MSFT,17.621,17.797,17.473,17.673,61583000,1088356359.0
2002-11-26,MSFT,17.494,17.679,17.233,17.269,68650400,1185523757.6
2002-11-27,MSFT,17.482,17.788,17.421,17.627,55191800,972865858.6
2002-11-29,MSFT,17.734,17.794,17.506,17.506,28393000,497047858.0
2002-12-02,MSFT,17.8,17.895,17.303,17.509,63735000,1115936115.0
2002-12-03,MSFT,17.385,17.406,17.121,17.212,58457400,1006168768.8
2002-12-04,MSFT,17.036,17.433,16.942,17.16,83892000,1439586720.0
2002-12-05,MSFT,17.284,17.327,16.784,16.796,68435800,1149447696.8
2002-12-06,MSFT,16.653,16.917,16.456,16.835,71670200,1206567817.0
2002-12-09,MSFT,16.693,16.759,16.24,16.246,63862800,1037515048.8
2002-12-10,MSFT,16.256,16.535,16.231,16.392,63730200,1044665438.4
2002-12-11,MSFT,16.344,16.696,16.262,16.589,69186200,1147729871.8
2002-12-12,MSFT,16.693,16.711,16.295,16.441,55242000,908233722.0
2002-12-13,MSFT,16.292,16.313,15.931,15.934,65245400,1039620203.6
2002-12-16,MSFT,16.086,16.556,15.985,16.535,60140400,994421514.0
2002-12-17,MSFT,16.517,16.69,16.322,16.498,49549800,817472600.4
2002-12-18,MSFT,16.341,16.511,16.022,16.246,62709400,1018776912.4
2002-12-19,MSFT,16.162,16.617,16.049,16.119,82686600,1332825305.4
2002-12-20,MSFT,16.234,16.304,16.07,16.098,98294600,1582346470.8
2002-12-23,MSFT,16.101,16.474,16.055,16.389,48798400,799756977.6
2002-12-24,MSFT,16.25,16.459,16.243,16.335,18386000,300335310.0
2002-12-26,MSFT,16.398,16.599,16.137,16.204,37228000,603242512.0
2002-12-27,MSFT,16.171,16.389,16.055,16.077,40891600,657414253.2
2002-12-30,MSFT,16.089,16.158,15.864,16.01,48019600,768793796.0
2002-12-31,MSFT,16.007,16.083,15.558,15.691,58208800,913354280.8
2003-01-02,MSFT,15.873,16.313,15.694,16.304,67025200,1092778860.8
2003-01-03,MSFT,16.265,16.328,16.049,16.325,55546800,906801510.0
2003-01-06,MSFT,16.395,16.762,16.328,16.623,59456200,988340412.6
2003-01-07,MSFT,16.668,16.999,16.596,16.935,80517400,1363562169.0
2003-01-08,MSFT,16.805,16.86,16.423,16.462,64566000,1062885492.0
2003-01-09,MSFT,16.608,16.972,16.55,16.938,61808000,1046903904.0
2003-01-10,MSFT,16.723,17.087,16.662,16.972,67730200,1149516954.4
2003-01-13,MSFT,17.154,17.224,16.926,17.115,60817800,1040896647.0
2003-01-14,MSFT,17.096,17.3,17.054,17.291,54206400,937282862.4
2003-01-15,MSFT,17.3,17.397,17.054,17.078,59622600,1018234762.8
2003-01-16,MSFT,17.093,17.193,16.726,16.799,81371000,1366951429.0
2003-01-17,MSFT,16.067,16.086,15.573,15.618,155876000,2434471368.0
2003-01-21,MSFT,15.743,15.828,15.567,15.579,86159200,1342274176.8
2003-01-22,MSFT,15.658,15.904,15.451,15.479,86948000,1345868092.0
2003-01-23,MSFT,15.767,15.946,15.618,15.867,71374800,1132503951.6
2003-01-24,MSFT,15.791,15.797,15.084,15.13,103027000,1558798510.0
2003-01-27,MSFT,14.969,15.357,14.693,14.923,114838600,1713736427.8
2003-01-28,MSFT,15.081,15.084,14.738,14.817,86151200,1276502330.4
2003-01-29,MSFT,14.79,15.187,14.547,15.148,106884000,1619078832.0
2003-01-30,MSFT,15.224,15.227,14.626,14.641,87877400,1286613013.4
2003-01-31,MSFT,14.401,14.674,14.274,14.404,106858400,1539188393.6
2003-02-03,MSFT,14.547,14.902,14.404,14.738,80129800,1180952992.4
2003-02-04,MSFT,14.507,14.55,14.228,14.362,81854800,1175598637.6
2003-02-05,MSFT,14.517,14.729,14.183,14.252,101072000,1440478144.0
2003-02-06,MSFT,14.222,14.453,14.131,14.392,83312000,1199026304.0
2003-02-07,MSFT,14.532,14.553,14.086,14.137,75208000,1063215496.0
2003-02-10,MSFT,14.204,14.422,14.125,14.38,74081400,1065290532.0
2003-02-11,MSFT,14.356,14.468,13.961,14.095,84292000,1188095740.0
2003-02-12,MSFT,14.128,14.295,14.04,14.095,71315200,1005187744.0
2003-02-13,MSFT,14.086,14.301,14.001,14.262,73558200,1049087048.4
2003-02-14,MSFT,14.34,14.72,14.195,14.659,90446400,1325853777.6
2003-02-18,MSFT,14.944,15.169,14.811,15.151,57415500,869902240.5
2003-02-19,MSFT,15.114,15.151,14.718,14.938,46902700,700632532.6
2003-02-20,MSFT,15.084,15.145,14.676,14.7,50897200,748188840.0
2003-02-21,MSFT,14.792,15.102,14.432,14.999,56853200,852741146.8
2003-02-24,MSFT,14.883,14.919,14.518,14.658,62403700,914713434.6
2003-02-25,MSFT,14.335,14.779,14.237,14.731,68113000,1003372603.0
2003-02-26,MSFT,14.658,14.901,14.359,14.377,57096000,820869192.0
2003-02-27,MSFT,14.554,14.743,14.189,14.359,75434300,1083161113.7
2003-02-28,MSFT,14.457,14.658,14.341,14.432,56585400,816640492.8
2003-03-03,MSFT,14.627,14.688,14.25,14.335,50653500,726117922.5
2003-03-04,MSFT,14.359,14.408,14.043,14.049,56605700,795253479.3
2003-03-05,MSFT,14.049,14.341,14.036,14.274,55415900,791006556.6
2003-03-06,MSFT,14.11,14.31,14.085,14.17,54607600,773789692.0
2003-03-07,MSFT,13.976,14.487,13.945,14.347,66167600,949306557.2
2003-03-10,MSFT,14.195,14.286,13.939,13.976,48413600,676628473.6
2003-03-11,MSFT,14.043,14.164,13.86,13.884,53990700,749606878.8
2003-03-12,MSFT,13.89,14.274,13.732,14.244,72379500,1030973598.0
2003-03-13,MSFT,14.444,15.066,14.274,15.023,80701300,1212375629.9
2003-03-14,MSFT,15.029,15.2,14.773,15.139,75451400,1142258744.6
2003-03-17,MSFT,14.932,15.802,14.816,15.79,100983800,1594534202.0
2003-03-18,MSFT,15.766,15.857,15.528,15.857,78108800,1238571241.6
2003-03-19,MSFT,15.821,16.095,15.675,16.028,73652100,1180495858.8
2003-03-20,MSFT,15.845,16.15,15.632,15.985,71798500,1147699022.5
2003-03-21,MSFT,16.29,16.32,15.851,16.18,85586800,1384794424.0
2003-03-24,MSFT,15.559,15.79,15.334,15.401,61105200,941081185.2
2003-03-25,MSFT,15.589,15.681,15.242,15.522,63595100,987123142.2
2003-03-26,MSFT,15.504,15.601,15.37,15.376,51673600,794533273.6
2003-03-27,MSFT,15.187,15.382,14.974,15.248,60043300,915540238.4
2003-03-28,MSFT,15.023,15.285,14.98,15.023,39584600,594679445.8
2003-03-31,MSFT,14.767,15.047,14.621,14.743,71384000,1052414312.0
2003-04-01,MSFT,14.895,15.041,14.767,14.828,49803200,738481849.6
2003-04-02,MSFT,15.285,15.833,15.285,15.662,68282500,1069440515.0
2003-04-03,MSFT,15.827,15.888,15.589,15.668,57394300,899253892.4
2003-04-04,MSFT,15.687,15.711,15.181,15.279,55740600,851660627.4
2003-04-07,MSFT,15.973,16.095,15.327,15.327,65627100,1005866561.7
2003-04-08,MSFT,15.413,15.729,15.346,15.577,54132100,843215721.7
2003-04-09,MSFT,15.595,15.632,14.944,14.962,76875800,1150215719.6
2003-04-10,MSFT,15.047,15.096,14.785,14.974,51608900,772791668.6
2003-04-11,MSFT,15.157,15.334,14.585,14.737,71565500,1054660773.5
2003-04-14,MSFT,14.779,15.151,14.615,15.078,51599600,778018768.8
2003-04-15,MSFT,15.029,15.096,14.676,14.98,63399000,949717020.0
2003-04-16,MSFT,15.589,15.675,14.98,15.175,86178700,1307761772.5
2003-04-17,MSFT,15.084,15.553,15.066,15.528,58356600,906161284.8
2003-04-21,MSFT,15.595,15.595,15.273,15.352,41557800,637995345.6
2003-04-22,MSFT,15.26,15.711,15.242,15.687,58844000,923085828.0
2003-04-23,MSFT,15.681,15.827,15.51,15.662,55559300,870169756.6
2003-04-24,MSFT,15.516,15.662,15.419,15.522,51703600,802543279.2
2003-04-25,MSFT,15.425,15.614,15.327,15.358,53657400,824070349.2
2003-04-28,MSFT,15.461,15.796,15.419,15.675,56287600,882308130.0
2003-04-29,MSFT,15.802,15.985,15.638,15.711,65877300,1034998260.3
2003-04-30,MSFT,15.668,15.76,15.376,15.571,55566800,865230642.8
2003-05-01,MSFT,15.553,15.802,15.431,15.662,42085800,659147799.6
2003-05-02,MSFT,15.62,16.009,15.565,15.894,52695400,837540687.6
2003-05-05,MSFT,15.985,16.07,15.735,15.748,50391500,793565342.0
2003-05-06,MSFT,15.748,16.137,15.723,16.058,54299500,871941371.0
2003-05-07,MSFT,15.9,16.046,15.735,15.827,49120000,777422240.0
2003-05-08,MSFT,15.681,15.918,15.656,15.675,46401400,727341945.0
2003-05-09,MSFT,15.772,16.137,15.766,16.052,58913600,945681107.2
2003-05-12,MSFT,15.924,16.119,15.869,15.955,53900800,859987264.0
2003-05-13,MSFT,15.857,15.955,15.766,15.827,44501900,704331571.3
2003-05-14,MSFT,15.882,15.942,15.553,15.601,45021000,702372621.0
2003-05-15,MSFT,15.742,15.839,15.571,15.705,45450200,713795391.0
2003-05-16,MSFT,15.76,15.863,15.474,15.571,60620900,943928033.9
2003-05-19,MSFT,15.467,15.553,15.066,15.078,55336300,834360731.4
2003-05-20,MSFT,15.139,15.224,14.919,14.999,52677600,790111322.4
2003-05-21,MSFT,14.999,15.047,14.548,14.633,108960900,1594424849.7
2003-05-22,MSFT,14.737,14.779,14.639,14.712,93157100,1370527255.2
2003-05-23,MSFT,14.737,14.944,14.633,14.749,76968000,1135201032.0
2003-05-27,MSFT,14.767,15.157,14.749,15.096,68486800,1033876732.8
2003-05-28,MSFT,15.09,15.145,14.798,14.865,91467000,1359656955.0
2003-05-29,MSFT,14.901,15.023,14.755,14.859,75451300,1121130866.7
2003-05-30,MSFT,15.06,15.169,14.926,14.986,85096700,1275259146.2
2003-06-02,MSFT,15.212,15.242,14.962,15.005,66310800,994993554.0
2003-06-03,MSFT,15.072,15.175,14.962,15.151,61058200,925092788.2
2003-06-04,MSFT,15.218,15.358,15.066,15.145,83484600,1264374267.0
2003-06-05,MSFT,14.901,14.932,14.621,14.67,115877900,1699928793.0
2003-06-06,MSFT,14.883,14.956,14.402,14.414,119629400,1724338171.6
2003-06-09,MSFT,14.444,14.603,14.371,14.463,73610000,1064621430.0
2003-06-10,MSFT,14.578,15.072,14.524,15.029,80655300,1212168503.7
2003-06-11,MSFT,15.023,15.2,14.871,15.151,75768600,1147970058.6
2003-06-12,MSFT,15.206,15.309,15.066,15.218,66177700,1007092238.6
2003-06-13,MSFT,15.346,15.376,14.913,15.011,55157500,827969232.5
2003-06-16,MSFT,15.102,15.48,15.023,15.461,69658600,1076991614.6
2003-06-17,MSFT,15.614,15.918,15.547,15.809,122213900,1932079545.1
2003-06-18,MSFT,15.821,16.095,15.656,15.876,89957700,1428168445.2
2003-06-19,MSFT,15.888,16.07,15.839,15.876,63626900,1010140664.4
2003-06-20,MSFT,16.04,16.064,15.839,16.034,86048900,1379708062.6
2003-06-23,MSFT,15.918,15.979,15.522,15.699,52584500,825524065.5
2003-06-24,MSFT,15.62,15.857,15.541,15.65,51820300,810987695.0
2003-06-25,MSFT,15.614,15.827,15.309,15.382,60483500,930357197.0
2003-06-26,MSFT,15.461,16.143,15.352,15.681,51758100,811618766.1
2003-06-27,MSFT,15.802,16.04,15.547,15.608,76040300,1186837002.4
2003-06-30,MSFT,15.796,15.906,15.528,15.614,48073100,750613383.4
2003-07-01,MSFT,15.583,15.955,15.461,15.924,60926000,970185624.0
2003-07-02,MSFT,16.137,16.399,16.107,16.369,94069300,1539820371.7
2003-07-03,MSFT,16.253,16.411,16.083,16.137,39440900,636457803.3
2003-07-07,MSFT,16.454,16.777,16.411,16.698,88960800,1485467438.4
2003-07-08,MSFT,16.6,16.929,16.594,16.868,61896800,1044075222.4
2003-07-09,MSFT,16.783,16.868,16.594,16.728,62300700,1042166109.6
2003-07-10,MSFT,16.594,16.698,16.192,16.387,55350800,907033559.6
2003-07-11,MSFT,16.411,16.716,16.375,16.631,50377300,837824876.3
2003-07-14,MSFT,16.825,16.935,16.472,16.685,60464400,1008848514.0
2003-07-15,MSFT,16.728,16.765,16.503,16.606,53567600,889543565.6
2003-07-16,MSFT,16.783,16.819,16.564,16.758,49838900,835200286.2
2003-07-17,MSFT,16.527,16.606,16.162,16.253,72805000,1183299665.0
2003-07-18,MSFT,16.509,16.582,16.29,16.375,63388400,1037985050.0
2003-07-21,MSFT,16.363,16.387,15.833,15.857,48480800,768760045.6
2003-07-22,MSFT,16.003,16.174,15.912,16.064,51791000,831970624.0
2003-07-23,MSFT,16.089,16.229,15.918,16.107,49828200,802582817.4
2003-07-24,MSFT,16.308,16.393,15.821,15.833,53556600,847961647.8
2003-07-25,MSFT,16.003,16.411,15.876,16.375,54173000,887082875.0
2003-07-28,MSFT,16.405,16.442,16.131,16.204,52658300,853275093.2
2003-07-29,MSFT,16.369,16.381,15.979,16.119,62391100,1005682140.9
2003-07-30,MSFT,16.113,16.18,15.936,15.973,41240300,658731311.9
2003-07-31,MSFT,16.198,16.436,16.022,16.083,64504800,1037430698.4
2003-08-01,MSFT,16.034,16.143,15.906,15.936,42649700,679665619.2
2003-08-04,MSFT,15.924,16.083,15.681,15.942,51825600,826203715.2
2003-08-05,MSFT,16.022,16.162,15.589,15.626,58825800,919211950.8
2003-08-06,MSFT,15.553,15.949,15.486,15.62,56294900,879326338.0
2003-08-07,MSFT,15.662,15.717,15.498,15.656,44258500,692911076.0
2003-08-08,MSFT,15.76,15.821,15.528,15.577,33241400,517801287.8
2003-08-11,MSFT,15.595,15.827,15.553,15.595,36433900,568186670.5
2003-08-12,MSFT,15.656,15.693,15.498,15.668,38208400,598649211.2
2003-08-13,MSFT,15.705,15.766,15.528,15.589,39636900,617899634.1
2003-08-14,MSFT,15.626,15.656,15.541,15.608,37338300,582776186.4
2003-08-15,MSFT,15.595,15.626,15.486,15.553,27607900,429385668.7
2003-08-18,MSFT,15.565,15.729,15.504,15.65,45817400,717042310.0
2003-08-19,MSFT,15.742,16.229,15.693,16.21,72952900,1182566509.0
2003-08-20,MSFT,16.016,16.156,15.833,16.107,56739300,913899905.1
2003-08-21,MSFT,16.229,16.277,15.912,15.979,63802700,1019503343.3
2003-08-22,MSFT,16.308,16.411,15.961,15.967,65846300,1051367872.1
2003-08-25,MSFT,16.022,16.162,15.973,16.137,36132900,583076607.3
2003-08-26,MSFT,16.022,16.241,15.809,16.18,47546000,769294280.0
2003-08-27,MSFT,16.143,16.186,16.016,16.089,30633900,492868817.1
2003-08-28,MSFT,16.137,16.186,15.979,16.143,46211200,745987401.6
2003-08-29,MSFT,16.113,16.168,16.046,16.15,34503000,557223450.0
2003-09-02,MSFT,16.259,16.625,16.119,16.6,74168900,1231203740.0
2003-09-03,MSFT,16.698,17.294,16.673,17.233,109437800,1885941607.4
2003-09-04,MSFT,17.112,17.337,17.045,17.313,59840800,1036023770.4
2003-09-05,MSFT,17.191,17.508,17.154,17.282,64024500,1106471409.0
2003-09-08,MSFT,17.288,17.611,17.258,17.562,46105300,809701278.6
2003-09-09,MSFT,17.447,17.483,17.24,17.276,44315200,765589395.2
2003-09-10,MSFT,17.069,17.16,16.734,16.777,54763500,918767239.5
2003-09-11,MSFT,16.844,17.118,16.801,16.953,37813300,641048874.9
2003-09-12,MSFT,16.734,17.294,16.716,17.258,55777200,962602917.6
2003-09-15,MSFT,17.276,17.422,17.252,17.27,41432300,715535821.0
2003-09-16,MSFT,17.3,17.629,17.246,17.599,52060600,916214499.4
2003-09-17,MSFT,17.514,17.629,17.337,17.355,47221600,819530868.0
2003-09-18,MSFT,17.349,17.97,17.307,17.964,67268100,1208404148.4
2003-09-19,MSFT,18.123,18.25,17.976,18.244,92433800,1686362247.2
2003-09-22,MSFT,17.897,18.269,17.544,17.702,65678700,1162644347.4
2003-09-23,MSFT,17.733,18.092,17.587,18.025,57827800,1042346095.0
2003-09-24,MSFT,18.031,18.086,17.307,17.331,66336500,1149677881.5
2003-09-25,MSFT,17.337,17.635,17.185,17.197,56224500,966892726.5
2003-09-26,MSFT,17.215,17.526,17.136,17.166,49864700,855977440.2
2003-09-29,MSFT,17.3,17.605,17.112,17.556,47380300,831808546.8
2003-09-30,MSFT,17.41,17.422,16.899,16.929,63333700,1072176207.3
2003-10-01,MSFT,17.069,17.434,16.935,17.367,58375900,1013814255.3
2003-10-02,MSFT,17.325,17.508,17.166,17.355,38143600,661982178.0
2003-10-03,MSFT,17.757,17.94,17.617,17.708,57303000,1014721524.0
2003-10-06,MSFT,17.751,17.842,17.605,17.775,34047600,605196090.0
2003-10-07,MSFT,17.666,17.885,17.611,17.745,52356800,929071416.0
2003-10-08,MSFT,17.879,17.879,17.465,17.55,46989100,824658705.0
2003-10-09,MSFT,17.794,17.873,17.538,17.623,62653300,1104139105.9
2003-10-10,MSFT,17.605,17.782,17.459,17.605,37604700,662030743.5
2003-10-13,MSFT,17.648,17.721,17.355,17.526,39320300,689127577.8
2003-10-14,MSFT,17.453,17.52,17.343,17.465,34851300,608677954.5
2003-10-15,MSFT,17.881,17.918,17.575,17.802,57242100,1019023864.2
2003-10-16,MSFT,17.704,17.949,17.636,17.9,42232500,755961750.0
2003-10-17,MSFT,17.93,17.936,17.636,17.716,49960000,885091360.0
2003-10-20,MSFT,17.728,17.985,17.636,17.973,38794500,697253548.5
2003-10-21,MSFT,17.973,18.022,17.863,17.973,44166800,793809896.4
2003-10-22,MSFT,17.777,17.887,17.636,17.691,48798500,863294263.5
2003-10-23,MSFT,17.587,17.808,17.208,17.704,67357900,1192504261.6
2003-10-24,MSFT,16.699,16.779,16.179,16.295,210558300,3431047498.5
2003-10-27,MSFT,16.479,16.595,16.424,16.479,65619100,1081337148.9
2003-10-28,MSFT,16.589,16.669,16.461,16.657,71752600,1195183058.2
2003-10-29,MSFT,16.632,16.687,16.326,16.375,73551500,1204405812.5
2003-10-30,MSFT,16.54,16.559,15.867,15.995,98729400,1579176753.0
2003-10-31,MSFT,16.148,16.191,15.989,16.007,69623700,1114466565.9
2003-11-03,MSFT,16.136,16.381,16.099,16.338,57772300,943883837.4
2003-11-04,MSFT,16.283,16.301,15.928,15.965,84026100,1341476686.5
2003-11-05,MSFT,16.014,16.118,15.922,15.983,61514400,983184655.2
2003-11-06,MSFT,16.081,16.105,15.922,16.063,68189800,1095332757.4
2003-11-07,MSFT,16.154,16.222,15.94,15.983,57822100,924170624.3
2003-11-10,MSFT,15.995,16.063,15.922,15.922,54579100,869008430.2
2003-11-11,MSFT,15.928,15.971,15.72,15.799,64990700,1026788069.3
2003-11-12,MSFT,15.83,16.007,15.677,15.909,75877300,1207131965.7
2003-11-13,MSFT,15.836,15.879,15.585,15.732,78949500,1242033534.0
2003-11-14,MSFT,15.738,15.934,15.579,15.616,83146400,1298414182.4
2003-11-17,MSFT,15.548,15.579,15.211,15.401,103900200,1600166980.2
2003-11-18,MSFT,15.511,15.824,15.383,15.401,106868300,1645878688.3
2003-11-19,MSFT,15.487,15.64,15.413,15.524,78853300,1224118629.2
2003-11-20,MSFT,15.413,15.695,15.358,15.371,106845700,1642325254.7
2003-11-21,MSFT,15.511,15.542,15.358,15.377,70712900,1087352263.3
2003-11-24,MSFT,15.511,15.805,15.481,15.756,99463800,1567151632.8
2003-11-25,MSFT,15.842,15.891,15.542,15.554,85663800,1332414745.2
2003-11-26,MSFT,15.683,15.695,15.505,15.585,69758400,1087184664.0
2003-11-28,MSFT,15.616,15.769,15.554,15.744,33402600,525890534.4
2003-12-01,MSFT,15.86,16.05,15.616,15.824,101914600,1612696630.4
2003-12-02,MSFT,15.891,15.977,15.683,15.713,85121700,1337517272.1
2003-12-03,MSFT,15.811,15.965,15.689,15.72,93121600,1463871552.0
2003-12-04,MSFT,15.75,16.063,15.713,16.044,87202400,1399075305.6
2003-12-05,MSFT,15.897,16.216,15.873,15.909,96610900,1536982808.1
2003-12-08,MSFT,15.995,16.13,15.805,16.069,90504000,1454308776.0
2003-12-09,MSFT,16.191,16.295,16.075,16.154,103547100,1672699853.4
2003-12-10,MSFT,16.197,16.307,16.154,16.283,82853700,1349106797.1
2003-12-11,MSFT,16.283,16.393,16.093,16.295,79309000,1292340155.0
2003-12-12,MSFT,16.344,16.418,16.228,16.32,69154100,1128594912.0
2003-12-15,MSFT,16.565,16.595,16.338,16.375,88860600,1455092325.0
2003-12-16,MSFT,16.43,16.632,16.393,16.571,73978000,1225889438.0
2003-12-17,MSFT,16.559,16.583,16.442,16.559,53712300,889421975.7
2003-12-18,MSFT,16.595,16.81,16.565,16.779,61177800,1026502306.2
2003-12-19,MSFT,16.834,16.871,16.65,16.755,76856400,1287728982.0
2003-12-22,MSFT,16.632,16.797,16.516,16.644,43894800,730585051.2
2003-12-23,MSFT,16.638,16.742,16.54,16.626,39609000,658539234.0
2003-12-24,MSFT,16.62,16.632,16.534,16.559,19924200,329924827.8
2003-12-26,MSFT,16.565,16.687,16.534,16.663,12076900,201237384.7
2003-12-29,MSFT,16.663,16.859,16.632,16.816,40426700,679815387.2
2003-12-30,MSFT,16.785,16.871,16.779,16.853,34406600,579854429.8
2003-12-31,MSFT,16.791,16.871,16.675,16.761,42198900,707295762.9
2004-01-02,MSFT,16.889,17.006,16.736,16.81,44487700,747838237.0
2004-01-05,MSFT,16.981,17.257,16.975,17.232,67333700,1160294318.4
2004-01-06,MSFT,17.263,17.318,17.189,17.293,46950800,811920184.4
2004-01-07,MSFT,17.251,17.336,17.153,17.275,54298200,938001405.0
2004-01-08,MSFT,17.385,17.44,17.146,17.244,58810800,1014133435.2
2004-01-09,MSFT,17.165,17.183,16.895,16.938,67079900,1136199346.2
2004-01-12,MSFT,16.944,16.981,16.748,16.883,55845200,942834511.6
2004-01-13,MSFT,16.871,16.926,16.693,16.797,51555900,865984452.3
2004-01-14,MSFT,16.853,16.981,16.822,16.963,43907000,744794441.0
2004-01-15,MSFT,16.871,16.975,16.791,16.865,58504100,986671646.5
2004-01-16,MSFT,16.969,17.073,16.859,17.03,63983400,1089637302.0
2004-01-20,MSFT,17.134,17.269,17.104,17.208,63068500,1085282748.0
2004-01-21,MSFT,17.226,17.33,17.055,17.33,53570600,928378498.0
2004-01-22,MSFT,17.367,17.416,17.11,17.153,78425200,1345227455.6
2004-01-23,MSFT,17.318,17.612,17.281,17.44,127259100,2219398704.0
2004-01-26,MSFT,17.447,17.655,17.342,17.636,58299600,1028171745.6
2004-01-27,MSFT,17.538,17.587,17.281,17.3,63196200,1093294260.0
2004-01-28,MSFT,17.33,17.416,16.822,16.969,71336000,1210500584.0
2004-01-29,MSFT,17.03,17.116,16.883,17.091,63748400,1089523904.4
2004-01-30,MSFT,17.048,17.085,16.871,16.932,40528700,686231948.4
2004-02-02,MSFT,16.908,17.024,16.681,16.779,62891800,1055261512.2
2004-02-03,MSFT,16.779,16.871,16.644,16.712,47993800,802072385.6
2004-02-04,MSFT,16.669,16.797,16.54,16.54,60648000,1003117920.0
2004-02-05,MSFT,16.571,16.638,16.43,16.51,55527500,916759025.0
2004-02-06,MSFT,16.552,16.65,16.491,16.583,47209600,782876796.8
2004-02-09,MSFT,16.65,16.675,16.442,16.473,48108500,792491320.5
2004-02-10,MSFT,16.454,16.626,16.424,16.546,37790600,625283267.6
2004-02-11,MSFT,16.516,16.675,16.442,16.626,51515300,856493377.8
2004-02-12,MSFT,16.589,16.626,16.491,16.503,44537000,734994111.0
2004-02-13,MSFT,16.522,16.571,16.228,16.283,67541100,1099771731.3
2004-02-17,MSFT,16.363,16.595,16.283,16.528,43477000,718587856.0
2004-02-18,MSFT,16.473,16.601,16.375,16.393,50334700,825136737.1
2004-02-19,MSFT,16.485,16.522,16.185,16.203,61840600,1002003241.8
2004-02-20,MSFT,16.326,16.412,16.228,16.271,57821900,940820134.9
2004-02-23,MSFT,16.369,16.387,16.216,16.295,50256800,818934556.0
2004-02-24,MSFT,16.295,16.503,16.259,16.461,55426500,912375616.5
2004-02-25,MSFT,16.473,16.528,16.295,16.35,64275700,1050907695.0
2004-02-26,MSFT,16.283,16.32,16.173,16.228,66602700,1080828615.6
2004-02-27,MSFT,16.21,16.301,16.136,16.246,58266500,946597559.0
2004-03-01,MSFT,16.307,16.363,16.228,16.35,51912300,848766105.0
2004-03-02,MSFT,16.295,16.344,16.136,16.161,66331000,1071975291.0
2004-03-03,MSFT,16.136,16.259,16.056,16.148,54998700,888119007.6
2004-03-04,MSFT,16.124,16.179,16.05,16.148,44023200,710886633.6
2004-03-05,MSFT,16.063,16.289,16.044,16.136,59849800,965736372.8
2004-03-08,MSFT,16.112,16.136,15.805,15.818,69367800,1097259860.4
2004-03-09,MSFT,15.799,15.903,15.64,15.75,81111700,1277509275.0
2004-03-10,MSFT,15.707,15.799,15.524,15.536,75155800,1167620508.8
2004-03-11,MSFT,15.42,15.787,15.352,15.364,90536300,1390999713.2
2004-03-12,MSFT,15.542,15.622,15.45,15.542,64137100,996818808.2
2004-03-15,MSFT,15.493,15.573,15.346,15.407,68835300,1060545467.1
2004-03-16,MSFT,15.469,15.536,15.371,15.42,65453800,1009297596.0
2004-03-17,MSFT,15.462,15.591,15.377,15.389,56241400,865498904.6
2004-03-18,MSFT,15.285,15.328,15.052,15.242,123231000,1878286902.0
2004-03-19,MSFT,15.168,15.273,15.04,15.083,86281600,1301385372.8
2004-03-22,MSFT,14.991,15.211,14.703,15.003,127605200,1914460815.6
2004-03-23,MSFT,15.095,15.101,14.764,14.789,91696300,1356096580.7
2004-03-24,MSFT,14.93,15.052,14.807,14.948,97584700,1458696095.6
2004-03-25,MSFT,15.064,15.456,15.052,15.426,85677900,1321667285.4
2004-03-26,MSFT,15.377,15.622,15.309,15.328,61584900,943973347.2
2004-03-29,MSFT,15.462,15.554,15.309,15.499,51881600,804112918.4
2004-03-30,MSFT,15.438,15.511,15.328,15.432,59010400,910648492.8
2004-03-31,MSFT,15.432,15.432,15.23,15.266,70533200,1076759831.2
2004-04-01,MSFT,15.279,15.377,15.217,15.358,69051900,1060499080.2
2004-04-02,MSFT,15.603,15.86,15.579,15.83,98043800,1552033354.0
2004-04-05,MSFT,15.805,15.909,15.756,15.891,53800300,854940567.3
2004-04-06,MSFT,15.781,15.86,15.713,15.799,48992000,774024608.0
2004-04-07,MSFT,15.762,15.787,15.524,15.671,63268900,991486931.9
2004-04-08,MSFT,15.811,15.83,15.53,15.603,45294600,706731643.8
2004-04-12,MSFT,15.603,15.762,15.573,15.683,38786800,608293384.4
2004-04-13,MSFT,15.726,15.781,15.56,15.585,56971500,887900827.5
2004-04-14,MSFT,15.548,15.726,15.542,15.622,61079600,954185511.2
2004-04-15,MSFT,15.634,15.756,15.371,15.444,73756900,1139101563.6
2004-04-16,MSFT,15.511,15.554,15.377,15.407,51768600,797598820.2
2004-04-19,MSFT,15.358,15.677,15.346,15.634,44592100,697152891.4
2004-04-20,MSFT,15.707,15.848,15.481,15.511,59902600,929149228.6
2004-04-21,MSFT,15.53,15.609,15.432,15.585,49252000,767592420.0
2004-04-22,MSFT,15.622,15.916,15.597,15.891,99207700,1576509560.7
2004-04-23,MSFT,16.779,16.975,16.742,16.865,258269000,4355706685.0
2004-04-26,MSFT,16.81,16.871,16.595,16.681,89391000,1491131271.0
2004-04-27,MSFT,16.632,16.761,16.614,16.669,80716800,1345468339.2
2004-04-28,MSFT,16.54,16.565,16.21,16.265,72842200,1184778383.0
2004-04-29,MSFT,16.234,16.497,16.112,16.216,77787300,1261398856.8
2004-04-30,MSFT,16.283,16.381,15.897,16.001,66172200,1058821372.2
2004-05-03,MSFT,16.038,16.24,16.038,16.136,65916200,1063623803.2
2004-05-04,MSFT,16.136,16.252,15.934,16.124,55496400,894823953.6
2004-05-05,MSFT,16.118,16.289,16.075,16.105,51841700,834910578.5
2004-05-06,MSFT,16.02,16.13,15.94,15.995,62693900,1002788930.5
2004-05-07,MSFT,15.94,16.154,15.769,15.787,68290200,1078097387.4
2004-05-10,MSFT,15.695,15.952,15.689,15.879,64621400,1026123210.6
2004-05-11,MSFT,15.977,15.989,15.793,15.885,57917200,920014722.0
2004-05-12,MSFT,15.842,15.922,15.573,15.885,64145600,1018952856.0
2004-05-13,MSFT,15.811,16.038,15.793,15.983,63861500,1020698354.5
2004-05-14,MSFT,15.922,16.026,15.701,15.836,43775300,693225650.8
2004-05-17,MSFT,15.597,15.793,15.567,15.64,55149600,862539744.0
2004-05-18,MSFT,15.738,15.903,15.701,15.818,58158600,919952734.8
2004-05-19,MSFT,15.94,16.087,15.689,15.689,60052800,942168379.2
2004-05-20,MSFT,15.769,15.842,15.671,15.756,52089900,820728464.4
2004-05-21,MSFT,15.903,16.044,15.787,15.854,57809300,916508642.2
2004-05-24,MSFT,15.952,16.026,15.762,15.775,56250500,887351637.5
2004-05-25,MSFT,15.744,16.038,15.677,15.983,66615000,1064707545.0
2004-05-26,MSFT,15.916,16.014,15.83,16.007,50306900,805262548.3
2004-05-27,MSFT,16.02,16.038,15.873,16.038,49071900,787015132.2
2004-05-28,MSFT,16.007,16.136,15.934,16.063,37393000,600643759.0
2004-06-01,MSFT,16.001,16.087,15.842,15.989,48369500,773379935.5
2004-06-02,MSFT,15.995,16.093,15.928,16.001,54020000,864374020.0
2004-06-03,MSFT,15.952,16.001,15.836,15.854,45933100,728223367.4
2004-06-04,MSFT,15.94,16.069,15.885,15.891,48815300,775723932.3
2004-06-07,MSFT,15.934,16.185,15.903,16.185,65218600,1055563041.0
2004-06-08,MSFT,16.093,16.32,16.069,16.289,58447700,952054585.3
2004-06-09,MSFT,16.167,16.32,16.167,16.21,50385500,816748955.0
2004-06-10,MSFT,16.154,16.405,16.154,16.393,48109200,788654115.6
2004-06-14,MSFT,16.259,16.473,16.246,16.473,67377500,1109909557.5
2004-06-15,MSFT,16.528,16.901,16.516,16.785,114183400,1916568369.0
2004-06-16,MSFT,16.742,16.84,16.626,16.73,67431100,1128122303.0
2004-06-17,MSFT,16.724,17.097,16.712,17.006,105427500,1792900065.0
2004-06-18,MSFT,17.006,17.453,16.963,17.361,134218700,2330170850.7
2004-06-21,MSFT,17.281,17.551,17.22,17.361,116881700,2029183193.7
2004-06-22,MSFT,17.238,17.361,17.03,17.324,98932000,1713897968.0
2004-06-23,MSFT,17.269,17.379,17.146,17.33,58558400,1014817072.0
2004-06-24,MSFT,17.44,17.544,17.367,17.385,65503800,1138783563.0
2004-06-25,MSFT,17.44,17.532,17.3,17.495,71136500,1244533067.5
2004-06-28,MSFT,17.514,17.606,17.251,17.318,77024100,1333903363.8
2004-06-29,MSFT,17.257,17.502,17.257,17.453,55371700,966402280.1
2004-06-30,MSFT,17.495,17.636,17.385,17.489,83544400,1461108011.6
2004-07-01,MSFT,17.575,17.661,17.306,17.532,78441400,1375234624.8
2004-07-02,MSFT,17.526,17.563,17.391,17.495,36690100,641893299.5
2004-07-06,MSFT,17.342,17.349,17.11,17.159,69158900,1186697565.1
2004-07-07,MSFT,16.944,17.342,16.871,17.208,66255700,1140128085.6
2004-07-08,MSFT,17.073,17.238,16.871,16.926,59125100,1000751442.6
2004-07-09,MSFT,17.012,17.146,16.926,17.061,50249300,857303307.3
2004-07-12,MSFT,16.944,17.146,16.895,17.079,45757300,781488926.7
2004-07-13,MSFT,17.091,17.116,16.901,16.901,43274100,731375564.1
2004-07-14,MSFT,16.779,17.367,16.742,17.226,87656300,1509967423.8
2004-07-15,MSFT,17.177,17.269,17.024,17.067,46759700,798047799.9
2004-07-16,MSFT,17.257,17.269,16.687,16.828,66406300,1117485216.4
2004-07-19,MSFT,16.914,17.306,16.902,17.116,60354500,1033027622.0
2004-07-20,MSFT,17.146,17.44,17.055,17.342,89010700,1543623559.4
2004-07-21,MSFT,18.304,18.304,17.642,17.673,201518000,3561427614.0
2004-07-22,MSFT,17.802,17.943,17.655,17.759,124640700,2213494191.3
2004-07-23,MSFT,17.379,17.391,17.159,17.165,97372700,1671402395.5
2004-07-26,MSFT,17.367,17.581,17.269,17.551,72387600,1270474767.6
2004-07-27,MSFT,17.575,17.612,17.226,17.416,72968400,1270817654.4
2004-07-28,MSFT,17.355,17.63,17.318,17.502,62718800,1097704437.6
2004-07-29,MSFT,17.624,17.636,17.3,17.44,60148400,1048988096.0
2004-07-30,MSFT,17.422,17.642,17.349,17.447,59552900,1039019446.3
2004-08-02,MSFT,17.312,17.483,17.244,17.465,52267000,912843155.0
2004-08-03,MSFT,17.379,17.404,17.146,17.189,53990900,928049580.1
2004-08-04,MSFT,17.153,17.269,17.14,17.183,46217900,794162175.7
2004-08-05,MSFT,17.244,17.275,16.853,16.859,55591700,937220470.3
2004-08-06,MSFT,16.767,17.061,16.571,16.62,75628000,1256937360.0
2004-08-09,MSFT,16.693,16.706,16.595,16.644,51877500,863449110.0
2004-08-10,MSFT,16.718,16.993,16.687,16.975,57632700,978315082.5
2004-08-11,MSFT,16.773,16.846,16.657,16.785,53097300,891238180.5
2004-08-12,MSFT,16.675,16.724,16.448,16.461,50279700,827654141.7
2004-08-13,MSFT,16.54,16.687,16.522,16.546,43333200,716991127.2
2004-08-16,MSFT,16.552,16.657,16.51,16.589,54347200,901565700.8
2004-08-17,MSFT,16.669,16.767,16.522,16.565,56879700,942212230.5
2004-08-18,MSFT,16.491,16.84,16.467,16.816,58844000,989520704.0
2004-08-19,MSFT,16.748,16.81,16.54,16.608,46293000,768834144.0
2004-08-20,MSFT,16.614,16.761,16.559,16.657,46494800,774463883.6
2004-08-23,MSFT,16.749,16.786,16.657,16.73,39572200,662042906.0
2004-08-24,MSFT,16.829,16.865,16.638,16.73,40835300,683174569.0
2004-08-25,MSFT,16.712,16.994,16.693,16.921,53512700,905488396.7
2004-08-26,MSFT,16.865,16.951,16.822,16.853,35465500,597700071.5
2004-08-27,MSFT,16.89,16.982,16.859,16.865,33248700,560739325.5
2004-08-30,MSFT,16.767,16.822,16.491,16.767,36679600,615006853.2
2004-08-31,MSFT,16.761,16.779,16.614,16.767,52106700,873673038.9
2004-09-01,MSFT,16.724,16.902,16.669,16.822,48507500,815993165.0
2004-09-02,MSFT,16.829,17.0,16.798,16.964,42161700,715231078.8
2004-09-03,MSFT,16.865,16.964,16.644,16.65,46174400,768803760.0
2004-09-07,MSFT,16.761,16.816,16.681,16.804,44893400,754388693.6
2004-09-08,MSFT,16.767,16.872,16.669,16.743,53278100,892035228.3
2004-09-09,MSFT,16.767,16.872,16.693,16.755,56904700,953438248.5
2004-09-10,MSFT,16.792,16.896,16.693,16.884,52664500,889187418.0
2004-09-13,MSFT,16.908,16.933,16.423,16.736,48239200,807331251.2
2004-09-14,MSFT,16.81,16.896,16.749,16.853,55920000,942419760.0
2004-09-15,MSFT,16.804,16.829,16.669,16.7,52605700,878515190.0
2004-09-16,MSFT,16.718,16.798,16.687,16.743,35951500,601935964.5
2004-09-17,MSFT,16.822,16.908,16.743,16.896,65283000,1103021568.0
2004-09-20,MSFT,16.853,16.982,16.786,16.896,51513600,870373785.6
2004-09-21,MSFT,16.859,16.908,16.736,16.743,73874400,1236879079.2
2004-09-22,MSFT,16.755,17.037,16.626,16.657,68409000,1139488713.0
2004-09-23,MSFT,16.7,16.822,16.687,16.798,52155800,876113128.4
2004-09-24,MSFT,16.822,16.865,16.7,16.761,49859800,835700107.8
2004-09-27,MSFT,16.687,16.779,16.663,16.7,47813600,798487120.0
2004-09-28,MSFT,16.712,16.804,16.607,16.749,62055100,1039360869.9
2004-09-29,MSFT,16.743,17.007,16.724,16.939,61529300,1042244812.7
2004-09-30,MSFT,16.945,17.068,16.902,16.982,71218000,1209424076.0
2004-10-01,MSFT,17.086,17.394,17.062,17.351,66302800,1150419882.8
2004-10-04,MSFT,17.467,17.48,17.24,17.271,62016200,1071081790.2
2004-10-05,MSFT,17.289,17.473,17.258,17.43,58017700,1011248511.0
2004-10-06,MSFT,17.437,17.535,17.338,17.523,56999600,998803990.8
2004-10-07,MSFT,17.529,17.559,17.295,17.301,38401500,664384351.5
2004-10-08,MSFT,17.258,17.4,17.179,17.191,49556600,851927510.6
2004-10-11,MSFT,17.32,17.332,17.154,17.234,44691000,770204694.0
2004-10-12,MSFT,17.093,17.295,17.08,17.215,56412900,971148073.5
2004-10-13,MSFT,17.314,17.363,17.16,17.215,49500700,852154550.5
2004-10-14,MSFT,17.222,17.295,17.074,17.074,41548700,709402503.8
2004-10-15,MSFT,17.179,17.344,17.086,17.191,49828500,856601743.5
2004-10-18,MSFT,17.24,17.473,17.185,17.449,50350700,878569364.3
2004-10-19,MSFT,17.523,17.559,17.301,17.308,57026500,987014662.0
2004-10-20,MSFT,17.332,17.658,17.271,17.627,69078100,1217639668.7
2004-10-21,MSFT,17.695,17.744,17.486,17.541,94988500,1666193278.5
2004-10-22,MSFT,17.381,17.406,16.939,17.037,101912800,1736288373.6
2004-10-25,MSFT,16.994,17.056,16.921,16.97,61529500,1044155615.0
2004-10-26,MSFT,17.019,17.136,16.97,17.136,76966600,1318899657.6
2004-10-27,MSFT,17.111,17.412,16.939,17.289,72392600,1251595661.4
2004-10-28,MSFT,17.265,17.529,17.136,17.203,63059600,1084814298.8
2004-10-29,MSFT,17.271,17.289,17.074,17.179,80010100,1374493507.9
2004-11-01,MSFT,17.295,17.369,17.172,17.246,72930900,1257766301.4
2004-11-02,MSFT,17.357,17.486,17.215,17.344,89417100,1550850182.4
2004-11-03,MSFT,17.596,17.596,17.387,17.486,79666700,1393051916.2
2004-11-04,MSFT,17.43,17.811,17.43,17.811,87867700,1565011604.7
2004-11-05,MSFT,17.94,18.032,17.83,18.002,95337700,1716269275.4
2004-11-08,MSFT,17.922,18.106,17.891,17.983,112802100,2028520164.3
2004-11-09,MSFT,18.075,18.358,18.026,18.284,100401000,1835731884.0
2004-11-10,MSFT,18.376,18.425,18.235,18.26,84097700,1535624002.0
2004-11-11,MSFT,18.358,18.475,18.315,18.413,87358900,1608539425.7
2004-11-12,MSFT,18.524,18.548,18.303,18.407,162269000,2986885483.0
2004-11-15,MSFT,18.715,18.825,18.619,18.749,104468000,1958670532.0
2004-11-16,MSFT,18.708,18.715,18.516,18.564,64522600,1197797546.4
2004-11-17,MSFT,18.653,18.722,18.523,18.599,58830700,1094192189.3
2004-11-18,MSFT,18.571,18.599,18.482,18.53,63249900,1172020647.0
2004-11-19,MSFT,18.503,18.53,18.373,18.386,85808600,1577676919.6
2004-11-22,MSFT,18.311,18.359,17.866,18.243,92410800,1685850224.4
2004-11-23,MSFT,18.154,18.277,18.072,18.161,70459700,1279618611.7
2004-11-24,MSFT,18.222,18.297,18.072,18.236,60069200,1095421931.2
2004-11-26,MSFT,18.181,18.359,18.174,18.208,24398700,444251529.6
2004-11-29,MSFT,18.236,18.448,18.215,18.325,67079900,1229239167.5
2004-11-30,MSFT,18.311,18.489,18.277,18.352,75960400,1394025260.8
2004-12-01,MSFT,18.448,18.674,18.352,18.653,99889000,1863229517.0
2004-12-02,MSFT,18.667,18.756,18.428,18.544,96088300,1781861435.2
2004-12-03,MSFT,18.592,18.783,18.578,18.64,76498400,1425930176.0
2004-12-06,MSFT,18.551,18.783,18.53,18.708,55297400,1034503759.2
2004-12-07,MSFT,18.66,18.742,18.482,18.53,111656000,2068985680.0
2004-12-08,MSFT,18.489,18.729,18.421,18.729,95655000,1791522495.0
2004-12-09,MSFT,18.571,18.729,18.441,18.64,83006000,1547231840.0
2004-12-10,MSFT,18.537,18.605,18.51,18.537,70949200,1315185320.4
2004-12-13,MSFT,18.551,18.674,18.421,18.653,93812500,1749884562.5
2004-12-14,MSFT,18.516,18.708,18.51,18.64,127843200,2382997248.0
2004-12-15,MSFT,18.633,18.756,18.53,18.558,106303900,1972787776.2
2004-12-16,MSFT,18.585,18.674,18.489,18.592,88997500,1654641520.0
2004-12-17,MSFT,18.482,18.701,18.345,18.455,126184400,2328733102.0
2004-12-20,MSFT,18.489,18.585,18.407,18.448,85552800,1578278054.4
2004-12-21,MSFT,18.482,18.599,18.441,18.53,94646100,1753792233.0
2004-12-22,MSFT,18.373,18.585,18.332,18.462,63651900,1175141377.8
2004-12-23,MSFT,18.393,18.585,18.366,18.489,65801900,1216611329.1
2004-12-27,MSFT,18.489,18.551,18.359,18.38,55958500,1028517230.0
2004-12-28,MSFT,18.38,18.503,18.345,18.448,55075900,1016040203.2
2004-12-29,MSFT,18.38,18.482,18.359,18.414,47594900,876412488.6
2004-12-30,MSFT,18.407,18.441,18.311,18.318,48355400,885774217.2
2004-12-31,MSFT,18.311,18.414,18.263,18.291,54959500,1005264214.5
2005-01-03,MSFT,18.345,18.448,18.243,18.304,65002900,1189813081.6
2005-01-04,MSFT,18.393,18.551,18.25,18.373,109442100,2010779703.3
2005-01-05,MSFT,18.373,18.551,18.318,18.332,72463500,1328400882.0
2005-01-06,MSFT,18.38,18.523,18.236,18.311,76890500,1407941945.5
2005-01-07,MSFT,18.359,18.407,18.222,18.256,68723300,1254612564.8
2005-01-10,MSFT,18.208,18.386,18.167,18.345,70376600,1291058727.0
2005-01-11,MSFT,18.27,18.359,18.215,18.297,64712000,1184035464.0
2005-01-12,MSFT,18.325,18.38,18.222,18.332,72940600,1337147079.2
2005-01-13,MSFT,18.263,18.345,17.907,17.983,89861600,1615981152.8
2005-01-14,MSFT,18.072,18.106,17.825,17.88,92180800,1648192704.0
2005-01-18,MSFT,17.818,18.037,17.688,18.017,69146400,1245810688.8
2005-01-19,MSFT,17.941,17.976,17.743,17.784,58114100,1033501154.4
2005-01-20,MSFT,17.688,17.866,17.62,17.702,58380100,1033444530.2
2005-01-21,MSFT,17.764,17.887,17.551,17.558,76501000,1343204558.0
2005-01-24,MSFT,17.633,17.798,17.551,17.572,69010900,1212659534.8
2005-01-25,MSFT,17.633,17.928,17.627,17.811,67580700,1203679847.7
2005-01-26,MSFT,17.846,17.914,17.729,17.805,64974500,1156870972.5
2005-01-27,MSFT,17.764,17.907,17.695,17.873,93204100,1665836879.3
2005-01-28,MSFT,18.167,18.243,17.77,17.921,110466500,1979670146.5
2005-01-31,MSFT,18.037,18.154,17.907,17.989,71442100,1285171936.9
2005-02-01,MSFT,17.969,18.092,17.948,18.065,57981700,1047439410.5
2005-02-02,MSFT,18.085,18.14,17.989,18.113,79329500,1436895233.5
2005-02-03,MSFT,18.051,18.072,17.866,17.921,62545400,1120876113.4
2005-02-04,MSFT,17.914,18.051,17.894,18.017,61246500,1103478190.5
2005-02-07,MSFT,17.983,18.003,17.839,17.907,57763400,1034369203.8
2005-02-08,MSFT,17.928,18.03,17.907,17.962,61343700,1101855539.4
2005-02-09,MSFT,17.969,18.01,17.825,17.846,77874800,1389753680.8
2005-02-10,MSFT,17.866,17.887,17.798,17.839,71796400,1280775979.6
2005-02-11,MSFT,17.818,17.88,17.668,17.777,83835900,1490350794.3
2005-02-14,MSFT,17.75,17.88,17.736,17.805,58694000,1045046670.0
2005-02-15,MSFT,17.853,17.908,17.757,17.805,76551600,1363001238.0
2005-02-16,MSFT,17.763,17.805,17.626,17.708,57506600,1018326872.8
2005-02-17,MSFT,17.654,17.757,17.578,17.612,67024800,1180440777.6
2005-02-18,MSFT,17.605,17.612,17.441,17.496,77091100,1348785885.6
2005-02-22,MSFT,17.338,17.502,17.303,17.324,96419200,1670366220.8
2005-02-23,MSFT,17.331,17.406,17.283,17.303,83689400,1448077688.2
2005-02-24,MSFT,17.29,17.468,17.269,17.42,85236300,1484816346.0
2005-02-25,MSFT,17.393,17.427,17.269,17.338,62467700,1083064982.6
2005-02-28,MSFT,17.317,17.42,17.255,17.276,82728000,1429208928.0
2005-03-01,MSFT,17.296,17.448,17.255,17.358,56394800,978900938.4
2005-03-02,MSFT,17.296,17.496,17.276,17.345,67739000,1174932955.0
2005-03-03,MSFT,17.372,17.379,17.262,17.283,52183600,901889158.8
2005-03-04,MSFT,17.31,17.372,17.255,17.283,63058200,1089834870.6
2005-03-07,MSFT,17.283,17.708,17.276,17.489,80407400,1406245018.6
2005-03-08,MSFT,17.441,17.592,17.399,17.441,52871800,922137063.8
2005-03-09,MSFT,17.434,17.557,17.358,17.379,62991800,1094734492.2
2005-03-10,MSFT,17.461,17.496,17.338,17.461,59132900,1032519566.9
2005-03-11,MSFT,17.475,17.496,17.207,17.228,60617900,1044325181.2
2005-03-14,MSFT,17.221,17.269,17.139,17.242,65550500,1130221721.0
2005-03-15,MSFT,17.235,17.331,17.09,17.104,71469400,1222412617.6
2005-03-16,MSFT,17.042,17.145,16.864,16.912,74841400,1265717756.8
2005-03-17,MSFT,16.919,16.946,16.843,16.85,60573200,1020658420.0
2005-03-18,MSFT,16.843,17.104,16.672,16.692,135904000,2268509568.0
2005-03-21,MSFT,16.72,16.727,16.582,16.617,71446200,1187221505.4
2005-03-22,MSFT,16.61,16.665,16.452,16.472,102113300,1682010277.6
2005-03-23,MSFT,16.472,16.747,16.452,16.603,79293300,1316506659.9
2005-03-24,MSFT,16.644,16.802,16.617,16.672,78820900,1314102044.8
2005-03-28,MSFT,16.754,16.802,16.603,16.617,49802000,827559834.0
2005-03-29,MSFT,16.575,16.644,16.356,16.424,74231700,1219181440.8
2005-03-30,MSFT,16.507,16.61,16.479,16.589,59585700,988467177.3
2005-03-31,MSFT,16.651,16.692,16.562,16.596,62382300,1035296650.8
2005-04-01,MSFT,16.644,16.72,16.548,16.562,64619600,1070229815.2
2005-04-04,MSFT,16.555,16.658,16.438,16.637,62196400,1034761506.8
2005-04-05,MSFT,16.63,16.823,16.562,16.802,73549600,1235780379.2
2005-04-06,MSFT,16.802,17.125,16.788,16.939,78020200,1321584167.8
2005-04-07,MSFT,16.933,17.255,16.912,17.235,77451500,1334876602.5
2005-04-08,MSFT,17.214,17.338,17.104,17.125,47956300,821251637.5
2005-04-11,MSFT,17.187,17.242,17.07,17.145,47791800,819390411.0
2005-04-12,MSFT,17.111,17.406,17.029,17.386,67517800,1173864470.8
2005-04-13,MSFT,17.324,17.475,17.159,17.193,60929300,1047557454.9
2005-04-14,MSFT,17.173,17.262,17.049,17.056,66754400,1138563046.4
2005-04-15,MSFT,16.878,17.097,16.761,16.795,100251600,1683725622.0
2005-04-18,MSFT,16.788,17.056,16.754,16.926,75766400,1282422086.4
2005-04-19,MSFT,16.967,17.029,16.788,16.912,65956200,1115451254.4
2005-04-20,MSFT,16.933,16.96,16.685,16.699,91923500,1535030526.5
2005-04-21,MSFT,16.809,17.434,16.802,17.358,93562300,1624054403.4
2005-04-22,MSFT,17.2,17.338,17.015,17.152,80087500,1373660800.0
2005-04-25,MSFT,17.214,17.358,17.07,17.159,75457900,1294782106.1
2005-04-26,MSFT,17.132,17.338,16.987,17.001,60464300,1027953564.3
2005-04-27,MSFT,16.933,17.269,16.912,17.159,47732800,819047115.2
2005-04-28,MSFT,17.042,17.111,16.781,16.788,83623100,1403864602.8
2005-04-29,MSFT,17.084,17.372,17.022,17.372,98641200,1713594926.4
2005-05-02,MSFT,17.324,17.413,17.132,17.324,54376700,942021950.8
2005-05-03,MSFT,17.255,17.441,17.228,17.413,67867800,1181782001.4
2005-05-04,MSFT,17.399,17.441,17.242,17.31,86864200,1503619302.0
2005-05-05,MSFT,17.303,17.393,17.221,17.324,59362300,1028392485.2
2005-05-06,MSFT,17.393,17.496,17.296,17.317,64322600,1113874464.2
2005-05-09,MSFT,17.324,17.393,17.2,17.242,61872400,1066803920.8
2005-05-10,MSFT,17.193,17.221,17.042,17.097,62235100,1064033504.7
2005-05-11,MSFT,17.09,17.145,16.919,17.104,59463300,1017060283.2
2005-05-12,MSFT,17.056,17.242,17.049,17.166,74540700,1279565656.2
2005-05-13,MSFT,17.187,17.427,17.159,17.372,77204300,1341193099.6
2005-05-16,MSFT,17.379,17.565,17.351,17.558,50577300,888036233.4
2005-05-17,MSFT,17.434,17.565,17.393,17.537,39983200,701185378.4
2005-05-18,MSFT,17.565,17.799,17.51,17.703,71182400,1260142027.2
2005-05-19,MSFT,17.737,17.944,17.703,17.854,52120800,930564763.2
2005-05-20,MSFT,17.827,17.854,17.723,17.73,64444500,1142600985.0
2005-05-23,MSFT,17.73,17.957,17.73,17.806,75421100,1342948106.6
2005-05-24,MSFT,17.772,17.827,17.716,17.737,61287700,1087059934.9
2005-05-25,MSFT,17.689,17.751,17.565,17.71,35749000,633114790.0
2005-05-26,MSFT,17.737,17.909,17.723,17.84,50579200,902332928.0
2005-05-27,MSFT,17.792,17.971,17.778,17.957,54978000,987239946.0
2005-05-31,MSFT,17.902,17.93,17.737,17.772,46131100,819841909.2
2005-06-01,MSFT,17.723,17.909,17.641,17.778,54621000,971052138.0
2005-06-02,MSFT,17.71,17.813,17.661,17.765,27212500,483430062.5
2005-06-03,MSFT,17.703,17.778,17.455,17.517,79659500,1395395461.5
2005-06-06,MSFT,17.482,17.565,17.434,17.475,40756900,712226827.5
2005-06-07,MSFT,17.448,17.792,17.434,17.572,54511400,957874320.8
2005-06-08,MSFT,17.599,17.648,17.455,17.496,45369700,793788271.2
2005-06-09,MSFT,17.496,17.641,17.462,17.572,52767900,927237538.8
2005-06-10,MSFT,17.558,17.579,17.455,17.517,39459800,691217316.6
2005-06-13,MSFT,17.468,17.558,17.4,17.434,49104100,856080879.4
2005-06-14,MSFT,17.434,17.524,17.386,17.468,44243300,772841964.4
2005-06-15,MSFT,17.496,17.503,17.296,17.4,50764800,883307520.0
2005-06-16,MSFT,17.372,17.379,17.186,17.248,65918800,1136967462.4
2005-06-17,MSFT,17.406,17.42,17.165,17.248,90821300,1566485782.4
2005-06-20,MSFT,17.207,17.413,17.172,17.296,50538900,874120814.4
2005-06-21,MSFT,17.276,17.351,17.248,17.324,81084000,1404699216.0
2005-06-22,MSFT,17.296,17.4,17.241,17.269,60492700,1044648436.3
2005-06-23,MSFT,17.338,17.648,17.324,17.434,105159800,1833355953.2
2005-06-24,MSFT,17.372,17.496,17.248,17.248,57970700,999878633.6
2005-06-27,MSFT,17.269,17.393,17.241,17.255,61636200,1063532631.0
2005-06-28,MSFT,17.282,17.358,17.241,17.269,53058100,916260328.9
2005-06-29,MSFT,17.372,17.441,17.22,17.282,55859900,965370791.8
2005-06-30,MSFT,17.262,17.317,17.096,17.11,82018200,1403331402.0
2005-07-01,MSFT,17.117,17.214,16.993,17.021,69718400,1186676886.4
2005-07-05,MSFT,16.986,17.351,16.959,17.207,61883500,1064829384.5
2005-07-06,MSFT,17.2,17.276,17.007,17.014,64214600,1092547204.4
2005-07-07,MSFT,16.931,17.021,16.876,16.979,80082900,1359727559.1
2005-07-08,MSFT,16.972,17.303,16.966,17.282,56104000,969589328.0
2005-07-11,MSFT,17.324,17.482,17.296,17.42,61525400,1071772468.0
2005-07-12,MSFT,17.386,17.648,17.358,17.641,63384800,1118171256.8
2005-07-13,MSFT,17.586,17.737,17.551,17.675,44749200,790942110.0
2005-07-14,MSFT,17.765,17.978,17.765,17.889,69506800,1243407145.2
2005-07-15,MSFT,17.937,17.978,17.737,17.765,56472800,1003239292.0
2005-07-18,MSFT,17.71,17.765,17.599,17.599,39668000,698117132.0
2005-07-19,MSFT,17.765,18.081,17.737,18.019,113290100,2041374311.9
2005-07-20,MSFT,17.909,18.068,17.827,18.04,71424800,1288503392.0
2005-07-21,MSFT,18.116,18.24,17.909,18.212,112932100,2056719405.2
2005-07-22,MSFT,17.902,18.143,17.654,17.689,97558900,1725719382.1
2005-07-25,MSFT,17.696,17.84,17.668,17.696,45174600,799409721.6
2005-07-26,MSFT,17.716,17.73,17.586,17.592,51476400,905572828.8
2005-07-27,MSFT,17.641,17.772,17.586,17.716,57977300,1027125846.8
2005-07-28,MSFT,17.737,17.806,17.675,17.737,44738700,793530321.9
2005-07-29,MSFT,17.758,17.909,17.627,17.641,59524400,1050069940.4
2005-08-01,MSFT,17.778,17.944,17.744,17.854,61346800,1095285767.2
2005-08-02,MSFT,17.84,18.529,17.82,18.467,137510100,2539399016.7
2005-08-03,MSFT,18.433,18.894,18.412,18.77,139422400,2616958448.0
2005-08-04,MSFT,18.708,18.942,18.633,18.819,91461400,1721212086.6
2005-08-05,MSFT,18.798,19.246,18.77,19.122,82212400,1572065512.8
2005-08-08,MSFT,19.149,19.177,18.653,18.688,77207200,1442848153.6
2005-08-09,MSFT,18.75,18.949,18.605,18.839,64761800,1220047550.2
2005-08-10,MSFT,18.881,18.942,18.495,18.564,62818800,1166168203.2
2005-08-11,MSFT,18.584,18.805,18.522,18.784,48646800,913781491.2
2005-08-12,MSFT,18.653,18.695,18.529,18.633,52006500,969037114.5
2005-08-15,MSFT,18.639,18.861,18.439,18.743,45976600,861739413.8
2005-08-16,MSFT,18.674,18.75,18.446,18.474,46894600,866330840.4
2005-08-17,MSFT,18.529,18.757,18.418,18.619,52413100,975879508.9
2005-08-18,MSFT,18.577,18.709,18.515,18.529,40861900,757130145.1
2005-08-19,MSFT,18.55,18.591,18.446,18.46,36043500,665363010.0
2005-08-22,MSFT,18.508,18.771,18.494,18.591,41691700,775090394.7
2005-08-23,MSFT,18.543,18.702,18.474,18.563,48296700,896531642.1
2005-08-24,MSFT,18.543,18.764,18.501,18.522,63645000,1178832690.0
2005-08-25,MSFT,18.584,18.715,18.55,18.674,39306300,734005846.2
2005-08-26,MSFT,18.695,18.709,18.563,18.633,36774600,685221121.8
2005-08-29,MSFT,18.522,18.812,18.522,18.757,52307700,981135528.9
2005-08-30,MSFT,18.695,18.812,18.626,18.778,55163200,1035854569.6
2005-08-31,MSFT,18.771,18.957,18.681,18.916,65210200,1233516143.2
2005-09-01,MSFT,18.916,18.923,18.757,18.791,75974500,1427636829.5
2005-09-02,MSFT,18.798,18.84,18.633,18.667,52047500,971570682.5
2005-09-06,MSFT,18.695,18.854,18.639,18.653,46089000,859698117.0
2005-09-07,MSFT,18.612,18.729,18.529,18.55,44656100,828370655.0
2005-09-08,MSFT,18.515,18.57,18.322,18.384,52552300,966121483.2
2005-09-09,MSFT,18.391,18.529,18.329,18.363,41515800,762354635.4
2005-09-12,MSFT,18.391,18.481,18.322,18.384,40550500,745480392.0
2005-09-13,MSFT,18.335,18.487,18.218,18.294,63422900,1160258532.6
2005-09-14,MSFT,18.322,18.405,18.17,18.177,54969600,999182419.2
2005-09-15,MSFT,18.218,18.259,18.114,18.149,60357200,1095422822.8
2005-09-16,MSFT,18.197,18.239,17.942,18.011,187384300,3374978627.3
2005-09-19,MSFT,18.025,18.149,17.866,17.962,61832300,1110631772.6
2005-09-20,MSFT,18.011,18.114,17.748,17.852,61043400,1089746776.8
2005-09-21,MSFT,17.824,17.893,17.569,17.61,68281800,1202442498.0
2005-09-22,MSFT,17.61,17.686,17.375,17.506,71314900,1248438639.4
2005-09-23,MSFT,17.486,17.645,17.354,17.458,66396800,1159155334.4
2005-09-26,MSFT,17.548,17.61,17.417,17.458,56203700,981204194.6
2005-09-27,MSFT,17.527,17.582,17.479,17.506,48797900,854256037.4
2005-09-28,MSFT,17.541,17.873,17.534,17.734,71019400,1259458039.6
2005-09-29,MSFT,17.693,17.962,17.617,17.921,66807100,1197250039.1
2005-09-30,MSFT,17.9,17.928,17.693,17.776,57644500,1024688632.0
2005-10-03,MSFT,17.762,17.776,17.576,17.617,55341300,974947682.1
2005-10-04,MSFT,17.52,17.541,17.099,17.258,151666300,2617457005.4
2005-10-05,MSFT,17.299,17.306,17.044,17.044,73684700,1255882026.8
2005-10-06,MSFT,17.037,17.237,16.947,17.085,81724600,1396264791.0
2005-10-07,MSFT,17.113,17.161,16.94,16.988,50768700,862458675.6
2005-10-10,MSFT,17.044,17.05,16.822,16.898,48880900,825989448.2
2005-10-11,MSFT,16.933,16.961,16.753,16.864,76567300,1291230947.2
2005-10-12,MSFT,16.919,17.064,16.767,16.788,71294400,1196890387.2
2005-10-13,MSFT,16.795,17.085,16.767,16.988,70192000,1192421696.0
2005-10-14,MSFT,17.071,17.085,16.926,17.044,53846700,917763154.8
2005-10-17,MSFT,17.05,17.057,16.885,16.947,46924400,795227806.8
2005-10-18,MSFT,16.919,17.154,16.892,16.974,69328200,1176776866.8
2005-10-19,MSFT,16.968,17.334,16.926,17.334,66574500,1154002383.0
2005-10-20,MSFT,17.306,17.361,17.092,17.126,58830600,1007532855.6
2005-10-21,MSFT,17.209,17.272,16.974,17.12,69431200,1188662144.0
2005-10-24,MSFT,17.196,17.341,17.05,17.341,51868000,899442988.0
2005-10-25,MSFT,17.237,17.361,17.154,17.292,41310500,714341166.0
2005-10-26,MSFT,17.251,17.5,17.223,17.348,58178100,1009273678.8
2005-10-27,MSFT,17.424,17.458,17.168,17.168,61566100,1056966804.8
2005-10-28,MSFT,17.341,17.686,17.341,17.638,106559300,1879492933.4
2005-10-31,MSFT,17.693,17.824,17.617,17.755,75122100,1333792885.5
2005-11-01,MSFT,17.693,18.031,17.693,17.935,71370400,1280028124.0
2005-11-02,MSFT,17.914,18.308,17.914,18.28,75067100,1372226588.0
2005-11-03,MSFT,18.377,18.405,18.135,18.266,73421600,1341118945.6
2005-11-04,MSFT,18.329,18.453,18.273,18.418,57464000,1058371952.0
2005-11-07,MSFT,18.46,18.709,18.446,18.66,77104800,1438775568.0
2005-11-08,MSFT,18.612,18.778,18.494,18.688,60091700,1122993689.6
2005-11-09,MSFT,18.639,18.757,18.612,18.626,59562100,1109403674.6
2005-11-10,MSFT,18.612,18.757,18.405,18.715,73314800,1372086482.0
2005-11-11,MSFT,18.757,18.923,18.743,18.847,51945600,979018723.2
2005-11-14,MSFT,18.902,18.957,18.791,18.909,67152200,1269780949.8
2005-11-15,MSFT,18.937,19.082,18.881,19.054,65081000,1240053374.0
2005-11-16,MSFT,19.041,19.318,19.013,19.221,86277000,1658330217.0
2005-11-17,MSFT,19.297,19.401,19.235,19.38,91351000,1770382380.0
2005-11-18,MSFT,19.484,19.574,19.332,19.449,75431200,1467061408.8
2005-11-21,MSFT,19.449,19.567,19.29,19.512,65794400,1283780332.8
2005-11-22,MSFT,19.442,19.456,19.304,19.338,104253300,2016050315.4
2005-11-23,MSFT,19.345,19.463,19.221,19.345,70541300,1364621448.5
2005-11-25,MSFT,19.262,19.359,19.034,19.235,44082500,847926887.5
2005-11-28,MSFT,19.255,19.297,19.075,19.228,57517200,1105940721.6
2005-11-29,MSFT,19.255,19.255,19.124,19.179,62220400,1193325051.6
2005-11-30,MSFT,19.179,19.241,19.144,19.179,55904700,1072196241.3
2005-12-01,MSFT,19.214,19.47,19.214,19.325,61006100,1178942882.5
2005-12-02,MSFT,19.276,19.47,19.255,19.408,42319600,821338796.8
2005-12-05,MSFT,19.352,19.415,19.2,19.297,47517300,916941338.1
2005-12-06,MSFT,19.332,19.345,19.179,19.186,65980000,1265892280.0
2005-12-07,MSFT,19.172,19.228,19.089,19.228,55583200,1068753769.6
2005-12-08,MSFT,19.2,19.269,19.124,19.186,63931600,1226591677.6
2005-12-09,MSFT,19.2,19.283,19.151,19.2,48467000,930566400.0
2005-12-12,MSFT,19.193,19.228,18.937,19.02,63757200,1212661944.0
2005-12-13,MSFT,18.909,19.006,18.708,18.798,104285500,1960358829.0
2005-12-14,MSFT,18.708,18.874,18.604,18.77,65076200,1221480274.0
2005-12-15,MSFT,18.763,18.784,18.576,18.652,79018100,1473845601.2
2005-12-16,MSFT,18.625,18.763,18.576,18.639,88542500,1650343657.5
2005-12-19,MSFT,18.583,18.618,18.465,18.59,68680100,1276763059.0
2005-12-20,MSFT,18.542,18.625,18.479,18.611,62960600,1171759726.6
2005-12-21,MSFT,18.618,18.646,18.507,18.521,75800900,1403908468.9
2005-12-22,MSFT,18.507,18.556,18.306,18.424,91276900,1681685605.6
2005-12-23,MSFT,18.375,18.479,18.32,18.458,30689200,566461253.6
2005-12-27,MSFT,18.486,18.604,18.327,18.334,37819000,693373546.0
2005-12-28,MSFT,18.368,18.472,18.258,18.285,35444400,648100854.0
2005-12-29,MSFT,18.299,18.361,18.195,18.202,34495500,627887091.0
2005-12-30,MSFT,18.119,18.23,18.084,18.119,49044600,888639107.4
2006-01-03,MSFT,18.188,18.708,18.084,18.597,79973000,1487257881.0
2006-01-04,MSFT,18.549,18.763,18.549,18.687,57975600,1083390037.2
2006-01-05,MSFT,18.68,18.798,18.646,18.701,48245500,902239095.5
2006-01-06,MSFT,18.632,18.708,18.355,18.646,100963000,1882556098.0
2006-01-09,MSFT,18.659,18.756,18.542,18.611,55625000,1035236875.0
2006-01-10,MSFT,18.465,18.722,18.424,18.708,64921900,1214558905.2
2006-01-11,MSFT,18.715,18.978,18.639,18.909,70120700,1325912316.3
2006-01-12,MSFT,18.881,18.888,18.687,18.805,45994800,864932214.0
2006-01-13,MSFT,18.729,18.881,18.715,18.84,41418000,780315120.0
2006-01-17,MSFT,18.639,18.84,18.639,18.701,58566600,1095253986.6
2006-01-18,MSFT,18.528,18.694,18.5,18.59,52376200,973673558.0
2006-01-19,MSFT,18.618,18.874,18.604,18.722,60367600,1130202207.2
2006-01-20,MSFT,18.715,18.715,18.195,18.299,79165900,1448656804.1
2006-01-23,MSFT,18.299,18.382,18.223,18.258,47925600,875025604.8
2006-01-24,MSFT,18.251,18.327,18.167,18.209,63040700,1147908106.3
2006-01-25,MSFT,18.299,18.41,18.174,18.292,59072100,1080546853.2
2006-01-26,MSFT,18.403,18.514,18.23,18.361,69509300,1276260257.3
2006-01-27,MSFT,18.867,19.366,18.84,19.255,134520700,2590196078.5
2006-01-30,MSFT,19.276,19.526,19.248,19.401,103999200,2017688479.2
2006-01-31,MSFT,19.338,19.664,19.311,19.505,94841300,1849879556.5
2006-02-01,MSFT,19.373,19.449,19.235,19.429,68448800,1329891735.2
2006-02-02,MSFT,19.38,19.394,19.089,19.179,55073400,1056252738.6
2006-02-03,MSFT,19.041,19.193,18.944,19.082,75022700,1431583161.4
2006-02-06,MSFT,19.061,19.082,18.77,18.826,60170500,1132769833.0
2006-02-07,MSFT,18.673,18.812,18.576,18.666,72159500,1346929227.0
2006-02-08,MSFT,18.715,18.763,18.507,18.646,51795200,965773299.2
2006-02-09,MSFT,18.68,18.729,18.465,18.472,52861700,976461322.4
2006-02-10,MSFT,18.445,18.632,18.368,18.493,52127000,963984611.0
2006-02-13,MSFT,18.452,18.5,18.251,18.285,46707000,854037495.0
2006-02-14,MSFT,18.299,18.486,18.258,18.465,58432900,1078963498.5
2006-02-15,MSFT,18.493,18.723,18.424,18.688,62808900,1173772723.2
2006-02-16,MSFT,18.667,18.702,18.472,18.639,48868500,910859971.5
2006-02-17,MSFT,18.542,18.639,18.465,18.563,41513200,770609531.6
2006-02-21,MSFT,18.577,18.577,18.312,18.452,50216100,926587477.2
2006-02-22,MSFT,18.445,18.674,18.403,18.577,43043100,799611668.7
2006-02-23,MSFT,18.584,18.695,18.452,18.535,47359100,877800918.5
2006-02-24,MSFT,18.486,18.591,18.438,18.514,44753800,828571853.2
2006-02-27,MSFT,18.598,18.952,18.542,18.806,51301500,964776009.0
2006-02-28,MSFT,18.737,18.98,18.681,18.681,65036100,1214939384.1
2006-03-01,MSFT,18.757,18.91,18.737,18.869,53061200,1001211782.8
2006-03-02,MSFT,18.785,18.841,18.702,18.75,41850300,784693125.0
2006-03-03,MSFT,18.639,18.883,18.591,18.723,45218800,846631592.4
2006-03-06,MSFT,18.716,18.876,18.653,18.709,53054100,992589156.9
2006-03-07,MSFT,18.702,18.841,18.639,18.813,51613900,971012300.7
2006-03-08,MSFT,18.764,19.119,18.75,18.945,57547400,1090235493.0
2006-03-09,MSFT,18.959,19.063,18.771,18.771,45360700,851465699.7
2006-03-10,MSFT,18.813,18.924,18.688,18.89,41297200,780104108.0
2006-03-13,MSFT,18.896,18.973,18.73,18.848,40342600,760377324.8
2006-03-14,MSFT,18.799,19.036,18.764,18.931,39821800,753866495.8
2006-03-15,MSFT,18.91,19.084,18.778,19.022,57152000,1087145344.0
2006-03-16,MSFT,19.008,19.105,18.924,18.959,73793700,1399054758.3
2006-03-17,MSFT,19.015,19.23,18.959,19.119,120615000,2306038185.0
2006-03-20,MSFT,19.258,19.46,19.237,19.39,67094100,1300954599.0
2006-03-21,MSFT,19.286,19.62,19.244,19.286,73199600,1411727485.6
2006-03-22,MSFT,18.827,19.119,18.632,18.876,145696100,2750159583.6
2006-03-23,MSFT,18.827,18.841,18.535,18.667,73682900,1375438694.3
2006-03-24,MSFT,18.57,18.917,18.507,18.778,69157600,1298641412.8
2006-03-27,MSFT,18.778,18.98,18.771,18.778,59908600,1124963690.8
2006-03-28,MSFT,18.778,18.917,18.639,18.702,58520500,1094450391.0
2006-03-29,MSFT,18.737,18.91,18.716,18.785,53150300,998428385.5
2006-03-30,MSFT,18.792,19.042,18.771,18.931,54612000,1033859772.0
2006-03-31,MSFT,18.98,19.147,18.917,18.917,62190500,1176457688.5
2006-04-03,MSFT,19.237,19.279,19.077,19.161,57605300,1103775153.3
2006-04-04,MSFT,19.188,19.328,19.098,19.216,45470000,873751520.0
2006-04-05,MSFT,19.383,19.425,19.216,19.286,41539300,801126939.8
2006-04-06,MSFT,19.23,19.272,19.029,19.161,51885500,994178065.5
2006-04-07,MSFT,19.195,19.272,18.931,18.945,47249400,895139883.0
2006-04-10,MSFT,18.931,19.077,18.91,18.973,39432000,748143336.0
2006-04-11,MSFT,18.973,18.994,18.771,18.862,42953400,810187030.8
2006-04-12,MSFT,18.841,18.91,18.75,18.91,32183000,608580530.0
2006-04-13,MSFT,18.827,18.91,18.771,18.82,28160000,529971200.0
2006-04-17,MSFT,18.792,18.806,18.584,18.66,35796200,667957092.0
2006-04-18,MSFT,18.73,19.119,18.646,18.924,56272700,1064904574.8
2006-04-19,MSFT,18.848,18.903,18.744,18.792,45111100,847727791.2
2006-04-20,MSFT,18.806,18.903,18.563,18.792,45648300,857822853.6
2006-04-21,MSFT,18.806,19.042,18.771,18.876,58528000,1104774528.0
2006-04-24,MSFT,18.82,18.945,18.757,18.848,42318400,797617203.2
2006-04-25,MSFT,18.834,18.917,18.785,18.848,49222500,927745680.0
2006-04-26,MSFT,18.827,18.931,18.771,18.841,39190000,738378790.0
2006-04-27,MSFT,18.75,19.209,18.73,18.945,96509600,1828374372.0
2006-04-28,MSFT,16.846,17.033,16.686,16.79,591052200,9923766438.0
2006-05-01,MSFT,16.908,17.381,16.748,16.887,174800900,2951862798.3
2006-05-02,MSFT,17.026,17.381,16.616,16.693,190533500,3180575715.5
2006-05-03,MSFT,16.679,16.7,16.095,16.109,211527100,3407490053.9
2006-05-04,MSFT,16.234,16.456,16.088,16.296,171257400,2790810590.4
2006-05-05,MSFT,16.449,16.651,16.352,16.547,131604300,2177656352.1
2006-05-08,MSFT,16.581,17.381,16.345,16.498,80693500,1331281363.0
2006-05-09,MSFT,16.512,16.686,16.331,16.421,75345900,1237255023.9
2006-05-10,MSFT,16.456,16.54,16.401,16.526,76563300,1265285095.8
2006-05-11,MSFT,16.484,16.54,16.095,16.143,92916700,1499954288.1
2006-05-12,MSFT,16.088,16.248,16.025,16.109,83115900,1338914033.1
2006-05-15,MSFT,16.123,16.213,16.074,16.157,67314800,1087605223.6
2006-05-16,MSFT,16.164,16.751,15.99,16.06,82095100,1318447306.0
2006-05-17,MSFT,15.976,16.109,15.864,15.864,98598300,1564163431.2
2006-05-18,MSFT,15.941,16.15,15.885,15.934,95476400,1521320957.6
2006-05-19,MSFT,15.906,15.983,15.718,15.746,100071200,1575721115.2
2006-05-22,MSFT,15.69,16.067,15.669,15.969,87322300,1394449808.7
2006-05-23,MSFT,16.13,16.318,15.892,15.906,79986300,1272262087.8
2006-05-24,MSFT,16.046,16.43,16.039,16.402,107356700,1760864593.4
2006-05-25,MSFT,16.451,16.695,16.43,16.569,83052700,1376100186.3
2006-05-26,MSFT,16.59,16.667,16.444,16.555,46861600,775793788.0
2006-05-30,MSFT,16.437,16.583,16.15,16.157,52497500,848202107.5
2006-05-31,MSFT,16.234,16.297,15.808,15.808,120202000,1900153216.0
2006-06-01,MSFT,15.871,15.941,15.788,15.927,80230800,1277835951.6
2006-06-02,MSFT,15.962,16.046,15.822,15.885,73935600,1174467006.0
2006-06-05,MSFT,15.857,15.864,15.697,15.704,63914100,1003707026.4
2006-06-06,MSFT,15.739,15.746,15.341,15.446,126601300,1955483679.8
2006-06-07,MSFT,15.459,15.627,15.362,15.383,73827500,1135688432.5
2006-06-08,MSFT,15.376,15.501,15.334,15.432,104126900,1606886320.8
2006-06-09,MSFT,15.459,15.487,15.278,15.299,52573800,804326566.2
2006-06-12,MSFT,15.327,15.425,15.145,15.152,74309700,1125940574.4
2006-06-13,MSFT,15.166,15.376,14.978,15.013,113175300,1699100778.9
2006-06-14,MSFT,15.069,15.313,15.041,15.271,86081500,1314550586.5
2006-06-15,MSFT,15.362,15.446,15.215,15.404,121577300,1872776729.2
2006-06-16,MSFT,15.334,15.55,15.208,15.425,147506500,2275287762.5
2006-06-19,MSFT,15.453,15.774,15.439,15.739,129640900,2040418125.1
2006-06-20,MSFT,15.732,15.885,15.704,15.746,90598500,1426563981.0
2006-06-21,MSFT,15.781,16.157,15.725,16.109,91660300,1476555772.7
2006-06-22,MSFT,16.095,16.171,15.899,15.969,76590600,1223075291.4
2006-06-23,MSFT,15.948,15.962,15.704,15.704,60532600,950603950.4
2006-06-26,MSFT,15.808,15.976,15.795,15.927,53644100,854389580.7
2006-06-27,MSFT,15.976,16.164,15.941,15.955,84759100,1352331440.5
2006-06-28,MSFT,16.025,16.227,15.99,16.164,71906500,1162296666.0
2006-06-29,MSFT,16.276,16.492,16.206,16.381,121395500,1988579685.5
2006-06-30,MSFT,16.43,16.506,16.262,16.262,73048800,1187919585.6
2006-07-03,MSFT,16.423,16.555,16.367,16.541,25711400,425292267.4
2006-07-05,MSFT,16.388,16.416,16.262,16.297,53093500,865264769.5
2006-07-06,MSFT,16.367,16.478,16.346,16.388,44775200,733775977.6
2006-07-07,MSFT,16.325,16.437,16.262,16.262,63168800,1027251025.6
2006-07-10,MSFT,16.353,16.513,16.318,16.402,50565100,829368770.2
2006-07-11,MSFT,16.311,16.311,15.871,16.123,88676300,1429727984.9
2006-07-12,MSFT,15.906,15.969,15.788,15.801,77379300,1222670319.3
2006-07-13,MSFT,15.613,15.781,15.529,15.536,73099500,1135673832.0
2006-07-14,MSFT,15.55,15.739,15.515,15.557,67499400,1050088165.8
2006-07-17,MSFT,15.557,15.781,15.536,15.69,37053500,581369415.0
2006-07-18,MSFT,15.767,15.885,15.69,15.871,65047300,1032365698.3
2006-07-19,MSFT,15.927,16.374,15.857,16.332,82188200,1342297682.4
2006-07-20,MSFT,16.36,16.367,15.899,15.948,76605200,1221699729.6
2006-07-21,MSFT,16.807,16.855,16.053,16.66,175483800,2923560108.0
2006-07-24,MSFT,16.758,16.827,16.604,16.751,59586700,998136811.7
2006-07-25,MSFT,16.751,16.953,16.681,16.904,60075800,1015521323.2
2006-07-26,MSFT,16.834,17.121,16.82,17.009,54942100,934510178.9
2006-07-27,MSFT,17.155,17.169,16.59,16.66,85386800,1422544088.0
2006-07-28,MSFT,16.807,16.946,16.793,16.925,51705800,875120665.0
2006-07-31,MSFT,16.8,17.044,16.758,16.793,40254400,675992139.2
2006-08-01,MSFT,16.765,16.89,16.646,16.744,49168700,823280712.8
2006-08-02,MSFT,16.834,17.03,16.772,16.96,46462000,787995520.0
2006-08-03,MSFT,16.883,17.086,16.855,16.897,43155300,729195104.1
2006-08-04,MSFT,17.03,17.093,16.855,16.953,45690400,774589351.2
2006-08-07,MSFT,16.946,17.086,16.883,16.904,36862400,623122009.6
2006-08-08,MSFT,17.023,17.114,16.89,16.988,58171300,988214044.4
2006-08-09,MSFT,17.093,17.197,16.988,17.058,44405700,757472430.6
2006-08-10,MSFT,17.009,17.169,16.988,17.072,31753400,542094044.8
2006-08-11,MSFT,17.051,17.065,16.89,17.051,30255500,515886530.5
2006-08-14,MSFT,17.114,17.169,16.995,17.121,47831900,818929959.9
2006-08-15,MSFT,17.198,17.268,17.121,17.247,48994500,845008141.5
2006-08-16,MSFT,17.24,17.324,17.142,17.303,52373600,906220400.8
2006-08-17,MSFT,17.303,17.338,17.24,17.303,45674800,790311064.4
2006-08-18,MSFT,17.548,18.073,17.499,18.066,128414800,2319941776.8
2006-08-21,MSFT,17.975,18.304,17.905,18.297,88398300,1617423695.1
2006-08-22,MSFT,18.22,18.389,17.947,17.947,89312400,1602889642.8
2006-08-23,MSFT,17.968,18.178,17.877,17.982,44648500,802869327.0
2006-08-24,MSFT,18.087,18.115,17.863,18.031,35933300,647913332.3
2006-08-25,MSFT,18.01,18.213,17.996,18.108,33115900,599662717.2
2006-08-28,MSFT,18.101,18.213,17.996,18.178,34190900,621522180.2
2006-08-29,MSFT,18.157,18.199,17.954,18.101,42711200,773115431.2
2006-08-30,MSFT,18.108,18.136,17.961,18.073,30283100,547306466.3
2006-08-31,MSFT,18.122,18.199,17.989,18.003,26380500,474928141.5
2006-09-01,MSFT,18.136,18.192,17.961,18.101,31594600,571893854.6
2006-09-05,MSFT,17.996,18.185,17.905,17.94,44222400,793349856.0
2006-09-06,MSFT,17.87,18.017,17.87,17.94,50160400,899877576.0
2006-09-07,MSFT,17.849,18.003,17.786,17.814,51266900,913268556.6
2006-09-08,MSFT,17.884,18.066,17.835,17.933,36866800,661132324.4
2006-09-11,MSFT,17.814,18.178,17.807,18.15,55608200,1009288830.0
2006-09-12,MSFT,18.143,18.199,18.017,18.164,52248800,949047203.2
2006-09-13,MSFT,18.087,18.283,18.087,18.199,37706700,686224233.3
2006-09-14,MSFT,18.206,18.564,18.199,18.445,74324500,1370915402.5
2006-09-15,MSFT,18.62,18.872,18.557,18.809,126057700,2371019279.3
2006-09-18,MSFT,18.732,18.942,18.683,18.767,49135000,922116545.0
2006-09-19,MSFT,18.732,18.872,18.718,18.816,43039100,809823705.6
2006-09-20,MSFT,18.921,19.075,18.907,19.04,71676400,1364718656.0
2006-09-21,MSFT,19.082,19.089,18.809,18.844,58495100,1102281664.4
2006-09-22,MSFT,18.795,18.809,18.55,18.676,47712500,891078650.0
2006-09-25,MSFT,18.781,19.047,18.767,18.879,67903900,1281957728.1
2006-09-26,MSFT,18.851,19.138,18.83,19.054,54766500,1043520891.0
2006-09-27,MSFT,19.04,19.243,18.998,19.222,66233900,1273148025.8
2006-09-28,MSFT,19.243,19.278,19.096,19.194,44179700,847985161.8
2006-09-29,MSFT,19.159,19.208,19.061,19.159,34283500,656837576.5
2006-10-02,MSFT,19.138,19.257,19.019,19.166,52908100,1014036644.6
2006-10-03,MSFT,19.173,19.25,19.061,19.173,39386200,755151612.6
2006-10-04,MSFT,19.187,19.586,19.173,19.572,82191200,1608646166.4
2006-10-05,MSFT,19.558,19.691,19.46,19.558,81967200,1603114497.6
2006-10-06,MSFT,19.446,19.614,19.369,19.523,36452200,711656300.6
2006-10-09,MSFT,19.474,19.565,19.348,19.418,33366300,647906813.4
2006-10-10,MSFT,19.397,19.439,19.222,19.397,34598500,671107104.5
2006-10-11,MSFT,19.236,19.383,19.208,19.292,37219600,718040523.2
2006-10-12,MSFT,19.32,19.818,19.292,19.769,120174900,2375737598.1
2006-10-13,MSFT,19.853,20.098,19.832,19.874,129751900,2578689260.6
2006-10-16,MSFT,19.951,20.035,19.846,19.93,49744800,991413864.0
2006-10-17,MSFT,19.783,19.972,19.734,19.923,40122600,799362559.8
2006-10-18,MSFT,19.965,20.105,19.797,19.979,40630800,811762753.2
2006-10-19,MSFT,19.86,19.93,19.698,19.818,44730800,886474994.4
2006-10-20,MSFT,19.951,19.958,19.734,19.916,48887800,973649424.8
2006-10-23,MSFT,19.825,20.098,19.741,19.93,48525000,967103250.0
2006-10-24,MSFT,19.916,19.916,19.706,19.811,61409600,1216585585.6
2006-10-25,MSFT,19.811,19.937,19.713,19.832,40717100,807501527.2
2006-10-26,MSFT,19.846,19.902,19.642,19.86,69964200,1389489012.0
2006-10-27,MSFT,19.958,20.168,19.79,19.853,89060100,1768110165.3
2006-10-30,MSFT,19.86,20.203,19.839,19.986,47296800,945273844.8
2006-10-31,MSFT,20.077,20.21,20.007,20.112,61861700,1244162510.4
2006-11-01,MSFT,20.161,20.308,20.105,20.182,75895900,1531731053.8
2006-11-02,MSFT,20.112,20.217,20.021,20.154,58674400,1182523857.6
2006-11-03,MSFT,20.21,20.266,20.042,20.126,41124500,827671687.0
2006-11-06,MSFT,20.154,20.35,20.147,20.203,60446200,1221194578.6
2006-11-07,MSFT,20.217,20.364,20.175,20.28,56511200,1146047136.0
2006-11-08,MSFT,20.161,20.476,20.077,20.301,77403300,1571364393.3
2006-11-09,MSFT,20.392,20.595,20.315,20.497,89407500,1832585527.5
2006-11-10,MSFT,20.434,20.518,20.42,20.483,37855100,775386013.3
2006-11-13,MSFT,20.448,20.637,20.427,20.56,47271800,971908208.0
2006-11-14,MSFT,20.581,20.68,20.434,20.546,63012500,1294654825.0
2006-11-15,MSFT,20.476,20.637,20.462,20.469,63943200,1308853360.8
2006-11-16,MSFT,20.483,20.834,20.476,20.715,64328500,1332564877.5
2006-11-17,MSFT,20.602,20.764,20.581,20.666,49356700,1020005562.2
2006-11-20,MSFT,20.75,21.087,20.736,21.01,85703800,1800636838.0
2006-11-21,MSFT,21.024,21.087,20.94,21.031,66446600,1397438444.6
2006-11-22,MSFT,21.066,21.087,20.961,21.031,43907200,923412323.2
2006-11-24,MSFT,20.848,20.975,20.834,20.919,20456700,427933707.3
2006-11-27,MSFT,20.869,20.905,20.616,20.722,72722100,1506947356.2
2006-11-28,MSFT,20.623,20.68,20.476,20.659,52602300,1086710915.7
2006-11-29,MSFT,20.694,20.933,20.687,20.785,58775100,1221640453.5
2006-11-30,MSFT,20.68,20.785,20.616,20.637,53297400,1099898443.8
2006-12-01,MSFT,20.546,20.595,20.314,20.469,72257000,1479028533.0
2006-12-04,MSFT,20.546,20.75,20.504,20.616,55123400,1136424014.4
2006-12-05,MSFT,20.637,20.666,20.405,20.476,45606000,933828456.0
2006-12-06,MSFT,20.455,20.476,20.293,20.377,48564100,989590665.7
2006-12-07,MSFT,20.356,20.434,20.251,20.279,46831100,949687876.9
2006-12-08,MSFT,20.258,20.666,20.244,20.666,108854900,2249595363.4
2006-12-11,MSFT,20.518,20.912,20.462,20.764,107712000,2236531968.0
2006-12-12,MSFT,20.778,20.827,20.539,20.687,68529400,1417667697.8
2006-12-13,MSFT,20.806,20.806,20.609,20.771,46002500,955517927.5
2006-12-14,MSFT,20.764,21.144,20.75,21.137,85866500,1814960210.5
2006-12-15,MSFT,21.186,21.249,21.108,21.221,102783700,2181172897.7
2006-12-18,MSFT,21.221,21.27,20.933,21.01,56986800,1197292668.0
2006-12-19,MSFT,20.883,21.207,20.757,21.08,53822100,1134569868.0
2006-12-20,MSFT,21.08,21.256,21.066,21.151,31202100,659955617.1
2006-12-21,MSFT,21.179,21.186,21.01,21.073,32270500,680036246.5
2006-12-22,MSFT,20.968,20.989,20.82,20.834,37971700,791102397.8
2006-12-26,MSFT,20.757,21.087,20.666,21.08,37098300,782032164.0
2006-12-27,MSFT,21.08,21.179,21.024,21.101,31248400,659372488.4
2006-12-28,MSFT,20.989,21.108,20.954,21.073,26690600,562451013.8
2006-12-29,MSFT,20.989,21.193,20.968,20.989,41739800,876076662.2
2007-01-03,MSFT,21.024,21.263,20.666,20.989,76935100,1614790813.9
2007-01-04,MSFT,20.876,21.066,20.694,20.954,45774500,959158873.0
2007-01-05,MSFT,20.827,20.912,20.701,20.834,44607200,929346404.8
2007-01-08,MSFT,20.841,21.158,20.757,21.038,50220200,1056532567.6
2007-01-09,MSFT,21.087,21.214,20.898,21.059,44636600,940002159.4
2007-01-10,MSFT,20.947,21.01,20.687,20.848,55017400,1147002755.2
2007-01-11,MSFT,20.919,21.615,20.841,21.579,99464300,2146340129.7
2007-01-12,MSFT,21.544,22.064,21.537,21.938,103972500,2280948705.0
2007-01-16,MSFT,21.973,22.107,21.811,21.903,62379600,1366300378.8
2007-01-17,MSFT,21.973,22.1,21.797,21.861,58519600,1279296975.6
2007-01-18,MSFT,21.896,22.05,21.65,21.79,56364300,1228178097.0
2007-01-19,MSFT,21.6,21.868,21.572,21.868,75826900,1658182649.2
2007-01-22,MSFT,21.832,21.875,21.446,21.593,56143900,1212315232.7
2007-01-23,MSFT,21.53,21.762,21.453,21.607,49171200,1062442118.4
2007-01-24,MSFT,21.636,22.001,21.544,21.853,58527800,1279008013.4
2007-01-25,MSFT,21.846,22.128,21.404,21.404,97378700,2084293694.8
2007-01-26,MSFT,21.945,21.952,21.509,21.509,96103700,2067094483.3
2007-01-29,MSFT,21.544,21.636,21.326,21.46,57605900,1236222614.0
2007-01-30,MSFT,21.488,21.537,21.186,21.425,61900400,1326216070.0
2007-01-31,MSFT,21.376,21.861,21.333,21.692,73968400,1604522532.8
2007-02-01,MSFT,21.678,21.748,21.347,21.481,55355800,1189097939.8
2007-02-02,MSFT,21.664,21.678,21.179,21.221,60401700,1281784475.7
2007-02-05,MSFT,21.066,21.101,20.673,20.813,99102100,2062612007.3
2007-02-06,MSFT,20.799,20.912,20.539,20.743,79281100,1644527857.3
2007-02-07,MSFT,20.834,20.876,20.56,20.644,65145500,1344863702.0
2007-02-08,MSFT,20.553,20.947,20.525,20.567,48749000,1002620683.0
2007-02-09,MSFT,20.63,20.666,20.335,20.37,69823100,1422296547.0
2007-02-12,MSFT,20.307,20.448,20.265,20.342,52774400,1073536844.8
2007-02-13,MSFT,20.483,20.596,20.427,20.462,50348100,1030222822.2
2007-02-14,MSFT,20.575,20.942,20.561,20.737,55588600,1152740798.2
2007-02-15,MSFT,20.864,20.914,20.61,20.78,63858100,1326971318.0
2007-02-16,MSFT,20.392,20.413,20.208,20.272,109340300,2216546561.6
2007-02-20,MSFT,20.194,20.356,20.081,20.335,53978200,1097646697.0
2007-02-21,MSFT,20.279,20.73,20.272,20.702,68604900,1420258639.8
2007-02-22,MSFT,20.674,20.836,20.568,20.73,57754400,1197248712.0
2007-02-23,MSFT,20.61,20.653,20.377,20.385,63787100,1300300033.5
2007-02-26,MSFT,20.427,20.519,20.328,20.504,63481900,1301632877.6
2007-02-27,MSFT,20.251,20.434,19.602,19.658,87143300,1713062991.4
2007-02-28,MSFT,19.714,19.926,19.693,19.87,86333300,1715442671.0
2007-03-01,MSFT,19.623,19.982,19.559,19.813,80175700,1588521144.1
2007-03-02,MSFT,19.764,19.863,19.58,19.58,63254700,1238527026.0
2007-03-05,MSFT,19.39,19.686,19.334,19.432,56454300,1097019957.6
2007-03-06,MSFT,19.609,19.707,19.503,19.63,49361800,968972134.0
2007-03-07,MSFT,19.58,19.679,19.432,19.475,52044700,1013570532.5
2007-03-08,MSFT,19.552,19.644,18.762,19.27,72175200,1390816104.0
2007-03-09,MSFT,19.341,19.383,19.066,19.249,80125000,1542326125.0
2007-03-12,MSFT,19.171,19.383,19.136,19.355,36516400,706774922.0
2007-03-13,MSFT,19.221,19.327,18.84,18.847,75169500,1416719566.5
2007-03-14,MSFT,18.917,19.327,18.854,19.327,75730300,1463639508.1
2007-03-15,MSFT,19.27,19.376,19.185,19.242,51757100,995910118.2
2007-03-16,MSFT,19.291,19.383,19.185,19.277,65055300,1254071018.1
2007-03-19,MSFT,19.284,19.63,19.185,19.63,49412000,969957560.0
2007-03-20,MSFT,19.7,19.863,19.58,19.637,47902400,940659428.8
2007-03-21,MSFT,19.679,20.117,19.439,20.117,72808200,1464682559.4
2007-03-22,MSFT,20.117,20.138,19.757,19.94,47934900,955821906.0
2007-03-23,MSFT,19.905,19.94,19.609,19.764,50519800,998473327.2
2007-03-26,MSFT,19.707,19.905,19.538,19.905,47491500,945318307.5
2007-03-27,MSFT,19.778,19.863,19.503,19.552,58979800,1153173049.6
2007-03-28,MSFT,19.453,19.75,19.327,19.496,46947000,915278712.0
2007-03-29,MSFT,19.637,19.644,19.39,19.573,42629900,834395032.7
2007-03-30,MSFT,19.573,19.714,19.397,19.658,47061000,925125138.0
2007-04-02,MSFT,19.672,19.7,19.439,19.566,41977600,821333721.6
2007-04-03,MSFT,19.651,19.792,19.573,19.658,39821300,782807115.4
2007-04-04,MSFT,19.757,20.3,19.679,20.102,63244200,1271334908.4
2007-04-05,MSFT,19.975,20.208,19.961,20.138,30131200,606782105.6
2007-04-09,MSFT,20.159,20.258,20.025,20.152,31384600,632462459.2
2007-04-10,MSFT,20.102,20.201,19.905,20.032,38643100,774098579.2
2007-04-11,MSFT,19.961,20.152,19.743,19.827,44050200,873383315.4
2007-04-12,MSFT,19.792,20.187,19.778,20.131,43762100,880974835.1
2007-04-13,MSFT,20.053,20.243,19.82,20.18,36002900,726538522.0
2007-04-16,MSFT,20.173,20.279,19.898,20.265,30740100,622948126.5
2007-04-17,MSFT,20.194,20.378,20.145,20.349,33170200,674980399.8
2007-04-18,MSFT,20.18,20.222,20.004,20.173,41778400,842795663.2
2007-04-19,MSFT,19.99,20.378,19.933,20.236,43648800,883277116.8
2007-04-20,MSFT,20.441,20.526,20.243,20.469,60311500,1234516093.5
2007-04-23,MSFT,20.427,20.448,20.222,20.3,41739100,847303730.0
2007-04-24,MSFT,20.307,20.427,20.166,20.307,34236700,695244666.9
2007-04-25,MSFT,20.356,20.455,20.236,20.448,39475000,807184800.0
2007-04-26,MSFT,20.519,20.702,20.392,20.526,68760300,1411373917.8
2007-04-27,MSFT,21.28,21.682,21.16,21.245,128298800,2725708006.0
2007-04-30,MSFT,21.252,21.421,21.118,21.118,67788800,1431563878.4
2007-05-01,MSFT,21.118,21.457,21.09,21.443,73539300,1576903209.9
2007-05-02,MSFT,21.436,21.647,21.372,21.591,80686700,1742106539.7
2007-05-03,MSFT,21.584,21.866,21.534,21.845,82036800,1792093896.0
2007-05-04,MSFT,21.64,21.654,21.365,21.555,104385900,2250038074.5
2007-05-07,MSFT,21.527,21.696,21.499,21.661,59889100,1297257795.1
2007-05-08,MSFT,21.64,21.823,21.57,21.689,60551700,1313305821.3
2007-05-09,MSFT,21.654,21.816,21.562,21.711,51735000,1123218585.0
2007-05-10,MSFT,21.64,21.816,21.534,21.57,55398600,1194947802.0
2007-05-11,MSFT,21.562,21.852,21.548,21.788,43425300,946150436.4
2007-05-14,MSFT,21.753,21.859,21.732,21.845,70188500,1533267782.5
2007-05-15,MSFT,21.866,22.0,21.823,21.866,75013900,1640253937.4
2007-05-16,MSFT,21.937,22.0,21.802,21.986,45833600,1007697529.6
2007-05-17,MSFT,21.958,22.036,21.908,21.922,41045600,899801643.2
2007-05-18,MSFT,21.915,21.93,21.639,21.816,58453000,1275210648.0
2007-05-21,MSFT,21.746,22.05,21.746,21.972,41836400,919229380.8
2007-05-22,MSFT,21.866,21.887,21.696,21.717,39999500,868669141.5
2007-05-23,MSFT,21.823,21.823,21.632,21.639,46322500,1002372577.5
2007-05-24,MSFT,21.611,21.795,21.201,21.349,64046400,1367326593.6
2007-05-25,MSFT,21.427,21.696,21.356,21.569,47726500,1029412878.5
2007-05-29,MSFT,21.576,21.816,21.505,21.788,42373100,923225102.8
2007-05-30,MSFT,21.618,22.029,21.59,22.014,57376800,1263092875.2
2007-05-31,MSFT,22.022,22.05,21.661,21.717,85290500,1852253788.5
2007-06-01,MSFT,21.788,21.866,21.618,21.646,39469400,854354632.4
2007-06-04,MSFT,21.526,21.767,21.512,21.738,41434500,900703161.0
2007-06-05,MSFT,21.668,21.675,21.463,21.639,44265000,957850335.0
2007-06-06,MSFT,21.491,21.604,21.406,21.434,38217500,819153895.0
2007-06-07,MSFT,21.243,21.434,20.939,20.96,71971400,1508520544.0
2007-06-08,MSFT,20.932,21.271,20.811,21.264,61346200,1304465596.8
2007-06-11,MSFT,21.187,21.406,21.179,21.243,48467400,1029592978.2
2007-06-12,MSFT,21.201,21.399,21.066,21.123,56981800,1203626561.4
2007-06-13,MSFT,21.208,21.519,21.123,21.505,64435600,1385687578.0
2007-06-14,MSFT,21.477,21.731,21.441,21.597,59065700,1275641922.9
2007-06-15,MSFT,21.838,21.852,21.533,21.576,100933000,2177730408.0
2007-06-18,MSFT,21.717,21.738,21.526,21.59,45412600,980458034.0
2007-06-19,MSFT,21.569,21.696,21.498,21.554,46802600,1008783240.4
2007-06-20,MSFT,21.54,21.59,21.201,21.236,46861600,995152937.6
2007-06-21,MSFT,21.215,21.441,21.165,21.385,56564800,1209638248.0
2007-06-22,MSFT,21.229,21.3,20.84,20.868,86219900,1799236873.2
2007-06-25,MSFT,20.854,21.066,20.79,20.868,53905800,1124906234.4
2007-06-26,MSFT,20.911,21.087,20.875,20.889,48340300,1009780526.7
2007-06-27,MSFT,20.776,21.194,20.776,21.137,53468600,1130165798.2
2007-06-28,MSFT,21.13,21.208,21.003,21.109,46055200,972179216.8
2007-06-29,MSFT,21.137,21.179,20.55,20.854,71193900,1484677590.6
2007-07-02,MSFT,20.995,21.087,20.868,21.045,47316000,995765220.0
2007-07-03,MSFT,21.08,21.385,21.073,21.243,35202600,747808831.8
2007-07-05,MSFT,21.264,21.385,21.109,21.222,47838500,1015228647.0
2007-07-06,MSFT,21.165,21.257,20.988,21.208,57541000,1220329528.0
2007-07-09,MSFT,21.13,21.194,21.095,21.137,33831400,715094301.8
2007-07-10,MSFT,21.017,21.222,20.649,20.755,66013500,1370110192.5
2007-07-11,MSFT,20.691,20.981,20.67,20.868,48017000,1002018756.0
2007-07-12,MSFT,20.918,21.307,20.833,21.279,54302400,1155500769.6
2007-07-13,MSFT,21.187,21.243,20.988,21.102,42173000,889934646.0
2007-07-16,MSFT,21.059,21.399,21.031,21.25,48023200,1020493000.0
2007-07-17,MSFT,21.243,21.852,21.236,21.781,77539600,1688890027.6
2007-07-18,MSFT,21.59,21.915,21.583,21.88,64414400,1409387072.0
2007-07-19,MSFT,21.972,22.531,21.887,22.298,121159300,2701610071.4
2007-07-20,MSFT,22.043,22.078,21.788,22.05,98292600,2167351830.0
2007-07-23,MSFT,22.191,22.305,22.022,22.071,48910600,1079505852.6
2007-07-24,MSFT,21.944,22.276,21.731,21.795,59729300,1301800093.5
2007-07-25,MSFT,21.93,22.149,21.491,21.731,54950100,1194120623.1
2007-07-26,MSFT,21.399,21.604,20.882,21.215,87025300,1846241739.5
2007-07-27,MSFT,21.179,21.229,20.776,20.797,69214600,1439456036.2
2007-07-30,MSFT,20.811,20.868,20.486,20.804,67499600,1404261678.4
2007-07-31,MSFT,21.024,21.031,20.507,20.514,66554000,1365288756.0
2007-08-01,MSFT,20.486,20.911,20.394,20.734,80006300,1658850624.2
2007-08-02,MSFT,20.656,21.08,20.536,20.889,47938300,1001383148.7
2007-08-03,MSFT,20.84,21.073,20.451,20.493,61535500,1261047001.5
2007-08-06,MSFT,20.557,20.903,20.344,20.903,59530500,1244366041.5
2007-08-07,MSFT,20.755,21.08,20.557,20.911,49163000,1028047493.0
2007-08-08,MSFT,21.031,21.236,20.67,21.229,52898600,1122984379.4
2007-08-09,MSFT,20.974,21.3,20.465,20.734,72964500,1512845943.0
2007-08-10,MSFT,20.451,20.557,19.998,20.316,76576200,1555722079.2
2007-08-13,MSFT,20.479,20.514,20.125,20.26,55492300,1124273998.0
2007-08-14,MSFT,20.43,20.515,20.025,20.075,42944100,862102807.5
2007-08-15,MSFT,20.054,20.586,19.919,19.954,48117700,960140585.8
2007-08-16,MSFT,19.798,20.132,19.535,19.748,81447400,1608423255.2
2007-08-17,MSFT,19.947,20.061,19.755,20.061,76747700,1539635609.7
2007-08-20,MSFT,20.011,20.231,19.94,20.068,49952000,1002436736.0
2007-08-21,MSFT,19.954,20.11,19.791,19.933,50786200,1012321324.6
2007-08-22,MSFT,20.075,20.11,19.89,20.039,44763500,897015776.5
2007-08-23,MSFT,20.082,20.118,19.954,20.096,33886600,680985113.6
2007-08-24,MSFT,20.032,20.48,19.933,20.458,45158900,923860776.2
2007-08-27,MSFT,20.316,20.43,20.167,20.231,32789500,663364374.5
2007-08-28,MSFT,20.096,20.231,19.819,19.833,43924400,871152625.2
2007-08-29,MSFT,19.975,20.316,19.755,20.302,45753700,928891617.4
2007-08-30,MSFT,20.181,20.544,20.11,20.203,33690700,680653212.1
2007-08-31,MSFT,20.38,20.536,20.139,20.402,42511900,867327783.8
2007-09-04,MSFT,20.238,20.664,20.224,20.458,45689600,934717836.8
2007-09-05,MSFT,20.345,20.402,20.181,20.224,47669800,964074035.2
2007-09-06,MSFT,20.281,20.6,20.274,20.529,45430800,932648893.2
2007-09-07,MSFT,20.323,20.473,20.11,20.196,52160900,1053441536.4
2007-09-10,MSFT,20.359,20.416,20.174,20.224,37247600,753295462.4
2007-09-11,MSFT,20.331,20.558,20.295,20.544,34380800,706319155.2
2007-09-12,MSFT,20.458,20.714,20.451,20.544,42364700,870340396.8
2007-09-13,MSFT,20.678,20.778,20.565,20.707,35288600,730721040.2
2007-09-14,MSFT,20.579,20.671,20.508,20.622,33496600,690766885.2
2007-09-17,MSFT,20.444,20.508,20.323,20.402,39536500,806623673.0
2007-09-18,MSFT,20.38,20.572,20.075,20.544,77462400,1591387545.6
2007-09-19,MSFT,20.501,20.529,20.096,20.359,94242200,1918676949.8
2007-09-20,MSFT,20.224,20.295,20.125,20.181,67168900,1355535570.9
2007-09-21,MSFT,20.373,20.458,20.196,20.345,135636100,2759516454.5
2007-09-24,MSFT,20.458,21.026,20.451,20.65,104459800,2157094870.0
2007-09-25,MSFT,20.693,20.991,20.671,20.991,75621000,1587360411.0
2007-09-26,MSFT,21.076,21.197,20.934,20.948,60337000,1263939476.0
2007-09-27,MSFT,21.09,21.105,20.906,20.941,43407100,908988081.1
2007-09-28,MSFT,20.941,21.083,20.757,20.92,45819100,958535572.0
2007-10-01,MSFT,20.92,21.154,20.884,21.14,43875100,927519614.0
2007-10-02,MSFT,21.09,21.197,20.998,21.09,33700900,710751981.0
2007-10-03,MSFT,21.097,21.197,20.799,20.913,37633900,787037750.7
2007-10-04,MSFT,20.991,21.14,20.906,21.097,37868000,798901196.0
2007-10-05,MSFT,21.225,21.296,21.112,21.19,45012300,953810637.0
2007-10-08,MSFT,21.062,21.197,21.019,21.19,30265400,641323826.0
2007-10-09,MSFT,21.325,21.58,21.303,21.374,63603100,1359452659.4
2007-10-10,MSFT,21.332,21.566,21.325,21.467,32251500,692342950.5
2007-10-11,MSFT,21.516,21.751,21.154,21.239,50788400,1078694827.6
2007-10-12,MSFT,21.325,21.587,21.268,21.424,31121100,666738446.4
2007-10-15,MSFT,21.374,21.538,21.303,21.332,47150500,1005814466.0
2007-10-16,MSFT,21.474,21.715,21.467,21.531,56286200,1211898172.2
2007-10-17,MSFT,21.836,22.177,21.765,22.07,86092400,1900059268.0
2007-10-18,MSFT,22.17,22.177,21.751,22.127,49208600,1088838692.2
2007-10-19,MSFT,22.077,22.077,21.382,21.424,75200200,1611089084.8
2007-10-22,MSFT,21.389,21.8,21.389,21.666,58785100,1273637976.6
2007-10-23,MSFT,21.808,22.099,21.808,21.942,49956200,1096138940.4
2007-10-24,MSFT,21.907,22.227,21.658,22.191,77979200,1730436427.2
2007-10-25,MSFT,22.418,22.88,22.361,22.717,169588700,3852546497.9
2007-10-26,MSFT,25.571,25.585,24.542,24.875,288121200,7167014850.0
2007-10-29,MSFT,24.747,25.06,24.463,24.549,114655600,2814680324.4
2007-10-30,MSFT,24.407,25.273,24.392,25.259,107297300,2710222500.7
2007-10-31,MSFT,25.223,26.274,25.216,26.139,185635800,4852334176.2
2007-11-01,MSFT,25.94,26.622,25.82,26.317,152078800,4002257779.6
2007-11-02,MSFT,26.43,26.629,25.862,26.317,96389800,2536690366.6
2007-11-05,MSFT,26.104,26.345,26.011,26.082,75485400,1968810202.8
2007-11-06,MSFT,25.983,26.033,25.472,25.855,100966700,2610494028.5
2007-11-07,MSFT,25.592,25.678,25.174,25.223,74897800,1889147209.4
2007-11-08,MSFT,25.28,25.493,24.428,24.669,133742400,3299291265.6
2007-11-09,MSFT,24.272,24.527,23.895,23.952,125136900,2997279028.8
2007-11-12,MSFT,23.661,23.938,23.448,23.704,84865200,2011644700.8
2007-11-13,MSFT,23.896,24.701,23.782,24.551,104311500,2560951636.5
2007-11-14,MSFT,24.665,24.758,24.046,24.174,84063100,2032141379.4
2007-11-15,MSFT,24.053,24.295,23.903,24.053,64014100,1539731147.3
2007-11-16,MSFT,24.124,24.409,24.017,24.288,71113800,1727211974.4
2007-11-19,MSFT,24.195,24.395,24.131,24.195,63026200,1524918909.0
2007-11-20,MSFT,24.388,24.915,24.295,24.637,100009400,2463931587.8
2007-11-21,MSFT,24.509,24.744,24.352,24.388,89518700,2183182055.6
2007-11-23,MSFT,24.48,24.537,24.017,24.302,33467200,813319894.4
2007-11-26,MSFT,24.288,24.487,23.461,23.49,80335000,1887069150.0
2007-11-27,MSFT,23.704,23.939,23.283,23.554,84178400,1982738033.6
2007-11-28,MSFT,23.782,24.145,23.44,24.01,88585000,2126925850.0
2007-11-29,MSFT,23.924,24.174,23.732,23.932,53633600,1283559315.2
2007-11-30,MSFT,24.167,24.309,23.647,23.939,71027800,1700334504.2
2007-12-03,MSFT,23.867,23.967,23.283,23.454,61770600,1448767652.4
2007-12-04,MSFT,23.326,23.682,23.248,23.347,54801500,1279450620.5
2007-12-05,MSFT,23.611,24.594,23.533,24.331,84894700,2065572945.7
2007-12-06,MSFT,24.409,24.658,24.131,24.616,49209700,1211345975.2
2007-12-07,MSFT,24.658,24.722,24.38,24.601,40771000,1003007371.0
2007-12-10,MSFT,24.68,24.901,24.559,24.765,36083500,893607877.5
2007-12-11,MSFT,24.744,24.929,24.174,24.295,55070700,1337942656.5
2007-12-12,MSFT,24.658,25.0,24.174,24.559,63345400,1555699678.6
2007-12-13,MSFT,24.566,25.257,24.423,25.093,73913200,1854703927.6
2007-12-14,MSFT,24.972,25.535,24.943,25.157,71126200,1789321813.4
2007-12-17,MSFT,24.958,25.029,24.48,24.502,58121200,1424085642.4
2007-12-18,MSFT,24.68,24.936,24.373,24.751,52791800,1306649841.8
2007-12-19,MSFT,24.715,25.036,24.494,24.787,58469100,1449273581.7
2007-12-20,MSFT,25.143,25.499,24.993,25.307,59345000,1501843915.0
2007-12-21,MSFT,25.577,25.691,25.47,25.691,83240500,2138531685.5
2007-12-24,MSFT,25.741,26.162,25.684,26.062,29622600,772024201.2
2007-12-26,MSFT,25.941,26.105,25.834,26.083,30252400,789073349.2
2007-12-27,MSFT,25.898,26.04,25.606,25.627,33311100,853663559.7
2007-12-28,MSFT,25.72,25.812,25.413,25.734,33447200,860730244.8
2007-12-31,MSFT,25.577,25.641,25.307,25.364,35229700,893566110.8
2008-01-02,MSFT,25.499,25.62,24.936,25.093,63004200,1580964390.6
2008-01-03,MSFT,25.093,25.399,24.836,25.2,49599600,1249909920.0
2008-01-04,MSFT,25.072,25.079,24.288,24.494,72090800,1765792055.2
2008-01-07,MSFT,24.616,24.794,24.402,24.658,80164300,1976691309.4
2008-01-08,MSFT,24.73,24.73,23.796,23.832,79148300,1886262285.6
2008-01-09,MSFT,23.768,24.608,23.761,24.537,74305500,1823234053.5
2008-01-10,MSFT,24.473,24.58,24.067,24.459,72446000,1771956714.0
2008-01-11,MSFT,24.323,24.395,24.024,24.16,55187900,1333339664.0
2008-01-14,MSFT,24.551,24.63,24.281,24.502,52792200,1293514484.4
2008-01-15,MSFT,24.245,24.494,24.224,24.224,61606200,1492348588.8
2008-01-16,MSFT,23.81,23.974,23.162,23.675,120778500,2859430987.5
2008-01-17,MSFT,23.896,24.081,23.49,23.59,94247800,2223305602.0
2008-01-18,MSFT,23.625,24.224,23.49,23.518,117062000,2753064116.0
2008-01-22,MSFT,22.471,23.176,22.443,22.77,108521400,2471032278.0
2008-01-23,MSFT,22.428,22.834,22.115,22.749,137597400,3130203252.6
2008-01-24,MSFT,23.048,23.768,22.884,23.689,155640400,3686965435.6
2008-01-25,MSFT,24.865,24.936,23.419,23.468,196992300,4623015296.4
2008-01-28,MSFT,23.525,23.582,23.098,23.312,81019000,1888714928.0
2008-01-29,MSFT,23.404,23.433,23.048,23.226,68023000,1579902198.0
2008-01-30,MSFT,23.198,23.369,22.834,22.941,106432600,2441670276.6
2008-01-31,MSFT,22.735,23.326,22.599,23.226,103642200,2407193737.2
2008-02-01,MSFT,22.129,23.689,21.552,21.694,291138900,6315967296.6
2008-02-04,MSFT,21.723,21.887,21.452,21.509,119998600,2581049887.4
2008-02-05,MSFT,21.31,21.331,20.583,20.711,137534100,2848468745.1
2008-02-06,MSFT,20.861,20.911,20.156,20.319,138315600,2810434676.4
2008-02-07,MSFT,20.191,20.505,19.878,20.034,164964900,3304906806.6
2008-02-08,MSFT,20.156,20.718,20.12,20.348,124872000,2540895456.0
2008-02-11,MSFT,20.319,20.384,19.885,20.099,156814100,3151806595.9
2008-02-12,MSFT,20.255,20.391,20.027,20.191,84365900,1703431886.9
2008-02-13,MSFT,20.391,20.697,20.327,20.633,88986200,1836052264.6
2008-02-14,MSFT,20.576,20.69,20.277,20.305,69113500,1403349617.5
2008-02-15,MSFT,20.17,20.405,20.127,20.248,68166100,1380227192.8
2008-02-19,MSFT,20.599,20.627,20.076,20.148,68261200,1375326657.6
2008-02-20,MSFT,20.134,20.212,19.969,20.184,93056200,1878246340.8
2008-02-21,MSFT,20.47,20.713,19.998,20.098,98776500,1985210097.0
2008-02-22,MSFT,20.198,20.305,19.454,19.798,125705400,2488715509.2
2008-02-25,MSFT,19.776,20.198,19.655,19.912,109974300,2189808261.6
2008-02-26,MSFT,19.84,20.642,19.79,20.298,108923500,2210929203.0
2008-02-27,MSFT,20.162,20.513,20.098,20.212,75199500,1519932294.0
2008-02-28,MSFT,20.041,20.22,19.883,19.976,83002900,1658065930.4
2008-02-29,MSFT,19.805,19.905,19.325,19.454,117411400,2284121375.6
2008-03-03,MSFT,19.483,19.59,19.218,19.304,76544300,1477611167.2
2008-03-04,MSFT,19.325,19.762,19.283,19.733,86925600,1715302864.8
2008-03-05,MSFT,19.848,20.32,19.812,20.112,106489800,2141722857.6
2008-03-06,MSFT,20.069,20.148,19.669,19.719,91127700,1796947116.3
2008-03-07,MSFT,19.554,20.076,19.54,19.933,77597600,1546752960.8
2008-03-10,MSFT,19.905,20.212,19.848,20.062,72175100,1447976856.2
2008-03-11,MSFT,20.313,20.985,20.298,20.942,98740700,2067827739.4
2008-03-12,MSFT,21.049,21.092,20.413,20.477,75993800,1556125042.6
2008-03-13,MSFT,20.413,20.734,20.141,20.47,84552200,1730783534.0
2008-03-14,MSFT,20.541,20.749,19.769,19.998,105214900,2104087570.2
2008-03-17,MSFT,19.526,20.549,19.511,20.241,84490100,1710164114.1
2008-03-18,MSFT,20.506,21.085,20.506,21.042,83695300,1761116502.6
2008-03-19,MSFT,21.013,21.164,20.47,20.47,61442100,1257719787.0
2008-03-20,MSFT,20.556,20.899,20.448,20.87,60170200,1255752074.0
2008-03-24,MSFT,20.978,21.028,20.785,20.863,48294700,1007572326.1
2008-03-25,MSFT,20.978,21.006,20.699,20.842,49149000,1024363458.0
2008-03-26,MSFT,20.763,20.792,20.298,20.427,45868100,936947678.7
2008-03-27,MSFT,20.37,20.377,20.026,20.062,47894400,960857452.8
2008-03-28,MSFT,20.191,20.334,19.905,19.962,49244000,983008728.0
2008-03-31,MSFT,19.941,20.448,19.912,20.298,46780600,949552618.8
2008-04-01,MSFT,20.62,21.128,20.477,21.099,65796200,1388234023.8
2008-04-02,MSFT,21.149,21.156,20.742,20.856,49499400,1032359486.4
2008-04-03,MSFT,20.742,20.971,20.599,20.742,38961400,808137358.8
2008-04-04,MSFT,20.835,20.928,20.556,20.856,43860800,914760844.8
2008-04-07,MSFT,21.135,21.164,20.763,20.856,44428600,926602881.6
2008-04-08,MSFT,20.699,20.742,20.413,20.563,44733500,919854960.5
2008-04-09,MSFT,20.541,20.77,20.413,20.663,45839300,947177455.9
2008-04-10,MSFT,20.62,21.028,20.599,20.82,65591600,1365617112.0
2008-04-11,MSFT,20.649,20.749,20.177,20.227,54373700,1099816829.9
2008-04-14,MSFT,20.198,20.248,19.976,20.069,43418100,871357848.9
2008-04-15,MSFT,20.112,20.37,20.048,20.205,34310000,693233550.0
2008-04-16,MSFT,20.434,20.777,20.298,20.706,54107400,1120347824.4
2008-04-17,MSFT,20.827,20.985,20.67,20.899,48743300,1018686226.7
2008-04-18,MSFT,21.464,21.528,21.178,21.457,73658900,1580499017.3
2008-04-21,MSFT,21.593,21.886,21.543,21.757,54411700,1183835356.9
2008-04-22,MSFT,21.915,21.958,21.435,21.636,67387500,1457995950.0
2008-04-23,MSFT,21.779,22.501,21.671,22.494,98351500,2212318641.0
2008-04-24,MSFT,22.623,22.959,22.287,22.744,115416700,2625037424.8
2008-04-25,MSFT,21.493,21.736,21.171,21.335,145194900,3097733191.5
2008-04-28,MSFT,21.314,21.342,20.613,20.734,97473000,2021005182.0
2008-04-29,MSFT,20.599,20.67,20.348,20.484,84428900,1729441587.6
2008-04-30,MSFT,20.556,20.892,20.391,20.398,74733600,1524415972.8
2008-05-01,MSFT,20.384,21.092,20.37,21.028,71699400,1507694983.2
2008-05-02,MSFT,21.164,21.185,20.642,20.913,66024200,1380764094.6
2008-05-05,MSFT,21.407,21.621,20.734,20.799,119687700,2489384472.3
2008-05-06,MSFT,20.742,21.357,20.692,21.242,93582000,1987868844.0
2008-05-07,MSFT,21.235,21.557,20.799,20.892,88775000,1854687300.0
2008-05-08,MSFT,20.942,21.021,20.742,20.935,69589900,1456864556.5
2008-05-09,MSFT,20.892,21.135,20.706,21.021,51621200,1085129245.2
2008-05-12,MSFT,21.028,21.5,20.992,21.45,64278800,1378780260.0
2008-05-13,MSFT,21.536,21.629,21.198,21.378,70934700,1516442016.6
2008-05-14,MSFT,21.457,21.723,21.342,21.486,66730400,1433769374.4
2008-05-15,MSFT,21.522,21.916,21.493,21.859,53355800,1166304432.2
2008-05-16,MSFT,21.873,21.88,21.478,21.529,81538200,1755435907.8
2008-05-19,MSFT,21.443,21.457,21.041,21.148,59615000,1260738020.0
2008-05-20,MSFT,21.033,21.041,20.552,20.646,75767600,1564297869.6
2008-05-21,MSFT,20.682,20.854,20.237,20.28,60125100,1219337028.0
2008-05-22,MSFT,20.301,20.603,20.229,20.438,52203100,1066926957.8
2008-05-23,MSFT,20.287,20.337,20.064,20.136,48890700,984463135.2
2008-05-27,MSFT,20.179,20.459,20.136,20.416,47334500,966381152.0
2008-05-28,MSFT,20.502,20.509,20.129,20.229,52318500,1058350936.5
2008-05-29,MSFT,20.251,20.588,20.201,20.323,47699200,969390841.6
2008-05-30,MSFT,20.373,20.603,20.244,20.33,63399200,1288905736.0
2008-06-02,MSFT,20.272,20.359,19.777,19.957,77028400,1537255778.8
2008-06-03,MSFT,20.036,20.323,19.576,19.605,86616700,1698120403.5
2008-06-04,MSFT,19.583,19.842,19.526,19.77,79567400,1573047498.0
2008-06-05,MSFT,19.899,20.315,19.813,20.315,76063400,1545227971.0
2008-06-06,MSFT,20.093,20.222,19.734,19.734,78500800,1549134787.2
2008-06-09,MSFT,19.849,20.036,19.598,19.892,66787100,1328528993.2
2008-06-10,MSFT,19.641,20.308,19.612,20.021,77433900,1550304111.9
2008-06-11,MSFT,19.992,20.057,19.461,19.468,59330800,1155052014.4
2008-06-12,MSFT,19.669,20.495,19.519,20.272,113996300,2310932993.6
2008-06-13,MSFT,20.552,21.227,20.459,20.868,131969100,2753931178.8
2008-06-16,MSFT,20.832,20.897,20.56,20.768,74718900,1551762115.2
2008-06-17,MSFT,20.847,20.904,20.667,20.674,44256700,914963015.8
2008-06-18,MSFT,20.495,20.717,20.43,20.43,49677800,1014917454.0
2008-06-19,MSFT,20.495,20.954,20.337,20.768,62037800,1288401030.4
2008-06-20,MSFT,20.746,20.761,20.172,20.265,97480400,1975440306.0
2008-06-23,MSFT,20.316,20.394,19.949,20.079,57145300,1147420478.7
2008-06-24,MSFT,20.043,20.107,19.748,19.906,65218300,1298235479.8
2008-06-25,MSFT,19.964,20.581,19.928,20.351,64280200,1308166350.2
2008-06-26,MSFT,20.122,20.244,19.921,19.921,67049100,1335685121.1
2008-06-27,MSFT,19.87,20.036,19.712,19.835,73450200,1456884717.0
2008-06-30,MSFT,19.906,20.086,19.734,19.748,57830500,1142036714.0
2008-07-01,MSFT,19.576,19.655,18.98,19.289,100327800,1935222934.2
2008-07-02,MSFT,19.31,19.382,18.578,18.578,84669000,1572980682.0
2008-07-03,MSFT,18.643,18.736,18.377,18.65,37074500,691439425.0
2008-07-07,MSFT,18.743,18.944,18.27,18.686,71527600,1336564733.6
2008-07-08,MSFT,18.614,18.808,18.313,18.557,65553200,1216470732.4
2008-07-09,MSFT,18.514,18.557,18.076,18.112,54255800,982681049.6
2008-07-10,MSFT,18.09,18.428,17.932,18.27,57830600,1056565062.0
2008-07-11,MSFT,18.061,18.406,17.853,18.126,69532600,1260347907.6
2008-07-14,MSFT,18.291,18.528,17.997,18.054,51216200,924657274.8
2008-07-15,MSFT,17.896,19.124,17.896,18.772,92719300,1740526699.6
2008-07-16,MSFT,18.758,19.59,18.607,19.569,82060400,1605839967.6
2008-07-17,MSFT,19.799,20.036,19.461,19.756,96526100,1906969631.6
2008-07-18,MSFT,18.923,19.002,18.026,18.564,150277000,2789742228.0
2008-07-21,MSFT,18.42,18.786,18.327,18.406,77575600,1427856493.6
2008-07-22,MSFT,18.334,18.621,18.291,18.521,88657200,1642020001.2
2008-07-23,MSFT,18.564,19.267,18.557,18.973,79408800,1506623162.4
2008-07-24,MSFT,18.729,18.786,18.262,18.262,81092600,1480913061.2
2008-07-25,MSFT,18.406,18.822,18.305,18.779,58682300,1101994911.7
2008-07-28,MSFT,18.707,18.743,18.191,18.305,59707800,1092951279.0
2008-07-29,MSFT,18.32,18.801,18.234,18.743,66368200,1243939172.6
2008-07-30,MSFT,18.808,19.016,18.593,18.83,51977700,978740091.0
2008-07-31,MSFT,18.557,18.865,18.456,18.463,60461000,1116291443.0
2008-08-01,MSFT,18.607,18.629,17.997,18.262,82720200,1510636292.4
2008-08-04,MSFT,18.227,18.341,18.026,18.148,60588300,1099556468.4
2008-08-05,MSFT,18.406,18.865,18.305,18.815,84297600,1586059344.0
2008-08-06,MSFT,19.188,19.497,18.937,19.397,95550000,1853383350.0
2008-08-07,MSFT,19.31,19.921,19.188,19.662,82565800,1623408759.6
2008-08-08,MSFT,19.634,20.265,19.519,20.193,80814100,1631879121.3
2008-08-11,MSFT,20.0,20.387,19.856,20.028,68743800,1376800826.4
2008-08-12,MSFT,19.942,20.359,19.799,20.186,62813000,1267943218.0
2008-08-13,MSFT,20.15,20.459,19.928,20.036,51165200,1025145947.2
2008-08-14,MSFT,19.971,20.301,19.784,20.036,49732300,996436362.8
2008-08-15,MSFT,20.086,20.208,19.799,19.964,47267400,943646373.6
2008-08-18,MSFT,19.942,20.136,19.777,19.878,38078200,756918459.6
2008-08-19,MSFT,19.849,20.0,19.654,19.69,40332900,794154801.0
2008-08-20,MSFT,19.849,19.878,19.582,19.669,41497200,816208426.8
2008-08-21,MSFT,19.532,19.625,19.359,19.589,43614200,854358563.8
2008-08-22,MSFT,19.625,20.094,19.618,20.065,47930400,961723476.0
2008-08-25,MSFT,19.899,20.065,19.791,19.935,51381300,1024286215.5
2008-08-26,MSFT,19.878,19.979,19.582,19.654,44774400,879996057.6
2008-08-27,MSFT,19.705,20.029,19.553,19.863,33975300,674851383.9
2008-08-28,MSFT,19.899,20.188,19.892,20.137,48372600,974079046.2
2008-08-29,MSFT,19.95,20.022,19.669,19.669,50735500,997916549.5
2008-09-02,MSFT,19.942,20.007,19.503,19.532,66079200,1290658934.4
2008-09-03,MSFT,19.46,19.589,19.344,19.388,57127700,1107591847.6
2008-09-04,MSFT,19.272,19.38,18.991,18.991,66141900,1256100822.9
2008-09-05,MSFT,18.76,18.897,18.472,18.487,82305200,1521576232.4
2008-09-08,MSFT,18.89,18.977,18.501,18.825,62110800,1169235810.0
2008-09-09,MSFT,18.883,19.171,18.775,18.811,85735700,1612774252.7
2008-09-10,MSFT,19.114,19.359,18.919,19.056,75064900,1430436734.4
2008-09-11,MSFT,18.811,19.791,18.76,19.705,72913300,1436756576.5
2008-09-12,MSFT,19.56,19.993,19.416,19.906,75628500,1505460921.0
2008-09-15,MSFT,19.402,19.813,19.265,19.33,82349400,1591813902.0
2008-09-16,MSFT,18.804,19.092,18.393,18.732,111729700,2092920740.4
2008-09-17,MSFT,18.544,18.645,17.658,17.708,106972100,1894261946.8
2008-09-18,MSFT,17.874,18.27,17.305,18.206,132291300,2408495407.8
2008-09-19,MSFT,19.006,19.027,16.937,18.133,134926100,2446614971.3
2008-09-22,MSFT,18.897,18.969,18.249,18.306,105207700,1925932156.2
2008-09-23,MSFT,18.494,18.861,18.263,18.335,92181300,1690144135.5
2008-09-24,MSFT,18.436,18.804,18.35,18.537,80250300,1487599811.1
2008-09-25,MSFT,18.609,19.373,18.551,19.178,96203500,1844990723.0
2008-09-26,MSFT,18.861,19.863,18.84,19.748,100744300,1989498436.4
2008-09-29,MSFT,19.416,19.935,18.025,18.025,134383100,2422255377.5
2008-09-30,MSFT,18.573,19.236,18.407,19.236,107192700,2061958777.2
2008-10-01,MSFT,19.013,19.452,18.941,19.085,88957000,1697744345.0
2008-10-02,MSFT,18.869,19.121,18.523,18.919,93819800,1774976796.2
2008-10-03,MSFT,19.006,19.798,18.912,18.969,114289400,2167955628.6
2008-10-06,MSFT,18.472,18.732,17.398,17.953,146374600,2627863193.8
2008-10-07,MSFT,18.004,18.169,16.678,16.742,145941200,2443347570.4
2008-10-08,MSFT,16.505,17.514,16.216,16.584,171598600,2845791182.4
2008-10-09,MSFT,17.132,17.233,15.906,16.072,131948700,2120679506.4
2008-10-10,MSFT,15.705,16.108,14.883,15.496,228467500,3540332380.0
2008-10-13,MSFT,16.476,18.378,16.31,18.378,144935400,2663622781.2
2008-10-14,MSFT,18.479,18.544,17.009,17.369,165674900,2877607338.1
2008-10-15,MSFT,17.139,17.478,16.202,16.332,113280200,1850092226.4
2008-10-16,MSFT,16.533,17.434,15.359,17.434,161147800,2809450745.2
2008-10-17,MSFT,16.987,18.097,16.8,17.247,133673100,2305459955.7
2008-10-20,MSFT,17.442,17.838,16.584,17.816,93484300,1665516288.8
2008-10-21,MSFT,17.514,18.025,16.771,16.836,100385600,1690091961.6
2008-10-22,MSFT,16.606,16.62,15.063,15.517,150054800,2328400331.6
2008-10-23,MSFT,15.532,16.281,15.056,16.087,154774100,2489850946.7
2008-10-24,MSFT,15.178,16.476,15.099,15.827,153919700,2436087091.9
2008-10-27,MSFT,15.618,15.827,15.15,15.265,117683900,1796444733.5
2008-10-28,MSFT,15.596,16.728,15.38,16.649,134088800,2232444431.2
2008-10-29,MSFT,16.67,17.276,16.36,16.577,111701800,1851680738.6
2008-10-30,MSFT,17.074,17.211,16.137,16.31,95323000,1554718130.0
2008-10-31,MSFT,16.238,16.512,15.942,16.094,93055200,1497630388.8
2008-11-03,MSFT,16.202,16.512,16.007,16.303,61923500,1009538820.5
2008-11-04,MSFT,16.67,17.052,16.483,16.959,72123000,1223133957.0
2008-11-05,MSFT,16.815,16.822,15.892,15.914,81179700,1291893745.8
2008-11-06,MSFT,15.762,15.914,15.034,15.049,95509700,1437325475.3
2008-11-07,MSFT,15.366,15.524,15.135,15.496,71256300,1104187624.8
2008-11-10,MSFT,15.748,15.834,15.272,15.351,67106800,1030156486.8
2008-11-11,MSFT,15.344,15.351,14.984,15.279,78014500,1191983545.5
2008-11-12,MSFT,15.056,15.135,14.616,14.631,90162300,1319164611.3
2008-11-13,MSFT,14.523,15.315,13.506,15.315,148413700,2272955815.5
2008-11-14,MSFT,14.818,15.38,14.162,14.458,96624500,1396997021.0
2008-11-17,MSFT,14.227,14.587,13.802,13.924,97289000,1354652036.0
2008-11-18,MSFT,14.149,14.265,13.605,14.236,108966500,1551247094.0
2008-11-19,MSFT,14.244,14.476,13.242,13.271,103010500,1367052345.5
2008-11-20,MSFT,13.148,13.67,12.698,12.72,139532800,1774857216.0
2008-11-21,MSFT,13.075,14.294,13.046,14.28,157231900,2245271532.0
2008-11-24,MSFT,14.432,15.194,14.418,15.013,125289900,1880977268.7
2008-11-25,MSFT,15.136,15.187,14.186,14.505,92948100,1348212190.5
2008-11-26,MSFT,14.316,15.006,14.316,14.868,79678300,1184656964.4
2008-11-28,MSFT,14.679,14.737,14.527,14.672,28650800,420364537.6
2008-12-01,MSFT,14.425,14.476,13.496,13.504,79639900,1075457209.6
2008-12-02,MSFT,13.779,14.011,13.467,13.895,79689800,1107289771.0
2008-12-03,MSFT,13.533,14.44,13.496,14.418,80961500,1167302907.0
2008-12-04,MSFT,14.077,14.454,13.634,13.866,78719200,1091520427.2
2008-12-05,MSFT,13.721,14.498,13.402,14.418,91996200,1326401211.6
2008-12-08,MSFT,14.766,15.419,14.614,15.245,107225000,1634645125.0
2008-12-09,MSFT,14.962,15.419,14.846,14.948,80484900,1203088285.2
2008-12-10,MSFT,15.107,15.209,14.73,14.955,61499000,919717545.0
2008-12-11,MSFT,14.592,14.599,14.011,14.113,83564300,1179342965.9
2008-12-12,MSFT,13.895,14.403,13.569,14.048,78112600,1097325804.8
2008-12-15,MSFT,14.033,14.106,13.707,13.816,59925900,827936234.4
2008-12-16,MSFT,13.939,14.643,13.787,14.592,97688700,1425473510.4
2008-12-17,MSFT,14.374,14.548,14.149,14.265,78922700,1125832315.5
2008-12-18,MSFT,14.411,14.527,13.779,14.004,80759200,1130951836.8
2008-12-19,MSFT,14.091,14.367,13.866,13.874,113530400,1575120769.6
2008-12-22,MSFT,13.961,13.997,13.707,13.917,58575400,815193841.8
2008-12-23,MSFT,13.99,14.2,13.794,13.99,47511400,664684486.0
2008-12-24,MSFT,13.975,14.113,13.859,13.91,16880400,234806364.0
2008-12-26,MSFT,13.932,14.026,13.852,13.881,23101000,320664981.0
2008-12-29,MSFT,13.895,13.939,13.525,13.758,58512800,805019102.4
2008-12-30,MSFT,13.794,14.142,13.787,14.033,43224100,606563795.3
2008-12-31,MSFT,14.011,14.28,13.982,14.106,46419000,654786414.0
2009-01-02,MSFT,14.171,14.802,14.055,14.752,50084000,738839168.0
2009-01-05,MSFT,14.657,14.998,14.556,14.889,61475200,915304252.8
2009-01-06,MSFT,15.056,15.238,14.955,15.064,58083400,874968337.6
2009-01-07,MSFT,14.65,14.723,14.135,14.157,72709900,1029354054.3
2009-01-08,MSFT,14.244,14.65,14.186,14.599,70255400,1025658584.6
2009-01-09,MSFT,14.636,14.73,14.084,14.164,49815300,705583909.2
2009-01-12,MSFT,14.302,14.36,14.004,14.128,52163500,736965928.0
2009-01-13,MSFT,14.164,14.505,14.164,14.382,65843500,946961217.0
2009-01-14,MSFT,14.171,14.28,13.794,13.852,80257500,1111726890.0
2009-01-15,MSFT,13.837,14.004,13.438,13.961,96169800,1342626577.8
2009-01-16,MSFT,14.244,14.447,13.895,14.302,79634100,1138926898.2
2009-01-20,MSFT,14.12,14.236,13.329,13.409,89873000,1205107057.0
2009-01-21,MSFT,13.692,14.113,13.395,14.062,68340900,961009735.8
2009-01-22,MSFT,13.097,13.192,12.386,12.415,222436600,2761550389.0
2009-01-23,MSFT,12.314,12.691,12.154,12.48,117020600,1460417088.0
2009-01-26,MSFT,12.546,12.923,12.502,12.792,92476500,1182959388.0
2009-01-27,MSFT,12.901,13.039,12.647,12.814,61695000,790559730.0
2009-01-28,MSFT,12.916,13.286,12.887,13.09,64145500,839664595.0
2009-01-29,MSFT,12.901,13.032,12.742,12.763,49192800,627847706.4
2009-01-30,MSFT,12.872,12.909,12.408,12.408,62370900,773898127.2
2009-02-02,MSFT,12.357,13.155,12.335,12.938,88871700,1149822054.6
2009-02-03,MSFT,12.952,13.504,12.771,13.424,86865100,1166077102.4
2009-02-04,MSFT,13.453,13.787,13.424,13.518,75618000,1022204124.0
2009-02-05,MSFT,13.431,13.888,13.242,13.816,75195200,1038896883.2
2009-02-06,MSFT,13.903,14.461,13.83,14.265,86746000,1237431690.0
2009-02-09,MSFT,14.251,14.345,13.975,14.106,52196400,736282418.4
2009-02-10,MSFT,13.968,14.367,13.569,13.641,83953200,1145205601.2
2009-02-11,MSFT,13.743,14.142,13.728,13.939,58599000,816811461.0
2009-02-12,MSFT,13.765,14.019,13.453,13.975,75323200,1052641720.0
2009-02-13,MSFT,13.982,14.128,13.816,13.852,47416000,656806432.0
2009-02-17,MSFT,13.508,13.516,13.07,13.216,75853300,1002477212.8
2009-02-18,MSFT,13.311,13.479,13.15,13.238,54946900,727387062.2
2009-02-19,MSFT,13.37,13.428,13.012,13.085,49195600,643724426.0
2009-02-20,MSFT,12.982,13.289,12.902,13.15,69413800,912791470.0
2009-02-23,MSFT,13.165,13.26,12.537,12.573,70803400,890211148.2
2009-02-24,MSFT,12.442,12.676,11.952,12.544,122674500,1538828928.0
2009-02-25,MSFT,12.427,12.595,12.025,12.391,105894600,1312139988.6
2009-02-26,MSFT,12.456,12.478,11.996,11.996,83219500,998301122.0
2009-02-27,MSFT,11.901,12.069,11.762,11.799,93428000,1102356972.0
2009-03-02,MSFT,11.66,11.872,11.485,11.536,80602100,929825825.6
2009-03-03,MSFT,11.711,11.865,11.426,11.602,80476600,933689513.2
2009-03-04,MSFT,11.777,11.982,11.609,11.777,69285100,815970622.7
2009-03-05,MSFT,11.587,11.602,11.156,11.156,89708500,1000788026.0
2009-03-06,MSFT,11.214,11.412,10.864,11.163,92821400,1036165288.2
2009-03-09,MSFT,11.105,11.499,11.032,11.068,66479100,735790678.8
2009-03-10,MSFT,11.229,12.142,11.141,12.04,95184200,1146017768.0
2009-03-11,MSFT,12.15,12.566,12.003,12.5,84522200,1056527500.0
2009-03-12,MSFT,12.427,12.449,12.04,12.427,93694100,1164336580.7
2009-03-13,MSFT,12.405,12.456,11.821,12.164,82965800,1009195991.2
2009-03-16,MSFT,12.288,12.391,11.865,11.872,67028900,795767100.8
2009-03-17,MSFT,11.923,12.347,11.879,12.347,62481000,771452907.0
2009-03-18,MSFT,12.442,12.581,12.128,12.391,70710700,876176283.7
2009-03-19,MSFT,12.69,12.749,12.361,12.522,58994600,738730381.2
2009-03-20,MSFT,12.654,12.895,12.332,12.464,81725500,1018626632.0
2009-03-23,MSFT,12.69,13.582,12.646,13.392,71600000,958867200.0
2009-03-24,MSFT,13.18,13.304,13.034,13.099,50044100,655527665.9
2009-03-25,MSFT,13.136,13.377,12.8,13.063,73927100,965709707.3
2009-03-26,MSFT,13.275,13.793,13.238,13.757,63775100,877354050.7
2009-03-27,MSFT,13.545,13.603,13.187,13.245,47670400,631394448.0
2009-03-30,MSFT,12.961,12.975,12.617,12.771,49633000,633863043.0
2009-03-31,MSFT,13.026,13.728,12.99,13.421,92423300,1240413109.3
2009-04-01,MSFT,13.319,14.144,13.282,14.108,96438900,1360560001.2
2009-04-02,MSFT,14.246,14.531,13.881,14.093,99082300,1396366853.9
2009-04-03,MSFT,13.976,13.991,13.465,13.698,81858400,1121296363.2
2009-04-06,MSFT,13.545,13.706,13.348,13.706,47476100,650707426.6
2009-04-07,MSFT,13.706,13.983,13.611,13.706,65815200,902063131.2
2009-04-08,MSFT,13.859,14.334,13.852,14.02,56408900,790852778.0
2009-04-09,MSFT,14.21,14.392,14.042,14.371,55759600,801321211.6
2009-04-13,MSFT,14.385,14.502,14.151,14.312,44444700,636092546.4
2009-04-14,MSFT,14.203,14.283,13.881,14.137,63796300,901888293.1
2009-04-15,MSFT,14.035,14.064,13.523,13.757,72725500,1000484703.5
2009-04-16,MSFT,13.998,14.451,13.874,14.436,67688700,977154073.2
2009-04-17,MSFT,14.385,14.385,13.881,14.027,61398500,861236759.5
2009-04-20,MSFT,13.801,13.845,13.567,13.596,62937200,855694171.2
2009-04-21,MSFT,13.582,13.94,13.567,13.859,60928300,844405309.7
2009-04-22,MSFT,13.706,14.02,13.662,13.72,59401000,814981720.0
2009-04-23,MSFT,13.823,13.837,13.494,13.823,86116300,1190385614.9
2009-04-24,MSFT,14.48,15.488,14.246,15.276,168478500,2573677566.0
2009-04-27,MSFT,15.013,15.211,14.816,14.904,68219600,1016744918.4
2009-04-28,MSFT,14.794,14.809,14.458,14.561,76685200,1116613197.2
2009-04-29,MSFT,14.692,15.262,14.655,14.794,79301600,1173187870.4
2009-04-30,MSFT,15.05,15.415,14.619,14.802,87439900,1294285399.8
2009-05-01,MSFT,14.75,14.867,14.509,14.787,63224500,934900681.5
2009-05-04,MSFT,14.882,14.904,14.597,14.75,54313400,801122650.0
2009-05-05,MSFT,14.714,14.787,14.349,14.458,66835500,966307659.0
2009-05-06,MSFT,14.655,14.663,14.327,14.458,59639100,862262107.8
2009-05-07,MSFT,14.582,14.604,13.983,14.115,68727200,970084428.0
2009-05-08,MSFT,14.217,14.349,13.983,14.188,67597600,959074748.8
2009-05-11,MSFT,14.027,14.414,13.888,14.115,63762600,900009099.0
2009-05-12,MSFT,14.254,14.655,14.224,14.531,71966800,1045749570.8
2009-05-13,MSFT,14.553,14.612,14.371,14.429,49281700,711085649.3
2009-05-14,MSFT,14.487,14.78,14.466,14.655,54539500,799276372.5
2009-05-15,MSFT,14.707,14.977,14.597,14.772,61289900,905374402.8
2009-05-18,MSFT,14.875,15.05,14.787,15.05,46073800,693410690.0
2009-05-19,MSFT,15.079,15.249,14.888,14.932,51368300,767031455.6
2009-05-20,MSFT,15.006,15.212,14.866,14.984,47450700,711001288.8
2009-05-21,MSFT,14.807,14.874,14.344,14.572,58232800,848568361.6
2009-05-22,MSFT,14.653,14.829,14.315,14.521,37318700,541904842.7
2009-05-26,MSFT,14.366,15.035,14.3,14.954,44991700,672805881.8
2009-05-27,MSFT,14.888,15.146,14.756,14.8,42892900,634814920.0
2009-05-28,MSFT,14.94,15.168,14.741,15.035,45480800,683803828.0
2009-05-29,MSFT,15.116,15.396,14.925,15.359,46134900,708585929.1
2009-06-01,MSFT,15.44,15.807,15.337,15.734,57317100,901827251.4
2009-06-02,MSFT,15.704,16.16,15.587,15.734,48935700,769954303.8
2009-06-03,MSFT,15.668,15.998,15.653,15.976,56039600,895288649.6
2009-06-04,MSFT,16.006,16.101,15.866,16.05,42330000,679396500.0
2009-06-05,MSFT,16.145,16.403,16.035,16.278,59579200,969830217.6
2009-06-08,MSFT,16.16,16.41,15.903,16.212,49000600,794397727.2
2009-06-09,MSFT,16.219,16.41,16.087,16.234,50887700,826110921.8
2009-06-10,MSFT,16.3,16.631,16.263,16.579,61297200,1016246278.8
2009-06-11,MSFT,16.609,17.101,16.594,16.785,65124600,1093116411.0
2009-06-12,MSFT,16.837,17.19,16.719,17.153,50963500,874176915.5
2009-06-15,MSFT,17.079,17.307,16.925,17.219,69089600,1189653822.4
2009-06-16,MSFT,17.256,17.726,17.234,17.241,105295600,1815401439.6
2009-06-17,MSFT,17.278,17.513,17.035,17.41,86483100,1505670771.0
2009-06-18,MSFT,17.366,17.417,17.131,17.278,58852200,1016848311.6
2009-06-19,MSFT,17.675,17.895,17.462,17.697,115459000,2043277923.0
2009-06-22,MSFT,17.609,17.609,17.094,17.116,71291600,1220227025.6
2009-06-23,MSFT,17.19,17.395,17.065,17.16,56752700,973876332.0
2009-06-24,MSFT,17.241,17.462,17.175,17.256,54287700,936788551.2
2009-06-25,MSFT,17.226,17.587,17.057,17.491,57724300,1009655731.3
2009-06-26,MSFT,17.329,17.417,17.145,17.167,65126400,1118024908.8
2009-06-29,MSFT,17.351,17.667,17.314,17.542,62854900,1102600655.8
2009-06-30,MSFT,17.623,17.822,17.373,17.476,66452400,1161322142.4
2009-07-01,MSFT,17.682,17.866,17.616,17.675,54908400,970505970.0
2009-07-02,MSFT,17.469,17.675,17.065,17.182,65422200,1124084240.4
2009-07-06,MSFT,17.065,17.116,16.815,17.057,49207700,839335738.9
2009-07-07,MSFT,16.969,17.013,16.513,16.565,52842500,875336012.5
2009-07-08,MSFT,16.403,16.682,16.175,16.587,73023400,1211239135.8
2009-07-09,MSFT,16.653,16.77,16.447,16.498,46981200,775095837.6
2009-07-10,MSFT,16.315,16.572,16.285,16.462,43229200,711639090.4
2009-07-13,MSFT,16.484,17.123,16.278,17.079,67584000,1154267136.0
2009-07-14,MSFT,17.057,17.072,16.807,16.991,45448700,772218861.7
2009-07-15,MSFT,17.462,17.734,17.322,17.734,67238700,1192411105.8
2009-07-16,MSFT,17.594,17.969,17.542,17.969,64555100,1159990591.9
2009-07-17,MSFT,17.939,17.976,17.719,17.859,52860100,944028525.9
2009-07-20,MSFT,17.969,18.035,17.756,18.035,47798000,862036930.0
2009-07-21,MSFT,18.153,18.256,17.917,18.256,52028400,949830470.4
2009-07-22,MSFT,18.16,18.307,18.02,18.234,66192500,1206954045.0
2009-07-23,MSFT,18.329,18.91,18.263,18.792,106060500,1993088916.0
2009-07-24,MSFT,17.359,17.564,16.77,17.241,215135700,3709154603.7
2009-07-27,MSFT,17.234,17.241,16.837,16.991,80950000,1375421450.0
2009-07-28,MSFT,16.903,17.314,16.837,17.256,70288400,1212896630.4
2009-07-29,MSFT,17.447,17.579,17.16,17.498,73626900,1288323496.2
2009-07-30,MSFT,17.792,17.961,17.432,17.506,67820000,1187256920.0
2009-07-31,MSFT,17.476,17.697,17.278,17.292,54258200,938232794.4
2009-08-03,MSFT,17.513,17.542,17.278,17.52,46902900,821738808.0
2009-08-04,MSFT,17.41,17.491,17.3,17.476,49218300,860139010.8
2009-08-05,MSFT,17.528,17.829,17.491,17.506,53310300,933250111.8
2009-08-06,MSFT,17.594,17.631,17.109,17.248,59686000,1029464128.0
2009-08-07,MSFT,17.462,17.513,17.278,17.322,46169700,799751543.4
2009-08-10,MSFT,17.248,17.314,17.131,17.219,35261900,607174656.1
2009-08-11,MSFT,17.145,17.204,16.947,17.006,33615800,571670294.8
2009-08-12,MSFT,17.006,17.572,16.932,17.3,61972300,1072120790.0
2009-08-13,MSFT,17.373,17.535,17.204,17.366,38954500,676483847.0
2009-08-14,MSFT,17.366,17.498,17.285,17.417,46330200,806933093.4
2009-08-17,MSFT,17.145,17.351,17.079,17.094,42474400,726057393.6
2009-08-18,MSFT,17.22,17.486,17.205,17.434,38878900,677814742.6
2009-08-19,MSFT,17.19,17.538,17.19,17.486,41821300,731287251.8
2009-08-20,MSFT,17.449,17.648,17.404,17.501,39505900,691392755.9
2009-08-21,MSFT,17.693,18.055,17.575,18.048,69011400,1245517747.2
2009-08-24,MSFT,18.048,18.284,17.952,18.218,54180900,987067636.2
2009-08-25,MSFT,18.188,18.351,18.085,18.218,43980300,801233105.4
2009-08-26,MSFT,18.181,18.299,18.055,18.151,41079000,745624929.0
2009-08-27,MSFT,18.048,18.321,17.966,18.255,45495600,830522178.0
2009-08-28,MSFT,18.536,18.846,18.196,18.247,55808000,1018328576.0
2009-08-31,MSFT,18.166,18.373,17.959,18.225,49592800,903828780.0
2009-09-01,MSFT,18.003,18.292,17.671,17.745,62608500,1110987832.5
2009-09-02,MSFT,17.611,17.848,17.582,17.641,40771300,719246503.3
2009-09-03,MSFT,17.678,17.848,17.567,17.826,34120000,608223120.0
2009-09-04,MSFT,17.811,18.336,17.804,18.203,44999700,819129539.1
2009-09-08,MSFT,18.203,18.366,18.048,18.351,53737100,986129522.1
2009-09-09,MSFT,18.292,18.447,18.24,18.321,49900300,914223396.3
2009-09-10,MSFT,18.336,18.521,18.225,18.484,46256000,854995904.0
2009-09-11,MSFT,18.432,18.61,18.343,18.38,54303500,998098330.0
2009-09-14,MSFT,18.225,18.55,18.218,18.484,42806800,791240891.2
2009-09-15,MSFT,18.462,18.684,18.38,18.632,44716600,833159691.2
2009-09-16,MSFT,18.669,18.743,18.447,18.632,50055800,932639665.6
2009-09-17,MSFT,18.528,18.765,18.528,18.706,42428800,793673132.8
2009-09-18,MSFT,18.824,18.839,18.558,18.676,68016500,1270276154.0
2009-09-21,MSFT,18.565,18.757,18.558,18.706,28878700,540204962.2
2009-09-22,MSFT,18.78,19.09,18.698,19.053,61376700,1169410265.1
2009-09-23,MSFT,19.164,19.408,18.957,19.009,60599900,1151943499.1
2009-09-24,MSFT,19.164,19.305,18.972,19.179,56302900,1079833319.1
2009-09-25,MSFT,18.994,19.09,18.868,18.891,50158900,947551779.9
2009-09-28,MSFT,18.928,19.342,18.928,19.098,44358000,847149084.0
2009-09-29,MSFT,19.157,19.194,18.994,19.038,39050300,743439611.4
2009-09-30,MSFT,19.046,19.216,18.765,19.016,63533400,1208151134.4
2009-10-01,MSFT,18.787,18.831,18.336,18.395,75958100,1397249249.5
2009-10-02,MSFT,18.085,18.55,18.062,18.454,51219700,945208343.8
2009-10-05,MSFT,18.469,18.528,18.129,18.218,60804900,1107743668.2
2009-10-06,MSFT,18.247,18.639,18.233,18.565,48795300,905884744.5
2009-10-07,MSFT,18.477,18.617,18.395,18.558,38472700,713976366.6
2009-10-08,MSFT,18.809,19.149,18.647,18.979,60521300,1148633752.7
2009-10-09,MSFT,18.905,19.068,18.824,18.891,39520000,746572320.0
2009-10-12,MSFT,18.972,19.142,18.891,19.016,29145800,554236532.8
2009-10-13,MSFT,18.92,19.179,18.868,19.083,37749000,720364167.0
2009-10-14,MSFT,19.327,19.371,19.09,19.194,45365500,870745407.0
2009-10-15,MSFT,19.149,19.748,19.149,19.748,65620100,1295865734.8
2009-10-16,MSFT,19.556,19.689,19.297,19.593,56500900,1107022133.7
2009-10-19,MSFT,19.586,19.652,19.408,19.489,48143200,938262824.8
2009-10-20,MSFT,19.534,19.6,19.179,19.497,54604700,1064627835.9
2009-10-21,MSFT,19.563,19.778,19.512,19.652,61672700,1211991900.4
2009-10-22,MSFT,19.637,19.756,19.319,19.659,61600000,1210994400.0
2009-10-23,MSFT,21.589,21.7,20.613,20.717,281761000,5837242637.0
2009-10-26,MSFT,20.798,21.456,20.783,21.205,124149700,2632594388.5
2009-10-27,MSFT,21.242,21.353,21.027,21.138,69685800,1473018440.4
2009-10-28,MSFT,20.879,21.271,20.665,20.717,73542400,1523577900.8
2009-10-29,MSFT,20.754,21.005,20.591,20.865,65225500,1360930057.5
2009-10-30,MSFT,20.724,20.998,20.451,20.502,73371800,1504268643.6
2009-11-02,MSFT,20.48,20.739,20.266,20.613,62428900,1286846915.7
2009-11-03,MSFT,20.436,20.51,20.281,20.354,50294800,1023700359.2
2009-11-04,MSFT,20.473,20.99,20.421,20.746,63898400,1325636206.4
2009-11-05,MSFT,21.086,21.249,20.909,21.049,52681700,1108897103.3
2009-11-06,MSFT,20.983,21.168,20.85,21.086,38908500,820424631.0
2009-11-09,MSFT,21.16,21.441,21.094,21.434,57518000,1232840812.0
2009-11-10,MSFT,21.367,21.648,21.301,21.449,65881100,1413083713.9
2009-11-11,MSFT,21.501,21.663,21.456,21.53,49693400,1069898902.0
2009-11-12,MSFT,21.449,21.804,21.441,21.708,55352400,1201589899.2
2009-11-13,MSFT,21.789,22.025,21.715,21.907,53037600,1161894703.2
2009-11-16,MSFT,21.892,22.033,21.715,21.841,54129500,1182242409.5
2009-11-17,MSFT,21.907,22.279,21.885,22.279,75648900,1685381843.1
2009-11-18,MSFT,22.279,22.383,22.138,22.36,59431200,1328881632.0
2009-11-19,MSFT,22.271,22.279,22.056,22.115,51967700,1149265685.5
2009-11-20,MSFT,22.026,22.108,21.855,21.997,42647100,938108258.7
2009-11-23,MSFT,22.16,22.286,22.056,22.234,41832700,930108251.8
2009-11-24,MSFT,22.242,22.271,22.093,22.212,37341400,829427176.8
2009-11-25,MSFT,22.138,22.175,21.967,22.123,32033500,708677120.5
2009-11-27,MSFT,21.618,21.826,21.35,21.699,29357900,637037072.1
2009-11-30,MSFT,21.648,21.87,21.536,21.841,44172000,964760652.0
2009-12-01,MSFT,21.922,22.316,21.841,22.286,49904200,1112165001.2
2009-12-02,MSFT,22.204,22.271,22.019,22.115,36308600,802964689.0
2009-12-03,MSFT,22.16,22.427,22.101,22.152,43095200,954644870.4
2009-12-04,MSFT,22.316,22.554,22.152,22.264,58810700,1309361424.8
2009-12-07,MSFT,22.115,22.338,22.041,22.123,38082700,842503572.1
2009-12-08,MSFT,21.922,22.086,21.818,21.959,37402200,821314909.8
2009-12-09,MSFT,21.885,22.138,21.722,22.063,44713300,986509537.9
2009-12-10,MSFT,22.063,22.249,22.026,22.182,45940200,1019045516.4
2009-12-11,MSFT,22.256,22.279,22.123,22.167,43744200,969677681.4
2009-12-14,MSFT,22.212,22.398,22.204,22.36,34651200,774800832.0
2009-12-15,MSFT,22.197,22.435,22.19,22.294,49473200,1102955520.8
2009-12-16,MSFT,22.331,22.583,22.308,22.353,55737800,1245907043.4
2009-12-17,MSFT,22.242,22.249,21.959,21.982,43691200,960419958.4
2009-12-18,MSFT,22.16,22.613,22.13,22.546,94118000,2121984428.0
2009-12-21,MSFT,22.576,22.903,22.554,22.665,40129100,909526051.5
2009-12-22,MSFT,22.724,22.969,22.68,22.888,36321000,831315048.0
2009-12-23,MSFT,22.806,22.984,22.791,22.962,28362700,651264317.4
2009-12-24,MSFT,22.932,23.021,22.843,23.021,11083900,255162461.9
2009-12-28,MSFT,23.021,23.155,22.94,23.148,25384000,587588832.0
2009-12-29,MSFT,23.281,23.393,23.192,23.311,29716200,692714338.2
2009-12-30,MSFT,23.133,23.237,22.873,22.992,42006200,965806550.4
2009-12-31,MSFT,23.007,23.014,22.635,22.635,31929700,722728759.5
2010-01-04,MSFT,22.739,23.096,22.717,22.984,38409100,882794754.4
2010-01-05,MSFT,22.91,23.096,22.754,22.992,49749600,1143842803.2
2010-01-06,MSFT,22.932,23.081,22.665,22.851,58182400,1329526022.4
2010-01-07,MSFT,22.747,22.799,22.42,22.613,50559700,1143306496.1
2010-01-08,MSFT,22.487,22.932,22.457,22.769,51197400,1165713600.6
2010-01-11,MSFT,22.806,22.843,22.368,22.479,68754700,1545536901.3
2010-01-12,MSFT,22.39,22.576,22.212,22.331,65912100,1471883105.1
2010-01-13,MSFT,22.472,22.665,22.286,22.539,51863500,1168951426.5
2010-01-14,MSFT,22.509,23.096,22.472,22.992,63228100,1453740475.2
2010-01-15,MSFT,23.081,23.2,22.806,22.917,79913200,1831370804.4
2010-01-19,MSFT,22.836,23.2,22.784,23.096,46575700,1075712367.2
2010-01-20,MSFT,22.88,22.977,22.509,22.717,54849500,1246016091.5
2010-01-21,MSFT,22.732,22.813,22.279,22.286,73086700,1628810196.2
2010-01-22,MSFT,22.279,22.427,21.417,21.506,102004600,2193710927.6
2010-01-25,MSFT,21.714,22.026,21.61,21.774,63373000,1379883702.0
2010-01-26,MSFT,21.685,22.167,21.603,21.907,66639900,1459880289.3
2010-01-27,MSFT,21.796,22.145,21.551,22.034,63949500,1409063283.0
2010-01-28,MSFT,22.16,22.182,21.454,21.655,117513700,2544759173.5
2010-01-29,MSFT,22.204,22.219,20.541,20.927,193888500,4057504639.5
2010-02-01,MSFT,21.083,21.15,20.734,21.098,85931100,1812974347.8
2010-02-02,MSFT,21.068,21.165,20.897,21.135,54413700,1150033549.5
2010-02-03,MSFT,20.987,21.38,20.883,21.261,61397900,1305380751.9
2010-02-04,MSFT,21.076,21.165,20.652,20.675,77850000,1609548750.0
2010-02-05,MSFT,20.793,21.001,20.474,20.808,80960100,1684617760.8
2010-02-08,MSFT,20.801,20.853,20.474,20.586,52820600,1087364871.6
2010-02-09,MSFT,20.771,21.046,20.608,20.801,59195800,1231331835.8
2010-02-10,MSFT,20.816,20.972,20.675,20.786,48591300,1010018761.8
2010-02-11,MSFT,20.742,21.091,20.571,20.883,65993700,1378146437.1
2010-02-12,MSFT,20.652,20.838,20.482,20.742,81117200,1682532962.4
2010-02-16,MSFT,20.988,21.167,20.906,21.152,51935600,1098541811.2
2010-02-17,MSFT,21.286,21.376,21.159,21.331,45882900,978728139.9
2010-02-18,MSFT,21.331,21.659,21.271,21.614,42856500,926300391.0
2010-02-19,MSFT,21.48,21.577,21.406,21.465,44451800,954157887.0
2010-02-22,MSFT,21.517,21.592,21.376,21.435,36707100,786816688.5
2010-02-23,MSFT,21.398,21.51,20.958,21.137,52266200,1104750669.4
2010-02-24,MSFT,21.279,21.48,21.174,21.361,43165900,922066789.9
2010-02-25,MSFT,21.092,21.376,20.906,21.338,48735300,1039913831.4
2010-02-26,MSFT,21.376,21.525,21.271,21.391,40370600,863567504.6
2010-03-01,MSFT,21.465,21.674,21.286,21.652,43805400,948474520.8
2010-03-02,MSFT,21.697,21.861,21.07,21.234,93123900,1977392892.6
2010-03-03,MSFT,21.271,21.346,21.152,21.234,48442100,1028619551.4
2010-03-04,MSFT,21.234,21.376,21.092,21.361,42890600,916186106.6
2010-03-05,MSFT,21.383,21.398,21.204,21.331,56001800,1194574395.8
2010-03-08,MSFT,21.279,21.585,21.264,21.361,39414500,841933134.5
2010-03-09,MSFT,21.309,21.719,21.301,21.488,50271600,1080236140.8
2010-03-10,MSFT,21.532,21.719,21.488,21.614,44891400,970282719.6
2010-03-11,MSFT,21.555,21.779,21.525,21.771,35349700,769598318.7
2010-03-12,MSFT,21.876,21.92,21.667,21.838,31700200,692268967.6
2010-03-15,MSFT,21.771,21.913,21.644,21.853,37512000,819749736.0
2010-03-16,MSFT,21.95,22.002,21.786,21.913,36723500,804722055.5
2010-03-17,MSFT,22.01,22.286,21.935,22.107,50385700,1113876669.9
2010-03-18,MSFT,22.107,22.174,22.01,22.092,43845200,968628158.4
2010-03-19,MSFT,22.204,22.308,21.898,22.077,81332100,1795568771.7
2010-03-22,MSFT,22.01,22.159,21.928,22.084,37718200,832968728.8
2010-03-23,MSFT,22.077,22.308,21.943,22.293,42026600,936898993.8
2010-03-24,MSFT,22.174,22.271,22.084,22.122,33987700,751875899.4
2010-03-25,MSFT,22.256,22.808,22.234,22.39,73168700,1638247193.0
2010-03-26,MSFT,22.45,22.532,22.077,22.129,55595500,1230272819.5
2010-03-29,MSFT,22.167,22.249,22.047,22.077,33336000,735958872.0
2010-03-30,MSFT,22.107,22.278,22.01,22.211,34954800,776381062.8
2010-03-31,MSFT,22.114,22.174,21.764,21.853,63760000,1393347280.0
2010-04-01,MSFT,21.898,22.04,21.353,21.756,74768100,1626654783.6
2010-04-05,MSFT,21.734,21.958,21.659,21.838,34331200,749724745.6
2010-04-06,MSFT,21.749,22.07,21.622,21.876,47366800,1036196116.8
2010-04-07,MSFT,21.756,22.055,21.741,21.898,58318800,1277065082.4
2010-04-08,MSFT,21.876,22.368,21.861,22.323,63713800,1422283157.4
2010-04-09,MSFT,22.346,22.689,22.308,22.637,54752500,1239432342.5
2010-04-12,MSFT,22.569,22.749,22.54,22.622,37068800,838570393.6
2010-04-13,MSFT,22.495,22.756,22.48,22.719,41374600,939989537.4
2010-04-14,MSFT,22.972,23.129,22.875,22.995,68941200,1585302894.0
2010-04-15,MSFT,22.995,23.092,22.913,23.032,52745400,1214832052.8
2010-04-16,MSFT,22.972,23.114,22.831,22.883,88703100,2029793037.3
2010-04-19,MSFT,22.957,23.316,22.95,23.159,64970300,1504647177.7
2010-04-20,MSFT,23.293,23.457,23.226,23.398,52199500,1221363901.0
2010-04-21,MSFT,23.375,23.502,23.301,23.375,55343100,1293644962.5
2010-04-22,MSFT,23.159,23.524,23.054,23.42,84847600,1987130792.0
2010-04-23,MSFT,23.219,23.562,22.868,23.099,126766600,2928181693.4
2010-04-26,MSFT,23.129,23.338,23.025,23.211,63649300,1477363902.3
2010-04-27,MSFT,23.092,23.316,22.942,23.017,68730900,1581979125.3
2010-04-28,MSFT,23.069,23.129,22.846,23.062,64557900,1488834289.8
2010-04-29,MSFT,23.077,23.45,22.883,23.129,52665200,1218093410.8
2010-04-30,MSFT,23.181,23.189,22.771,22.786,63214800,1440412432.8
2010-05-03,MSFT,22.883,23.174,22.816,23.025,43989500,1012858237.5
2010-05-04,MSFT,22.771,22.793,22.196,22.48,82085600,1845284288.0
2010-05-05,MSFT,22.211,22.45,22.152,22.271,66833800,1488455559.8
2010-05-06,MSFT,22.077,22.293,20.824,21.622,128613000,2780870286.0
2010-05-07,MSFT,21.585,21.6,20.383,21.047,173718100,3656244850.7
2010-05-10,MSFT,21.644,21.995,21.42,21.592,86653300,1871018053.6
2010-05-11,MSFT,21.398,22.122,21.316,21.547,63789400,1374470201.8
2010-05-12,MSFT,21.622,22.07,21.577,21.965,47146800,1035579462.0
2010-05-13,MSFT,21.831,22.181,21.771,21.816,45188800,985838860.8
2010-05-14,MSFT,21.786,21.794,21.368,21.585,63334000,1367064390.0
2010-05-17,MSFT,21.726,21.808,21.226,21.592,46053300,994382853.6
2010-05-18,MSFT,21.637,21.734,21.285,21.435,52690600,1129423011.0
2010-05-19,MSFT,21.375,21.502,20.828,21.165,61746700,1306868905.5
2010-05-20,MSFT,20.723,20.865,20.266,20.318,87991100,1787803169.8
2010-05-21,MSFT,19.958,20.318,19.816,20.116,117596300,2365567170.8
2010-05-24,MSFT,20.123,20.131,19.681,19.688,73711700,1451235949.6
2010-05-25,MSFT,19.224,19.733,19.021,19.539,98373600,1922121770.4
2010-05-26,MSFT,19.658,19.943,18.407,18.744,176684100,3311766770.4
2010-05-27,MSFT,19.284,19.756,19.284,19.486,136433600,2658545129.6
2010-05-28,MSFT,19.366,19.576,19.231,19.336,67496900,1305120058.4
2010-06-01,MSFT,19.134,19.718,19.126,19.404,76152400,1477661169.6
2010-06-02,MSFT,19.531,19.846,19.284,19.831,65718800,1303269522.8
2010-06-03,MSFT,19.898,20.183,19.793,20.131,67837000,1365626647.0
2010-06-04,MSFT,19.561,19.913,19.201,19.329,89832200,1736366593.8
2010-06-07,MSFT,19.351,19.359,18.916,18.954,80456200,1524966814.8
2010-06-08,MSFT,18.924,18.931,18.474,18.819,87355000,1643933745.0
2010-06-09,MSFT,18.901,19.126,18.549,18.579,87794000,1631124726.0
2010-06-10,MSFT,18.834,18.849,18.572,18.737,78930900,1478928273.3
2010-06-11,MSFT,18.767,19.276,18.564,19.231,68057700,1308817628.7
2010-06-14,MSFT,19.381,19.456,19.089,19.111,50972400,974133536.4
2010-06-15,MSFT,19.299,19.973,19.291,19.921,81641500,1626380321.5
2010-06-16,MSFT,19.838,19.921,19.658,19.726,48698000,960616748.0
2010-06-17,MSFT,19.906,19.988,19.516,19.763,47995500,948535066.5
2010-06-18,MSFT,19.763,19.883,19.613,19.816,52075600,1031930089.6
2010-06-21,MSFT,20.071,20.153,19.404,19.449,54625300,1062407459.7
2010-06-22,MSFT,19.606,19.823,19.306,19.314,55985400,1081302015.6
2010-06-23,MSFT,19.321,19.321,18.901,18.969,61466200,1165952347.8
2010-06-24,MSFT,19.081,19.276,18.684,18.737,85243400,1597205585.8
2010-06-25,MSFT,18.774,18.819,18.219,18.384,156256700,2872623172.8
2010-06-28,MSFT,18.369,18.444,18.077,18.219,73784800,1344285271.2
2010-06-29,MSFT,18.085,18.137,17.32,17.47,119882100,2094340287.0
2010-06-30,MSFT,17.463,17.747,17.2,17.245,81050500,1397715872.5
2010-07-01,MSFT,17.305,17.478,17.035,17.358,92239400,1601091505.2
2010-07-02,MSFT,17.507,17.597,17.275,17.44,62485100,1089740144.0
2010-07-06,MSFT,17.762,18.055,17.672,17.852,73592000,1313764384.0
2010-07-07,MSFT,17.852,18.227,17.695,18.212,79965300,1456328043.6
2010-07-08,MSFT,18.437,18.452,17.965,18.294,50758100,928568681.4
2010-07-09,MSFT,18.234,18.294,18.1,18.189,53806100,978679152.9
2010-07-12,MSFT,18.309,18.654,18.302,18.609,49854200,927736807.8
2010-07-13,MSFT,18.842,18.961,18.662,18.834,61928700,1166365135.8
2010-07-14,MSFT,19.111,19.194,18.827,19.066,72808100,1388159234.6
2010-07-15,MSFT,19.111,19.179,18.722,19.119,56934700,1088534529.3
2010-07-16,MSFT,19.119,19.216,18.647,18.654,65064800,1213718779.2
2010-07-19,MSFT,18.707,18.961,18.669,18.909,38181800,721979656.2
2010-07-20,MSFT,18.632,19.096,18.512,19.096,45530700,869454247.2
2010-07-21,MSFT,19.186,19.224,18.722,18.827,73297300,1379968267.1
2010-07-22,MSFT,19.119,19.479,19.089,19.366,73016400,1414035602.4
2010-07-23,MSFT,19.366,19.501,18.924,19.344,108520100,2099212814.4
2010-07-26,MSFT,19.381,19.636,19.336,19.561,67249900,1315475293.9
2010-07-27,MSFT,19.591,19.666,19.456,19.606,60672100,1189537192.6
2010-07-28,MSFT,19.539,19.628,19.359,19.449,69704800,1355688655.2
2010-07-29,MSFT,19.583,19.793,19.186,19.509,69446200,1354825915.8
2010-07-30,MSFT,19.299,19.366,18.999,19.344,83534800,1615897171.2
2010-08-02,MSFT,19.479,19.771,19.299,19.733,55044600,1086195091.8
2010-08-03,MSFT,19.636,19.748,19.464,19.606,56877700,1115144186.2
2010-08-04,MSFT,19.598,19.666,19.066,19.284,78531900,1514409159.6
2010-08-05,MSFT,19.104,19.171,18.894,19.014,64922100,1234428809.4
2010-08-06,MSFT,18.872,19.156,18.752,19.149,55982100,1072001232.9
2010-08-09,MSFT,19.149,19.284,19.014,19.194,57096500,1095910221.0
2010-08-10,MSFT,18.984,18.991,18.647,18.789,87257700,1639484925.3
2010-08-11,MSFT,18.497,18.662,18.407,18.632,76746900,1429948240.8
2010-08-12,MSFT,18.302,18.497,18.257,18.354,70240500,1289194137.0
2010-08-13,MSFT,18.249,18.489,18.167,18.287,45263500,827733624.5
2010-08-16,MSFT,18.257,18.444,18.212,18.362,40909700,751183911.4
2010-08-17,MSFT,18.618,18.806,18.535,18.618,52912600,985126786.8
2010-08-18,MSFT,18.595,18.799,18.392,18.701,46818900,875560248.9
2010-08-19,MSFT,18.55,18.641,18.241,18.415,54064600,995599609.0
2010-08-20,MSFT,18.317,18.384,18.234,18.256,49560100,904769185.6
2010-08-23,MSFT,18.415,18.565,18.264,18.294,51643000,944757042.0
2010-08-24,MSFT,18.151,18.347,18.083,18.113,66522500,1204922042.5
2010-08-25,MSFT,18.083,18.249,17.985,18.158,47404800,860776358.4
2010-08-26,MSFT,18.151,18.226,17.925,17.947,49105300,881292819.1
2010-08-27,MSFT,17.993,18.098,17.714,18.03,60939400,1098737382.0
2010-08-30,MSFT,17.887,17.947,17.782,17.812,45453100,809610617.2
2010-08-31,MSFT,17.782,17.88,17.571,17.684,66074600,1168463226.4
2010-09-01,MSFT,17.834,18.045,17.736,18.008,65235900,1174768087.2
2010-09-02,MSFT,17.993,18.045,17.865,18.038,48837100,880923609.8
2010-09-03,MSFT,18.264,18.422,18.234,18.302,64189100,1174788908.2
2010-09-07,MSFT,18.158,18.309,18.023,18.053,51928700,937468821.1
2010-09-08,MSFT,18.136,18.234,17.887,18.03,65512400,1181188572.0
2010-09-09,MSFT,18.226,18.241,18.076,18.091,46028900,832708829.9
2010-09-10,MSFT,18.068,18.106,17.925,17.97,58284300,1047368871.0
2010-09-13,MSFT,18.234,19.055,18.151,18.919,114680400,2169638487.6
2010-09-14,MSFT,18.867,19.1,18.754,18.859,87160400,1643757983.6
2010-09-15,MSFT,18.912,19.002,18.776,18.927,56201900,1063733361.3
2010-09-16,MSFT,18.882,19.115,18.874,19.085,44548300,850204305.5
2010-09-17,MSFT,19.138,19.236,18.897,19.002,70341600,1336631083.2
2010-09-20,MSFT,19.048,19.228,18.919,19.161,49838700,954959330.7
2010-09-21,MSFT,19.153,19.153,18.897,18.95,52675700,998204515.0
2010-09-22,MSFT,18.754,18.814,18.354,18.543,94299400,1748593774.2
2010-09-23,MSFT,18.467,18.528,18.354,18.407,46201800,850436532.6
2010-09-24,MSFT,18.565,18.686,18.52,18.671,51948800,969936044.8
2010-09-27,MSFT,18.724,18.829,18.528,18.633,43603300,812460288.9
2010-09-28,MSFT,18.686,18.761,18.347,18.595,56041200,1042086114.0
2010-09-29,MSFT,18.558,18.58,18.384,18.46,44318900,818126894.0
2010-09-30,MSFT,18.543,18.708,18.354,18.452,61262700,1130419340.4
2010-10-01,MSFT,18.663,18.701,18.309,18.369,62672300,1151227478.7
2010-10-04,MSFT,18.053,18.076,17.917,18.015,98143400,1768053351.0
2010-10-05,MSFT,18.128,18.422,18.015,18.347,78152900,1433871256.3
2010-10-06,MSFT,18.324,18.49,18.181,18.407,50489700,929363907.9
2010-10-07,MSFT,18.55,18.648,18.294,18.482,50096100,925876120.2
2010-10-08,MSFT,18.55,18.573,18.362,18.513,41327800,765101561.4
2010-10-11,MSFT,18.641,18.641,18.46,18.528,27587800,511146758.4
2010-10-12,MSFT,18.573,18.784,18.407,18.708,50141500,938047182.0
2010-10-13,MSFT,18.852,19.243,18.754,19.093,75336500,1438399794.5
2010-10-14,MSFT,19.055,19.093,18.837,19.01,51949100,987552391.0
2010-10-15,MSFT,19.108,19.251,19.01,19.243,68954800,1326897216.4
2010-10-18,MSFT,19.281,19.552,19.176,19.454,48330500,940221547.0
2010-10-19,MSFT,19.04,19.115,18.799,18.912,66150900,1251045820.8
2010-10-20,MSFT,19.032,19.138,18.912,19.07,56283600,1073328252.0
2010-10-21,MSFT,19.138,19.243,18.874,19.153,50032400,958270557.2
2010-10-22,MSFT,19.228,19.243,19.04,19.123,25837900,494098161.7
2010-10-25,MSFT,19.017,19.1,18.965,18.98,50912400,966317352.0
2010-10-26,MSFT,18.927,19.567,18.882,19.515,69304200,1352471463.0
2010-10-27,MSFT,19.432,19.673,19.304,19.628,64805500,1272002354.0
2010-10-28,MSFT,19.748,19.876,19.53,19.801,80730300,1598540670.3
2010-10-29,MSFT,20.456,20.494,19.952,20.095,114193200,2294712354.0
2010-11-01,MSFT,20.253,20.509,20.117,20.306,61912100,1257187102.6
2010-11-02,MSFT,20.389,20.66,20.359,20.637,54402100,1122696137.7
2010-11-03,MSFT,20.69,20.713,20.313,20.366,110255300,2245459439.8
2010-11-04,MSFT,20.652,20.667,20.351,20.449,93599300,1914012085.7
2010-11-05,MSFT,20.472,20.487,19.989,20.23,110953700,2244593351.0
2010-11-08,MSFT,20.102,21.752,20.027,20.2,71670800,1447750160.0
2010-11-09,MSFT,20.2,20.426,20.125,20.306,58538600,1188684811.6
2010-11-10,MSFT,20.351,20.404,20.2,20.298,52277300,1061124635.4
2010-11-11,MSFT,20.102,20.133,19.801,20.102,62073100,1247793456.2
2010-11-12,MSFT,19.944,19.982,19.665,19.793,64962200,1285796824.6
2010-11-15,MSFT,19.839,19.967,19.718,19.741,51794600,1022477198.6
2010-11-16,MSFT,19.741,19.741,19.445,19.566,65339200,1278426787.2
2010-11-17,MSFT,19.635,19.642,19.369,19.384,58299700,1130081384.8
2010-11-18,MSFT,19.491,19.771,19.415,19.589,59514000,1165819746.0
2010-11-19,MSFT,19.559,19.582,19.407,19.475,52423200,1020941820.0
2010-11-22,MSFT,19.445,19.513,19.286,19.506,53350500,1040654853.0
2010-11-23,MSFT,19.384,19.407,19.021,19.043,69742500,1328106427.5
2010-11-24,MSFT,19.104,19.301,19.074,19.233,56825900,1092932534.7
2010-11-26,MSFT,19.111,19.263,19.081,19.142,21356500,408806123.0
2010-11-29,MSFT,19.096,19.271,18.899,19.187,56603600,1086053273.2
2010-11-30,MSFT,18.99,19.309,18.952,19.149,75282100,1441576932.9
2010-12-01,MSFT,19.384,19.9,19.377,19.741,74123500,1463272013.5
2010-12-02,MSFT,19.892,20.453,19.862,20.385,91759200,1870511292.0
2010-12-03,MSFT,20.324,20.514,20.302,20.484,52622000,1077909048.0
2010-12-06,MSFT,20.415,20.453,20.287,20.347,36264200,737867677.4
2010-12-07,MSFT,20.529,20.567,20.355,20.37,57860500,1178618385.0
2010-12-08,MSFT,20.34,20.65,20.317,20.643,41666800,860127752.4
2010-12-09,MSFT,20.681,20.726,20.476,20.529,47148300,967907450.7
2010-12-10,MSFT,20.613,20.772,20.552,20.726,37625800,779832330.8
2010-12-13,MSFT,20.673,20.81,20.597,20.658,47943900,990425086.2
2010-12-14,MSFT,20.703,21.037,20.666,20.938,64070500,1341508129.0
2010-12-15,MSFT,20.87,21.219,20.87,21.113,69634200,1470186864.6
2010-12-16,MSFT,21.045,21.219,20.969,21.219,57680200,1223916163.8
2010-12-17,MSFT,21.166,21.295,21.037,21.151,87456500,1849792431.5
2010-12-20,MSFT,21.189,21.219,20.984,21.083,52811000,1113414313.0
2010-12-21,MSFT,21.113,21.333,21.045,21.28,38153000,811895840.0
2010-12-22,MSFT,21.234,21.53,21.211,21.371,42252300,902973903.3
2010-12-23,MSFT,21.204,21.469,21.196,21.454,24902500,534258235.0
2010-12-27,MSFT,21.318,21.378,21.136,21.28,21652800,460771584.0
2010-12-28,MSFT,21.204,21.355,21.196,21.234,23042200,489278074.8
2010-12-29,MSFT,21.181,21.318,21.136,21.204,19502500,413531010.0
2010-12-30,MSFT,21.166,21.227,21.06,21.113,20786100,438856929.3
2010-12-31,MSFT,21.075,21.166,20.946,21.158,24752000,523702816.0
2011-01-03,MSFT,21.264,21.363,21.166,21.211,53443800,1133596441.8
2011-01-04,MSFT,21.181,21.355,21.113,21.295,54405600,1158567252.0
2011-01-05,MSFT,21.151,21.234,21.052,21.227,58998700,1252365404.9
2011-01-06,MSFT,21.257,21.871,21.12,21.848,88026300,1923198602.4
2011-01-07,MSFT,21.712,21.788,21.416,21.681,73762000,1599233922.0
2011-01-10,MSFT,21.424,21.53,21.257,21.393,57573600,1231672024.8
2011-01-11,MSFT,21.378,21.416,21.264,21.31,50298900,1071869559.0
2011-01-12,MSFT,21.318,21.674,21.28,21.644,52631100,1139147528.4
2011-01-13,MSFT,21.477,21.522,21.234,21.371,67077600,1433515389.6
2011-01-14,MSFT,21.287,21.515,21.158,21.454,62688400,1344916933.6
2011-01-18,MSFT,21.348,21.788,21.333,21.727,53322700,1158542302.9
2011-01-19,MSFT,21.575,21.742,21.431,21.583,50005900,1079277339.7
2011-01-20,MSFT,21.606,21.644,21.325,21.492,58613600,1259723491.2
2011-01-21,MSFT,21.53,21.553,21.242,21.242,58080300,1233741732.6
2011-01-24,MSFT,21.242,21.651,21.219,21.515,52047800,1119808417.0
2011-01-25,MSFT,21.333,21.568,21.318,21.568,42436600,915272588.8
2011-01-26,MSFT,21.613,21.977,21.606,21.818,74628800,1628251158.4
2011-01-27,MSFT,21.795,22.333,21.598,21.886,146938600,3215898199.6
2011-01-28,MSFT,21.909,21.932,20.81,21.037,141249400,2971463627.8
2011-01-31,MSFT,21.052,21.151,20.787,21.022,65029000,1367039638.0
2011-02-01,MSFT,21.075,21.272,20.931,21.219,62810700,1332780243.3
2011-02-02,MSFT,21.174,21.31,21.136,21.181,45824000,970598144.0
2011-02-03,MSFT,21.204,21.204,20.878,20.961,60340100,1264788836.1
2011-02-04,MSFT,20.999,21.105,20.855,21.052,40412200,850757634.4
2011-02-07,MSFT,21.075,21.484,21.067,21.378,68980900,1474673680.2
2011-02-08,MSFT,21.302,21.484,21.264,21.439,34904200,748311143.8
2011-02-09,MSFT,21.371,21.424,21.158,21.204,52905100,1121799740.4
2011-02-10,MSFT,21.174,21.181,20.688,20.848,76672400,1598466195.2
2011-02-11,MSFT,21.045,21.083,20.522,20.658,83939700,1734026322.6
2011-02-14,MSFT,20.628,20.673,20.431,20.643,56766200,1171824666.6
2011-02-15,MSFT,20.62,20.841,20.551,20.559,44116500,906991123.5
2011-02-16,MSFT,20.628,20.643,20.284,20.605,70817900,1459202829.5
2011-02-17,MSFT,20.567,20.872,20.521,20.75,57207300,1187051475.0
2011-02-18,MSFT,20.689,20.75,20.582,20.635,68667800,1416960053.0
2011-02-22,MSFT,20.422,20.666,20.223,20.277,60889000,1234646253.0
2011-02-23,MSFT,20.231,20.483,20.155,20.277,60234100,1221366845.7
2011-02-24,MSFT,20.315,20.635,20.208,20.414,64494200,1316584598.8
2011-02-25,MSFT,20.521,20.551,20.208,20.246,53006300,1073165549.8
2011-02-28,MSFT,20.353,20.483,20.216,20.269,51379900,1041419193.1
2011-03-01,MSFT,20.284,20.422,19.941,19.949,60055000,1198037195.0
2011-03-02,MSFT,19.911,20.109,19.857,19.888,48658200,967714281.6
2011-03-03,MSFT,20.025,20.132,19.964,19.979,68271500,1363996298.5
2011-03-04,MSFT,19.995,20.01,19.674,19.789,70437200,1393881750.8
2011-03-07,MSFT,19.926,20.033,19.484,19.613,64980400,1274460585.2
2011-03-08,MSFT,19.651,19.842,19.56,19.758,50549800,998762948.4
2011-03-09,MSFT,19.682,19.812,19.568,19.743,39789100,785556201.3
2011-03-10,MSFT,19.537,19.606,19.331,19.377,66549500,1289529661.5
2011-03-11,MSFT,19.377,19.712,19.339,19.583,49905800,977305281.4
2011-03-14,MSFT,19.438,19.644,19.331,19.59,54473400,1067133906.0
2011-03-15,MSFT,19.125,19.423,19.064,19.362,76067300,1472815062.6
2011-03-16,MSFT,19.232,19.278,18.82,18.904,100725400,1904112961.6
2011-03-17,MSFT,19.11,19.232,18.874,18.897,62497000,1181005809.0
2011-03-18,MSFT,19.11,19.202,18.912,18.912,85486700,1616724470.4
2011-03-21,MSFT,19.202,19.507,19.179,19.316,46878100,905497379.6
2011-03-22,MSFT,19.293,19.415,19.24,19.293,30895600,596068810.8
2011-03-23,MSFT,19.24,19.529,19.202,19.476,43969000,856340244.0
2011-03-24,MSFT,19.522,19.728,19.446,19.682,38696700,761628449.4
2011-03-25,MSFT,19.773,19.789,19.514,19.537,57029800,1114191202.6
2011-03-28,MSFT,19.568,19.613,19.354,19.377,48973200,948953696.4
2011-03-29,MSFT,19.324,19.461,19.293,19.438,40763500,792360913.0
2011-03-30,MSFT,19.522,19.613,19.446,19.529,41999300,820204329.7
2011-03-31,MSFT,19.522,19.583,19.324,19.362,63233700,1224330899.4
2011-04-01,MSFT,19.468,19.468,19.301,19.43,63114200,1226308906.0
2011-04-04,MSFT,19.407,19.568,19.377,19.484,35433700,690390210.8
2011-04-05,MSFT,19.69,19.964,19.629,19.659,73651100,1447906974.9
2011-04-06,MSFT,19.812,20.063,19.72,19.941,65581400,1307758697.4
2011-04-07,MSFT,19.972,20.025,19.804,19.979,46134700,921725171.3
2011-04-08,MSFT,19.957,20.04,19.796,19.88,39887600,792965488.0
2011-04-11,MSFT,19.972,20.018,19.674,19.812,34286300,679280175.6
2011-04-12,MSFT,19.697,19.712,19.484,19.552,36920400,721867660.8
2011-04-13,MSFT,19.56,19.728,19.491,19.545,38144700,745538161.5
2011-04-14,MSFT,19.385,19.4,19.133,19.385,55239900,1070825461.5
2011-04-15,MSFT,19.415,19.491,19.202,19.346,65080400,1259045418.4
2011-04-18,MSFT,19.141,19.278,18.851,19.125,58045100,1110112537.5
2011-04-19,MSFT,19.064,19.194,18.965,19.179,38892400,745917339.6
2011-04-20,MSFT,19.476,19.827,19.453,19.644,61608600,1210239338.4
2011-04-21,MSFT,19.667,19.743,19.339,19.461,46892300,912571050.3
2011-04-25,MSFT,19.491,19.537,19.324,19.529,33525100,654711677.9
2011-04-26,MSFT,19.629,20.162,19.575,19.972,69200000,1382062400.0
2011-04-27,MSFT,20.056,20.124,19.926,20.117,52689000,1059944613.0
2011-04-28,MSFT,20.178,20.49,20.132,20.368,80200000,1633513600.0
2011-04-29,MSFT,20.246,20.315,19.339,19.766,319317900,6311637611.4
2011-05-02,MSFT,19.781,19.827,19.43,19.568,89825600,1757707340.8
2011-05-03,MSFT,19.522,19.712,19.438,19.682,71892900,1414996057.8
2011-05-04,MSFT,19.712,20.018,19.667,19.873,73292300,1456537877.9
2011-05-05,MSFT,19.865,19.888,19.583,19.667,55600000,1093485200.0
2011-05-06,MSFT,19.88,19.995,19.636,19.728,55993000,1104629904.0
2011-05-09,MSFT,19.674,19.796,19.575,19.697,38696400,762202990.8
2011-05-10,MSFT,19.354,19.712,19.255,19.575,120798700,2364634552.5
2011-05-11,MSFT,19.56,19.568,19.224,19.339,78600000,1520045400.0
2011-05-12,MSFT,19.331,19.362,19.141,19.308,77400000,1494439200.0
2011-05-13,MSFT,19.278,19.308,19.026,19.087,66812300,1275246370.1
2011-05-16,MSFT,19.034,19.118,18.683,18.736,91350900,1711550462.4
2011-05-17,MSFT,18.729,18.959,18.629,18.821,82882100,1559924004.1
2011-05-18,MSFT,18.829,18.99,18.614,18.951,53931100,1022048276.1
2011-05-19,MSFT,19.074,19.097,18.805,18.974,37783600,716906026.4
2011-05-20,MSFT,18.974,19.089,18.759,18.798,45451500,854397297.0
2011-05-23,MSFT,18.583,18.614,18.445,18.552,52692500,977551260.0
2011-05-24,MSFT,18.575,18.644,18.452,18.537,47691800,884062896.6
2011-05-25,MSFT,18.552,18.66,18.545,18.568,34904200,648101185.6
2011-05-26,MSFT,18.69,19.212,18.667,18.936,78016600,1477322337.6
2011-05-27,MSFT,18.944,19.113,18.921,19.005,50251000,955020255.0
2011-05-31,MSFT,19.159,19.235,18.959,19.197,60196300,1155588371.1
2011-06-01,MSFT,19.182,19.266,18.706,18.752,74033500,1388276192.0
2011-06-02,MSFT,18.798,18.921,18.56,18.591,51487800,957209689.8
2011-06-03,MSFT,18.46,18.529,18.299,18.353,60697700,1113984888.1
2011-06-06,MSFT,18.337,18.614,18.245,18.429,54778700,1009516662.3
2011-06-07,MSFT,18.491,18.552,18.345,18.468,41112600,759267496.8
2011-06-08,MSFT,18.345,18.437,18.314,18.376,42205000,775559080.0
2011-06-09,MSFT,18.429,18.452,18.284,18.391,42878700,788582171.7
2011-06-10,MSFT,18.437,18.437,18.184,18.199,49327200,897705712.8
2011-06-13,MSFT,18.261,18.568,18.191,18.452,47572500,877807770.0
2011-06-14,MSFT,18.652,18.767,18.568,18.591,42894500,797451649.5
2011-06-15,MSFT,18.422,18.429,18.168,18.222,49410200,900352664.4
2011-06-16,MSFT,18.23,18.498,18.153,18.422,57184100,1053445490.2
2011-06-17,MSFT,18.591,18.652,18.406,18.621,83320400,1551509168.4
2011-06-20,MSFT,18.552,18.928,18.545,18.782,54338400,1020583828.8
2011-06-21,MSFT,18.821,19.082,18.729,19.005,49708700,944713843.5
2011-06-22,MSFT,18.882,19.043,18.875,18.921,44287300,837960003.3
2011-06-23,MSFT,18.759,18.921,18.575,18.905,59470400,1124287912.0
2011-06-24,MSFT,18.813,18.836,18.568,18.652,101387200,1891074054.4
2011-06-27,MSFT,18.598,19.542,18.598,19.343,92044200,1780410960.6
2011-06-28,MSFT,19.42,19.895,19.312,19.803,81032100,1604678676.3
2011-06-29,MSFT,19.734,19.734,19.466,19.665,66051000,1298892915.0
2011-06-30,MSFT,19.757,19.957,19.696,19.957,52535400,1048448977.8
2011-07-01,MSFT,19.903,20.087,19.834,19.972,52906200,1056642626.4
2011-07-05,MSFT,20.034,20.072,19.88,19.98,37805300,755349894.0
2011-07-06,MSFT,19.934,20.241,19.926,20.21,48744200,985120282.0
2011-07-07,MSFT,20.333,20.632,20.233,20.548,51946500,1067396682.0
2011-07-08,MSFT,20.371,20.709,20.348,20.663,58320700,1205080624.1
2011-07-11,MSFT,20.433,20.571,20.333,20.44,43999800,899355912.0
2011-07-12,MSFT,20.379,20.563,20.218,20.371,47319300,963941460.3
2011-07-13,MSFT,20.417,20.694,20.348,20.44,40861800,835215192.0
2011-07-14,MSFT,20.433,20.732,20.233,20.318,46382300,942395571.4
2011-07-15,MSFT,20.318,20.671,20.318,20.556,49132400,1009965614.4
2011-07-18,MSFT,20.44,20.648,20.156,20.41,44501900,908283779.0
2011-07-19,MSFT,20.579,21.216,20.556,21.139,86730600,1833398153.4
2011-07-20,MSFT,20.939,20.993,20.709,20.77,49795400,1034250458.0
2011-07-21,MSFT,20.755,20.962,20.456,20.801,81737400,1700219657.4
2011-07-22,MSFT,20.617,21.147,20.479,21.131,76380600,1613998458.6
2011-07-25,MSFT,20.924,21.561,20.87,21.423,108482400,2324018455.2
2011-07-26,MSFT,21.354,21.607,21.323,21.553,74636500,1608640484.5
2011-07-27,MSFT,21.4,21.484,20.878,20.978,71488700,1499689948.6
2011-07-28,MSFT,20.947,21.546,20.886,21.277,83761400,1782191307.8
2011-07-29,MSFT,21.124,21.269,20.924,21.031,104394800,2195527038.8
2011-08-01,MSFT,21.116,21.254,20.533,20.932,61838400,1294401388.8
2011-08-02,MSFT,20.709,21.07,20.54,20.571,63883100,1314139250.1
2011-08-03,MSFT,20.594,20.724,20.325,20.663,64581200,1334441335.6
2011-08-04,MSFT,20.364,20.625,19.903,19.911,92949500,1850717494.5
2011-08-05,MSFT,19.934,20.034,19.366,19.711,112071700,2209045278.7
2011-08-08,MSFT,19.205,19.65,18.721,18.79,134257200,2522692788.0
2011-08-09,MSFT,18.967,19.665,18.445,19.634,126268900,2479163582.6
2011-08-10,MSFT,19.151,19.258,18.498,18.575,127819900,2374254642.5
2011-08-11,MSFT,18.805,19.481,18.729,19.335,90690100,1753493083.5
2011-08-12,MSFT,19.289,19.45,18.921,19.266,64787100,1248188268.6
2011-08-15,MSFT,19.373,19.634,19.304,19.581,56529400,1106902181.4
2011-08-16,MSFT,19.48,19.766,19.349,19.581,54251500,1062298621.5
2011-08-17,MSFT,19.503,19.851,19.256,19.503,50923700,993164921.1
2011-08-18,MSFT,18.978,19.38,18.561,19.055,105714200,2014384081.0
2011-08-19,MSFT,18.855,19.017,18.468,18.577,77397900,1437820788.3
2011-08-22,MSFT,18.862,18.916,18.376,18.523,54721000,1013597083.0
2011-08-23,MSFT,18.561,19.117,18.561,19.094,59670600,1139350436.4
2011-08-24,MSFT,19.04,19.256,18.862,19.233,45329700,871826120.1
2011-08-25,MSFT,19.372,19.434,18.924,18.978,48192000,914587776.0
2011-08-26,MSFT,18.932,19.573,18.862,19.503,71957000,1403377371.0
2011-08-29,MSFT,19.72,19.975,19.596,19.959,38863200,775670608.8
2011-08-30,MSFT,19.874,20.415,19.851,20.26,57341400,1161736764.0
2011-08-31,MSFT,20.307,20.631,20.284,20.546,59300800,1218394236.8
2011-09-01,MSFT,20.438,20.747,20.245,20.245,60510800,1225041146.0
2011-09-02,MSFT,19.913,20.083,19.82,19.928,43894400,874727603.2
2011-09-06,MSFT,19.465,19.766,19.395,19.704,54929300,1082326927.2
2011-09-07,MSFT,19.843,20.083,19.751,20.083,41961000,842702763.0
2011-09-08,MSFT,20.083,20.593,20.044,20.253,65811900,1332888410.7
2011-09-09,MSFT,20.083,20.222,19.697,19.882,64529200,1282969554.4
2011-09-12,MSFT,19.65,20.029,19.519,19.998,55046100,1100811907.8
2011-09-13,MSFT,20.021,20.23,19.936,20.114,48792300,981408322.2
2011-09-14,MSFT,20.214,20.701,19.998,20.469,66739200,1366084684.8
2011-09-15,MSFT,20.647,20.878,20.322,20.847,67808300,1413599630.1
2011-09-16,MSFT,20.894,21.064,20.724,20.948,89681500,1878648062.0
2011-09-19,MSFT,20.701,21.095,20.546,21.017,52324900,1099712423.3
2011-09-20,MSFT,21.095,21.241,20.801,20.84,49211900,1025575996.0
2011-09-21,MSFT,20.894,20.902,20.06,20.075,72750700,1460470302.5
2011-09-22,MSFT,19.542,19.812,19.001,19.357,96278300,1863659053.1
2011-09-23,MSFT,19.233,19.426,19.071,19.357,64768100,1253716111.7
2011-09-26,MSFT,19.457,19.712,19.102,19.65,51057600,1003281840.0
2011-09-27,MSFT,19.82,20.021,19.658,19.828,55620700,1102847239.6
2011-09-28,MSFT,20.029,20.369,19.704,19.758,60736200,1200025839.6
2011-09-29,MSFT,20.067,20.214,19.38,19.658,63407300,1246460703.4
2011-09-30,MSFT,19.465,19.697,19.218,19.225,54060500,1039313112.5
2011-10-03,MSFT,19.094,19.573,18.94,18.947,64592500,1223834097.5
2011-10-04,MSFT,18.77,19.612,18.739,19.573,83485400,1634059734.2
2011-10-05,MSFT,19.635,20.206,19.434,19.998,94061300,1881037877.4
2011-10-06,MSFT,20.006,20.392,19.851,20.345,55111400,1121241433.0
2011-10-07,MSFT,20.345,20.477,20.237,20.276,52741600,1069388681.6
2011-10-10,MSFT,20.531,20.832,20.446,20.809,41815300,870134577.7
2011-10-11,MSFT,20.747,20.909,20.639,20.855,38826200,809720401.0
2011-10-12,MSFT,20.994,21.095,20.778,20.824,52489800,1093047595.2
2011-10-13,MSFT,20.67,21.01,20.562,20.994,43823500,920030559.0
2011-10-14,MSFT,21.095,21.241,20.871,21.064,50947700,1073162352.8
2011-10-17,MSFT,20.94,21.18,20.739,20.84,39453300,822206772.0
2011-10-18,MSFT,20.809,21.164,20.701,21.095,52487900,1107232250.5
2011-10-19,MSFT,21.141,21.218,20.863,20.956,42880000,898593280.0
2011-10-20,MSFT,21.056,21.118,20.392,20.886,76300200,1593605977.2
2011-10-21,MSFT,20.971,21.002,20.701,20.979,76620600,1607423567.4
2011-10-24,MSFT,20.902,21.164,20.886,21.002,56897800,1194967595.6
2011-10-25,MSFT,20.917,21.033,20.639,20.708,53554600,1109008656.8
2011-10-26,MSFT,20.878,20.902,20.16,20.539,63029900,1294571116.1
2011-10-27,MSFT,20.956,21.164,20.585,21.048,74512400,1568336995.2
2011-10-28,MSFT,20.963,21.002,20.693,20.84,57712100,1202720164.0
2011-10-31,MSFT,20.67,20.855,20.562,20.569,46799000,962608631.0
2011-11-01,MSFT,20.23,20.33,19.975,20.075,61182600,1228240695.0
2011-11-02,MSFT,20.16,20.237,19.851,20.091,53533100,1075533512.1
2011-11-03,MSFT,20.268,20.539,20.067,20.492,65836100,1349113361.2
2011-11-04,MSFT,20.376,20.392,20.083,20.276,36549200,741071579.2
2011-11-07,MSFT,20.245,20.716,20.183,20.701,42589700,881649379.7
2011-11-08,MSFT,20.863,21.01,20.616,20.979,47822500,1003268227.5
2011-11-09,MSFT,20.539,20.662,20.129,20.237,62950900,1273937363.3
2011-11-10,MSFT,20.446,20.469,20.175,20.299,32514400,660009805.6
2011-11-11,MSFT,20.531,20.917,20.523,20.786,37903000,787851758.0
2011-11-14,MSFT,20.763,20.855,20.585,20.67,34199200,706897464.0
2011-11-15,MSFT,20.67,20.966,20.545,20.81,43874200,913022102.0
2011-11-16,MSFT,20.6,20.631,20.265,20.288,53262800,1080595686.4
2011-11-17,MSFT,20.242,20.265,19.798,19.876,70977500,1410748790.0
2011-11-18,MSFT,19.829,19.845,19.573,19.689,47626200,937712251.8
2011-11-21,MSFT,19.643,19.65,19.378,19.456,61882500,1203985920.0
2011-11-22,MSFT,19.37,19.425,19.183,19.292,49204500,949253214.0
2011-11-23,MSFT,19.152,19.292,19.043,19.043,49099700,935005587.1
2011-11-25,MSFT,18.973,19.199,18.911,18.911,26164600,494798750.6
2011-11-28,MSFT,19.409,19.432,19.215,19.355,46766700,905169478.5
2011-11-29,MSFT,19.316,19.487,19.261,19.331,40917100,790968460.1
2011-11-30,MSFT,19.744,19.915,19.565,19.907,81350900,1619452366.3
2011-12-01,MSFT,19.892,19.946,19.611,19.674,48545400,955082199.6
2011-12-02,MSFT,19.915,19.938,19.58,19.627,52293800,1026370412.6
2011-12-05,MSFT,20.063,20.078,19.845,20.001,56818400,1136424818.4
2011-12-06,MSFT,20.086,20.133,19.931,19.969,46175300,922074565.7
2011-12-07,MSFT,19.977,20.047,19.72,19.923,62667000,1248514641.0
2011-12-08,MSFT,19.829,20.016,19.744,19.767,60522200,1196342327.4
2011-12-09,MSFT,19.86,20.133,19.845,20.001,53788500,1075823788.5
2011-12-12,MSFT,19.775,19.899,19.681,19.853,38945900,773192952.7
2011-12-13,MSFT,20.039,20.312,19.962,20.047,54581100,1094187311.7
2011-12-14,MSFT,20.016,20.125,19.899,19.915,47926400,954454256.0
2011-12-15,MSFT,20.016,20.141,19.876,19.892,46213900,919286898.8
2011-12-16,MSFT,19.977,20.366,19.946,20.234,101408100,2051891495.4
2011-12-19,MSFT,20.25,20.327,19.814,19.868,52258300,1038267904.4
2011-12-20,MSFT,20.125,20.312,20.086,20.257,60767600,1230969273.2
2011-12-21,MSFT,20.242,20.382,19.798,20.047,64132500,1285664227.5
2011-12-22,MSFT,20.094,20.125,19.829,20.086,35794100,718960292.6
2011-12-23,MSFT,20.164,20.265,20.024,20.257,23205800,470079890.6
2011-12-27,MSFT,20.203,20.343,20.18,20.265,21287200,431385108.0
2011-12-28,MSFT,20.32,20.351,20.047,20.094,29822500,599253315.0
2011-12-29,MSFT,20.195,20.273,20.125,20.25,22616900,457992225.0
2011-12-30,MSFT,20.234,20.327,20.164,20.203,27395700,553475327.1
2012-01-03,MSFT,20.662,20.981,20.538,20.833,64731500,1348551339.5
2012-01-04,MSFT,20.872,21.378,20.841,21.324,80516100,1716925316.4
2012-01-05,MSFT,21.308,21.58,21.238,21.541,56081400,1208049437.4
2012-01-06,MSFT,21.425,21.938,21.425,21.876,99455500,2175688518.0
2012-01-09,MSFT,21.829,21.868,21.573,21.588,59706800,1288950398.4
2012-01-10,MSFT,21.736,21.907,21.596,21.666,60014400,1300271990.4
2012-01-11,MSFT,21.347,21.775,21.3,21.573,65582400,1414809115.2
2012-01-12,MSFT,21.689,21.806,21.518,21.79,49370800,1075789732.0
2012-01-13,MSFT,21.736,21.985,21.627,21.985,60196100,1323411258.5
2012-01-17,MSFT,22.102,22.296,21.923,21.993,72395300,1592189832.9
2012-01-18,MSFT,22.032,22.102,21.767,21.969,64860600,1424922521.4
2012-01-19,MSFT,21.915,22.133,21.814,21.884,74053500,1620586794.0
2012-01-20,MSFT,22.429,23.145,22.374,23.121,165902900,3835840950.9
2012-01-23,MSFT,22.997,23.308,22.841,23.137,76078100,1760218999.7
2012-01-24,MSFT,22.934,23.012,22.709,22.833,51703300,1180541448.9
2012-01-25,MSFT,22.623,23.075,22.623,23.005,59231700,1362625258.5
2012-01-26,MSFT,23.043,23.113,22.88,22.958,49102800,1127302082.4
2012-01-27,MSFT,22.919,22.981,22.701,22.748,44187700,1005181799.6
2012-01-30,MSFT,22.545,23.051,22.436,23.043,51114800,1177838336.4
2012-01-31,MSFT,23.082,23.113,22.748,22.981,50572400,1162204324.4
2012-02-01,MSFT,23.184,23.386,23.16,23.261,67409900,1568021683.9
2012-02-02,MSFT,23.269,23.479,23.121,23.308,52223300,1217220676.4
2012-02-03,MSFT,23.456,23.658,23.417,23.534,41838500,984627259.0
2012-02-06,MSFT,23.378,23.518,23.324,23.503,28039700,659017069.1
2012-02-07,MSFT,23.464,23.728,23.386,23.619,39242400,926866245.6
2012-02-08,MSFT,23.549,23.868,23.518,23.861,49659100,1184915785.1
2012-02-09,MSFT,23.876,23.97,23.721,23.946,50481600,1208832393.6
2012-02-10,MSFT,23.845,23.97,23.627,23.736,44605300,1058751400.8
2012-02-13,MSFT,23.837,23.946,23.682,23.798,33319800,792944600.4
2012-02-14,MSFT,23.759,23.861,23.383,23.696,59644000,1413324224.0
2012-02-15,MSFT,23.759,23.806,23.524,23.54,43311300,1019548002.0
2012-02-16,MSFT,23.743,24.715,23.736,24.511,94705100,2321316706.1
2012-02-17,MSFT,24.441,24.535,24.245,24.48,70036500,1714493520.0
2012-02-21,MSFT,24.425,24.762,24.402,24.629,50829900,1251889607.1
2012-02-22,MSFT,24.637,24.817,24.425,24.496,49253200,1206506387.2
2012-02-23,MSFT,24.441,24.746,24.284,24.574,35034700,860942717.8
2012-02-24,MSFT,24.66,24.676,24.472,24.66,35575400,877289364.0
2012-02-27,MSFT,24.472,24.676,24.362,24.558,34568400,848930767.2
2012-02-28,MSFT,24.605,25.013,24.582,24.966,45230600,1129227159.6
2012-02-29,MSFT,24.981,25.067,24.762,24.864,59323600,1475021990.4
2012-03-01,MSFT,25.013,25.373,24.95,25.295,77344100,1956419009.5
2012-03-02,MSFT,25.31,25.412,25.067,25.13,47314200,1189005846.0
2012-03-05,MSFT,25.075,25.107,24.77,24.911,45240000,1126973640.0
2012-03-06,MSFT,24.707,25.052,24.668,24.723,51932900,1283937086.7
2012-03-07,MSFT,24.809,25.005,24.699,24.942,34340400,856518256.8
2012-03-08,MSFT,25.099,25.232,24.989,25.075,36747400,921441055.0
2012-03-09,MSFT,25.146,25.193,25.005,25.06,34628400,867787704.0
2012-03-12,MSFT,25.044,25.224,24.926,25.099,34073600,855213286.4
2012-03-13,MSFT,25.255,25.608,25.185,25.592,48951700,1252771906.4
2012-03-14,MSFT,25.483,25.757,25.451,25.671,41986900,1077845709.9
2012-03-15,MSFT,25.686,25.804,25.522,25.733,49068300,1262674563.9
2012-03-16,MSFT,25.78,25.812,25.459,25.537,65626400,1675901376.8
2012-03-19,MSFT,25.49,25.545,25.185,25.224,44789200,1129762780.8
2012-03-20,MSFT,25.146,25.185,24.864,25.06,41566800,1041664008.0
2012-03-21,MSFT,25.036,25.185,24.926,24.997,37928600,948101214.2
2012-03-22,MSFT,24.919,25.138,24.903,25.067,31749500,795864716.5
2012-03-23,MSFT,25.146,25.154,24.848,25.075,35912200,900498415.0
2012-03-26,MSFT,25.216,25.545,25.185,25.53,36758300,938439399.0
2012-03-27,MSFT,25.577,25.616,25.381,25.475,36274900,924103077.5
2012-03-28,MSFT,25.475,25.616,25.099,25.216,41344800,1042550476.8
2012-03-29,MSFT,25.114,25.216,24.919,25.161,37038500,931925698.5
2012-03-30,MSFT,25.381,25.389,25.099,25.271,31749400,802339087.4
2012-04-02,MSFT,25.24,25.428,25.028,25.295,35853600,906916812.0
2012-04-03,MSFT,25.193,25.216,24.801,25.02,42752100,1069657542.0
2012-04-04,MSFT,24.801,24.825,24.323,24.449,49455900,1209147299.1
2012-04-05,MSFT,24.402,24.778,24.323,24.691,50368600,1243651102.6
2012-04-09,MSFT,24.456,24.597,24.261,24.362,31056400,756596016.8
2012-04-10,MSFT,24.331,24.433,23.736,23.869,54131300,1292059999.7
2012-04-11,MSFT,23.837,23.916,23.681,23.775,43014000,1022657850.0
2012-04-12,MSFT,23.877,24.315,23.83,24.268,38304000,929561472.0
2012-04-13,MSFT,24.198,24.409,24.065,24.135,39749200,959346942.0
2012-04-16,MSFT,24.276,24.433,24.104,24.347,38124800,928224505.6
2012-04-17,MSFT,24.496,24.762,24.441,24.629,34361500,846289383.5
2012-04-18,MSFT,24.503,24.527,24.315,24.394,40552900,989247442.6
2012-04-19,MSFT,24.386,24.817,24.237,24.292,54781200,1330744910.4
2012-04-20,MSFT,25.185,25.765,25.107,25.396,106045000,2693118820.0
2012-04-23,MSFT,25.31,25.459,25.091,25.161,61398200,1544840110.2
2012-04-24,MSFT,25.232,25.475,24.934,25.005,40871100,1021981855.5
2012-04-25,MSFT,25.005,25.318,24.966,25.224,62495500,1576386492.0
2012-04-26,MSFT,25.161,25.248,25.005,25.154,40308100,1013909947.4
2012-04-27,MSFT,25.161,25.24,24.973,25.052,41419100,1037631293.2
2012-04-30,MSFT,25.052,25.154,25.005,25.083,35697200,895392867.6
2012-05-01,MSFT,25.107,25.334,25.028,25.075,43832300,1099094922.5
2012-05-02,MSFT,24.95,25.013,24.785,24.911,37385300,931305208.3
2012-05-03,MSFT,24.973,24.989,24.762,24.879,31501300,783720842.7
2012-05-04,MSFT,24.637,24.731,24.221,24.268,57927200,1405777289.6
2012-05-07,MSFT,24.049,24.174,23.947,24.01,48641400,1167880014.0
2012-05-08,MSFT,23.877,24.112,23.634,23.892,46328300,1106875743.6
2012-05-09,MSFT,23.65,24.151,23.579,24.096,50309300,1212252892.8
2012-05-10,MSFT,24.174,24.3,23.853,24.08,43839200,1055647936.0
2012-05-11,MSFT,24.041,24.707,24.041,24.409,43459300,1060798053.7
2012-05-14,MSFT,24.143,24.315,24.002,24.033,40528900,974031053.7
2012-05-15,MSFT,24.159,24.286,23.773,23.82,61822800,1472619096.0
2012-05-16,MSFT,23.899,23.907,23.45,23.576,60083700,1416533311.2
2012-05-17,MSFT,23.647,23.82,23.426,23.434,48484000,1136174056.0
2012-05-18,MSFT,23.489,23.505,23.0,23.079,56205300,1297162118.7
2012-05-21,MSFT,22.945,23.489,22.914,23.458,38787900,909886558.2
2012-05-22,MSFT,23.41,23.56,23.261,23.466,39504900,927021983.4
2012-05-23,MSFT,23.142,23.182,22.583,22.953,65171000,1495869963.0
2012-05-24,MSFT,22.993,23.103,22.677,22.922,52575000,1205124150.0
2012-05-25,MSFT,23.024,23.15,22.874,22.914,29507200,676127980.8
2012-05-29,MSFT,23.166,23.434,23.04,23.308,37758800,880082110.4
2012-05-30,MSFT,23.142,23.245,22.961,23.134,41585500,962038957.0
2012-05-31,MSFT,23.103,23.198,22.819,23.016,39134000,900708144.0
2012-06-01,MSFT,22.677,22.835,22.425,22.433,56634300,1270477251.9
2012-06-04,MSFT,22.567,22.693,22.33,22.512,47926300,1078916865.6
2012-06-05,MSFT,22.48,22.669,22.385,22.48,45715400,1027682192.0
2012-06-06,MSFT,22.772,23.158,22.717,23.142,46860500,1084445691.0
2012-06-07,MSFT,23.371,23.418,23.0,23.048,37792800,871048454.4
2012-06-08,MSFT,23.032,23.403,22.906,23.379,42551100,994802166.9
2012-06-11,MSFT,23.442,23.505,22.724,22.788,46361900,1056494977.2
2012-06-12,MSFT,22.945,23.103,22.74,23.095,35337900,816128800.5
2012-06-13,MSFT,23.04,23.213,22.906,22.969,32984600,757623277.4
2012-06-14,MSFT,23.127,23.229,22.772,23.134,39458900,912842192.6
2012-06-15,MSFT,23.332,23.718,23.253,23.671,62314400,1475044162.4
2012-06-18,MSFT,23.647,23.679,23.426,23.529,58679900,1380679367.1
2012-06-19,MSFT,23.805,24.53,23.694,24.207,75725800,1833094440.6
2012-06-20,MSFT,24.388,24.483,24.159,24.388,36257100,884238154.8
2012-06-21,MSFT,24.412,24.554,23.702,23.765,48456600,1151571099.0
2012-06-22,MSFT,23.891,24.23,23.679,24.207,45098100,1091689706.7
2012-06-25,MSFT,23.891,23.907,23.355,23.552,42217200,994299494.4
2012-06-26,MSFT,23.655,23.868,23.608,23.671,38421300,909470592.3
2012-06-27,MSFT,23.805,24.049,23.679,23.789,33781700,803632861.3
2012-06-28,MSFT,23.639,23.694,23.198,23.584,45328400,1069024985.6
2012-06-29,MSFT,24.01,24.199,23.765,24.12,55227200,1332080064.0
2012-07-02,MSFT,24.144,24.144,23.82,24.096,30589100,737074953.6
2012-07-03,MSFT,23.836,24.254,23.789,24.254,20938100,507832677.4
2012-07-05,MSFT,24.12,24.27,23.954,24.207,28801900,697207593.3
2012-07-06,MSFT,24.136,24.207,23.615,23.805,38294800,911607714.0
2012-07-09,MSFT,23.749,23.836,23.481,23.655,30680800,725754324.0
2012-07-10,MSFT,23.718,23.828,23.269,23.45,37534100,880174645.0
2012-07-11,MSFT,23.426,23.45,22.953,23.103,39184900,905288744.7
2012-07-12,MSFT,22.985,23.008,22.504,22.575,63523600,1434045270.0
2012-07-13,MSFT,22.677,23.245,22.646,23.174,39085000,905755790.0
2012-07-16,MSFT,23.245,23.284,22.898,23.213,27900600,647656627.8
2012-07-17,MSFT,23.371,23.544,23.024,23.387,33771300,789809393.1
2012-07-18,MSFT,23.339,24.01,23.229,24.01,41090400,986580504.0
2012-07-19,MSFT,24.057,24.286,23.954,24.183,46663200,1128456165.6
2012-07-20,MSFT,24.443,24.483,23.694,23.749,64021700,1520451353.3
2012-07-23,MSFT,23.316,23.324,22.874,23.087,55151900,1273291915.3
2012-07-24,MSFT,23.056,23.15,22.788,22.985,47723300,1096920050.5
2012-07-25,MSFT,23.056,23.127,22.693,22.732,45579500,1036113194.0
2012-07-26,MSFT,23.048,23.261,22.937,22.993,45301400,1041615090.2
2012-07-27,MSFT,23.245,23.537,23.008,23.466,44242600,1038196851.6
2012-07-30,MSFT,23.458,23.513,23.229,23.371,28905000,675538755.0
2012-07-31,MSFT,23.245,23.426,23.127,23.237,37620900,874196853.3
2012-08-01,MSFT,23.332,23.379,23.032,23.19,31721800,735628542.0
2012-08-02,MSFT,23.032,23.284,22.843,23.016,39520500,909603828.0
2012-08-03,MSFT,23.284,23.608,23.245,23.458,35859400,841189805.2
2012-08-06,MSFT,23.655,23.742,23.505,23.615,27471800,648746557.0
2012-08-07,MSFT,23.71,23.931,23.552,23.86,28002900,668149194.0
2012-08-08,MSFT,23.82,24.025,23.742,23.915,26257600,627950504.0
2012-08-09,MSFT,23.962,24.167,23.891,24.049,24920800,599320319.2
2012-08-10,MSFT,24.049,24.144,23.852,23.986,27810300,667057855.8
2012-08-13,MSFT,23.931,24.018,23.781,23.962,23049100,552302534.2
2012-08-14,MSFT,24.05,24.121,23.819,23.915,34551400,826296731.0
2012-08-15,MSFT,23.899,24.034,23.827,23.97,24351000,583693470.0
2012-08-16,MSFT,24.097,24.558,24.018,24.431,35787200,874317083.2
2012-08-17,MSFT,24.542,24.542,24.28,24.526,32589900,799299887.4
2012-08-20,MSFT,24.462,24.486,24.272,24.399,23737700,579176142.3
2012-08-21,MSFT,24.415,24.574,24.296,24.447,28822700,704628546.9
2012-08-22,MSFT,24.28,24.415,24.185,24.24,33437400,810522576.0
2012-08-23,MSFT,24.121,24.129,23.875,24.018,28355600,681044800.8
2012-08-24,MSFT,24.01,24.312,23.954,24.256,22943300,556512684.8
2012-08-27,MSFT,24.55,24.574,24.28,24.359,34691100,845040504.9
2012-08-28,MSFT,24.367,24.447,24.224,24.312,23947900,582221344.8
2012-08-29,MSFT,24.327,24.407,24.161,24.327,23346800,567957603.6
2012-08-30,MSFT,24.232,24.296,23.986,24.066,23982100,577153218.6
2012-08-31,MSFT,24.288,24.574,24.113,24.462,36590100,895067026.2
2012-09-04,MSFT,24.169,24.335,23.931,24.121,48556700,1171236160.7
2012-09-05,MSFT,23.986,24.232,23.978,24.121,33650000,811671650.0
2012-09-06,MSFT,24.208,24.891,24.177,24.883,48371700,1203633011.1
2012-09-07,MSFT,24.637,24.661,24.391,24.566,42649100,1047717790.6
2012-09-10,MSFT,24.47,24.526,24.216,24.383,40524000,988096692.0
2012-09-11,MSFT,24.359,24.534,24.296,24.439,25191800,615662400.2
2012-09-12,MSFT,24.558,24.748,24.391,24.431,32775800,800745569.8
2012-09-13,MSFT,24.518,24.748,24.129,24.558,45047300,1106271593.4
2012-09-14,MSFT,24.613,24.804,24.454,24.772,51422800,1273845601.6
2012-09-17,MSFT,24.756,24.812,24.637,24.772,36488500,903893122.0
2012-09-18,MSFT,24.685,24.772,24.629,24.748,34542700,854862739.6
2012-09-19,MSFT,24.677,24.756,24.637,24.645,48871900,1204447975.5
2012-09-20,MSFT,24.566,24.986,24.534,24.962,45543000,1136844366.0
2012-09-21,MSFT,24.947,25.089,24.677,24.756,102348900,2533749368.4
2012-09-24,MSFT,24.605,24.661,24.32,24.431,46825900,1144003562.9
2012-09-25,MSFT,24.566,24.605,24.097,24.121,54266400,1308959834.4
2012-09-26,MSFT,24.034,24.288,23.843,23.947,54672000,1309230384.0
2012-09-27,MSFT,23.946,24.129,23.724,23.939,47129900,1128242676.1
2012-09-28,MSFT,23.954,24.018,23.605,23.621,54229300,1280950295.3
2012-10-01,MSFT,23.661,23.796,23.351,23.407,54042700,1264977478.9
2012-10-02,MSFT,23.558,23.724,23.415,23.542,43338900,1020284383.8
2012-10-03,MSFT,23.613,23.804,23.55,23.7,46655900,1105744830.0
2012-10-04,MSFT,23.788,23.835,23.47,23.835,43634900,1040037841.5
2012-10-05,MSFT,23.994,24.01,23.605,23.693,41133900,974585492.7
2012-10-08,MSFT,23.526,23.748,23.454,23.637,29752000,703248024.0
2012-10-09,MSFT,23.558,23.605,23.161,23.24,45121100,1048614364.0
2012-10-10,MSFT,23.137,23.264,22.978,23.002,47227100,1086317754.2
2012-10-11,MSFT,23.192,23.216,22.915,22.978,41488500,953322753.0
2012-10-12,MSFT,22.994,23.272,22.859,23.177,46464700,1076912351.9
2012-10-15,MSFT,23.312,23.589,23.216,23.423,42440200,994076804.6
2012-10-16,MSFT,23.375,23.605,23.272,23.407,47739400,1117436135.8
2012-10-17,MSFT,23.256,23.526,23.089,23.486,44206100,1038224464.6
2012-10-18,MSFT,23.534,23.597,23.224,23.415,59238500,1387069477.5
2012-10-19,MSFT,23.058,23.081,22.621,22.732,90470800,2056582225.6
2012-10-22,MSFT,22.804,22.883,22.089,22.224,83374000,1852903776.0
2012-10-23,MSFT,22.042,22.383,22.034,22.264,64414800,1434131107.2
2012-10-24,MSFT,22.351,22.383,22.121,22.145,53320400,1180780258.0
2012-10-25,MSFT,22.375,22.383,22.113,22.129,54084300,1196831474.7
2012-10-26,MSFT,22.113,22.494,22.097,22.391,57790000,1293975890.0
2012-10-31,MSFT,22.661,22.923,22.621,22.653,69464100,1573570257.3
2012-11-01,MSFT,22.891,23.462,22.875,23.431,72047900,1688154344.9
2012-11-02,MSFT,23.486,23.629,23.28,23.415,57131600,1337736414.0
2012-11-05,MSFT,23.51,23.605,23.28,23.518,38070800,895349074.4
2012-11-06,MSFT,23.669,23.97,23.502,23.7,43401500,1028615550.0
2012-11-07,MSFT,23.439,23.677,23.058,23.081,57871800,1335739015.8
2012-11-08,MSFT,23.113,23.312,22.859,22.867,49841800,1139732440.6
2012-11-09,MSFT,22.923,23.169,22.867,22.883,43291200,990632529.6
2012-11-12,MSFT,22.97,23.026,22.391,22.399,61112300,1368854407.7
2012-11-13,MSFT,21.623,21.847,21.406,21.679,131689200,2854890166.8
2012-11-14,MSFT,21.799,21.839,21.446,21.478,76086100,1634177255.8
2012-11-15,MSFT,21.51,21.583,21.31,21.334,50955600,1087086770.4
2012-11-16,MSFT,21.342,21.366,21.078,21.222,64083300,1359975792.6
2012-11-19,MSFT,21.446,21.446,21.182,21.39,57179300,1223065227.0
2012-11-20,MSFT,21.414,21.446,21.174,21.374,47070400,1006082729.6
2012-11-21,MSFT,21.374,21.743,21.342,21.567,66360300,1431192590.1
2012-11-23,MSFT,21.791,22.223,21.767,22.167,57845700,1282265631.9
2012-11-26,MSFT,22.039,22.071,21.743,21.919,85198700,1867470305.3
2012-11-27,MSFT,21.895,21.911,21.639,21.671,45018600,975598080.6
2012-11-28,MSFT,21.615,21.919,21.422,21.895,53018400,1160837868.0
2012-11-29,MSFT,21.695,21.895,21.494,21.567,69551400,1500015043.8
2012-11-30,MSFT,21.647,21.711,21.198,21.302,83690200,1782768640.4
2012-12-03,MSFT,21.43,21.462,21.126,21.15,53173800,1124625870.0
2012-12-04,MSFT,21.206,21.31,21.078,21.102,49777500,1050404805.0
2012-12-05,MSFT,21.11,21.55,21.014,21.342,68283800,1457312859.6
2012-12-06,MSFT,21.454,21.591,21.294,21.39,39182300,838109397.0
2012-12-07,MSFT,21.462,21.462,21.102,21.174,46162100,977436305.4
2012-12-10,MSFT,21.254,21.582,21.222,21.558,47031100,1013896453.8
2012-12-11,MSFT,21.647,21.999,21.647,21.863,52282800,1143058856.4
2012-12-12,MSFT,22.031,22.103,21.671,21.799,43966300,958421373.7
2012-12-13,MSFT,21.863,22.023,21.566,21.695,45080100,978012769.5
2012-12-14,MSFT,21.695,21.711,21.366,21.454,42077500,902730685.0
2012-12-17,MSFT,21.438,21.783,21.35,21.687,42046100,911853770.7
2012-12-18,MSFT,21.807,22.111,21.719,22.055,50486900,1113488579.5
2012-12-19,MSFT,22.159,22.191,21.807,21.855,53519900,1169677414.5
2012-12-20,MSFT,21.895,22.151,21.727,22.151,52607300,1165304302.3
2012-12-21,MSFT,21.967,21.999,21.607,21.967,98776500,2169823375.5
2012-12-24,MSFT,21.767,21.807,21.607,21.655,20842400,451342172.0
2012-12-26,MSFT,21.631,21.767,21.366,21.494,31631100,679878863.4
2012-12-27,MSFT,21.518,21.679,21.262,21.575,39394000,849925550.0
2012-12-28,MSFT,21.374,21.526,21.246,21.246,28239900,599984915.4
2012-12-31,MSFT,21.278,21.422,21.102,21.374,42749500,913727813.0
2013-01-02,MSFT,21.807,22.191,21.727,22.103,52899300,1169233227.9
2013-01-03,MSFT,22.111,22.127,21.735,21.807,48294400,1053155980.8
2013-01-04,MSFT,21.823,21.879,21.39,21.398,52521100,1123846497.8
2013-01-07,MSFT,21.422,21.51,21.318,21.358,37110400,792603923.2
2013-01-08,MSFT,21.406,21.438,21.174,21.246,44703100,949762062.6
2013-01-09,MSFT,21.382,21.406,21.254,21.366,49047900,1047957431.4
2013-01-10,MSFT,21.326,21.591,21.038,21.174,71431300,1512486346.2
2013-01-11,MSFT,21.198,21.55,21.03,21.47,55512100,1191844787.0
2013-01-14,MSFT,21.526,21.671,21.414,21.518,48324400,1039844439.2
2013-01-15,MSFT,21.47,21.839,21.47,21.775,48244500,1050523987.5
2013-01-16,MSFT,21.727,21.791,21.615,21.639,41077400,888873858.6
2013-01-17,MSFT,21.759,21.983,21.655,21.807,51685900,1127114421.3
2013-01-18,MSFT,21.687,21.839,21.639,21.807,52167700,1137621033.9
2013-01-22,MSFT,21.847,21.967,21.607,21.727,58650600,1274301586.2
2013-01-23,MSFT,21.767,22.119,21.767,22.095,50387700,1113316231.5
2013-01-24,MSFT,22.167,22.463,21.983,22.111,101739300,2249557662.3
2013-01-25,MSFT,22.071,22.591,21.919,22.311,81847700,1826104034.7
2013-01-28,MSFT,22.415,22.591,22.215,22.335,56056500,1252021927.5
2013-01-29,MSFT,22.263,22.511,22.087,22.415,49242600,1103772879.0
2013-01-30,MSFT,22.415,22.559,22.215,22.287,43580500,971278603.5
2013-01-31,MSFT,22.239,22.383,21.927,21.967,50530000,1109992510.0
2013-02-01,MSFT,22.143,22.447,22.047,22.351,55565900,1241953430.9
2013-02-04,MSFT,22.303,22.423,21.943,21.959,50540000,1109807860.0
2013-02-05,MSFT,22.103,22.135,21.895,22.007,35410400,779276672.8
2013-02-06,MSFT,21.911,22.039,21.807,21.879,41889600,916502558.4
2013-02-07,MSFT,21.887,21.919,21.687,21.831,38028300,830195817.3
2013-02-08,MSFT,21.887,22.175,21.855,22.047,33318500,734572969.5
2013-02-11,MSFT,22.127,22.343,22.007,22.295,32247700,718962471.5
2013-02-12,MSFT,22.311,22.407,22.207,22.311,35990900,802992969.9
2013-02-13,MSFT,22.351,22.495,22.311,22.431,41715600,935722623.6
2013-02-14,MSFT,22.343,22.455,22.303,22.439,32663200,732929544.8
2013-02-15,MSFT,22.439,22.535,22.311,22.415,49650900,1112924923.5
2013-02-19,MSFT,22.495,22.665,22.431,22.633,38781400,877739426.2
2013-02-20,MSFT,22.697,22.754,22.455,22.487,44110200,991906067.4
2013-02-21,MSFT,22.382,22.382,21.971,22.181,49078500,1088610208.5
2013-02-22,MSFT,22.334,22.399,22.173,22.399,31425900,703908734.1
2013-02-25,MSFT,22.568,22.633,22.084,22.084,48011800,1060292591.2
2013-02-26,MSFT,22.092,22.27,22.06,22.084,49923300,1102506157.2
2013-02-27,MSFT,22.124,22.592,22.052,22.439,36394700,816660673.3
2013-02-28,MSFT,22.495,22.568,22.382,22.431,35840200,803931526.2
2013-03-01,MSFT,22.366,22.576,22.205,22.552,34849700,785930434.4
2013-03-04,MSFT,22.471,22.713,22.35,22.713,38157500,866671297.5
2013-03-05,MSFT,22.826,23.028,22.721,22.875,41432200,947761575.0
2013-03-06,MSFT,22.762,22.778,22.415,22.665,51448500,1166080252.5
2013-03-07,MSFT,22.681,22.818,22.6,22.705,29196700,662911073.5
2013-03-08,MSFT,22.794,22.859,22.56,22.592,37667800,850990937.6
2013-03-11,MSFT,22.544,22.568,22.326,22.487,36627500,823642592.5
2013-03-12,MSFT,22.463,22.552,22.302,22.52,39255200,884027104.0
2013-03-13,MSFT,22.487,22.608,22.391,22.528,29093400,655416115.2
2013-03-14,MSFT,22.592,22.721,22.536,22.705,55914800,1269545534.0
2013-03-15,MSFT,22.616,22.721,22.576,22.625,92710300,2097570537.5
2013-03-18,MSFT,22.495,22.818,22.439,22.673,44809400,1015963526.2
2013-03-19,MSFT,22.689,22.77,22.616,22.738,51901600,1180138580.8
2013-03-20,MSFT,22.867,22.988,22.738,22.85,35447800,809982230.0
2013-03-21,MSFT,22.681,22.883,22.633,22.681,34233200,776443209.2
2013-03-22,MSFT,22.746,22.867,22.673,22.794,28720900,654664194.6
2013-03-25,MSFT,22.834,22.875,22.56,22.721,44154000,1003223034.0
2013-03-26,MSFT,22.786,22.867,22.681,22.721,27824300,632195920.3
2013-03-27,MSFT,22.705,22.955,22.657,22.891,36047400,825161033.4
2013-03-28,MSFT,22.85,23.125,22.802,23.084,55453800,1280095519.2
2013-04-01,MSFT,23.109,23.125,22.883,23.084,29201100,674078192.4
2013-04-02,MSFT,23.068,23.278,23.012,23.238,28456500,661272147.0
2013-04-03,MSFT,23.197,23.359,23.028,23.044,35062800,807987163.2
2013-04-04,MSFT,22.907,23.084,22.81,23.076,45263200,1044493603.2
2013-04-05,MSFT,22.77,23.222,22.681,23.157,50927300,1179323486.1
2013-04-08,MSFT,23.181,23.181,22.971,23.068,34759500,801832146.0
2013-04-09,MSFT,23.181,24.061,23.141,23.891,77733800,1857138215.8
2013-04-10,MSFT,23.859,24.464,23.819,24.432,71116700,1737523214.4
2013-04-11,MSFT,23.48,23.56,23.181,23.351,130923200,3057187643.2
2013-04-12,MSFT,23.278,23.415,23.125,23.23,62886300,1460848749.0
2013-04-15,MSFT,23.117,23.383,23.004,23.149,56332900,1304050302.1
2013-04-16,MSFT,23.318,23.512,23.157,23.375,52797300,1234136887.5
2013-04-17,MSFT,23.278,23.431,23.076,23.262,52840700,1229180363.4
2013-04-18,MSFT,23.359,23.383,22.996,23.23,56906600,1321940318.0
2013-04-19,MSFT,23.899,24.4,23.891,24.02,99790700,2396972614.0
2013-04-22,MSFT,24.448,25.158,24.424,24.876,137904000,3430499904.0
2013-04-23,MSFT,24.771,24.932,24.513,24.69,59126900,1459843161.0
2013-04-24,MSFT,24.706,25.755,24.69,25.626,90946600,2330597571.6
2013-04-25,MSFT,25.586,26.497,25.449,25.771,110700200,2852854854.2
2013-04-26,MSFT,25.739,25.804,25.376,25.65,47799300,1226052045.0
2013-04-29,MSFT,25.658,26.368,25.634,26.312,59116400,1555470716.8
2013-04-30,MSFT,26.272,26.715,26.046,26.707,75165200,2007436996.4
2013-05-01,MSFT,26.57,26.691,26.304,26.401,54330900,1434390090.9
2013-05-02,MSFT,26.328,26.764,26.134,26.756,46059500,1232367982.0
2013-05-03,MSFT,26.812,27.046,26.691,27.022,46784600,1264213461.2
2013-05-06,MSFT,26.965,27.361,26.828,27.232,40978300,1115921065.6
2013-05-07,MSFT,27.151,27.264,26.82,26.877,43078300,1157815469.1
2013-05-08,MSFT,26.683,26.82,26.344,26.619,51595700,1373425938.3
2013-05-09,MSFT,26.506,26.627,26.296,26.352,46417800,1223201865.6
2013-05-10,MSFT,26.36,26.401,26.078,26.376,36394900,959951882.4
2013-05-13,MSFT,26.312,26.683,26.264,26.651,36027600,960171567.6
2013-05-14,MSFT,26.7,27.244,26.651,27.244,56870100,1549369004.4
2013-05-15,MSFT,27.179,27.545,27.163,27.504,46303900,1273542465.6
2013-05-16,MSFT,27.333,27.748,27.26,27.691,59382900,1644371883.9
2013-05-17,MSFT,27.731,28.333,27.707,28.333,60666700,1718869611.1
2013-05-20,MSFT,28.219,28.52,28.178,28.503,54020800,1539754862.4
2013-05-21,MSFT,28.52,28.658,28.211,28.316,48702400,1379057158.4
2013-05-22,MSFT,28.268,28.308,27.918,28.121,66047500,1857321747.5
2013-05-23,MSFT,27.813,28.073,27.545,27.748,51102700,1417997719.6
2013-05-24,MSFT,27.561,27.853,27.545,27.845,33174400,923741168.0
2013-05-28,MSFT,27.967,28.585,27.959,28.455,48212100,1371875305.5
2013-05-29,MSFT,28.227,28.455,28.089,28.341,38412200,1088640160.2
2013-05-30,MSFT,28.316,28.641,28.284,28.463,51131000,1455341653.0
2013-05-31,MSFT,28.292,28.666,28.268,28.357,56165700,1592690754.9
2013-06-03,MSFT,28.373,28.95,28.3,28.918,51252600,1482122686.8
2013-06-04,MSFT,28.942,29.04,28.251,28.43,65529500,1863003685.0
2013-06-05,MSFT,28.113,28.349,27.975,28.26,46025100,1300669326.0
2013-06-06,MSFT,28.308,28.528,28.024,28.406,37618500,1068591111.0
2013-06-07,MSFT,28.641,29.072,28.487,28.983,40757300,1181268825.9
2013-06-10,MSFT,28.853,28.967,28.552,28.82,35994500,1037361490.0
2013-06-11,MSFT,28.479,28.585,28.178,28.308,39435900,1116351457.2
2013-06-12,MSFT,28.552,28.658,28.316,28.438,37372700,1062804842.6
2013-06-13,MSFT,28.43,28.455,28.105,28.211,45654900,1287970383.9
2013-06-14,MSFT,28.073,28.186,27.829,27.951,53192600,1486786362.6
2013-06-17,MSFT,28.186,28.568,28.138,28.438,49670100,1412518303.8
2013-06-18,MSFT,28.414,28.576,28.357,28.422,28616500,813338163.0
2013-06-19,MSFT,28.406,28.511,28.105,28.105,30816200,866089301.0
2013-06-20,MSFT,27.837,27.894,27.114,27.211,54493700,1482828070.7
2013-06-21,MSFT,27.35,27.406,26.854,27.033,85338500,2306955670.5
2013-06-24,MSFT,26.765,27.788,26.464,27.398,56109000,1537274382.0
2013-06-25,MSFT,27.691,27.935,27.187,27.358,44073400,1205760077.2
2013-06-26,MSFT,27.723,28.016,27.536,27.91,48665900,1358265269.0
2013-06-27,MSFT,28.048,28.26,28.032,28.13,28993100,815575903.0
2013-06-28,MSFT,27.935,28.268,27.902,28.065,65545500,1839534457.5
2013-07-01,MSFT,28.235,28.43,27.894,27.918,31055400,867004657.2
2013-07-02,MSFT,27.959,27.983,27.325,27.577,37630000,1037722510.0
2013-07-03,MSFT,27.35,27.926,27.301,27.634,15994400,441989249.6
2013-07-05,MSFT,27.699,27.821,27.285,27.796,26085900,725083676.4
2013-07-08,MSFT,27.91,28.105,27.61,27.894,32396900,903679128.6
2013-07-09,MSFT,28.097,28.113,27.74,27.91,25318500,706639335.0
2013-07-10,MSFT,27.902,28.284,27.886,28.195,29658800,836229866.0
2013-07-11,MSFT,28.438,29.064,28.357,28.999,53638300,1555457061.7
2013-07-12,MSFT,28.91,29.031,28.666,28.983,35501200,1028931279.6
2013-07-15,MSFT,28.975,29.43,28.91,29.389,34142600,1003416871.4
2013-07-16,MSFT,29.259,29.6,29.218,29.47,36378500,1072074395.0
2013-07-17,MSFT,29.527,29.568,28.836,29.04,37285100,1082759304.0
2013-07-18,MSFT,29.023,29.162,28.617,28.796,49547100,1426758291.6
2013-07-19,MSFT,26.326,26.545,25.205,25.513,248428500,6338156320.5
2013-07-22,MSFT,25.757,26.009,25.676,26.009,79040700,2055769566.3
2013-07-23,MSFT,25.928,26.033,25.765,25.855,65810400,1701527892.0
2013-07-24,MSFT,26.033,26.155,25.911,25.968,52803100,1371190900.8
2013-07-25,MSFT,25.692,25.716,25.391,25.505,63213000,1612247565.0
2013-07-26,MSFT,25.4,25.692,25.359,25.692,38633600,992574451.2
2013-07-29,MSFT,25.57,25.676,25.513,25.627,28870700,739869428.9
2013-07-30,MSFT,25.822,26.098,25.635,25.879,45799500,1185245260.5
2013-07-31,MSFT,25.976,26.041,25.765,25.871,43898400,1135695506.4
2013-08-01,MSFT,26.05,26.074,25.676,25.733,42557900,1095142440.7
2013-08-02,MSFT,25.749,25.92,25.651,25.911,29199900,756598608.9
2013-08-05,MSFT,25.92,26.001,25.708,25.757,30984000,798054888.0
2013-08-06,MSFT,25.635,25.733,25.497,25.66,36331500,932266290.0
2013-08-07,MSFT,25.627,26.082,25.391,26.05,38078600,991947530.0
2013-08-08,MSFT,26.196,26.87,26.041,26.724,59034400,1577635305.6
2013-08-09,MSFT,26.626,26.732,26.383,26.57,26800700,712094599.0
2013-08-12,MSFT,26.375,26.789,26.375,26.708,25493700,680885739.6
2013-08-13,MSFT,26.601,26.634,26.356,26.372,39464100,1040747245.2
2013-08-14,MSFT,26.299,27.297,25.939,26.47,48519600,1284313812.0
2013-08-15,MSFT,26.184,26.331,25.235,26.012,33338000,867188056.0
2013-08-16,MSFT,26.012,26.176,25.906,26.02,32866300,855181126.0
2013-08-19,MSFT,25.988,26.159,25.677,25.685,27902500,716675712.5
2013-08-20,MSFT,25.726,26.102,25.669,25.873,22979600,594551190.8
2013-08-21,MSFT,25.865,26.192,25.808,25.865,37409100,967586371.5
2013-08-22,MSFT,26.339,26.585,26.266,26.503,31169900,826095859.7
2013-08-23,MSFT,28.778,28.802,27.82,28.434,225493800,6411690709.2
2013-08-26,MSFT,28.148,28.369,27.845,27.943,72786800,2033881552.4
2013-08-27,MSFT,27.428,27.902,27.125,27.215,58522300,1592684394.5
2013-08-28,MSFT,27.321,27.493,27.002,27.019,44257400,1195790690.6
2013-08-29,MSFT,26.945,27.493,26.839,27.452,45284700,1243155584.4
2013-08-30,MSFT,27.305,27.395,27.076,27.33,42790200,1169456166.0
2013-09-03,MSFT,25.979,26.241,25.603,26.086,154507000,4030469602.0
2013-09-04,MSFT,25.685,25.75,25.456,25.529,142320600,3633302597.4
2013-09-05,MSFT,25.448,25.726,25.325,25.554,71644900,1830813774.6
2013-09-06,MSFT,25.619,25.685,25.472,25.488,75434900,1922684731.2
2013-09-09,MSFT,25.546,26.012,25.529,25.906,49628500,1285675921.0
2013-09-10,MSFT,26.102,26.511,26.012,26.503,56881200,1507522443.6
2013-09-11,MSFT,26.65,26.945,26.618,26.79,39087500,1047154125.0
2013-09-12,MSFT,26.773,26.822,26.667,26.749,32860200,878977489.8
2013-09-13,MSFT,26.814,27.06,26.601,27.027,40899000,1105377273.0
2013-09-16,MSFT,27.313,27.411,26.781,26.839,52839700,1418164708.3
2013-09-17,MSFT,27.346,27.387,26.92,26.945,84716500,2282686092.5
2013-09-18,MSFT,26.994,27.33,26.863,27.264,64099900,1747619673.6
2013-09-19,MSFT,27.395,27.559,27.264,27.526,42026600,1156824191.6
2013-09-20,MSFT,27.338,27.395,26.749,26.83,102904900,2760938467.0
2013-09-23,MSFT,26.626,26.978,26.593,26.79,39826100,1066941219.0
2013-09-24,MSFT,26.896,26.896,26.307,26.552,40685000,1080268120.0
2013-09-25,MSFT,26.585,26.839,26.511,26.601,28907500,768968407.5
2013-09-26,MSFT,26.708,27.002,26.667,26.814,28504000,764306256.0
2013-09-27,MSFT,26.904,27.616,26.896,27.223,55348000,1506738604.0
2013-09-30,MSFT,27.002,27.256,26.757,27.231,39839500,1084869424.5
2013-10-01,MSFT,27.289,27.501,27.248,27.477,36718700,1008919719.9
2013-10-02,MSFT,27.297,27.845,27.24,27.755,46946800,1303008434.0
2013-10-03,MSFT,27.722,27.821,27.346,27.706,38703800,1072327482.8
2013-10-04,MSFT,27.567,27.812,27.51,27.722,33008100,915050548.2
2013-10-07,MSFT,27.493,27.583,27.166,27.248,35069300,955568286.4
2013-10-08,MSFT,27.256,27.272,26.839,27.01,41017600,1107885376.0
2013-10-09,MSFT,27.06,27.289,26.97,27.06,35878600,970874916.0
2013-10-10,MSFT,27.256,27.73,27.215,27.624,42875100,1184381762.4
2013-10-11,MSFT,27.559,27.935,27.559,27.927,30033300,838739969.1
2013-10-14,MSFT,27.739,28.23,27.64,28.189,27757900,782467443.1
2013-10-15,MSFT,28.369,28.631,28.205,28.221,47097800,1329147013.8
2013-10-16,MSFT,28.311,28.557,28.279,28.344,35111600,995203190.4
2013-10-17,MSFT,28.189,28.631,28.123,28.573,31359200,896026421.6
2013-10-18,MSFT,28.491,28.631,28.091,28.606,41811700,1196065490.2
2013-10-21,MSFT,28.622,28.802,28.565,28.631,27433500,785448538.5
2013-10-22,MSFT,28.655,28.721,28.246,28.295,40438500,1144207357.5
2013-10-23,MSFT,28.107,28.221,27.55,27.624,58600500,1618780212.0
2013-10-24,MSFT,27.673,27.902,27.469,27.591,53209700,1468108832.7
2013-10-25,MSFT,29.359,29.694,29.023,29.236,113494000,3318110584.0
2013-10-28,MSFT,29.138,29.236,28.86,29.105,38383600,1117154678.0
2013-10-29,MSFT,29.154,29.228,28.851,29.064,31702200,921392740.8
2013-10-30,MSFT,29.072,29.285,28.991,29.081,36997700,1075930113.7
2013-10-31,MSFT,29.179,29.203,28.917,28.974,41682300,1207702960.2
2013-11-01,MSFT,29.187,29.203,28.958,29.072,40264600,1170572451.2
2013-11-04,MSFT,29.122,29.441,29.089,29.408,28060700,825209065.6
2013-11-05,MSFT,29.285,30.038,29.269,29.981,51681900,1549475043.9
2013-11-06,MSFT,30.472,31.274,30.324,31.241,88948800,2778849460.8
2013-11-07,MSFT,31.061,31.102,30.627,30.684,60437400,1854461181.6
2013-11-08,MSFT,30.823,30.913,30.553,30.913,36737800,1135675611.4
2013-11-11,MSFT,30.84,30.913,30.562,30.758,26872500,826544355.0
2013-11-12,MSFT,30.586,30.766,30.439,30.57,31651600,967589412.0
2013-11-13,MSFT,30.259,31.224,30.193,31.224,44957600,1403756102.4
2013-11-14,MSFT,30.987,31.2,30.864,31.11,46183700,1436774907.0
2013-11-15,MSFT,31.053,31.11,30.864,30.963,50601300,1566768051.9
2013-11-18,MSFT,30.562,30.75,30.333,30.439,53277500,1621713822.5
2013-11-19,MSFT,30.381,30.694,30.233,30.29,44275000,1341089750.0
2013-11-20,MSFT,30.439,30.843,30.389,30.571,32229900,985300272.9
2013-11-21,MSFT,30.727,30.942,30.719,30.835,23064700,711200024.5
2013-11-22,MSFT,30.942,31.065,30.777,30.975,27982000,866742450.0
2013-11-25,MSFT,31.272,31.288,30.975,31.033,30646800,951062144.4
2013-11-26,MSFT,30.975,31.041,30.793,30.793,34465300,1061289982.9
2013-11-27,MSFT,30.975,31.131,30.909,31.0,26002100,806065100.0
2013-11-29,MSFT,31.181,31.568,31.181,31.436,22090400,694433814.4
2013-12-02,MSFT,31.404,31.972,31.379,31.7,42950400,1361527680.0
2013-12-03,MSFT,31.445,31.733,31.395,31.585,52109800,1645888033.0
2013-12-04,MSFT,31.502,32.137,31.428,32.104,51983600,1668881494.4
2013-12-05,MSFT,32.03,32.055,30.653,31.329,116305000,3643719345.0
2013-12-06,MSFT,31.676,31.783,31.321,31.626,36457300,1152998569.8
2013-12-09,MSFT,31.791,32.047,31.634,31.915,30286000,966577690.0
2013-12-10,MSFT,31.832,32.071,31.346,31.42,37828600,1188574612.0
2013-12-11,MSFT,31.379,31.577,30.826,31.008,39853400,1235774227.2
2013-12-12,MSFT,31.033,31.033,30.653,30.686,36012800,1105088780.8
2013-12-13,MSFT,30.851,30.876,30.192,30.249,40066100,1211959458.9
2013-12-16,MSFT,30.282,30.505,30.126,30.414,31734200,965163958.8
2013-12-17,MSFT,30.455,30.596,29.952,30.109,45687700,1375610959.3
2013-12-18,MSFT,29.977,30.175,29.293,30.159,63192100,1905810543.9
2013-12-19,MSFT,30.101,30.134,29.746,29.887,34160100,1020942908.7
2013-12-20,MSFT,29.845,30.447,29.837,30.34,62649100,1900773694.0
2013-12-23,MSFT,30.348,30.414,30.134,30.192,25128700,758685710.4
2013-12-24,MSFT,30.274,30.645,30.208,30.571,14243000,435422753.0
2013-12-26,MSFT,30.67,30.909,30.645,30.868,17612800,543671910.4
2013-12-27,MSFT,30.983,31.016,30.645,30.744,14563000,447724872.0
2013-12-30,MSFT,30.686,30.818,30.422,30.744,16290500,500835132.0
2013-12-31,MSFT,30.835,30.983,30.686,30.843,17503500,539860450.5
2014-01-02,MSFT,30.793,30.835,30.587,30.637,30632200,938478711.4
2014-01-03,MSFT,30.67,30.686,30.175,30.431,31134800,947463098.8
2014-01-06,MSFT,30.381,30.414,29.771,29.788,43603700,1298867015.6
2014-01-07,MSFT,29.952,30.084,29.854,30.018,35802800,1074728450.4
2014-01-08,MSFT,29.68,29.796,29.334,29.483,59971700,1768145631.1
2014-01-09,MSFT,29.581,29.606,29.186,29.293,36516300,1069671975.9
2014-01-10,MSFT,29.598,29.804,29.474,29.713,40548800,1204826494.4
2014-01-13,MSFT,29.672,29.697,28.716,28.839,45901900,1323764894.1
2014-01-14,MSFT,28.633,29.581,28.551,29.499,41623300,1227845726.7
2014-01-15,MSFT,29.598,30.332,29.557,30.307,44812600,1358135468.2
2014-01-16,MSFT,30.249,30.505,29.936,30.414,38018700,1156300741.8
2014-01-17,MSFT,30.365,30.365,29.804,29.994,46267500,1387747395.0
2014-01-21,MSFT,30.356,30.356,29.73,29.821,31567300,941368453.3
2014-01-22,MSFT,29.895,29.944,29.474,29.623,21904300,648871078.9
2014-01-23,MSFT,29.755,29.788,29.285,29.73,43954000,1306752420.0
2014-01-24,MSFT,30.876,30.958,30.117,30.348,76395500,2318450634.0
2014-01-27,MSFT,30.398,30.414,29.664,29.705,44420800,1319519864.0
2014-01-28,MSFT,29.779,30.002,29.474,29.903,36205500,1082653066.5
2014-01-29,MSFT,29.664,30.406,29.598,30.225,52745900,1594244827.5
2014-01-30,MSFT,30.332,30.406,29.87,30.389,35036300,1064718120.7
2014-01-31,MSFT,30.464,31.239,30.142,31.197,93162300,2906384273.1
2014-02-03,MSFT,31.115,31.321,30.035,30.076,64063100,1926761795.6
2014-02-04,MSFT,30.48,30.661,29.887,29.969,54697900,1639241365.1
2014-02-05,MSFT,29.919,30.068,29.515,29.532,55814400,1648310860.8
2014-02-06,MSFT,29.516,29.887,29.425,29.829,35351800,1054508842.2
2014-02-07,MSFT,29.944,30.167,29.689,30.142,33260500,1002537991.0
2014-02-10,MSFT,30.2,30.34,29.919,30.34,26767000,812110780.0
2014-02-11,MSFT,30.406,30.719,30.389,30.645,32141400,984973203.0
2014-02-12,MSFT,30.793,31.0,30.752,30.892,27051800,835684205.6
2014-02-13,MSFT,30.777,31.214,30.777,31.008,37635500,1167001584.0
2014-02-14,MSFT,30.826,31.148,30.777,31.016,31407500,974135020.0
2014-02-18,MSFT,31.257,31.381,31.074,31.082,32834000,1020546388.0
2014-02-19,MSFT,30.916,31.357,30.908,31.157,29750400,926933212.8
2014-02-20,MSFT,31.207,31.456,31.066,31.357,27526100,863135917.7
2014-02-21,MSFT,31.514,31.855,31.448,31.548,38021300,1199495972.4
2014-02-24,MSFT,31.307,31.548,31.182,31.307,32085100,1004488225.7
2014-02-25,MSFT,31.24,31.44,31.024,31.182,30736500,958425543.0
2014-02-26,MSFT,31.215,31.348,30.891,31.124,41041800,1277384983.2
2014-02-27,MSFT,31.107,31.473,30.925,31.448,33903400,1066194123.2
2014-02-28,MSFT,31.548,31.946,31.415,31.822,41215000,1311543730.0
2014-03-03,MSFT,31.498,31.672,31.141,31.381,29717500,932564867.5
2014-03-04,MSFT,31.73,31.963,31.622,31.905,26802400,855130572.0
2014-03-05,MSFT,31.772,31.789,31.506,31.656,20520100,649584285.6
2014-03-06,MSFT,31.681,31.764,31.473,31.689,23582200,747296335.8
2014-03-07,MSFT,31.797,31.863,31.307,31.481,26591600,837130159.6
2014-03-10,MSFT,31.556,31.573,31.332,31.415,19006600,597092339.0
2014-03-11,MSFT,31.456,31.755,31.332,31.581,25216400,796359128.4
2014-03-12,MSFT,31.398,31.921,31.39,31.789,30494100,969376944.9
2014-03-13,MSFT,31.913,31.938,31.265,31.473,32169700,1012476968.1
2014-03-14,MSFT,31.274,31.681,31.157,31.315,27195600,851630214.0
2014-03-17,MSFT,31.481,31.905,31.39,31.606,20479600,647278237.6
2014-03-18,MSFT,31.78,33.142,31.747,32.852,64063900,2104627242.8
2014-03-19,MSFT,32.785,32.852,32.32,32.619,35597200,1161145066.8
2014-03-20,MSFT,32.603,33.765,32.594,33.5,59269800,1985538300.0
2014-03-21,MSFT,33.824,34.006,33.234,33.358,80721800,2692717804.4
2014-03-24,MSFT,33.508,33.757,33.109,33.641,46098400,1550796274.4
2014-03-25,MSFT,33.774,34.048,33.192,33.508,43193100,1447314394.8
2014-03-26,MSFT,33.624,33.815,32.893,33.051,41977500,1387398352.5
2014-03-27,MSFT,33.01,33.201,32.677,32.694,35369200,1156360624.8
2014-03-28,MSFT,33.051,33.757,32.96,33.475,43472700,1455248632.5
2014-03-31,MSFT,33.583,34.471,33.558,34.048,46886300,1596384742.4
2014-04-01,MSFT,34.181,34.546,34.114,34.405,32605000,1121775025.0
2014-04-02,MSFT,34.422,34.604,34.197,34.347,28666700,984615144.9
2014-04-03,MSFT,34.297,34.297,33.815,34.064,30139600,1026675334.4
2014-04-04,MSFT,34.264,34.38,32.926,33.118,51409600,1702583132.8
2014-04-07,MSFT,33.192,33.45,33.01,33.059,37559600,1241682816.4
2014-04-08,MSFT,33.018,33.167,32.561,33.076,35918600,1188043613.6
2014-04-09,MSFT,33.167,33.682,33.126,33.616,27398700,921034699.2
2014-04-10,MSFT,33.591,33.799,32.47,32.694,45960800,1502642395.2
2014-04-11,MSFT,32.395,33.051,32.395,32.569,34330200,1118100283.8
2014-04-14,MSFT,32.486,32.735,32.312,32.544,32006600,1041622790.4
2014-04-15,MSFT,32.677,33.192,32.436,33.018,33968700,1121578536.6
2014-04-16,MSFT,33.275,33.574,33.151,33.558,30615800,1027405016.4
2014-04-17,MSFT,33.234,33.392,32.818,33.234,36688400,1219302285.6
2014-04-21,MSFT,33.333,33.35,33.051,33.176,22221200,737210531.2
2014-04-22,MSFT,33.192,33.342,33.084,33.217,27056700,898742403.9
2014-04-23,MSFT,33.217,33.217,32.785,32.968,24602800,811105110.4
2014-04-24,MSFT,33.01,33.201,32.644,33.109,42381600,1403212394.4
2014-04-25,MSFT,33.466,33.79,33.018,33.151,56876800,1885522796.8
2014-04-28,MSFT,33.342,34.297,33.3,33.948,50610200,1718115069.6
2014-04-29,MSFT,34.139,34.214,33.549,33.649,29636200,997228493.8
2014-04-30,MSFT,33.558,33.641,33.367,33.558,35458700,1189923054.6
2014-05-01,MSFT,33.425,33.525,33.184,33.226,28787400,956490152.4
2014-05-02,MSFT,33.483,33.508,32.943,32.968,43416600,1431358468.8
2014-05-05,MSFT,32.827,32.926,32.644,32.752,22460900,735639396.8
2014-05-06,MSFT,32.636,32.686,32.353,32.445,27112400,879661818.0
2014-05-07,MSFT,32.578,32.818,31.988,32.744,41744500,1366881908.0
2014-05-08,MSFT,32.677,33.142,32.37,32.926,32120400,1057596290.4
2014-05-09,MSFT,32.843,33.101,32.702,32.843,29647600,973716126.8
2014-05-12,MSFT,33.01,33.242,32.935,33.201,22782600,756405102.6
2014-05-13,MSFT,33.393,33.878,33.334,33.811,27004800,913059292.8
2014-05-14,MSFT,33.711,33.836,33.502,33.661,18818700,633456260.7
2014-05-15,MSFT,33.535,33.795,33.05,33.125,37793200,1251899750.0
2014-05-16,MSFT,33.184,33.326,32.849,33.318,29867100,995112037.8
2014-05-19,MSFT,33.134,33.309,33.008,33.251,24537400,815893087.4
2014-05-20,MSFT,33.192,33.41,33.008,33.192,21320900,707683312.8
2014-05-21,MSFT,33.293,33.753,33.242,33.753,22398700,756023321.1
2014-05-22,MSFT,33.702,33.753,33.334,33.544,20201800,677649179.2
2014-05-23,MSFT,33.769,33.769,33.46,33.56,18020000,604751200.0
2014-05-27,MSFT,33.677,33.677,33.301,33.619,26160600,879493211.4
2014-05-28,MSFT,33.577,33.619,33.309,33.468,25711500,860512482.0
2014-05-29,MSFT,33.585,33.753,33.385,33.744,19888200,671107420.8
2014-05-30,MSFT,33.836,34.271,33.669,34.246,34567600,1183802029.6
2014-06-02,MSFT,34.255,34.372,34.029,34.121,18504300,631385220.3
2014-06-03,MSFT,33.962,34.029,33.669,33.702,18068900,608958067.8
2014-06-04,MSFT,33.636,33.769,33.343,33.728,23209000,782793152.0
2014-06-05,MSFT,33.953,34.506,33.795,34.472,31865200,1098457174.4
2014-06-06,MSFT,34.698,34.848,34.497,34.698,24060500,834851229.0
2014-06-09,MSFT,34.623,34.698,34.313,34.522,15019200,518492822.4
2014-06-10,MSFT,34.322,34.43,34.179,34.388,15117700,519867467.6
2014-06-11,MSFT,34.238,34.355,34.104,34.179,18040000,616589160.0
2014-06-12,MSFT,34.137,34.196,33.702,33.945,29818900,1012202560.5
2014-06-13,MSFT,34.38,34.773,34.179,34.489,26310000,907405590.0
2014-06-16,MSFT,34.33,34.807,34.33,34.715,24205300,840286989.5
2014-06-17,MSFT,34.539,35.058,33.744,34.865,22518600,785110989.0
2014-06-18,MSFT,34.807,34.915,34.447,34.84,27097000,944059480.0
2014-06-19,MSFT,34.773,34.941,34.572,34.723,19828200,688494588.6
2014-06-20,MSFT,34.673,34.991,34.614,34.865,47764900,1665323238.5
2014-06-23,MSFT,34.907,35.133,34.874,35.125,18743900,658379487.5
2014-06-24,MSFT,34.991,35.083,34.765,34.924,26509100,925803808.4
2014-06-25,MSFT,34.882,35.175,34.681,35.158,20049100,704886257.8
2014-06-26,MSFT,35.074,35.083,34.656,34.899,23604400,823769955.6
2014-06-27,MSFT,34.807,35.375,34.723,35.342,74640000,2637926880.0
2014-06-30,MSFT,35.275,35.309,34.882,34.882,30793100,1074124914.2
2014-07-01,MSFT,35.016,35.258,34.874,35.024,26917000,942741008.0
2014-07-02,MSFT,34.907,35.049,34.74,35.049,20208100,708273696.9
2014-07-03,MSFT,35.058,35.125,34.765,34.966,15969300,558382543.8
2014-07-07,MSFT,34.924,35.233,34.89,35.125,21952400,771078050.0
2014-07-08,MSFT,35.024,35.133,34.807,34.949,31218200,1091044871.8
2014-07-09,MSFT,35.116,35.125,34.74,34.857,18445900,642968736.3
2014-07-10,MSFT,34.606,35.133,34.338,34.874,21854700,762160807.8
2014-07-11,MSFT,34.882,35.208,34.698,35.208,24083000,847914264.0
2014-07-14,MSFT,35.317,35.509,35.166,35.25,21881100,771308775.0
2014-07-15,MSFT,35.409,35.526,35.158,35.509,28748700,1020837588.3
2014-07-16,MSFT,35.56,37.065,35.534,36.873,63318000,2334724614.0
2014-07-17,MSFT,38.019,38.236,37.015,37.249,82180300,3061133994.7
2014-07-18,MSFT,37.35,37.509,37.015,37.383,43407500,1622702572.5
2014-07-21,MSFT,37.274,37.776,36.99,37.509,37604400,1410503439.6
2014-07-22,MSFT,37.642,37.768,37.299,37.5,43095800,1616092500.0
2014-07-23,MSFT,38.019,38.019,37.325,37.534,52362900,1965389088.6
2014-07-24,MSFT,37.584,37.642,37.074,37.14,30725300,1141137642.0
2014-07-25,MSFT,37.057,37.358,37.057,37.224,26737700,995284144.8
2014-07-28,MSFT,37.107,37.233,36.747,36.781,29684200,1091814560.2
2014-07-29,MSFT,36.731,36.881,36.505,36.714,27763100,1019294453.4
2014-07-30,MSFT,36.864,36.89,36.212,36.455,31921400,1163694637.0
2014-07-31,MSFT,36.287,36.547,36.036,36.103,31537500,1138598362.5
2014-08-01,MSFT,36.145,36.179,35.635,35.852,31170300,1117517595.6
2014-08-04,MSFT,35.944,36.363,35.81,36.279,34277400,1243549794.6
2014-08-05,MSFT,36.229,36.354,35.827,36.036,26266400,946535990.4
2014-08-06,MSFT,35.752,36.112,35.309,35.752,24634000,880714768.0
2014-08-07,MSFT,35.836,36.346,35.677,36.162,30314900,1096247413.8
2014-08-08,MSFT,36.162,36.237,35.894,36.137,28942700,1045902349.9
2014-08-11,MSFT,36.187,36.346,35.986,36.137,20351600,735445769.2
2014-08-12,MSFT,36.003,36.463,35.969,36.404,21431100,780177764.4
2014-08-13,MSFT,36.538,36.956,36.404,36.873,22889500,844004533.5
2014-08-14,MSFT,36.873,37.157,36.814,37.032,19313200,715206422.4
2014-08-15,MSFT,37.291,37.559,37.141,37.467,41611300,1559050577.1
2014-08-18,MSFT,37.592,37.734,37.375,37.734,26891100,1014708767.4
2014-08-19,MSFT,37.852,38.164,37.734,38.155,28139500,1073662622.5
2014-08-20,MSFT,38.164,38.214,37.793,37.835,24770500,937191867.5
2014-08-21,MSFT,37.743,38.088,37.734,38.063,22285500,848252986.5
2014-08-22,MSFT,38.172,38.273,37.936,38.004,18294500,695264178.0
2014-08-25,MSFT,38.214,38.248,37.911,38.021,16910000,642935110.0
2014-08-26,MSFT,38.138,38.214,37.827,37.886,14873100,563482266.6
2014-08-27,MSFT,37.793,37.878,37.675,37.768,21287900,804001407.2
2014-08-28,MSFT,37.667,37.861,37.549,37.777,17657600,667051155.2
2014-08-29,MSFT,37.953,38.248,37.76,38.239,21607600,826253016.4
2014-09-02,MSFT,38.239,38.265,37.751,37.953,22976800,872038490.4
2014-09-03,MSFT,37.482,37.97,37.482,37.844,33684500,1274756218.0
2014-09-04,MSFT,37.659,38.105,37.642,38.096,26475500,1008610648.0
2014-09-05,MSFT,37.97,38.66,37.97,38.643,36939400,1427449234.2
2014-09-08,MSFT,38.736,39.393,38.711,39.115,45736700,1788991020.5
2014-09-09,MSFT,39.115,39.536,39.073,39.359,40302400,1586262161.6
2014-09-10,MSFT,39.409,39.51,38.955,39.426,27302400,1076424422.4
2014-09-11,MSFT,39.342,39.561,39.115,39.561,29216400,1155830000.4
2014-09-12,MSFT,39.485,39.578,39.224,39.308,38244700,1503322667.6
2014-09-15,MSFT,39.174,39.317,38.803,38.921,37667600,1466060659.6
2014-09-16,MSFT,39.047,39.435,38.963,39.359,27910600,1098533305.4
2014-09-17,MSFT,38.938,39.3,38.913,39.157,38311900,1500179068.3
2014-09-18,MSFT,39.216,39.418,39.106,39.292,35556600,1397089927.2
2014-09-19,MSFT,39.401,40.041,39.224,39.999,202522400,8100693477.6
2014-09-22,MSFT,39.813,39.881,39.544,39.611,38686100,1532395107.1
2014-09-23,MSFT,39.435,39.544,39.115,39.191,33430300,1310166887.3
2014-09-24,MSFT,39.25,39.654,39.005,39.628,26582700,1053419235.6
2014-09-25,MSFT,39.46,39.637,38.744,38.753,33077400,1281848482.2
2014-09-26,MSFT,38.66,39.241,38.517,39.064,27078800,1057806243.2
2014-09-29,MSFT,38.702,39.191,38.517,39.09,26091000,1019897190.0
2014-09-30,MSFT,39.031,39.123,38.728,39.022,33033100,1289017628.2
2014-10-01,MSFT,38.947,39.165,38.593,38.635,38088400,1471545334.0
2014-10-02,MSFT,38.576,38.803,38.416,38.517,25119400,967523929.8
2014-10-03,MSFT,38.702,38.972,38.391,38.795,32453200,1259021894.0
2014-10-06,MSFT,38.82,38.972,38.652,38.795,20604000,799332180.0
2014-10-07,MSFT,38.601,38.66,38.231,38.324,25723700,985835078.8
2014-10-08,MSFT,38.282,39.468,38.164,39.376,33031000,1300628656.0
2014-10-09,MSFT,39.14,39.393,38.5,38.593,34422800,1328479120.4
2014-10-10,MSFT,38.383,38.82,36.994,37.061,51978100,1926360364.1
2014-10-13,MSFT,36.884,37.507,36.607,36.741,37100200,1363098448.2
2014-10-14,MSFT,36.926,37.356,36.665,36.809,38115700,1403000801.3
2014-10-15,MSFT,36.194,36.522,35.437,36.379,60218700,2190696087.3
2014-10-16,MSFT,35.798,36.261,35.538,35.975,49040400,1764228390.0
2014-10-17,MSFT,36.362,36.985,36.017,36.724,40683300,1494053509.2
2014-10-20,MSFT,36.245,37.154,36.034,37.103,34527900,1281088673.7
2014-10-21,MSFT,37.339,37.861,37.196,37.777,36433800,1376359662.6
2014-10-22,MSFT,37.877,37.936,37.229,37.356,33570900,1254074540.4
2014-10-23,MSFT,37.558,38.256,37.482,37.894,45451900,1722354298.6
2014-10-24,MSFT,39.418,39.477,38.029,38.829,61076700,2371547184.3
2014-10-27,MSFT,38.475,38.803,38.475,38.643,30371300,1173638145.9
2014-10-28,MSFT,38.601,39.14,38.526,39.132,29049800,1136776773.6
2014-10-29,MSFT,39.09,39.308,39.005,39.241,30276100,1188064440.1
2014-10-30,MSFT,38.989,38.989,38.526,38.761,30073900,1165694437.9
2014-10-31,MSFT,39.51,39.536,39.123,39.519,35849700,1416744294.3
2014-11-03,MSFT,39.468,39.948,39.334,39.931,23130400,923620002.4
2014-11-04,MSFT,39.813,40.175,39.771,40.041,21530800,862114762.8
2014-11-05,MSFT,40.234,40.319,39.78,40.285,22449600,904382136.0
2014-11-06,MSFT,40.285,41.127,40.226,40.992,33037800,1354285497.6
2014-11-07,MSFT,41.177,41.177,40.647,40.975,28000600,1147324585.0
2014-11-10,MSFT,40.95,41.371,40.866,41.152,36370100,1496702355.2
2014-11-11,MSFT,41.118,41.202,40.95,41.135,23445200,964418302.0
2014-11-12,MSFT,40.874,41.177,40.84,41.059,22722100,932946703.9
2014-11-13,MSFT,41.084,41.792,41.0,41.758,26210400,1094493883.2
2014-11-14,MSFT,41.867,42.128,41.573,41.733,29081700,1213666586.1
2014-11-17,MSFT,41.59,41.842,41.362,41.632,30318600,1262223955.2
2014-11-18,MSFT,41.615,41.784,41.25,41.284,23995500,990630222.0
2014-11-19,MSFT,41.217,41.293,40.598,40.844,26177500,1069193810.0
2014-11-20,MSFT,40.657,41.25,40.547,41.25,21510600,887312250.0
2014-11-21,MSFT,41.521,41.547,40.293,40.641,42884800,1742881156.8
2014-11-24,MSFT,40.649,40.658,40.141,40.31,35434200,1428352602.0
2014-11-25,MSFT,40.37,40.632,40.192,40.209,28008000,1126173672.0
2014-11-26,MSFT,40.226,40.649,40.048,40.446,27163600,1098658965.6
2014-11-28,MSFT,40.615,40.827,40.327,40.497,21534400,872078596.8
2014-12-01,MSFT,40.556,41.318,40.412,41.183,31191600,1284563662.8
2014-12-02,MSFT,41.369,41.547,40.827,41.047,25773500,1057924854.5
2014-12-03,MSFT,41.03,41.081,40.497,40.725,23534800,958454730.0
2014-12-04,MSFT,40.988,41.555,40.827,41.369,30320400,1254324627.6
2014-12-05,MSFT,41.352,41.479,40.979,41.013,27313400,1120204474.2
2014-12-08,MSFT,40.878,40.954,40.192,40.403,26663100,1077269229.3
2014-12-09,MSFT,39.904,40.59,39.853,40.31,24330500,980762455.0
2014-12-10,MSFT,40.302,40.37,39.556,39.726,30431800,1208933686.8
2014-12-11,MSFT,39.878,40.437,39.539,39.954,29060400,1161079221.6
2014-12-12,MSFT,39.624,40.429,39.531,39.768,34248400,1361990371.2
2014-12-15,MSFT,39.98,40.378,39.429,39.531,29247800,1156194781.8
2014-12-16,MSFT,38.879,39.251,38.227,38.252,47801400,1828499152.8
2014-12-17,MSFT,38.159,38.921,38.032,38.743,34970900,1354877578.7
2014-12-18,MSFT,39.455,40.251,39.251,40.251,40105600,1614290505.6
2014-12-19,MSFT,40.344,40.742,39.954,40.37,64551200,2605931944.0
2014-12-22,MSFT,40.471,40.759,40.412,40.641,26566000,1079668806.0
2014-12-23,MSFT,40.971,41.335,40.768,41.039,23648100,970494375.9
2014-12-24,MSFT,41.2,41.2,40.725,40.776,11437800,466387732.8
2014-12-26,MSFT,41.005,41.005,40.505,40.556,13197800,535249976.8
2014-12-29,MSFT,40.403,40.471,40.031,40.192,14439500,580352384.0
2014-12-30,MSFT,40.183,40.336,39.675,39.827,16384700,652553446.9
2014-12-31,MSFT,39.582,40.183,39.345,39.345,21552500,847983112.5
2015-01-02,MSFT,39.522,40.166,39.421,39.607,27913900,1105585837.3
2015-01-05,MSFT,39.277,39.582,39.175,39.243,39673900,1556922857.7
2015-01-06,MSFT,39.285,39.599,38.574,38.667,36447900,1409330949.3
2015-01-07,MSFT,38.947,39.353,38.531,39.158,29114100,1140049927.8
2015-01-08,MSFT,39.599,40.446,39.573,40.31,29645200,1194998012.0
2015-01-09,MSFT,40.327,40.505,39.726,39.971,23944200,957073618.2
2015-01-12,MSFT,40.166,40.268,39.268,39.472,23651900,933587796.8
2015-01-13,MSFT,39.785,40.581,39.014,39.268,35270600,1385005920.8
2015-01-14,MSFT,38.93,39.167,38.642,38.93,29719600,1156984028.0
2015-01-15,MSFT,39.15,39.285,38.464,38.523,32750800,1261659068.4
2015-01-16,MSFT,38.379,39.201,38.26,39.167,35695300,1398077815.1
2015-01-20,MSFT,39.218,39.514,38.599,39.294,36161900,1420945698.6
2015-01-21,MSFT,38.913,39.082,38.523,38.896,39081100,1520098465.6
2015-01-22,MSFT,39.285,39.929,39.031,39.921,35898000,1433084058.0
2015-01-23,MSFT,40.115,40.141,39.641,39.963,26211600,1047494170.8
2015-01-26,MSFT,39.81,39.921,39.167,39.819,42525500,1693322884.5
2015-01-27,MSFT,36.38,36.592,35.668,36.134,169164000,6112571976.0
2015-01-28,MSFT,36.202,36.244,34.864,34.889,84507100,2948368211.9
2015-01-29,MSFT,34.669,35.677,34.55,35.584,63585300,2262619315.2
2015-01-30,MSFT,35.194,35.22,34.178,34.22,78004900,2669327678.0
2015-02-02,MSFT,34.381,35.042,34.076,34.965,50352500,1760575162.5
2015-02-03,MSFT,35.262,35.516,34.771,35.236,52082400,1835175446.4
2015-02-04,MSFT,35.525,35.753,35.033,35.44,41614800,1474828512.0
2015-02-05,MSFT,35.762,36.117,35.457,35.956,36548200,1314127079.2
2015-02-06,MSFT,36.151,36.244,35.702,35.923,34616600,1243532121.8
2015-02-09,MSFT,35.779,36.202,35.753,35.88,31381100,1125953868.0
2015-02-10,MSFT,36.202,36.228,35.728,36.084,29670700,1070637538.8
2015-02-11,MSFT,36.126,36.126,35.753,35.897,38262500,1373508962.5
2015-02-12,MSFT,36.134,36.499,36.007,36.499,33268800,1214277931.2
2015-02-13,MSFT,36.744,37.159,36.549,37.159,40264900,1496203419.1
2015-02-17,MSFT,37.509,37.535,36.844,37.176,33695700,1252671343.2
2015-02-18,MSFT,37.219,37.279,37.014,37.134,27111700,1006765867.8
2015-02-19,MSFT,36.835,37.134,36.724,37.108,27603400,1024306967.2
2015-02-20,MSFT,37.117,37.432,36.929,37.415,29721100,1112014956.5
2015-02-23,MSFT,37.279,37.697,37.236,37.663,32518800,1224755564.4
2015-02-24,MSFT,37.663,37.791,37.466,37.611,25271700,950493908.7
2015-02-25,MSFT,37.492,37.611,37.364,37.526,29759800,1116766254.8
2015-02-26,MSFT,37.526,37.731,37.441,37.586,28957300,1088389077.8
2015-02-27,MSFT,37.646,37.705,37.245,37.407,33807700,1264644633.9
2015-03-02,MSFT,37.253,37.697,37.151,37.432,31924000,1194979168.0
2015-03-03,MSFT,37.159,37.39,36.758,36.92,31748600,1172158312.0
2015-03-04,MSFT,36.69,36.861,36.579,36.733,25748700,945826997.1
2015-03-05,MSFT,36.741,36.886,36.528,36.775,23193500,852940962.5
2015-03-06,MSFT,36.682,36.775,35.956,36.136,36248800,1309886636.8
2015-03-09,MSFT,35.991,36.792,35.991,36.554,32108000,1173675832.0
2015-03-10,MSFT,36.127,36.434,35.854,35.854,39159700,1404031883.8
2015-03-11,MSFT,36.093,36.144,35.692,35.811,32215300,1153662108.3
2015-03-12,MSFT,35.257,35.53,34.856,34.992,59992500,2099257560.0
2015-03-13,MSFT,34.72,35.376,34.643,35.3,58007700,2047671810.0
2015-03-16,MSFT,35.376,35.521,35.214,35.453,35273500,1250551395.5
2015-03-17,MSFT,35.291,35.683,35.103,35.573,31673400,1126717858.2
2015-03-18,MSFT,35.342,36.537,35.257,36.255,44194800,1602282474.0
2015-03-19,MSFT,36.05,36.332,36.016,36.076,33879100,1222222411.6
2015-03-20,MSFT,36.306,36.664,36.246,36.579,71904500,2630194705.5
2015-03-23,MSFT,36.579,36.792,36.494,36.562,26246100,959609908.2
2015-03-24,MSFT,36.494,36.827,36.468,36.596,25513300,933684726.8
2015-03-25,MSFT,36.613,36.622,35.351,35.368,43469900,1537443423.2
2015-03-26,MSFT,35.163,35.496,34.907,35.155,37495600,1318157818.0
2015-03-27,MSFT,35.078,35.342,34.83,34.95,34401400,1202328930.0
2015-03-30,MSFT,35.061,35.436,34.899,34.941,35049700,1224671567.7
2015-03-31,MSFT,34.788,35.001,34.583,34.685,34887200,1210062532.0
2015-04-01,MSFT,34.634,34.771,34.387,34.737,36865300,1280589926.1
2015-04-02,MSFT,34.685,34.754,34.225,34.37,37487500,1288445375.0
2015-04-06,MSFT,34.412,35.641,34.276,35.445,39223700,1390284046.5
2015-04-07,MSFT,35.496,35.752,35.24,35.428,28809400,1020659423.2
2015-04-08,MSFT,35.368,35.564,35.01,35.334,24753400,874636635.6
2015-04-09,MSFT,35.189,35.504,35.189,35.385,25723900,910240201.5
2015-04-10,MSFT,35.513,35.786,35.325,35.59,28022000,997302980.0
2015-04-13,MSFT,35.317,35.88,35.308,35.624,30276700,1078577160.8
2015-04-14,MSFT,35.658,35.854,35.308,35.53,24244400,861403532.0
2015-04-15,MSFT,35.624,36.221,35.556,36.05,27343600,985736780.0
2015-04-16,MSFT,35.786,36.119,35.675,35.965,22509700,809561360.5
2015-04-17,MSFT,35.547,35.607,35.112,35.504,42387600,1504929350.4
2015-04-20,MSFT,35.598,36.827,35.556,36.605,46057700,1685942108.5
2015-04-21,MSFT,36.682,36.81,36.281,36.374,26013800,946225961.2
2015-04-22,MSFT,36.4,36.792,36.298,36.673,25064300,919183073.9
2015-04-23,MSFT,36.588,37.202,36.511,36.972,46309500,1712154834.0
2015-04-24,MSFT,38.951,41.066,38.942,40.836,130933700,5346808573.2
2015-04-27,MSFT,40.29,41.058,40.281,40.972,59248200,2427517250.4
2015-04-28,MSFT,40.759,41.979,40.691,41.936,60730800,2546806828.8
2015-04-29,MSFT,41.561,42.064,41.373,41.851,47804600,2000670314.6
2015-04-30,MSFT,41.544,42.261,41.459,41.493,64725500,2685655171.5
2015-05-01,MSFT,41.442,41.698,41.288,41.51,38937300,1616287323.0
2015-05-04,MSFT,41.262,41.689,41.1,41.152,34039500,1400793504.0
2015-05-05,MSFT,40.793,41.083,40.358,40.606,50369200,2045291735.2
2015-05-06,MSFT,40.58,40.751,39.258,39.48,52433000,2070054840.0
2015-05-07,MSFT,39.471,40.171,39.377,39.838,32971700,1313526584.6
2015-05-08,MSFT,40.563,40.93,40.537,40.734,35364900,1440553836.6
2015-05-11,MSFT,40.563,40.87,40.409,40.409,24609400,994441244.6
2015-05-12,MSFT,39.966,40.674,39.599,40.392,29928300,1208863893.6
2015-05-13,MSFT,41.109,41.22,40.58,40.631,34184600,1388954482.6
2015-05-14,MSFT,40.972,41.646,40.972,41.561,32980900,1370719184.9
2015-05-15,MSFT,41.689,41.723,40.989,41.203,28642700,1180165168.1
2015-05-18,MSFT,40.93,41.135,40.614,40.955,24136500,988510357.5
2015-05-19,MSFT,40.835,41.05,40.509,40.852,28574800,1167337729.6
2015-05-20,MSFT,40.689,41.153,40.586,40.852,25047900,1023256810.8
2015-05-21,MSFT,40.595,40.87,40.363,40.715,22410700,912451650.5
2015-05-22,MSFT,40.612,40.655,40.2,40.268,25720600,1035717120.8
2015-05-26,MSFT,40.208,40.251,39.659,40.002,29581900,1183335163.8
2015-05-27,MSFT,40.2,41.015,40.028,40.878,27335600,1117424656.8
2015-05-28,MSFT,40.784,41.23,40.689,40.741,19283700,785637221.7
2015-05-29,MSFT,40.724,40.844,40.002,40.234,36519600,1469329586.4
2015-06-01,MSFT,40.406,41.015,40.028,40.552,28837300,1169410189.6
2015-06-02,MSFT,40.294,40.655,40.028,40.286,21498300,866080513.8
2015-06-03,MSFT,40.672,40.99,40.2,40.226,28002200,1126416497.2
2015-06-04,MSFT,40.174,40.492,39.667,39.805,27745500,1104409627.5
2015-06-05,MSFT,39.762,39.942,39.358,39.616,25438100,1007755769.6
2015-06-08,MSFT,39.753,39.865,39.212,39.264,22121600,868582502.4
2015-06-09,MSFT,39.29,39.444,39.032,39.195,24406100,956597089.5
2015-06-10,MSFT,39.315,40.208,39.23,40.02,28417400,1137264348.0
2015-06-11,MSFT,40.062,40.286,39.607,39.874,27347800,1090466177.2
2015-06-12,MSFT,39.685,39.899,39.41,39.47,23931000,944556570.0
2015-06-15,MSFT,39.024,39.195,38.654,39.049,33254500,1298554970.5
2015-06-16,MSFT,38.938,39.702,38.895,39.35,27070300,1065216305.0
2015-06-17,MSFT,39.264,39.556,38.946,39.47,28704100,1132950827.0
2015-06-18,MSFT,39.685,40.183,39.642,40.114,32658300,1310055046.2
2015-06-19,MSFT,40.174,40.208,39.487,39.582,63837000,2526796134.0
2015-06-22,MSFT,39.779,40.114,39.633,39.693,20318100,806486343.3
2015-06-23,MSFT,39.607,39.736,39.169,39.418,25896500,1020788237.0
2015-06-24,MSFT,39.212,39.71,39.109,39.187,34890900,1367269698.3
2015-06-25,MSFT,39.522,39.547,39.066,39.195,20616000,808044120.0
2015-06-26,MSFT,39.195,39.736,38.663,38.86,49835300,1936599758.0
2015-06-29,MSFT,38.671,38.835,38.088,38.096,34081700,1298376443.2
2015-06-30,MSFT,38.388,38.397,37.727,37.907,35945400,1362582277.8
2015-07-01,MSFT,38.174,38.835,37.864,38.165,28343900,1081744943.5
2015-07-02,MSFT,38.191,38.422,37.83,38.122,21752000,829229744.0
2015-07-06,MSFT,37.744,38.191,37.736,38.113,23034000,877894842.0
2015-07-07,MSFT,38.07,38.199,37.195,38.036,36435800,1385872088.8
2015-07-08,MSFT,38.156,38.551,37.804,37.985,39785900,1511267411.5
2015-07-09,MSFT,38.422,38.826,38.208,38.225,32424700,1239434157.5
2015-07-10,MSFT,38.646,38.757,38.268,38.302,25465800,975391071.6
2015-07-13,MSFT,38.62,39.169,38.594,39.101,28178300,1101799708.3
2015-07-14,MSFT,39.024,39.461,38.903,39.169,22880300,896198470.7
2015-07-15,MSFT,39.221,39.401,39.006,39.29,26629600,1046276984.0
2015-07-16,MSFT,39.504,40.088,39.47,40.062,26271700,1052496845.4
2015-07-17,MSFT,39.968,40.165,39.719,40.028,29467100,1179509078.8
2015-07-20,MSFT,40.054,40.466,39.874,40.286,30631900,1234036723.4
2015-07-21,MSFT,40.165,40.638,39.908,40.595,42781900,1736731230.5
2015-07-22,MSFT,39.015,40.294,38.809,39.101,59152400,2312917992.4
2015-07-23,MSFT,38.869,39.693,38.723,39.59,33934000,1343447060.0
2015-07-24,MSFT,39.418,39.77,39.324,39.444,32333200,1275350740.8
2015-07-27,MSFT,39.444,39.504,38.852,38.938,39701400,1545893113.2
2015-07-28,MSFT,39.135,39.187,38.457,38.929,34328900,1336389748.1
2015-07-29,MSFT,38.981,40.165,38.86,39.745,40945900,1627394795.5
2015-07-30,MSFT,39.719,40.698,39.436,40.251,39777900,1601100252.9
2015-07-31,MSFT,40.603,40.672,39.925,40.097,31201500,1251086545.5
2015-08-03,MSFT,40.337,40.354,39.882,40.191,24125900,969644046.9
2015-08-04,MSFT,40.14,40.964,40.08,40.818,33403900,1363480390.2
2015-08-05,MSFT,41.196,41.565,40.818,40.852,26959700,1101357664.4
2015-08-06,MSFT,40.964,41.015,39.779,40.028,27368000,1095486304.0
2015-08-07,MSFT,39.831,40.165,39.719,40.131,19163000,769030353.0
2015-08-10,MSFT,40.311,40.775,40.217,40.638,23079900,937920976.2
2015-08-11,MSFT,40.2,40.303,39.41,39.848,29237400,1165051915.2
2015-08-12,MSFT,39.659,40.268,39.247,40.131,30181400,1211209763.4
2015-08-13,MSFT,40.406,40.44,39.916,40.123,22627200,907871145.6
2015-08-14,MSFT,39.951,40.44,39.942,40.354,21473400,866537583.6
2015-08-17,MSFT,40.191,40.741,39.985,40.629,21099700,857259711.3
2015-08-18,MSFT,40.482,40.992,40.361,40.854,23574100,963096281.4
2015-08-19,MSFT,40.43,40.69,40.015,40.283,31485500,1268330396.5
2015-08-20,MSFT,39.817,40.162,39.462,39.462,36238200,1430031848.4
2015-08-21,MSFT,39.151,39.307,37.224,37.224,70053100,2607656594.4
2015-08-24,MSFT,34.96,36.895,34.329,36.023,88753700,3197174535.1
2015-08-25,MSFT,36.792,37.371,34.908,34.977,70616600,2469956818.2
2015-08-26,MSFT,36.308,37.025,35.487,36.913,63408000,2340579504.0
2015-08-27,MSFT,37.362,37.984,37.103,37.941,50943200,1932835951.2
2015-08-28,MSFT,37.509,38.157,37.5,37.967,28246700,1072442458.9
2015-08-31,MSFT,37.647,37.967,37.25,37.613,34441700,1295455662.1
2015-09-01,MSFT,36.446,36.809,36.005,36.144,49688900,1795955601.6
2015-09-02,MSFT,36.61,37.492,36.195,37.475,37671500,1411739462.5
2015-09-03,MSFT,37.518,38.01,37.405,37.596,28285200,1063410379.2
2015-09-04,MSFT,36.999,37.198,36.472,36.826,37138800,1367673448.8
2015-09-08,MSFT,37.423,38.028,37.336,37.933,32469800,1231676923.4
2015-09-09,MSFT,38.209,38.373,37.086,37.224,33469500,1245868668.0
2015-09-10,MSFT,37.267,37.846,36.947,37.414,31366600,1173549972.4
2015-09-11,MSFT,37.284,37.673,37.112,37.578,27132500,1019585085.0
2015-09-14,MSFT,37.535,37.544,37.042,37.198,23656000,879955888.0
2015-09-15,MSFT,37.328,38.278,37.233,38.01,28882200,1097812422.0
2015-09-16,MSFT,38.002,38.356,37.889,38.287,23372200,894851421.4
2015-09-17,MSFT,38.278,38.892,38.097,38.244,32768200,1253187040.8
2015-09-18,MSFT,37.596,38.019,37.449,37.578,63143700,2372813958.6
2015-09-21,MSFT,37.699,38.434,37.682,38.123,26177200,997953395.6
2015-09-22,MSFT,37.492,38.071,37.431,37.941,28085900,1065607131.9
2015-09-23,MSFT,37.967,38.175,37.604,37.915,17145200,650060258.0
2015-09-24,MSFT,37.552,38.14,37.397,37.95,27905600,1059017520.0
2015-09-25,MSFT,38.443,38.659,37.82,37.976,29384600,1115909569.6
2015-09-28,MSFT,37.881,38.105,37.345,37.414,27613800,1033142713.2
2015-09-29,MSFT,37.483,37.656,37.207,37.544,32763600,1230076598.4
2015-09-30,MSFT,37.924,38.287,37.734,38.252,34958900,1337247842.8
2015-10-01,MSFT,38.676,38.676,37.812,38.555,28657900,1104905334.5
2015-10-02,MSFT,38.261,39.385,37.959,39.385,41839000,1647829015.0
2015-10-05,MSFT,39.54,40.525,39.497,40.301,34369300,1385117159.3
2015-10-06,MSFT,40.041,40.776,39.946,40.404,27017200,1091602948.8
2015-10-07,MSFT,40.707,40.923,39.713,40.448,27711500,1120874752.0
2015-10-08,MSFT,40.24,41.07,40.188,41.009,33772700,1384984654.3
2015-10-09,MSFT,41.009,41.087,40.551,40.716,28600600,1164502029.6
2015-10-12,MSFT,40.603,40.681,40.188,40.62,19769100,803020842.0
2015-10-13,MSFT,40.24,40.733,40.24,40.525,19987800,810005595.0
2015-10-14,MSFT,40.318,40.707,40.214,40.344,24697800,996408043.2
2015-10-15,MSFT,40.629,40.646,40.214,40.629,27189400,1104678132.6
2015-10-16,MSFT,40.638,41.087,40.534,41.061,26450300,1086075768.3
2015-10-19,MSFT,40.983,41.381,40.638,41.156,29387600,1209476065.6
2015-10-20,MSFT,41.001,41.321,40.638,41.286,30802200,1271699629.2
2015-10-21,MSFT,41.416,41.476,40.716,40.793,25144300,1025711429.9
2015-10-22,MSFT,41.079,42.306,40.698,41.511,56637100,2351062658.1
2015-10-23,MSFT,45.201,46.731,45.158,45.694,135227100,6179067107.4
2015-10-26,MSFT,45.4,46.947,45.374,46.886,64633300,3030396903.8
2015-10-27,MSFT,46.662,46.99,46.307,46.402,50999900,2366497359.8
2015-10-28,MSFT,46.273,46.653,45.685,46.653,47000800,2192728322.4
2015-10-29,MSFT,46.273,46.523,45.996,46.117,30202100,1392830245.7
2015-10-30,MSFT,46.083,46.662,45.478,45.495,46619800,2120967801.0
2015-11-02,MSFT,45.676,46.117,45.478,46.013,30285000,1393503705.0
2015-11-03,MSFT,45.746,47.007,45.72,46.8,36596900,1712734920.0
2015-11-04,MSFT,46.826,47.431,46.722,47.016,37087800,1743720004.8
2015-11-05,MSFT,47.094,47.275,46.67,46.999,31468500,1478988031.5
2015-11-06,MSFT,46.748,47.517,46.636,47.465,32851200,1559282208.0
2015-11-09,MSFT,47.146,47.422,46.29,46.809,32513100,1521905697.9
2015-11-10,MSFT,46.731,46.783,46.039,46.247,55283700,2556705273.9
2015-11-11,MSFT,46.411,46.843,46.204,46.368,36516300,1693187798.4
2015-11-12,MSFT,46.221,46.653,45.97,46.083,35361100,1629545571.3
2015-11-13,MSFT,45.867,46.057,45.4,45.668,36848200,1682783597.6
2015-11-16,MSFT,45.875,46.575,45.676,46.472,32165200,1494781174.4
2015-11-17,MSFT,46.263,46.576,45.984,46.089,31551300,1454167865.7
2015-11-18,MSFT,46.115,46.968,46.097,46.854,29710000,1392032340.0
2015-11-19,MSFT,46.976,47.559,46.793,46.933,28149200,1321126403.6
2015-11-20,MSFT,47.202,47.246,46.35,47.15,37147600,1751509340.0
2015-11-23,MSFT,47.202,47.385,46.767,47.15,28235900,1331322685.0
2015-11-24,MSFT,46.915,47.368,46.619,47.202,24600000,1161169200.0
2015-11-25,MSFT,47.063,47.185,46.715,46.715,21005100,981253246.5
2015-11-27,MSFT,46.811,47.054,46.802,46.924,9009100,422743008.4
2015-11-30,MSFT,47.455,47.82,46.985,47.289,56241400,2659599564.6
2015-12-01,MSFT,47.342,48.055,47.246,48.046,39952800,1919572228.8
2015-12-02,MSFT,48.133,48.69,47.907,48.038,47274900,2270991646.2
2015-12-03,MSFT,48.281,48.525,46.924,47.159,38627800,1821648420.2
2015-12-04,MSFT,47.089,48.925,47.072,48.647,43963700,2138702113.9
2015-12-07,MSFT,48.542,48.699,48.107,48.56,30709800,1491267888.0
2015-12-08,MSFT,48.264,48.812,47.846,48.542,32878000,1595963876.0
2015-12-09,MSFT,48.177,48.612,47.429,47.838,36373200,1740021141.6
2015-12-10,MSFT,48.194,48.429,47.864,48.09,31775800,1528098222.0
2015-12-11,MSFT,47.603,47.942,46.994,47.037,39549500,1860289831.5
2015-12-14,MSFT,47.272,48.038,46.706,47.977,46768900,2243831515.3
2015-12-15,MSFT,48.429,48.638,47.933,48.029,39843000,1913619447.0
2015-12-16,MSFT,48.325,48.943,47.646,48.838,37503300,1831586165.4
2015-12-17,MSFT,49.038,49.412,48.316,48.464,41280900,2000637537.6
2015-12-18,MSFT,48.525,48.725,47.011,47.098,84684200,3988456451.6
2015-12-21,MSFT,47.751,48.16,47.185,47.707,37246300,1776909234.1
2015-12-22,MSFT,47.846,48.273,47.42,48.16,28322200,1363997152.0
2015-12-23,MSFT,48.464,48.621,48.238,48.568,27279800,1324925326.4
2015-12-24,MSFT,48.603,48.69,48.229,48.438,9558500,462994623.0
2015-12-28,MSFT,48.16,48.682,47.838,48.682,22458300,1093314960.6
2015-12-29,MSFT,48.977,49.465,48.777,49.204,27731400,1364495805.6
2015-12-30,MSFT,49.134,49.404,48.977,48.995,21704500,1063411977.5
2015-12-31,MSFT,48.76,48.89,48.22,48.273,27334100,1319499009.3
2016-01-04,MSFT,47.263,47.681,46.454,47.681,53778000,2564188818.0
2016-01-05,MSFT,47.794,48.194,47.455,47.898,34079700,1632349470.6
2016-01-06,MSFT,47.263,47.333,46.672,47.028,39518900,1858494829.2
2016-01-07,MSFT,45.854,46.541,45.306,45.393,56564900,2567650505.7
2016-01-08,MSFT,45.567,46.358,45.375,45.532,48754000,2219867128.0
2016-01-11,MSFT,45.688,45.984,44.775,45.506,36943800,1681164562.8
2016-01-12,MSFT,45.906,46.202,45.297,45.923,36095500,1657613646.5
2016-01-13,MSFT,46.811,47.046,44.636,44.931,66883600,3005147031.6
2016-01-14,MSFT,45.245,46.48,44.871,46.211,52381900,2420619980.9
2016-01-15,MSFT,44.644,45.219,43.8,44.366,71820700,3186397176.2
2016-01-19,MSFT,44.792,44.966,43.557,43.992,43564500,1916489484.0
2016-01-20,MSFT,43.487,44.705,42.721,44.192,63273000,2796160416.0
2016-01-21,MSFT,44.375,44.879,43.766,43.922,40191200,1765277886.4
2016-01-22,MSFT,44.731,45.532,44.601,45.497,37555800,1708676232.6
2016-01-25,MSFT,45.193,45.81,44.94,45.062,34707700,1563998377.4
2016-01-26,MSFT,45.062,45.628,44.853,45.393,28900800,1311894014.4
2016-01-27,MSFT,45.253,45.419,44.392,44.566,36775200,1638923563.2
2016-01-28,MSFT,45.123,45.427,44.592,45.297,62513800,2831687598.6
2016-01-29,MSFT,47.62,47.933,46.985,47.933,83611700,4007759616.1
2016-02-01,MSFT,47.751,47.933,47.42,47.603,44208500,2104457225.5
2016-02-02,MSFT,47.133,47.211,45.81,46.115,56313800,2596910887.0
2016-02-03,MSFT,46.332,46.454,44.601,45.384,57559800,2612293963.2
2016-02-04,MSFT,45.332,45.949,44.697,45.245,46987100,2125931339.5
2016-02-05,MSFT,45.193,45.245,43.122,43.644,62009000,2706320796.0
2016-02-08,MSFT,43.113,43.13,41.93,42.991,59290500,2548957885.5
2016-02-09,MSFT,42.652,43.713,42.347,42.878,46740500,2004139159.0
2016-02-10,MSFT,43.409,43.844,43.087,43.252,38237000,1653826724.0
2016-02-11,MSFT,42.356,43.6,42.208,43.235,48878600,2113266271.0
2016-02-12,MSFT,43.722,44.096,43.287,43.94,34243300,1504650602.0
2016-02-16,MSFT,44.606,44.772,43.931,44.772,37291200,1669601606.4
2016-02-17,MSFT,45.123,46.244,45.088,45.938,40789000,1873765082.0
2016-02-18,MSFT,45.859,46.402,45.657,45.736,27176000,1242921536.0
2016-02-19,MSFT,45.543,45.815,45.158,45.412,33559100,1523985849.2
2016-02-22,MSFT,45.815,46.446,45.815,46.139,25008300,1153857953.7
2016-02-23,MSFT,45.868,45.894,44.676,44.851,28895300,1295983100.3
2016-02-24,MSFT,44.422,45.131,43.992,45.009,33014500,1485949630.5
2016-02-25,MSFT,45.333,45.657,44.351,45.657,26939500,1229976751.5
2016-02-26,MSFT,46.095,46.165,44.781,44.956,35975900,1617332560.4
2016-02-29,MSFT,45.0,45.263,44.395,44.588,31654000,1411388552.0
2016-03-01,MSFT,44.667,46.087,44.623,46.078,33024500,1521702911.0
2016-03-02,MSFT,45.929,46.411,45.71,46.402,29289900,1359109939.8
2016-03-03,MSFT,46.42,46.42,45.377,45.876,24427800,1120649752.8
2016-03-04,MSFT,45.92,45.964,45.315,45.596,33034200,1506227383.2
2016-03-07,MSFT,45.184,45.394,44.325,44.72,38407800,1717596816.0
2016-03-08,MSFT,44.518,45.683,44.343,45.263,33835100,1531478131.3
2016-03-09,MSFT,45.473,46.314,45.447,46.306,28251600,1308218589.6
2016-03-10,MSFT,46.385,46.393,44.833,45.613,38387800,1750982721.4
2016-03-11,MSFT,46.446,46.507,45.903,46.507,32275700,1501045979.9
2016-03-14,MSFT,46.192,46.963,46.122,46.595,24083600,1122175342.0
2016-03-15,MSFT,46.227,46.963,46.218,46.963,21104800,991144722.4
2016-03-16,MSFT,46.84,47.848,46.796,47.629,31691700,1509443979.3
2016-03-17,MSFT,47.506,48.199,47.322,47.901,28223900,1351953033.9
2016-03-18,MSFT,48.128,48.172,46.84,46.875,67625500,3169945312.5
2016-03-21,MSFT,46.665,47.261,46.385,47.2,23925700,1129293040.0
2016-03-22,MSFT,46.98,47.541,46.849,47.384,23124100,1095712354.4
2016-03-23,MSFT,47.419,47.533,47.094,47.296,20129000,952021184.0
2016-03-24,MSFT,47.182,47.611,47.086,47.506,19950000,947744700.0
2016-03-28,MSFT,47.506,47.576,46.735,46.919,17025100,798800666.9
2016-03-29,MSFT,47.024,48.076,46.84,47.944,23924300,1147026639.2
2016-03-30,MSFT,48.137,48.759,48.111,48.242,23008300,1109966408.6
2016-03-31,MSFT,48.155,48.716,48.076,48.4,26360500,1275848200.0
2016-04-01,MSFT,48.242,48.733,47.822,48.698,24399200,1188192241.6
2016-04-04,MSFT,48.575,48.777,48.199,48.575,18928800,919466460.0
2016-04-05,MSFT,48.365,48.461,47.725,47.813,19272300,921466479.9
2016-04-06,MSFT,47.638,48.374,47.506,48.304,21188700,1023498964.8
2016-04-07,MSFT,48.085,48.12,47.524,47.725,19225100,917517897.5
2016-04-08,MSFT,47.909,48.444,47.603,47.69,22167200,1057153768.0
2016-04-11,MSFT,47.752,48.33,47.585,47.594,21414200,1019187434.8
2016-04-12,MSFT,47.646,48.006,47.112,47.892,24944300,1194632415.6
2016-04-13,MSFT,48.304,48.584,48.102,48.505,20818000,1009777090.0
2016-04-14,MSFT,48.391,48.707,48.26,48.514,20877100,1012831629.4
2016-04-15,MSFT,48.461,49.005,48.295,48.768,28793800,1404216038.4
2016-04-18,MSFT,48.628,49.592,48.383,49.478,23786000,1176883708.0
2016-04-19,MSFT,49.627,49.75,48.794,49.417,29596800,1462585065.6
2016-04-20,MSFT,49.329,49.513,48.628,48.716,36195700,1763309721.2
2016-04-21,MSFT,48.9,49.276,48.567,48.882,38909100,1901954626.2
2016-04-22,MSFT,45.491,45.946,44.492,45.377,126834100,5755350955.7
2016-04-25,MSFT,45.377,45.683,45.245,45.666,33226900,1517339615.4
2016-04-26,MSFT,45.797,45.876,44.772,45.079,33532600,1511616075.4
2016-04-27,MSFT,45.114,45.131,44.299,44.641,43369300,1936048921.3
2016-04-28,MSFT,44.36,44.492,43.431,43.729,43134800,1886241669.2
2016-04-29,MSFT,43.247,44.036,43.247,43.703,48411700,2115736525.1
2016-05-02,MSFT,43.817,44.474,43.624,44.351,33114500,1468661189.5
2016-05-03,MSFT,44.115,44.176,43.466,43.624,26460200,1154299764.8
2016-05-04,MSFT,43.677,43.869,43.344,43.703,24257600,1060129892.8
2016-05-05,MSFT,43.703,44.08,43.58,43.764,25390700,1111198594.8
2016-05-06,MSFT,43.747,44.159,43.519,44.159,24787300,1094582380.7
2016-05-09,MSFT,44.246,44.334,43.817,43.878,17951600,787680304.8
2016-05-10,MSFT,44.106,44.781,43.983,44.711,22891000,1023479501.0
2016-05-11,MSFT,44.807,45.377,44.693,44.737,24039100,1075437216.7
2016-05-12,MSFT,44.869,45.403,44.623,45.14,24102800,1088000392.0
2016-05-13,MSFT,45.079,45.482,44.728,44.763,22592300,1011299124.9
2016-05-16,MSFT,44.518,45.535,44.474,45.421,20032000,909873472.0
2016-05-17,MSFT,45.641,45.65,44.441,44.573,27803500,1239285405.5
2016-05-18,MSFT,44.547,45.129,44.388,44.838,24907500,1116802485.0
2016-05-19,MSFT,44.538,44.67,43.965,44.406,23842400,1058745614.4
2016-05-20,MSFT,44.547,45.2,44.476,44.67,23905800,1067872086.0
2016-05-23,MSFT,44.653,44.723,44.106,44.15,26118700,1153140605.0
2016-05-24,MSFT,44.741,45.632,44.476,45.526,34757900,1582388155.4
2016-05-25,MSFT,45.818,46.321,45.703,45.994,24040200,1105704958.8
2016-05-26,MSFT,45.827,45.871,45.324,45.791,24335200,1114333143.2
2016-05-27,MSFT,45.818,46.171,45.685,46.171,17721400,818214759.4
2016-05-31,MSFT,46.118,46.771,45.959,46.771,37653100,1761073140.1
2016-06-01,MSFT,46.277,46.727,46.277,46.638,25324800,1181098022.4
2016-06-02,MSFT,46.453,46.541,45.747,46.312,22840800,1057803129.6
2016-06-03,MSFT,46.224,46.259,45.535,45.703,23368300,1068001414.9
2016-06-06,MSFT,45.879,46.197,45.791,46.003,18243300,839246529.9
2016-06-07,MSFT,46.1,46.532,45.977,45.977,20866800,959392863.6
2016-06-08,MSFT,45.906,46.277,45.774,45.924,21149400,971265045.6
2016-06-09,MSFT,45.888,45.888,45.438,45.553,20305700,924985552.1
2016-06-10,MSFT,45.05,45.932,45.041,45.429,25833200,1173576442.8
2016-06-13,MSFT,43.753,44.759,43.294,44.247,83217800,3682137996.6
2016-06-14,MSFT,44.035,44.212,43.744,43.973,42577100,1872242818.3
2016-06-15,MSFT,43.929,44.229,43.85,43.85,33757600,1480270760.0
2016-06-16,MSFT,43.7,44.538,43.691,44.468,31188600,1386894664.8
2016-06-17,MSFT,44.485,44.503,43.965,44.238,45710500,2022141099.0
2016-06-20,MSFT,44.688,44.856,44.15,44.185,35607900,1573335061.5
2016-06-21,MSFT,44.3,45.385,44.265,45.174,34097800,1540334017.2
2016-06-22,MSFT,45.076,45.412,44.962,44.997,28816800,1296669549.6
2016-06-23,MSFT,45.253,45.941,45.138,45.809,29028800,1329780299.2
2016-06-24,MSFT,43.956,44.953,43.7,43.973,133503000,5870527419.0
2016-06-27,MSFT,43.329,43.373,42.394,42.738,50216300,2146144229.4
2016-06-28,MSFT,43.17,43.656,42.95,43.629,38140700,1664040600.3
2016-06-29,MSFT,44.044,44.759,43.947,44.6,31304000,1396158400.0
2016-06-30,MSFT,44.759,45.271,44.565,45.156,28527800,1288201336.8
2016-07-01,MSFT,45.121,45.641,45.068,45.147,21400400,966163858.8
2016-07-05,MSFT,44.856,45.253,44.776,45.156,24806400,1120157798.4
2016-07-06,MSFT,44.812,45.482,44.468,45.341,28167500,1277142617.5
2016-07-07,MSFT,45.376,45.544,45.068,45.341,19585200,888012553.2
2016-07-08,MSFT,45.65,46.206,45.491,46.153,28391000,1310329823.0
2016-07-11,MSFT,46.33,46.621,46.303,46.409,22269200,1033491302.8
2016-07-12,MSFT,46.718,47.124,46.585,46.956,27317600,1282725225.6
2016-07-13,MSFT,47.265,47.53,46.93,47.221,25356800,1197373452.8
2016-07-14,MSFT,47.512,47.644,47.283,47.424,24545500,1164045792.0
2016-07-15,MSFT,47.609,47.653,46.956,47.388,32024400,1517572267.2
2016-07-18,MSFT,47.388,47.953,47.256,47.618,31433900,1496819450.2
2016-07-19,MSFT,47.397,47.565,46.709,46.85,53336500,2498815025.0
2016-07-20,MSFT,49.551,50.159,49.003,49.339,89893300,4435245528.7
2016-07-21,MSFT,49.401,49.621,49.206,49.242,32776700,1613990261.4
2016-07-22,MSFT,49.489,49.974,49.224,49.921,32157200,1605319581.2
2016-07-25,MSFT,49.833,50.071,49.648,50.062,25610600,1282117857.2
2016-07-26,MSFT,49.877,50.557,49.868,50.089,28079000,1406449031.0
2016-07-27,MSFT,49.956,50.124,49.515,49.586,32327500,1602991415.0
2016-07-28,MSFT,49.418,49.745,49.171,49.603,37550400,1862612491.2
2016-07-29,MSFT,49.648,50.089,49.462,50.018,30558700,1528485056.6
2016-08-01,MSFT,49.948,50.08,49.542,49.93,26003400,1298349762.0
2016-08-02,MSFT,50.168,50.212,49.692,49.93,35122000,1753641460.0
2016-08-03,MSFT,50.018,50.398,49.851,50.274,22075600,1109828714.4
2016-08-04,MSFT,50.124,50.76,50.009,50.645,26587700,1346534066.5
2016-08-05,MSFT,50.874,51.368,50.698,51.148,29335200,1500436809.6
2016-08-08,MSFT,51.236,51.263,50.989,51.236,19473500,997744246.0
2016-08-09,MSFT,51.333,51.624,51.201,51.36,16920700,869047152.0
2016-08-10,MSFT,51.324,51.465,51.024,51.201,15756900,806769036.9
2016-08-11,MSFT,51.21,51.58,51.21,51.448,18162300,934414010.4
2016-08-12,MSFT,51.21,51.351,50.848,51.13,21655200,1107230376.0
2016-08-15,MSFT,51.192,51.624,51.148,51.289,19283900,989051947.1
2016-08-16,MSFT,51.156,51.165,50.854,51.005,20523500,1046801117.5
2016-08-17,MSFT,51.094,51.218,50.818,51.111,18856400,963769460.4
2016-08-18,MSFT,50.987,51.236,50.854,51.147,14214300,727018802.1
2016-08-19,MSFT,50.996,51.262,50.792,51.165,17271000,883670715.0
2016-08-22,MSFT,51.147,51.28,50.845,51.209,15221900,779498277.1
2016-08-23,MSFT,51.413,51.662,51.369,51.404,18732400,962920289.6
2016-08-24,MSFT,51.325,51.538,51.253,51.458,18151500,934039887.0
2016-08-25,MSFT,51.396,51.76,51.307,51.653,18552600,958297447.8
2016-08-26,MSFT,51.751,52.124,51.227,51.529,20971200,1080624964.8
2016-08-29,MSFT,51.662,52.035,51.591,51.591,16417200,846979765.2
2016-08-30,MSFT,51.484,51.671,51.156,51.404,16930200,870280000.8
2016-08-31,MSFT,51.191,51.324,50.881,51.023,20860300,1064355086.9
2016-09-01,MSFT,50.623,51.342,50.623,51.138,26075400,1333443805.2
2016-09-02,MSFT,51.209,51.671,50.987,51.209,18900500,967875704.5
2016-09-06,MSFT,51.307,51.325,50.801,51.156,16278400,832737830.4
2016-09-07,MSFT,51.031,51.36,50.978,51.2,17493400,895662080.0
2016-09-08,MSFT,51.174,51.316,50.774,50.996,20146100,1027370515.6
2016-09-09,MSFT,50.428,51.076,49.913,49.913,35113900,1752640090.7
2016-09-12,MSFT,49.726,50.801,49.38,50.659,29303000,1484460677.0
2016-09-13,MSFT,50.17,50.303,49.771,50.197,30130200,1512445649.4
2016-09-14,MSFT,50.072,50.286,49.753,49.957,24062500,1202090312.5
2016-09-15,MSFT,49.859,50.925,49.708,50.783,26847000,1363371201.0
2016-09-16,MSFT,51.174,51.174,50.392,50.836,44607000,2267641452.0
2016-09-19,MSFT,50.854,51.28,50.481,50.552,20937100,1058412279.2
2016-09-20,MSFT,50.925,50.925,50.392,50.445,17384000,876935880.0
2016-09-21,MSFT,51.067,51.369,50.685,51.289,33707300,1728813709.7
2016-09-22,MSFT,51.431,51.502,51.174,51.342,19822200,1017711392.4
2016-09-23,MSFT,51.387,51.422,50.952,50.996,19955300,1017640478.8
2016-09-26,MSFT,50.685,50.738,50.463,50.525,21688700,1095821567.5
2016-09-27,MSFT,50.552,51.555,50.33,51.458,28065100,1444173915.8
2016-09-28,MSFT,51.396,51.555,51.209,51.529,20536400,1058220155.6
2016-09-29,MSFT,51.333,51.653,50.801,50.969,25463500,1297849131.5
2016-09-30,MSFT,51.12,51.298,50.916,51.147,29910800,1529847687.6
2016-10-03,MSFT,50.978,51.103,50.667,50.987,19189500,978415036.5
2016-10-04,MSFT,50.854,51.147,50.588,50.827,20085900,1020906039.3
2016-10-05,MSFT,50.872,51.467,50.845,51.182,16726400,856090604.8
2016-10-06,MSFT,51.271,51.378,50.863,51.271,16212600,831236214.6
2016-10-07,MSFT,51.369,51.484,50.987,51.325,20089000,1031067925.0
2016-10-10,MSFT,51.422,51.848,51.387,51.538,18196500,937811217.0
2016-10-11,MSFT,51.404,51.52,50.516,50.783,26497400,1345617464.2
2016-10-12,MSFT,50.712,50.854,50.081,50.712,22177500,1124665380.0
2016-10-13,MSFT,50.348,50.881,50.01,50.543,25313700,1279430339.1
2016-10-14,MSFT,50.721,51.271,50.721,50.987,27402500,1397171267.5
2016-10-17,MSFT,50.934,51.023,50.499,50.809,23830000,1210778470.0
2016-10-18,MSFT,51.085,51.458,50.978,51.2,19149500,980454400.0
2016-10-19,MSFT,51.031,51.36,50.969,51.085,22878400,1168743064.0
2016-10-20,MSFT,51.058,51.076,50.312,50.836,49455600,2514124881.6
2016-10-21,MSFT,53.527,53.678,52.825,52.976,80032200,4239785827.2
2016-10-24,MSFT,53.225,54.166,53.216,54.166,54067000,2928593122.0
2016-10-25,MSFT,54.033,54.495,53.988,54.157,35137200,1902925340.4
2016-10-26,MSFT,53.997,54.344,53.695,53.837,29911600,1610350809.2
2016-10-27,MSFT,53.82,54.015,53.358,53.367,28479900,1519886823.3
2016-10-28,MSFT,53.287,53.74,52.905,53.163,33574700,1784931776.1
2016-10-31,MSFT,53.42,53.651,53.207,53.207,26434700,1406511082.9
2016-11-01,MSFT,53.251,53.296,52.612,53.1,24533000,1302702300.0
2016-11-02,MSFT,53.118,53.216,52.656,52.772,22147000,1168741484.0
2016-11-03,MSFT,52.861,52.958,52.488,52.577,21600400,1135684230.8
2016-11-04,MSFT,52.079,52.639,51.964,52.133,28697000,1496060701.0
2016-11-07,MSFT,53.083,53.74,53.083,53.651,31664800,1698848184.8
2016-11-08,MSFT,53.766,53.971,53.411,53.695,22935400,1231516303.0
2016-11-09,MSFT,53.278,53.802,52.568,53.429,49632500,2651814842.5
2016-11-10,MSFT,53.704,53.713,51.174,52.124,57822400,3013934777.6
2016-11-11,MSFT,51.706,52.497,51.511,52.408,38767800,2031742862.4
2016-11-14,MSFT,52.408,52.461,50.863,51.609,41328400,2132917395.6
2016-11-15,MSFT,52.145,53.182,52.136,52.628,35904100,1889560974.8
2016-11-16,MSFT,52.69,53.334,52.574,53.325,27332500,1457505562.5
2016-11-17,MSFT,54.004,54.487,53.611,54.21,32132700,1741913667.0
2016-11-18,MSFT,54.335,54.657,53.906,53.951,27686300,1493703571.3
2016-11-21,MSFT,54.085,54.505,54.013,54.407,19652600,1069239008.2
2016-11-22,MSFT,54.514,54.764,54.362,54.639,23206700,1267990881.3
2016-11-23,MSFT,54.541,54.621,53.861,53.996,21848900,1179753204.4
2016-11-25,MSFT,53.906,54.112,53.754,54.112,8409600,455060275.2
2016-11-28,MSFT,53.942,54.55,53.826,54.183,20732600,1123354465.8
2016-11-29,MSFT,54.219,54.898,54.103,54.612,22366700,1221490220.4
2016-11-30,MSFT,54.407,54.693,53.835,53.87,34655400,1866886398.0
2016-12-01,MSFT,53.736,53.772,52.69,52.923,34542100,1828071558.3
2016-12-02,MSFT,52.816,53.164,52.565,52.967,25515700,1351490081.9
2016-12-05,MSFT,53.37,54.165,53.245,53.835,23552700,1267959604.5
2016-12-06,MSFT,54.022,54.049,53.459,53.593,19907000,1066875851.0
2016-12-07,MSFT,53.647,54.872,53.459,54.863,30809000,1690274167.0
2016-12-08,MSFT,54.8,55.05,54.389,54.541,21220800,1157403652.8
2016-12-09,MSFT,54.693,55.417,54.648,55.399,27349400,1515129410.6
2016-12-12,MSFT,55.265,55.694,55.176,55.578,20198100,1122570001.8
2016-12-13,MSFT,55.873,56.695,55.64,56.302,35718900,2011045507.8
2016-12-14,MSFT,56.32,56.722,55.9,56.034,30352700,1700783191.8
2016-12-15,MSFT,56.052,56.454,55.694,55.944,27669900,1547964885.6
2016-12-16,MSFT,56.275,56.275,55.533,55.694,42453100,2364382951.4
2016-12-19,MSFT,55.927,57.008,55.801,56.874,34338200,1952950786.8
2016-12-20,MSFT,56.937,57.035,56.347,56.803,26028400,1478491205.2
2016-12-21,MSFT,56.704,56.946,56.427,56.803,17096300,971121128.9
2016-12-22,MSFT,57.071,57.303,56.686,56.812,22176600,1259896999.2
2016-12-23,MSFT,56.722,56.803,56.141,56.534,12403800,701236429.2
2016-12-27,MSFT,56.508,57.276,56.508,56.57,11763200,665444224.0
2016-12-28,MSFT,56.677,56.677,56.168,56.311,14653300,825141976.3
2016-12-29,MSFT,56.195,56.499,56.078,56.23,10250600,576391238.0
2016-12-30,MSFT,56.284,56.311,55.453,55.551,25579900,1420989024.9
2017-01-03,MSFT,56.132,56.177,55.542,55.944,20694100,1157710730.4
2017-01-04,MSFT,55.855,56.096,55.533,55.694,21340000,1188509960.0
2017-01-05,MSFT,55.596,56.016,55.453,55.694,24876000,1385443944.0
2017-01-06,MSFT,55.694,56.454,55.462,56.177,19922900,1119208753.3
2017-01-09,MSFT,56.105,56.391,55.909,55.998,20382700,1141390434.6
2017-01-10,MSFT,56.078,56.382,55.676,55.98,18593000,1040836140.0
2017-01-11,MSFT,55.971,56.525,55.81,56.49,21517300,1215512277.0
2017-01-12,MSFT,56.373,56.677,55.381,55.971,20968200,1173611122.2
2017-01-13,MSFT,55.98,56.204,55.739,56.052,19422300,1088658759.6
2017-01-17,MSFT,56.034,56.052,55.453,55.9,20664000,1155117600.0
2017-01-18,MSFT,56.025,56.052,55.533,55.873,19670100,1099027497.3
2017-01-19,MSFT,55.64,56.302,55.605,55.694,18451700,1027648979.8
2017-01-20,MSFT,56.025,56.159,55.757,56.087,30213500,1694584574.5
2017-01-23,MSFT,56.052,56.427,55.935,56.284,23097600,1300025318.4
2017-01-24,MSFT,56.499,56.981,56.266,56.785,24672900,1401050626.5
2017-01-25,MSFT,57.169,57.303,56.722,56.928,23672700,1347639465.6
2017-01-26,MSFT,57.321,57.697,56.812,57.455,43554600,2502429543.0
2017-01-27,MSFT,58.456,58.921,58.009,58.805,44818000,2635522490.0
2017-01-30,MSFT,58.725,58.814,57.929,58.224,31651400,1842871113.6
2017-01-31,MSFT,57.983,58.242,57.446,57.795,25270500,1460508547.5
2017-02-01,MSFT,57.536,57.768,56.74,56.838,39671500,2254848717.0
2017-02-02,MSFT,56.543,56.686,56.096,56.472,45827000,2587942344.0
2017-02-03,MSFT,56.767,56.946,56.382,56.928,30301800,1725020870.4
2017-02-06,MSFT,56.767,56.901,56.445,56.892,19796400,1126256788.8
2017-02-07,MSFT,56.981,57.017,56.525,56.704,20277200,1149798348.8
2017-02-08,MSFT,56.829,57.044,56.517,56.624,18096400,1024690553.6
2017-02-09,MSFT,56.785,57.607,56.606,57.267,22644400,1296776854.8
2017-02-10,MSFT,57.437,57.482,57.196,57.214,18170700,1039618429.8
2017-02-13,MSFT,57.428,57.983,57.33,57.857,22920100,1326088225.7
2017-02-14,MSFT,57.929,58.208,57.579,58.073,23108400,1341974113.2
2017-02-15,MSFT,58.01,58.073,57.705,58.037,17005200,986930792.4
2017-02-16,MSFT,58.226,58.676,57.956,58.028,20546300,1192260696.4
2017-02-17,MSFT,57.983,58.181,57.831,58.118,21248800,1234937758.4
2017-02-21,MSFT,58.109,58.415,57.965,58.001,20655900,1198062855.9
2017-02-22,MSFT,57.857,57.911,57.606,57.884,19292700,1116738646.8
2017-02-23,MSFT,57.938,58.217,57.732,58.118,20273100,1178232025.8
2017-02-24,MSFT,58.037,58.28,57.687,58.118,21796800,1266786422.4
2017-02-27,MSFT,58.046,58.046,57.606,57.768,15871500,916864812.0
2017-02-28,MSFT,57.633,57.741,57.345,57.543,23239800,1337287811.4
2017-03-01,MSFT,57.678,58.451,57.579,58.406,26937500,1573311625.0
2017-03-02,MSFT,58.181,58.235,57.453,57.57,24539600,1412744772.0
2017-03-03,MSFT,57.552,57.813,57.219,57.786,18135900,1048001117.4
2017-03-06,MSFT,57.534,58.064,57.39,57.804,18750300,1083842341.2
2017-03-07,MSFT,57.732,58.262,57.732,57.92,18521000,1072736320.0
2017-03-08,MSFT,57.795,58.532,57.786,58.451,21510900,1257333615.9
2017-03-09,MSFT,58.631,58.64,57.992,58.217,19846800,1155421155.6
2017-03-10,MSFT,58.559,58.694,58.235,58.397,19538200,1140972265.4
2017-03-13,MSFT,58.469,58.631,58.073,58.199,20100000,1169799900.0
2017-03-14,MSFT,58.037,58.055,57.696,57.929,14280200,827237705.8
2017-03-15,MSFT,58.055,58.388,57.786,58.235,24833800,1446196343.0
2017-03-16,MSFT,58.235,58.244,57.83,58.136,20674300,1201921104.8
2017-03-17,MSFT,58.379,58.676,58.172,58.343,49219700,2871624957.1
2017-03-20,MSFT,58.379,58.622,58.208,58.397,14598100,852485245.7
2017-03-21,MSFT,58.631,58.91,57.678,57.75,26640500,1538488875.0
2017-03-22,MSFT,57.669,58.586,57.669,58.487,20680000,1209511160.0
2017-03-23,MSFT,58.406,58.676,58.253,58.343,19269200,1124222935.6
2017-03-24,MSFT,58.784,58.865,58.244,58.442,22617100,1321788558.2
2017-03-27,MSFT,58.127,58.658,57.875,58.55,18614700,1089890685.0
2017-03-28,MSFT,58.424,58.883,58.145,58.721,20080400,1179141168.4
2017-03-29,MSFT,58.568,58.91,58.415,58.883,13618400,801892247.2
2017-03-30,MSFT,58.838,59.341,58.784,59.099,15122800,893742357.2
2017-03-31,MSFT,59.045,59.53,58.865,59.234,21040300,1246301130.2
2017-04-03,MSFT,59.189,59.305,58.631,58.955,20400900,1202735059.5
2017-04-04,MSFT,58.811,59.189,58.712,59.117,12997400,768367295.8
2017-04-05,MSFT,59.629,59.674,58.856,58.964,21448600,1264695250.4
2017-04-06,MSFT,59.0,59.413,58.892,59.117,18103500,1070224609.5
2017-04-07,MSFT,59.225,59.323,58.856,59.072,14108500,833417312.0
2017-04-10,MSFT,59.009,59.198,58.784,58.937,17952700,1058078279.9
2017-04-11,MSFT,59.0,59.009,58.325,58.892,18791500,1106669018.0
2017-04-12,MSFT,58.838,58.919,58.559,58.667,17108500,1003704369.5
2017-04-13,MSFT,58.721,59.234,58.415,58.415,17896500,1045424047.5
2017-04-17,MSFT,58.496,58.901,58.469,58.892,16689300,982866255.6
2017-04-18,MSFT,58.757,59.099,58.604,58.811,15155600,891315991.6
2017-04-19,MSFT,59.045,59.135,58.361,58.496,26992800,1578970828.8
2017-04-20,MSFT,58.874,59.135,58.586,58.91,22299500,1313663545.0
2017-04-21,MSFT,59.063,59.989,58.865,59.719,32522600,1942217149.4
2017-04-24,MSFT,60.691,60.852,60.349,60.736,29770000,1808110720.0
2017-04-25,MSFT,61.068,61.194,60.798,61.086,30242700,1847405572.2
2017-04-26,MSFT,61.23,61.437,60.816,61.005,26190800,1597769754.0
2017-04-27,MSFT,61.293,61.5,60.78,61.401,34971000,2147254371.0
2017-04-28,MSFT,61.977,62.184,60.879,61.572,39548800,2435098713.6
2017-05-01,MSFT,61.77,62.552,61.608,62.426,31954400,1994785374.4
2017-05-02,MSFT,62.696,62.696,62.175,62.327,23906100,1489995494.7
2017-05-03,MSFT,62.399,62.399,61.797,62.13,28928000,1797296640.0
2017-05-04,MSFT,62.085,62.13,61.734,61.887,21749400,1346005117.8
2017-05-05,MSFT,61.968,62.085,61.599,62.058,19128800,1187095070.4
2017-05-08,MSFT,62.031,62.103,61.536,62.004,18566100,1151172464.4
2017-05-09,MSFT,61.932,62.309,61.77,62.094,22858400,1419369489.6
2017-05-10,MSFT,62.049,62.561,61.986,62.336,17977800,1120664140.8
2017-05-11,MSFT,61.482,61.815,61.266,61.572,28789400,1772620936.8
2017-05-12,MSFT,61.707,61.707,61.194,61.5,18714100,1150917150.0
2017-05-15,MSFT,61.284,61.59,60.772,61.545,31530300,1940532313.5
2017-05-16,MSFT,61.717,62.811,61.654,62.784,34956000,2194677504.0
2017-05-17,MSFT,62.314,62.504,60.993,61.038,30548800,1864637654.4
2017-05-18,MSFT,60.966,61.626,60.731,61.246,25201300,1543478819.8
2017-05-19,MSFT,61.057,61.599,60.993,61.228,26961100,1650774230.8
2017-05-22,MSFT,61.409,61.961,61.056,61.916,16237600,1005367241.6
2017-05-23,MSFT,62.16,62.187,61.852,62.124,15425800,958312399.2
2017-05-24,MSFT,62.296,62.305,61.916,62.205,14593900,907813549.5
2017-05-25,MSFT,62.386,63.209,62.332,62.974,21854100,1376240093.4
2017-05-26,MSFT,63.137,63.517,62.884,63.282,19827900,1254749167.8
2017-05-30,MSFT,63.128,63.689,63.11,63.689,17072800,1087349559.2
2017-05-31,MSFT,63.797,63.987,63.146,63.173,30436400,1922758697.2
2017-06-01,MSFT,63.535,63.87,62.82,63.408,21603600,1369841068.8
2017-06-02,MSFT,63.716,65.0,63.535,64.91,34770300,2256940173.0
2017-06-05,MSFT,65.1,65.932,64.955,65.38,33316800,2178252384.0
2017-06-06,MSFT,65.398,65.688,65.371,65.597,31511100,2067033626.7
2017-06-07,MSFT,65.706,65.823,65.082,65.48,22301800,1460321864.0
2017-06-08,MSFT,65.588,65.597,64.675,65.082,24588300,1600255740.6
2017-06-09,MSFT,65.163,65.199,62.042,63.607,49187400,3128662951.8
2017-06-12,MSFT,62.639,63.264,61.626,63.119,47761700,3014670742.3
2017-06-13,MSFT,63.336,64.06,63.282,63.906,25258600,1614176091.6
2017-06-14,MSFT,64.141,64.313,62.802,63.562,25510700,1621511113.4
2017-06-15,MSFT,62.658,63.508,62.232,63.227,26068700,1648245694.9
2017-06-16,MSFT,63.074,63.345,62.612,63.318,48345100,3061115041.8
2017-06-19,MSFT,63.77,64.168,63.634,64.105,23798300,1525590021.5
2017-06-20,MSFT,64.06,64.105,63.2,63.236,21512200,1360345479.2
2017-06-21,MSFT,63.508,63.879,63.264,63.562,19891100,1264318098.2
2017-06-22,MSFT,63.806,63.852,63.056,63.553,22965700,1459539132.1
2017-06-23,MSFT,63.399,64.449,63.245,64.412,27617300,1778885527.6
2017-06-26,MSFT,64.584,64.865,63.716,63.797,19607000,1250867779.0
2017-06-27,MSFT,63.417,63.481,62.576,62.603,25215100,1578540905.3
2017-06-28,MSFT,62.603,63.173,62.223,63.137,25806200,1629326049.4
2017-06-29,MSFT,62.757,62.857,61.59,61.952,28918700,1791571302.4
2017-06-30,MSFT,62.214,62.757,62.178,62.35,24161100,1506444585.0
2017-07-03,MSFT,62.712,62.956,61.527,61.663,16165500,996813226.5
2017-07-05,MSFT,61.744,62.811,61.708,62.486,21176300,1323222281.8
2017-07-06,MSFT,61.753,62.214,61.617,62.024,21117600,1309798022.4
2017-07-07,MSFT,62.142,63.173,62.142,62.829,16878300,1060446710.7
2017-07-10,MSFT,62.829,63.544,62.594,63.3,15014500,950417850.0
2017-07-11,MSFT,63.318,63.933,63.092,63.309,17460000,1105375140.0
2017-07-12,MSFT,63.942,64.476,63.815,64.358,17750900,1142412422.2
2017-07-13,MSFT,64.675,65.163,64.503,64.919,20269800,1315895146.2
2017-07-14,MSFT,65.344,66.276,65.091,65.832,25868100,1702948759.2
2017-07-17,MSFT,65.851,66.439,65.778,66.348,21803900,1446645157.2
2017-07-18,MSFT,66.113,66.384,65.724,66.303,26435300,1752739695.9
2017-07-19,MSFT,66.484,66.972,66.439,66.809,22416200,1497603905.8
2017-07-20,MSFT,67.099,67.207,66.285,67.135,42361000,2843905735.0
2017-07-21,MSFT,66.439,67.198,66.185,66.746,46717100,3118179556.6
2017-07-24,MSFT,66.511,66.71,66.149,66.574,21394800,1424337415.2
2017-07-25,MSFT,66.755,67.216,66.484,67.108,22018700,1477630919.6
2017-07-26,MSFT,67.244,67.28,66.764,66.981,16252200,1088588608.2
2017-07-27,MSFT,66.719,67.316,65.416,66.176,36844200,2438201779.2
2017-07-28,MSFT,65.733,66.312,65.615,66.068,18306700,1209487055.6
2017-07-31,MSFT,66.303,66.429,65.498,65.76,23600100,1551942576.0
2017-08-01,MSFT,66.122,66.411,65.57,65.652,22132300,1453029759.6
2017-08-02,MSFT,65.624,65.633,64.62,65.362,26499200,1732040710.4
2017-08-03,MSFT,65.299,65.525,64.991,65.263,18214400,1188726387.2
2017-08-04,MSFT,65.489,66.068,65.344,65.742,22579000,1484388618.0
2017-08-07,MSFT,65.851,65.941,65.362,65.489,18705700,1225017587.3
2017-08-08,MSFT,65.208,66.149,64.901,65.842,22044600,1451460553.2
2017-08-09,MSFT,65.353,65.588,65.172,65.552,22213400,1456132796.8
2017-08-10,MSFT,65.036,65.299,64.539,64.593,24734500,1597675558.5
2017-08-11,MSFT,64.774,65.76,64.476,65.579,21443700,1406256402.3
2017-08-14,MSFT,66.086,66.683,65.986,66.565,20096600,1337730179.0
2017-08-15,MSFT,66.92,66.92,66.42,66.583,19181400,1277155156.2
2017-08-16,MSFT,66.692,67.384,66.538,66.974,18150400,1215604889.6
2017-08-17,MSFT,66.911,67.174,65.838,65.838,22977500,1512792645.0
2017-08-18,MSFT,65.719,66.238,65.41,65.92,18761500,1236758080.0
2017-08-21,MSFT,65.901,65.91,65.201,65.61,17734800,1163580228.0
2017-08-22,MSFT,65.792,66.602,65.792,66.529,14343700,954272017.3
2017-08-23,MSFT,66.347,66.52,65.956,66.129,13766500,910364878.5
2017-08-24,MSFT,66.147,66.256,65.538,66.101,17098300,1130214728.3
2017-08-25,MSFT,66.256,66.702,65.91,66.22,12794300,847238546.0
2017-08-28,MSFT,66.438,66.465,65.974,66.229,14569700,964936661.3
2017-08-29,MSFT,65.701,66.529,65.519,66.429,11478400,762498633.6
2017-08-30,MSFT,66.392,67.484,66.229,67.302,16897800,1137255735.6
2017-08-31,MSFT,67.32,68.166,67.111,67.993,27652800,1880196830.4
2017-09-01,MSFT,67.938,67.966,66.965,67.238,21736200,1461498615.6
2017-09-05,MSFT,66.692,67.193,66.365,66.938,21556000,1442915528.0
2017-09-06,MSFT,67.056,67.329,66.702,66.747,16535800,1103715042.6
2017-09-07,MSFT,67.002,67.838,66.929,67.602,17471200,1181088062.4
2017-09-08,MSFT,67.593,67.693,67.147,67.274,14703800,989183441.2
2017-09-11,MSFT,67.575,68.147,67.575,67.984,17910400,1217620633.6
2017-09-12,MSFT,67.984,68.42,67.629,67.911,14394900,977572053.9
2017-09-13,MSFT,68.138,68.411,67.793,68.393,13380800,915153054.4
2017-09-14,MSFT,68.202,68.648,67.766,67.993,15733900,1069795062.7
2017-09-15,MSFT,68.047,68.557,67.356,68.484,38578400,2642003145.6
2017-09-18,MSFT,68.411,69.084,68.238,68.348,23307000,1592986836.0
2017-09-19,MSFT,68.393,68.848,68.211,68.602,16093300,1104032566.6
2017-09-20,MSFT,68.52,68.702,67.575,68.147,21587900,1471150621.3
2017-09-21,MSFT,68.302,68.42,67.393,67.484,19186100,1294754772.4
2017-09-22,MSFT,67.284,67.756,67.156,67.665,14111400,954847881.0
2017-09-25,MSFT,67.374,67.52,66.311,66.62,24149200,1608819704.0
2017-09-26,MSFT,66.993,67.12,66.374,66.62,18019600,1200465752.0
2017-09-27,MSFT,66.883,67.447,66.538,67.156,19565100,1313913855.6
2017-09-28,MSFT,66.874,67.265,66.665,67.174,10883800,731108381.2
2017-09-29,MSFT,67.238,67.784,67.184,67.738,17079100,1156904075.8
2017-10-02,MSFT,67.938,68.211,67.565,67.847,15304800,1038384765.6
2017-10-03,MSFT,67.902,68.093,67.465,67.529,12190400,823205521.6
2017-10-04,MSFT,67.374,67.947,67.029,67.92,13317700,904538184.0
2017-10-05,MSFT,68.402,69.22,68.166,69.084,21195300,1464256105.2
2017-10-06,MSFT,68.811,69.139,68.693,69.111,13959800,964775737.8
2017-10-09,MSFT,69.084,69.612,68.984,69.375,11386500,789938437.5
2017-10-10,MSFT,69.411,69.684,69.239,69.375,13944500,967399687.5
2017-10-11,MSFT,69.439,69.53,69.066,69.493,15388900,1069420827.7
2017-10-12,MSFT,69.557,70.284,69.448,70.13,16876500,1183548945.0
2017-10-13,MSFT,70.557,70.812,70.284,70.466,15335700,1080645436.2
2017-10-16,MSFT,70.403,70.757,70.339,70.612,12380100,874183621.2
2017-10-17,MSFT,70.448,70.585,70.248,70.557,16824000,1187050968.0
2017-10-18,MSFT,70.63,70.794,70.357,70.575,13300700,938696902.5
2017-10-19,MSFT,70.539,70.866,70.339,70.848,15092800,1069294694.4
2017-10-20,MSFT,71.221,71.812,71.13,71.667,22866400,1638766288.8
2017-10-23,MSFT,71.83,72.149,71.621,71.685,20627200,1478660832.0
2017-10-24,MSFT,71.749,72.021,71.348,71.712,17517200,1256193446.4
2017-10-25,MSFT,71.458,71.93,70.939,71.503,20410800,1459433432.4
2017-10-26,MSFT,72.021,72.221,71.612,71.621,32120700,2300516654.7
2017-10-27,MSFT,76.723,78.387,76.032,76.213,71066700,5416206407.1
2017-10-30,MSFT,76.113,76.686,75.577,76.286,31756700,2422591616.2
2017-10-31,MSFT,76.714,76.714,75.577,75.641,27086600,2048857510.6
2017-11-01,MSFT,76.095,76.168,75.368,75.641,22307400,1687354043.4
2017-11-02,MSFT,75.795,76.805,75.586,76.432,23992900,1833825332.8
2017-11-03,MSFT,76.459,76.877,75.841,76.514,17633500,1349209619.0
2017-11-06,MSFT,76.568,77.023,76.459,76.814,19860900,1525595172.6
2017-11-07,MSFT,77.086,77.205,76.323,76.632,17939700,1374755090.4
2017-11-08,MSFT,76.514,76.941,76.232,76.895,18034200,1386739809.0
2017-11-09,MSFT,76.486,76.632,75.386,76.468,21178400,1619469891.2
2017-11-10,MSFT,76.195,76.477,75.686,76.268,19397800,1479431410.4
2017-11-13,MSFT,76.077,76.332,75.895,76.323,14196900,1083549998.7
2017-11-14,MSFT,75.932,76.477,75.459,76.432,18801300,1437020961.6
2017-11-15,MSFT,76.285,76.487,75.573,75.838,19383100,1469975537.8
2017-11-16,MSFT,75.947,76.24,75.801,76.039,20962800,1593990349.2
2017-11-17,MSFT,75.966,75.966,75.161,75.308,22079000,1662725332.0
2017-11-20,MSFT,75.308,75.481,75.17,75.426,16315000,1230575190.0
2017-11-21,MSFT,75.618,76.624,75.618,76.514,21237500,1624966075.0
2017-11-22,MSFT,76.614,76.678,75.892,75.956,20553100,1561131263.6
2017-11-24,MSFT,75.865,76.249,75.655,76.094,7425600,565043606.4
2017-11-27,MSFT,76.139,76.752,76.13,76.651,18265200,1400045845.2
2017-11-28,MSFT,76.834,77.739,76.788,77.574,21926000,1700887524.0
2017-11-29,MSFT,77.419,77.611,76.02,76.167,27381100,2085536243.7
2017-11-30,MSFT,76.322,77.245,76.167,76.925,33054600,2542725105.0
2017-12-01,MSFT,76.404,77.51,76.057,77.008,29532100,2274207956.8
2017-12-04,MSFT,77.154,77.163,73.754,74.101,39094900,2896971184.9
2017-12-05,MSFT,74.339,75.563,74.01,74.567,26152300,1950098554.1
2017-12-06,MSFT,74.531,75.984,74.421,75.655,26162100,1979293675.5
2017-12-07,MSFT,75.436,75.673,74.942,75.39,23184500,1747879455.0
2017-12-08,MSFT,76.432,77.3,76.158,76.916,24489100,1883603615.6
2017-12-11,MSFT,77.035,78.022,76.88,77.894,22857900,1780493262.6
2017-12-12,MSFT,77.967,78.643,77.757,78.214,23924100,1871199557.4
2017-12-13,MSFT,78.36,78.598,77.839,78.004,22062700,1720978850.8
2017-12-14,MSFT,78.077,78.479,77.254,77.4,19306000,1494284400.0
2017-12-15,MSFT,77.921,79.594,77.574,79.375,53936700,4281225562.5
2017-12-18,MSFT,79.621,79.969,78.808,78.945,22283800,1759194591.0
2017-12-19,MSFT,78.918,78.918,77.931,78.442,23524800,1845332361.6
2017-12-20,MSFT,78.781,78.872,77.419,78.159,23674900,1850406509.1
2017-12-21,MSFT,78.643,78.689,78.049,78.141,17990700,1405811288.7
2017-12-22,MSFT,78.049,78.26,77.611,78.15,14145800,1105494270.0
2017-12-26,MSFT,77.967,78.168,77.711,78.049,9891200,771998268.8
2017-12-27,MSFT,78.278,78.579,77.885,78.333,14678000,1149771774.0
2017-12-28,MSFT,78.506,78.534,78.186,78.342,10594300,829978650.6
2017-12-29,MSFT,78.26,78.643,78.141,78.177,18717400,1463270179.8
2018-01-02,MSFT,78.717,78.881,78.141,78.552,22483800,1766147457.6
2018-01-03,MSFT,78.653,79.064,78.57,78.918,26061400,2056713565.2
2018-01-04,MSFT,79.137,80.115,79.119,79.612,21912000,1744458144.0
2018-01-05,MSFT,80.115,80.8,79.905,80.599,23407100,1886588852.9
2018-01-08,MSFT,80.608,80.956,80.06,80.681,22113000,1784098953.0
2018-01-09,MSFT,81.02,81.093,80.298,80.627,19484300,1570960656.1
2018-01-10,MSFT,80.298,80.599,79.886,80.261,18652200,1497044224.2
2018-01-11,MSFT,80.544,80.544,79.731,80.499,17808900,1433598641.1
2018-01-12,MSFT,81.038,82.052,80.837,81.888,24271500,1987544592.0
2018-01-16,MSFT,82.345,82.975,80.435,80.745,36599700,2955242776.5
2018-01-17,MSFT,81.413,82.509,81.111,82.381,25621200,2110700077.2
2018-01-18,MSFT,82.071,82.866,81.943,82.345,24159700,1989430496.5
2018-01-19,MSFT,82.381,82.811,81.943,82.253,36875000,3033079375.0
2018-01-22,MSFT,82.253,83.734,82.016,83.725,23601600,1976043960.0
2018-01-23,MSFT,83.99,84.355,83.661,83.99,23412800,1966441072.0
2018-01-24,MSFT,84.584,85.388,83.697,83.917,33277500,2792547967.5
2018-01-25,MSFT,84.511,85.215,84.017,84.383,26383200,2226293565.6
2018-01-26,MSFT,85.105,85.964,84.611,85.964,29172200,2507759000.8
2018-01-29,MSFT,86.951,87.234,85.653,85.836,31569900,2709833936.4
2018-01-30,MSFT,85.269,85.598,84.173,84.758,38635100,3274633805.8
2018-01-31,MSFT,85.681,87.189,85.461,86.832,48756300,4233607041.6
2018-02-01,MSFT,86.631,87.801,85.525,86.147,47227900,4068541901.3
2018-02-02,MSFT,85.58,85.882,83.624,83.88,47867800,4015151064.0
2018-02-05,MSFT,82.765,85.215,80.426,80.426,51031500,4104259419.0
2018-02-06,MSFT,79.411,83.606,77.912,83.469,67998600,5675775143.4
2018-02-07,MSFT,82.701,83.871,81.522,81.897,41107600,3366589117.2
2018-02-08,MSFT,81.988,82.144,77.464,77.693,55628700,4321960589.1
2018-02-09,MSFT,78.872,81.276,76.615,80.59,63499100,5117392469.0
2018-02-12,MSFT,81.102,82.052,80.362,81.458,35720300,2909704197.4
2018-02-13,MSFT,81.276,82.253,80.243,82.098,26407700,2168019354.6
2018-02-14,MSFT,81.272,83.549,81.18,83.384,34960900,2915179685.6
2018-02-15,MSFT,83.751,85.137,83.209,85.082,27823900,2367313059.8
2018-02-16,MSFT,84.889,85.854,84.293,84.476,30596900,2584703724.4
2018-02-20,MSFT,83.999,85.45,83.567,85.137,30911700,2631729402.9
2018-02-21,MSFT,85.376,85.725,84.008,84.008,26922500,2261705380.0
2018-02-22,MSFT,84.522,85.147,83.889,84.228,24392800,2054556758.4
2018-02-23,MSFT,85.945,86.377,84.807,86.368,26329200,2274000345.6
2018-02-26,MSFT,86.68,87.644,86.542,87.617,30199800,2646015876.6
2018-02-27,MSFT,87.91,88.002,86.496,86.496,25869100,2237573673.6
2018-02-28,MSFT,87.084,87.883,85.973,86.102,31167300,2683566864.6
2018-03-01,MSFT,86.304,86.836,84.329,85.257,37135600,3166069849.2
2018-03-02,MSFT,84.091,85.532,83.429,85.44,32830400,2805029376.0
2018-03-05,MSFT,84.788,86.561,84.715,85.982,23901600,2055107371.2
2018-03-06,MSFT,86.625,86.763,85.339,85.688,22175800,1900199950.4
2018-03-07,MSFT,85.541,86.258,84.871,86.184,26716100,2302500362.4
2018-03-08,MSFT,86.561,87.323,86.102,86.708,25887800,2244679362.4
2018-03-09,MSFT,87.497,88.645,87.231,88.645,36937300,3274306958.5
2018-03-12,MSFT,88.608,89.26,88.186,88.856,26073700,2316804687.2
2018-03-13,MSFT,89.067,89.288,86.285,86.689,35387800,3067732994.2
2018-03-14,MSFT,87.341,87.607,85.854,86.175,32132000,2768975100.0
2018-03-15,MSFT,85.881,86.845,85.238,86.478,27611000,2387744058.0
2018-03-16,MSFT,86.937,87.58,86.239,86.864,49081300,4263398043.2
2018-03-19,MSFT,86.074,86.221,84.577,85.293,33344100,2844018321.3
2018-03-20,MSFT,85.44,86.102,85.394,85.514,23075200,1973252652.8
2018-03-21,MSFT,85.33,86.359,84.669,84.917,24457100,2076823560.7
2018-03-22,MSFT,83.806,84.247,82.328,82.447,38604700,3182841700.9
2018-03-23,MSFT,82.181,83.062,79.959,80.05,44068900,3527715445.0
2018-03-26,MSFT,83.2,86.313,83.007,86.111,56396800,4856384844.8
2018-03-27,MSFT,87.176,87.359,81.272,82.153,56569000,4647313057.0
2018-03-28,MSFT,82.475,83.769,81.602,82.08,52501100,4309290288.0
2018-03-29,MSFT,82.805,84.743,81.171,83.806,45867500,3843971705.0
2018-04-02,MSFT,83.071,83.448,80.353,81.281,48515400,3943380227.4
2018-04-03,MSFT,82.254,82.686,80.702,82.374,37213800,3065449561.2
2018-04-04,MSFT,80.666,85.174,80.555,84.779,35560000,3014741240.0
2018-04-05,MSFT,84.88,85.459,83.925,84.825,29771900,2525401417.5
2018-04-06,MSFT,84.008,84.899,82.162,82.851,38026000,3150492126.0
2018-04-09,MSFT,83.595,85.551,83.209,83.347,31533900,2628255963.3
2018-04-10,MSFT,84.834,85.652,84.146,85.284,26812000,2286634608.0
2018-04-11,MSFT,84.485,85.661,83.999,84.348,24872100,2097911890.8
2018-04-12,MSFT,84.871,86.46,84.871,85.927,26758900,2299312000.3
2018-04-13,MSFT,86.359,86.478,84.88,85.468,23346100,1995344474.8
2018-04-16,MSFT,86.377,86.919,85.78,86.469,20288100,1754291718.9
2018-04-17,MSFT,87.231,88.645,87.121,88.213,26771000,2361550223.0
2018-04-18,MSFT,88.351,88.81,87.708,88.553,21043300,1863447344.9
2018-04-19,MSFT,88.553,89.132,87.543,88.25,23552500,2078508125.0
2018-04-20,MSFT,88.066,88.25,86.359,87.231,31154400,2717629466.4
2018-04-23,MSFT,87.91,88.415,86.891,87.552,22331800,1955193753.6
2018-04-24,MSFT,88.37,88.581,84.853,85.505,34524800,2952043024.0
2018-04-25,MSFT,85.67,85.67,82.897,84.761,33729300,2858929197.3
2018-04-26,MSFT,85.9,87.369,85.486,86.551,42529000,3680927479.0
2018-04-27,MSFT,89.618,89.894,86.23,87.984,48272800,4247234035.2
2018-04-30,MSFT,88.452,88.516,85.532,85.872,41523600,3565714579.2
2018-05-01,MSFT,85.587,87.497,85.202,87.231,31408900,2739829755.9
2018-05-02,MSFT,87.222,87.387,85.569,85.863,27471000,2358742473.0
2018-05-03,MSFT,85.358,87.167,84.889,86.377,31142500,2689995722.5
2018-05-04,MSFT,85.688,87.571,85.321,87.378,22531300,1968739931.4
2018-05-07,MSFT,87.387,88.801,87.323,88.351,24242000,2141804942.0
2018-05-08,MSFT,88.011,88.296,87.286,87.975,23484600,2066057685.0
2018-05-09,MSFT,88.158,89.04,87.277,89.012,27327400,2432466528.8
2018-05-10,MSFT,89.49,89.94,89.113,89.903,22388100,2012757354.3
2018-05-11,MSFT,89.802,89.866,89.104,89.71,16778300,1505181293.0
2018-05-14,MSFT,89.912,90.619,89.352,90.013,19454100,1751121903.3
2018-05-15,MSFT,89.288,89.848,88.461,89.361,24594000,2197744434.0
2018-05-16,MSFT,89.785,89.822,89.103,89.592,17384700,1557530042.4
2018-05-17,MSFT,89.232,89.951,88.374,88.697,17246700,1529730549.9
2018-05-18,MSFT,88.54,89.389,88.54,88.863,17865800,1587608585.4
2018-05-21,MSFT,89.453,90.385,89.269,90.007,19422500,1748160957.5
2018-05-22,MSFT,90.081,90.532,89.638,89.915,15441200,1388395498.0
2018-05-23,MSFT,89.186,91.049,88.826,90.984,21251200,1933519180.8
2018-05-24,MSFT,91.049,91.242,89.278,90.661,26649300,2416052187.3
2018-05-25,MSFT,90.652,91.279,90.247,90.708,18363900,1665752641.2
2018-05-29,MSFT,90.228,91.187,89.666,90.385,28671000,2591428335.0
2018-05-30,MSFT,90.662,91.528,90.293,91.252,22158500,2022007442.0
2018-05-31,MSFT,91.565,92.211,90.938,91.15,34140900,3111943035.0
2018-06-01,MSFT,91.556,93.013,91.455,92.949,28655600,2663509364.4
2018-06-04,MSFT,93.382,93.935,93.004,93.76,27281600,2557922816.0
2018-06-05,MSFT,94.064,94.369,93.631,94.24,23514400,2215997056.0
2018-06-06,MSFT,94.507,94.618,93.972,94.516,21122900,1996452016.4
2018-06-07,MSFT,94.664,94.701,92.57,93.032,28232200,2626498030.4
2018-06-08,MSFT,93.225,94.018,92.718,93.723,22165100,2077379667.3
2018-06-11,MSFT,93.151,93.686,92.838,93.188,23490900,2189069989.2
2018-06-12,MSFT,93.234,93.557,92.912,93.428,18325200,1712086785.6
2018-06-13,MSFT,93.806,94.074,92.736,93.004,29492900,2742957671.6
2018-06-14,MSFT,93.742,94.092,93.142,93.53,25691800,2402954054.0
2018-06-15,MSFT,93.613,93.631,92.285,92.34,65738600,6070302324.0
2018-06-18,MSFT,92.229,93.244,91.685,93.013,23586000,2193804618.0
2018-06-19,MSFT,91.897,93.142,91.759,93.013,28653100,2665110790.3
2018-06-20,MSFT,93.483,94.544,93.253,93.945,26180800,2459555256.0
2018-06-21,MSFT,94.138,94.489,93.032,93.271,23198200,2163719312.2
2018-06-22,MSFT,92.598,92.93,91.879,92.598,38923100,3604201213.8
2018-06-25,MSFT,92.22,92.321,89.73,90.735,35433300,3215040475.5
2018-06-26,MSFT,91.132,92.294,91.067,91.372,26897200,2457650958.4
2018-06-27,MSFT,91.833,92.238,89.822,89.951,31298400,2815322378.4
2018-06-28,MSFT,89.804,91.399,89.693,90.957,26650700,2424067719.9
2018-06-29,MSFT,91.233,92.137,90.68,90.938,28053200,2551101901.6
2018-07-02,MSFT,90.468,92.275,90.376,92.229,19564500,1804414270.5
2018-07-03,MSFT,92.663,92.801,91.242,91.344,14670300,1340043883.2
2018-07-05,MSFT,91.759,92.146,91.325,91.999,18977400,1745901822.6
2018-07-06,MSFT,92.119,93.539,91.916,93.29,19234600,1794395834.0
2018-07-09,MSFT,93.742,94.295,93.373,93.926,18212000,1710580312.0
2018-07-10,MSFT,94.064,94.535,93.935,94.175,19293100,1816927692.5
2018-07-11,MSFT,93.281,94.378,93.234,94.046,19644600,1847496051.6
2018-07-12,MSFT,94.775,96.287,94.738,96.084,24335900,2338290615.6
2018-07-13,MSFT,96.25,97.384,95.992,97.228,24635200,2395231225.6
2018-07-16,MSFT,97.2,97.587,96.388,96.748,21786900,2107839001.2
2018-07-17,MSFT,96.471,98.214,96.204,97.707,25901700,2530777401.9
2018-07-18,MSFT,97.698,97.799,96.573,96.942,29493900,2859197653.8
2018-07-19,MSFT,96.766,97.117,95.807,96.278,40171600,3867641304.8
2018-07-20,MSFT,99.671,99.782,97.827,98.002,56004000,5488504008.0
2018-07-23,MSFT,98.03,99.727,97.873,99.57,29707000,2957925990.0
2018-07-24,MSFT,100.123,100.354,98.915,99.284,26316600,2612817314.4
2018-07-25,MSFT,99.561,102.503,99.229,102.207,30702100,3137969534.7
2018-07-26,MSFT,102.124,102.364,100.981,101.092,31372100,3171468333.2
2018-07-27,MSFT,101.608,101.608,97.882,99.303,37005300,3674737305.9
2018-07-30,MSFT,98.851,99.164,96.61,97.172,34668300,3368788047.6
2018-07-31,MSFT,98.205,98.417,97.181,97.827,27655200,2705425250.4
2018-08-01,MSFT,97.781,98.168,97.218,98.011,23628700,2315872515.7
2018-08-02,MSFT,97.2,99.681,96.683,99.201,26104300,2589572664.3
2018-08-03,MSFT,99.413,99.644,98.509,99.634,18659600,1859130586.4
2018-08-06,MSFT,99.708,99.985,99.192,99.718,20265900,2020875016.2
2018-08-07,MSFT,100.114,100.612,99.754,100.409,16080200,1614596801.8
2018-08-08,MSFT,100.824,101.211,100.299,100.972,15487500,1563803850.0
2018-08-09,MSFT,101.175,101.59,101.073,101.138,13677200,1383284653.6
2018-08-10,MSFT,100.907,101.156,99.948,100.52,18183700,1827825524.0
2018-08-13,MSFT,100.741,101.055,99.69,99.791,18472500,1843389247.5
2018-08-14,MSFT,100.114,101.211,99.635,101.036,16788300,1696222678.8
2018-08-15,MSFT,100.434,100.897,98.888,99.666,29982800,2988265744.8
2018-08-16,MSFT,100.259,100.777,99.333,99.648,21384300,2130902726.4
2018-08-17,MSFT,99.388,99.888,98.768,99.592,18061500,1798780908.0
2018-08-20,MSFT,99.527,99.888,98.574,98.935,17914200,1772341377.0
2018-08-21,MSFT,98.981,99.379,97.991,98.111,22881900,2244966090.9
2018-08-22,MSFT,97.991,99.37,97.926,99.111,18000600,1784057466.6
2018-08-23,MSFT,99.194,100.148,98.935,99.574,18167700,1809030559.8
2018-08-24,MSFT,99.675,100.499,99.574,100.351,17234000,1729449134.0
2018-08-27,MSFT,101.157,101.499,100.453,101.462,19662300,1994976282.6
2018-08-28,MSFT,101.777,102.295,101.638,102.073,19151500,1954851059.5
2018-08-29,MSFT,102.249,103.712,102.082,103.702,20818000,2158868236.0
2018-08-30,MSFT,103.378,104.249,103.165,103.638,22798700,2362811670.6
2018-08-31,MSFT,103.397,104.406,103.24,103.989,23222700,2414905350.3
2018-09-04,MSFT,102.619,103.647,102.036,103.415,22634600,2340757159.0
2018-09-05,MSFT,102.767,103.147,100.073,100.435,32872400,3301539494.0
2018-09-06,MSFT,100.212,100.897,99.527,100.666,23477600,2363396081.6
2018-09-07,MSFT,100.194,100.647,99.268,100.175,22498600,2253797255.0
2018-09-10,MSFT,100.759,101.499,100.314,101.258,20727900,2098865698.2
2018-09-11,MSFT,100.814,103.304,100.805,102.98,24301800,2502599364.0
2018-09-12,MSFT,103.156,103.545,102.305,103.415,18891100,1953623106.5
2018-09-13,MSFT,103.795,105.285,103.795,104.526,26055600,2723487645.6
2018-09-14,MSFT,104.943,105.285,104.091,104.952,19122300,2006923629.6
2018-09-17,MSFT,105.248,105.258,103.554,103.814,20736500,2152739011.0
2018-09-18,MSFT,103.86,105.258,103.425,104.804,22170900,2323599003.6
2018-09-19,MSFT,104.656,104.906,102.795,103.406,21728400,2246846930.4
2018-09-20,MSFT,103.943,105.35,103.619,105.137,23714500,2493271386.5
2018-09-21,MSFT,105.535,106.73,105.082,105.776,71229700,7534392747.2
2018-09-24,MSFT,104.637,106.369,103.888,106.156,27334500,2901721182.0
2018-09-25,MSFT,106.276,106.554,105.304,105.952,22668000,2401719936.0
2018-09-26,MSFT,105.97,106.517,105.295,105.517,19352000,2041964984.0
2018-09-27,MSFT,106.257,106.378,105.721,105.915,19091300,2022055039.5
2018-09-28,MSFT,105.711,106.063,105.239,105.878,21647800,2292025768.4
2018-10-01,MSFT,106.23,107.091,106.211,107.026,18883100,2020982660.6
2018-10-02,MSFT,106.739,107.239,105.943,106.6,20787200,2215915520.0
2018-10-03,MSFT,106.85,107.554,106.396,106.619,16648000,1774993112.0
2018-10-04,MSFT,106.1,106.239,103.341,104.415,34821700,3635907805.5
2018-10-05,MSFT,104.267,104.767,102.425,103.804,29068900,3017468095.6
2018-10-08,MSFT,103.369,103.712,101.221,102.619,29640600,3041688731.4
2018-10-09,MSFT,102.888,104.684,102.573,103.925,26198600,2722689505.0
2018-10-10,MSFT,102.98,103.221,97.935,98.278,61376300,6031940011.4
2018-10-11,MSFT,97.528,100.842,96.463,98.046,63904300,6265560997.8
2018-10-12,MSFT,100.916,102.98,99.166,101.434,47742100,4842672171.4
2018-10-15,MSFT,100.823,101.351,99.009,99.611,32068100,3194335509.1
2018-10-16,MSFT,101.407,103.138,100.86,102.758,31610200,3248200931.6
2018-10-17,MSFT,103.388,103.508,101.416,102.49,26548200,2720925018.0
2018-10-18,MSFT,101.925,102.323,99.824,100.444,32506200,3265052752.8
2018-10-19,MSFT,100.842,102.629,100.175,100.592,32785500,3297959016.0
2018-10-22,MSFT,101.203,102.332,100.203,101.49,26545600,2694112944.0
2018-10-23,MSFT,99.768,100.879,97.305,100.073,43770400,4380235239.2
2018-10-24,MSFT,100.36,100.435,94.047,94.723,63897800,6052591309.4
2018-10-25,MSFT,98.639,101.157,98.268,100.259,61646800,6180646521.2
2018-10-26,MSFT,97.842,100.675,96.981,99.018,55523100,5497786315.8
2018-10-29,MSFT,100.083,100.629,94.084,96.139,55162000,5303219518.0
2018-10-30,MSFT,95.963,96.63,92.677,96.028,65350900,6275516225.2
2018-10-31,MSFT,97.611,100.11,97.565,98.879,51062400,5048999049.6
2018-11-01,MSFT,99.101,99.351,97.694,98.055,33384200,3273487731.0
2018-11-02,MSFT,98.574,99.351,97.185,98.278,37680200,3703134695.6
2018-11-05,MSFT,98.472,99.74,98.037,99.527,27922100,2779002846.7
2018-11-06,MSFT,99.407,100.759,98.389,99.722,24340200,2427253424.4
2018-11-07,MSFT,101.314,103.906,101.277,103.647,37901700,3928397499.9
2018-11-08,MSFT,103.499,103.878,102.675,103.452,25644100,2652933433.2
2018-11-09,MSFT,102.619,103.175,100.684,101.434,32039200,3249864212.8
2018-11-12,MSFT,101.295,101.795,98.222,98.935,33621800,3326372783.0
2018-11-13,MSFT,99.564,100.666,98.722,99.0,35374600,3502085400.0
2018-11-14,MSFT,100.506,100.655,97.131,97.596,39495100,3854563779.6
2018-11-15,MSFT,97.614,100.227,96.61,99.743,38505200,3840624163.6
2018-11-16,MSFT,99.557,101.231,99.297,100.682,33502100,3373058432.2
2018-11-19,MSFT,100.664,100.933,96.275,97.27,44773900,4355157253.0
2018-11-20,MSFT,94.648,95.736,92.37,94.565,64052500,6057124662.5
2018-11-21,MSFT,96.322,97.094,95.057,95.866,28130600,2696768099.6
2018-11-23,MSFT,94.992,96.517,94.834,95.829,13823100,1324653849.9
2018-11-26,MSFT,97.428,99.139,97.233,98.99,32336200,3200960438.0
2018-11-27,MSFT,98.804,99.79,97.958,99.613,29124500,2901178818.5
2018-11-28,MSFT,100.311,103.509,100.283,103.314,46788500,4833907089.0
2018-11-29,MSFT,102.579,103.314,101.37,102.449,28123200,2881193716.8
2018-11-30,MSFT,102.923,103.174,101.677,103.1,33665600,3470923360.0
2018-12-03,MSFT,105.062,105.452,102.951,104.215,34732800,3619678752.0
2018-12-04,MSFT,104.076,104.727,100.608,100.896,45197000,4560196512.0
2018-12-06,MSFT,98.386,101.566,97.624,101.519,49107400,4985334140.6
2018-12-07,MSFT,100.766,101.761,96.973,97.456,45044900,4389895774.4
2018-12-10,MSFT,97.438,100.394,96.592,100.032,40801500,4081455648.0
2018-12-11,MSFT,102.086,103.156,99.892,100.961,42381900,4278919005.9
2018-12-12,MSFT,103.1,103.453,101.38,101.417,36183000,3669571311.0
2018-12-13,MSFT,101.882,103.081,100.999,101.761,31333400,3188518117.4
2018-12-14,MSFT,100.645,101.584,98.088,98.581,47043100,4637555841.1
2018-12-17,MSFT,98.005,98.367,94.565,95.662,56957300,5448649232.6
2018-12-18,MSFT,96.461,97.168,95.318,96.666,49319200,4767489787.2
2018-12-19,MSFT,96.368,99.372,94.23,96.406,68198200,6574715669.2
2018-12-20,MSFT,95.811,96.982,91.841,94.379,70334200,6638071461.8
2018-12-21,MSFT,94.49,95.764,90.613,91.329,111242100,10159629750.9
2018-12-24,MSFT,90.818,91.087,87.378,87.517,43935200,3845076898.4
2018-12-26,MSFT,88.456,93.616,87.359,93.495,51634800,4827595626.0
2018-12-27,MSFT,92.324,94.081,89.628,94.072,49498500,4656422892.0
2018-12-28,MSFT,94.918,95.216,92.529,93.337,38196300,3565128053.1
2018-12-31,MSFT,94.174,95.206,93.384,94.435,33173800,3132767803.0
2019-01-02,MSFT,92.556,94.602,91.989,94.016,35329300,3321519468.8
2019-01-03,MSFT,93.068,93.151,90.372,90.557,42579100,3855835558.7
2019-01-04,MSFT,92.715,95.309,91.98,94.769,44060600,4175579001.4
2019-01-07,MSFT,94.5,96.015,93.886,94.89,35656100,3383407329.0
2019-01-08,MSFT,95.801,96.666,94.565,95.578,31514400,3012083323.2
2019-01-09,MSFT,96.564,97.512,95.987,96.945,32280800,3129462156.0
2019-01-10,MSFT,95.969,96.461,95.188,96.322,30067600,2896171367.2
2019-01-11,MSFT,95.941,96.173,94.5,95.578,28314200,2706214607.6
2019-01-14,MSFT,94.741,95.643,94.146,94.881,28437100,2698140485.1
2019-01-15,MSFT,95.309,97.67,94.723,97.633,31587600,3083992150.8
2019-01-16,MSFT,97.865,98.795,97.586,97.977,29853900,2924995560.3
2019-01-17,MSFT,97.624,99.139,97.4,98.665,28393000,2801395345.0
2019-01-18,MSFT,99.911,100.32,98.47,100.143,37427600,3748112146.8
2019-01-22,MSFT,99.251,99.576,97.493,98.256,32371300,3180674452.8
2019-01-23,MSFT,98.665,99.52,97.94,99.213,25874300,2567066925.9
2019-01-24,MSFT,99.353,99.483,97.94,98.739,23164800,2287269187.2
2019-01-25,MSFT,99.706,100.301,98.739,99.641,31225600,3111350009.6
2019-01-28,MSFT,98.795,99.0,97.307,97.698,29476700,2879814636.6
2019-01-29,MSFT,97.512,97.596,94.992,95.708,31490500,3013892774.0
2019-01-30,MSFT,97.27,98.907,97.001,98.907,49471900,4893117213.3
2019-01-31,MSFT,96.508,97.828,95.931,97.094,55636400,5401960621.6
2019-02-01,MSFT,96.489,96.787,95.16,95.56,35535700,3395791492.0
2019-02-04,MSFT,95.643,98.367,95.55,98.312,31315100,3078650111.2
2019-02-05,MSFT,98.609,99.734,98.516,99.688,27325400,2724014475.2
2019-02-06,MSFT,99.483,99.483,98.116,98.581,20609800,2031734693.8
2019-02-07,MSFT,97.8,98.172,96.963,97.875,29760700,2912828512.5
2019-02-08,MSFT,97.056,98.349,96.936,98.247,21461100,2108488691.7
2019-02-11,MSFT,98.739,99.093,97.596,97.856,18914100,1850858169.6
2019-02-12,MSFT,98.683,99.613,98.07,99.381,25056600,2490149964.6
2019-02-13,MSFT,99.948,100.208,99.213,99.306,18394900,1826723939.4
2019-02-14,MSFT,98.842,99.753,98.237,99.39,21784700,2165181333.0
2019-02-15,MSFT,100.329,100.692,99.818,100.617,26606900,2677106457.3
2019-02-19,MSFT,100.218,101.026,100.208,100.571,18038500,1814149983.5
2019-02-20,MSFT,100.711,100.786,99.245,100.048,21607700,2161807169.6
2019-02-21,MSFT,99.815,102.224,99.787,102.158,29063200,2969038385.6
2019-02-22,MSFT,102.756,103.83,102.541,103.615,27763200,2876683968.0
2019-02-25,MSFT,104.352,104.745,103.886,104.194,23750600,2474670016.4
2019-02-26,MSFT,103.886,105.734,103.802,104.913,21536700,2259479807.1
2019-02-27,MSFT,104.287,104.913,103.531,104.735,21487100,2250451418.5
2019-02-28,MSFT,104.614,105.398,104.324,104.605,29083900,3042321359.5
2019-03-01,MSFT,105.408,105.529,104.268,105.071,23501200,2469294585.2
2019-03-04,MSFT,105.529,105.744,103.456,104.819,26608000,2789023952.0
2019-03-05,MSFT,104.81,104.941,103.858,104.296,19538300,2037766536.8
2019-03-06,MSFT,104.455,105.193,104.044,104.343,17687000,1845514641.0
2019-03-07,MSFT,104.016,104.156,102.588,103.073,25339000,2611766747.0
2019-03-08,MSFT,101.925,103.372,101.589,103.185,22818400,2354516604.0
2019-03-11,MSFT,103.633,105.464,103.624,105.352,26491600,2790943043.2
2019-03-12,MSFT,105.342,106.435,105.183,106.089,26132700,2772392010.3
2019-03-13,MSFT,106.565,107.378,106.239,106.911,35513800,3796815871.8
2019-03-14,MSFT,106.948,107.564,106.752,106.995,30763400,3291529983.0
2019-03-15,MSFT,107.695,109.479,106.995,108.227,54681100,5917971409.7
2019-03-18,MSFT,108.47,109.815,108.358,109.777,31207600,3425876705.2
2019-03-19,MSFT,110.263,110.59,109.236,109.852,37588700,4129193872.4
2019-03-20,MSFT,109.609,110.879,108.974,109.731,28113300,3084900522.3
2019-03-21,MSFT,109.376,112.812,109.329,112.252,29854400,3351216108.8
2019-03-22,MSFT,111.579,111.663,109.282,109.292,33624500,3674888854.0
2019-03-25,MSFT,108.834,110.188,108.61,109.861,27067100,2973618673.1
2019-03-26,MSFT,110.758,110.842,109.105,110.095,26097700,2873226281.5
2019-03-27,MSFT,110.067,110.375,107.863,109.03,22733400,2478622602.0
2019-03-28,MSFT,109.656,109.787,108.433,109.18,18334800,2001793464.0
2019-03-29,MSFT,110.244,110.478,109.208,110.123,25399800,2797102175.4
2019-04-01,MSFT,111.066,111.215,110.272,111.131,22789100,2532575472.1
2019-04-02,MSFT,111.169,111.561,110.664,111.29,18142300,2019056567.0
2019-04-03,MSFT,111.916,112.448,111.253,112.018,22860700,2560809892.6
2019-04-04,MSFT,112.14,112.261,110.534,111.449,20112800,2241551447.2
2019-04-05,MSFT,111.477,112.261,111.458,111.944,15826200,1771648132.8
2019-04-08,MSFT,111.869,112.065,110.776,111.981,15116200,1692727192.2
2019-04-09,MSFT,110.767,111.617,110.72,111.374,17612000,1961518888.0
2019-04-10,MSFT,111.822,112.373,111.617,112.224,16477200,1849137292.8
2019-04-11,MSFT,112.55,112.84,111.972,112.354,14209100,1596449221.4
2019-04-12,MSFT,112.644,112.961,112.392,112.933,19745100,2229873378.3
2019-04-15,MSFT,112.924,113.522,112.579,113.027,15792600,1784990200.2
2019-04-16,MSFT,113.578,113.587,112.14,112.765,14071800,1586806527.0
2019-04-17,MSFT,113.204,113.774,112.55,113.699,19300900,2194493029.1
2019-04-18,MSFT,114.091,115.333,113.26,115.193,27991000,3224367263.0
2019-04-22,MSFT,114.493,115.781,114.446,115.557,15648700,1808316825.9
2019-04-23,MSFT,115.875,117.256,115.622,117.126,24025500,2814010713.0
2019-04-24,MSFT,117.453,117.509,116.267,116.724,31257000,3648442068.0
2019-04-25,MSFT,121.439,122.663,120.291,120.59,38033900,4586508001.0
2019-04-26,MSFT,121.103,121.869,120.468,121.281,23654900,2868889926.9
2019-04-29,MSFT,121.29,121.552,120.777,121.169,16324200,1977986989.8
2019-04-30,MSFT,121.206,122.037,120.814,121.944,24166500,2946959676.0
2019-05-01,MSFT,121.878,121.99,119.236,119.404,26821700,3202618266.8
2019-05-02,MSFT,119.497,119.516,117.2,117.845,27350200,3223084319.0
2019-05-03,MSFT,118.918,120.851,118.816,120.356,24911100,2998200351.6
2019-05-06,MSFT,118.013,120.039,117.751,119.656,24239800,2900437508.8
2019-05-07,MSFT,118.078,118.75,115.987,117.2,36017700,4221274440.0
2019-05-08,MSFT,117.126,117.994,116.481,117.191,28419000,3330451029.0
2019-05-09,MSFT,116.052,117.453,115.38,117.182,27235800,3191545515.6
2019-05-10,MSFT,116.631,119.451,115.613,118.704,30915100,3669746030.4
2019-05-13,MSFT,115.884,117.228,114.885,115.174,33944900,3909569912.6
2019-05-14,MSFT,115.66,117.537,115.501,116.463,25266300,2942589096.9
2019-05-15,MSFT,116.453,118.749,115.929,118.103,24722700,2919825038.1
2019-05-16,MSFT,118.787,121.252,118.515,120.83,30112200,3638457126.0
2019-05-17,MSFT,120.249,122.264,119.883,120.024,25770500,3093078492.0
2019-05-20,MSFT,118.571,119.574,117.859,118.29,23706900,2804289201.0
2019-05-21,MSFT,119.424,119.518,118.628,118.928,15293300,1818801582.4
2019-05-22,MSFT,118.665,120.183,118.571,119.649,15396500,1842175828.5
2019-05-23,MSFT,118.272,118.356,116.903,118.253,23603800,2791220161.4
2019-05-24,MSFT,118.937,119.415,118.056,118.309,14123400,1670925330.6
2019-05-28,MSFT,119.003,119.958,118.131,118.234,23128400,2734563245.6
2019-05-29,MSFT,117.503,117.512,116.247,117.091,22763100,2665354142.1
2019-05-30,MSFT,117.391,117.859,116.941,117.831,16829600,1983048597.6
2019-05-31,MSFT,116.425,116.791,115.572,115.91,26646800,3088630588.0
2019-06-03,MSFT,116.069,116.556,111.533,112.311,37983600,4265976099.6
2019-06-04,MSFT,113.661,115.535,113.07,115.423,29382600,3391427839.8
2019-06-05,MSFT,117.1,117.962,116.407,117.925,24926100,2939410342.5
2019-06-06,MSFT,118.496,119.93,117.709,119.79,21459000,2570573610.0
2019-06-07,MSFT,121.074,123.941,120.202,123.145,33885600,4172842212.0
2019-06-10,MSFT,124.082,125.656,123.707,124.269,26477100,3290282739.9
2019-06-11,MSFT,125.469,125.806,123.032,123.801,23913700,2960539973.7
2019-06-12,MSFT,123.145,123.679,122.498,123.229,17092500,2106291682.5
2019-06-13,MSFT,123.688,124.644,123.295,124.007,17200800,2133019605.6
2019-06-14,MSFT,123.951,125.385,123.37,124.129,17821700,2212189799.3
2019-06-17,MSFT,124.298,125.328,124.204,124.504,14517800,1807524171.2
2019-06-18,MSFT,125.76,126.744,125.179,126.669,25934500,3285097180.5
2019-06-19,MSFT,126.519,127.39,125.403,127.165,23744400,3019456626.0
2019-06-20,MSFT,128.815,129.012,127.193,128.346,33042600,4240885539.6
2019-06-21,MSFT,127.999,129.077,127.887,128.365,36727900,4714576883.5
2019-06-24,MSFT,128.393,129.705,128.393,129.124,20628800,2663673171.2
2019-06-25,MSFT,128.627,128.946,124.391,125.047,33327400,4167491387.8
2019-06-26,MSFT,125.91,127.212,125.207,125.516,23657700,2969419873.2
2019-06-27,MSFT,125.713,126.247,125.122,125.722,16557500,2081642015.0
2019-06-28,MSFT,126.116,126.144,124.794,125.544,30043000,3771718392.0
2019-07-01,MSFT,128.046,128.112,126.491,127.156,22613500,2875442206.0
2019-07-02,MSFT,127.568,128.009,126.837,127.999,15237800,1950423162.2
2019-07-03,MSFT,128.206,129.087,127.728,128.824,13629300,1755780943.2
2019-07-05,MSFT,127.4,128.702,127.193,128.449,18141100,2330206153.9
2019-07-08,MSFT,127.831,128.487,126.865,128.356,16779700,2153775173.2
2019-07-09,MSFT,127.456,128.365,127.268,127.887,19953100,2551742099.7
2019-07-10,MSFT,128.515,129.874,128.412,129.19,24204400,3126966436.0
2019-07-11,MSFT,129.518,130.474,129.208,129.705,22327900,2896040269.5
2019-07-12,MSFT,130.127,130.389,129.34,130.174,18936800,2465079003.2
2019-07-15,MSFT,130.68,130.773,129.761,130.174,16651500,2167592361.0
2019-07-16,MSFT,130.23,130.314,127.943,128.468,22726100,2919576614.8
2019-07-17,MSFT,129.049,129.265,127.662,127.709,20211000,2581126599.0
2019-07-18,MSFT,127.034,128.037,126.209,127.849,30381800,3884282748.2
2019-07-19,MSFT,131.411,131.832,127.878,128.037,48992400,6272839918.8
2019-07-22,MSFT,128.777,130.445,128.702,129.733,25074900,3253042001.7
2019-07-23,MSFT,130.98,131.195,129.358,130.539,18034600,2354218649.4
2019-07-24,MSFT,130.174,131.898,130.127,131.879,20738300,2734946265.7
2019-07-25,MSFT,131.608,131.776,130.567,131.383,18356900,2411784592.7
2019-07-26,MSFT,131.551,132.779,131.486,132.46,19037600,2521720496.0
2019-07-29,MSFT,132.61,132.62,130.614,132.17,16605900,2194801803.0
2019-07-30,MSFT,131.336,132.348,131.017,131.533,16846500,2215870684.5
2019-07-31,MSFT,131.514,131.664,126.594,127.709,38598800,4929414149.2
2019-08-01,MSFT,128.393,132.085,128.327,129.386,40557500,5247572695.0
2019-08-02,MSFT,129.415,129.63,126.762,128.299,30791600,3950531488.4
2019-08-05,MSFT,124.925,125.516,122.564,123.904,42749600,5296846438.4
2019-08-06,MSFT,125.394,127.156,124.841,126.228,32696700,4127239047.6
2019-08-07,MSFT,125.385,127.128,123.548,126.781,33414500,4236323724.5
2019-08-08,MSFT,128.018,130.258,127.39,130.164,27496500,3579054426.0
2019-08-09,MSFT,129.902,130.624,127.887,129.058,23466700,3028565368.6
2019-08-12,MSFT,128.459,129.199,126.744,127.259,20484300,2606811533.7
2019-08-13,MSFT,127.503,130.08,126.519,129.893,25154600,3267406457.8
2019-08-14,MSFT,128.219,128.745,125.689,125.981,32527300,4097821781.3
2019-08-15,MSFT,126.366,126.545,124.354,125.699,28074400,3528924005.6
2019-08-16,MSFT,126.827,128.313,126.677,128.003,24449100,3129558147.3
2019-08-19,MSFT,129.62,130.278,128.717,130.146,24355700,3169796932.2
2019-08-20,MSFT,129.958,130.429,129.046,129.065,21170800,2732409302.0
2019-08-21,MSFT,130.278,131.162,129.761,130.504,14970300,1953684031.2
2019-08-22,MSFT,130.381,130.889,128.153,129.554,18697000,2422271138.0
2019-08-23,MSFT,128.999,130.09,124.871,125.426,38508600,4829979663.6
2019-08-26,MSFT,126.931,127.467,125.906,127.363,20312600,2587073673.8
2019-08-27,MSFT,128.247,128.557,126.62,127.636,23102100,2948659635.6
2019-08-28,MSFT,126.827,127.655,125.577,127.467,17393300,2217071771.1
2019-08-29,MSFT,129.056,130.175,128.736,129.874,20168700,2619389743.8
2019-08-30,MSFT,130.842,130.87,128.134,129.629,23940100,3103331222.9
2019-09-03,MSFT,128.454,129.009,127.598,127.918,18869300,2413723117.4
2019-09-04,MSFT,129.103,129.469,128.332,129.413,17995900,2328903406.7
2019-09-05,MSFT,130.805,131.999,130.475,131.688,26101800,3437293838.4
2019-09-06,MSFT,131.67,131.811,129.949,130.795,20824500,2723740477.5
2019-09-09,MSFT,131.256,131.406,128.313,129.31,25773900,3332823009.0
2019-09-10,MSFT,128.632,128.717,126.479,127.955,28903400,3698334547.0
2019-09-11,MSFT,127.796,128.134,127.025,127.993,24726100,3164767717.3
2019-09-12,MSFT,129.62,130.156,128.698,129.31,27010000,3492663100.0
2019-09-13,MSFT,129.554,129.817,128.416,129.121,23363100,3016666835.1
2019-09-16,MSFT,127.72,128.538,127.561,128.191,16731400,2144814897.4
2019-09-17,MSFT,128.783,129.31,128.285,129.187,17814200,2301363055.4
2019-09-18,MSFT,129.159,130.391,128.379,130.25,23982100,3123668525.0
2019-09-19,MSFT,131.924,133.87,131.707,132.648,35772100,4745097520.8
2019-09-20,MSFT,132.591,133.193,129.996,131.115,39167300,5135420539.5
2019-09-23,MSFT,130.917,131.294,130.175,130.833,17139300,2242386036.9
2019-09-24,MSFT,131.98,132.29,128.708,129.178,29773200,3846042429.6
2019-09-25,MSFT,129.291,131.604,127.908,131.04,21382000,2801897280.0
2019-09-26,MSFT,131.115,131.811,130.175,131.209,17456600,2290463029.4
2019-09-27,MSFT,131.782,131.98,128.491,129.507,22477700,2911019493.9
2019-09-30,MSFT,129.808,130.908,129.554,130.729,17280900,2259114776.1
2019-10-01,MSFT,131.322,131.877,128.821,128.886,21466600,2766744207.6
2019-10-02,MSFT,128.115,128.228,125.605,126.611,30521700,3864382958.7
2019-10-03,MSFT,126.893,128.585,125.266,128.144,24132900,3092486337.6
2019-10-04,MSFT,128.585,129.996,128.275,129.874,22897700,2973815889.8
2019-10-07,MSFT,128.952,129.93,128.839,128.933,15303700,1973151952.1
2019-10-08,MSFT,128.896,129.535,127.523,127.57,25550500,3259477285.0
2019-10-09,MSFT,129.253,130.419,128.792,129.987,19749900,2567230251.3
2019-10-10,MSFT,130.222,131.331,129.996,130.795,17654600,2309133407.0
2019-10-11,MSFT,131.754,132.61,131.171,131.341,25446000,3342103086.0
2019-10-14,MSFT,131.35,131.914,131.19,131.218,13304300,1745763637.4
2019-10-15,MSFT,131.698,133.325,131.463,133.118,19695700,2621852192.6
2019-10-16,MSFT,132.384,132.572,131.199,132.027,20751600,2739771493.2
2019-10-17,MSFT,132.535,132.977,130.72,131.35,21460600,2818849810.0
2019-10-18,MSFT,131.416,131.641,128.407,129.206,32273500,4169929841.0
2019-10-21,MSFT,130.184,130.231,128.83,130.165,20078200,2613478903.0
2019-10-22,MSFT,130.673,131.651,128.125,128.228,27431000,3517422268.0
2019-10-23,MSFT,128.708,129.244,127.514,129.046,29844600,3851326251.6
2019-10-24,MSFT,131.068,132.036,130.391,131.585,37029300,4872500440.5
2019-10-25,MSFT,131.021,132.713,130.889,132.328,25959700,3435195181.6
2019-10-28,MSFT,135.779,136.973,134.942,135.581,35280100,4783311238.1
2019-10-29,MSFT,135.478,135.873,134.133,134.302,20589500,2765211029.0
2019-10-30,MSFT,134.951,136.343,134.265,135.976,18496600,2515093681.6
2019-10-31,MSFT,136.249,136.277,134.453,134.81,24605100,3317013531.0
2019-11-01,MSFT,135.647,135.798,134.434,135.139,33128400,4476938847.6
2019-11-04,MSFT,136.183,136.343,135.553,135.92,16912000,2298679040.0
2019-11-05,MSFT,136.315,136.362,135.318,135.835,18250200,2479015917.0
2019-11-06,MSFT,135.751,135.892,134.65,135.459,16575800,2245341292.2
2019-11-07,MSFT,135.252,136.23,135.186,135.647,17786700,2412712494.9
2019-11-08,MSFT,135.384,137.274,135.177,137.246,16732700,2296496144.2
2019-11-11,MSFT,136.663,137.678,136.089,137.387,14362600,1973234526.2
2019-11-12,MSFT,137.547,138.76,137.34,138.289,18641600,2577928222.4
2019-11-13,MSFT,137.979,138.656,137.546,138.515,16919200,2343562988.0
2019-11-14,MSFT,138.242,139.549,138.223,139.22,19729800,2746782756.0
2019-11-15,MSFT,140.038,141.035,139.418,141.016,23485700,3311859471.2
2019-11-18,MSFT,141.11,141.562,140.085,141.364,21534000,3044132376.0
2019-11-19,MSFT,141.872,142.295,141.232,141.411,23935700,3384771272.7
2019-11-20,MSFT,141.817,142.317,140.071,141.166,25696800,3627514468.8
2019-11-21,MSFT,140.958,141.336,140.109,141.034,18576100,2619861687.4
2019-11-22,MSFT,141.59,141.807,140.411,141.137,15901800,2244332346.6
2019-11-25,MSFT,141.524,142.798,141.449,142.685,22420900,3199126116.5
2019-11-26,MSFT,142.808,143.808,142.77,143.44,24620100,3531507144.0
2019-11-27,MSFT,143.723,143.883,142.958,143.713,15184400,2182195677.2
2019-11-29,MSFT,143.506,143.694,142.732,142.826,11977300,1710669849.8
2019-12-02,MSFT,143.232,143.251,139.939,141.1,27418400,3868736240.0
2019-12-03,MSFT,139.156,140.987,138.364,140.873,24066000,3390249618.0
2019-12-04,MSFT,141.656,141.694,140.77,141.383,17574700,2484763810.1
2019-12-05,MSFT,141.572,141.826,141.034,141.458,17869100,2527727147.8
2019-12-06,MSFT,142.458,143.289,141.779,143.175,16403500,2348571112.5
2019-12-09,MSFT,142.534,143.609,142.383,142.807,16687400,2383077531.8
2019-12-10,MSFT,142.741,143.308,142.241,142.591,16476100,2349343575.1
2019-12-11,MSFT,142.977,143.289,141.836,143.128,18856600,2698907444.8
2019-12-12,MSFT,143.081,144.77,142.487,144.581,24612100,3558442030.1
2019-12-13,MSFT,144.355,146.138,144.194,145.798,23845400,3476611629.2
2019-12-16,MSFT,146.346,147.091,146.072,146.742,24144200,3542968196.4
2019-12-17,MSFT,146.666,146.912,145.723,145.949,25425600,3710840894.4
2019-12-18,MSFT,145.581,146.695,145.468,145.647,24129200,3514345592.4
2019-12-19,MSFT,145.298,146.968,145.062,146.912,24958900,3666761916.8
2019-12-20,MSFT,148.459,149.535,147.459,148.516,53477500,7942264390.0
2019-12-23,MSFT,149.186,149.186,148.384,148.516,17718200,2631436191.2
2019-12-24,MSFT,148.582,148.799,148.242,148.487,8989200,1334779340.4
2019-12-26,MSFT,148.657,149.761,148.506,149.704,14520600,2173791902.4
2019-12-27,MSFT,150.44,150.535,149.28,149.978,18412800,2761514918.4
2019-12-30,MSFT,150.006,150.035,147.874,148.685,16348400,2430761854.0
2019-12-31,MSFT,147.912,148.855,147.61,148.789,18369400,2733164656.6
2020-01-02,MSFT,149.808,151.648,149.384,151.544,22622100,3428243522.4
2020-01-03,MSFT,149.374,150.912,149.129,149.657,21116200,3160187143.4
2020-01-06,MSFT,148.204,150.11,147.666,150.044,20813700,3122970802.8
2020-01-07,MSFT,150.318,150.648,148.431,148.676,21634100,3216471451.6
2020-01-08,MSFT,149.95,151.714,149.025,151.044,27746500,4190942346.0
2020-01-09,MSFT,152.695,153.054,151.931,152.931,21385000,3270429435.0
2020-01-10,MSFT,153.62,153.997,152.073,152.224,20725900,3154979401.6
2020-01-13,MSFT,152.62,154.082,152.148,154.054,21626500,3331648831.0
2020-01-14,MSFT,154.158,154.356,152.582,152.969,23477400,3591314400.6
2020-01-15,MSFT,153.431,154.677,153.384,153.96,21417900,3297499884.0
2020-01-16,MSFT,155.064,156.847,154.762,156.781,23865400,3741641277.4
2020-01-17,MSFT,157.96,158.007,156.082,157.658,34371700,5418973478.6
2020-01-21,MSFT,157.262,158.687,157.026,157.092,29517200,4636915982.4
2020-01-22,MSFT,157.941,158.026,156.318,156.337,24138800,3773787575.6
2020-01-23,MSFT,156.8,157.375,155.931,157.3,19680800,3095789840.0
2020-01-24,MSFT,158.045,158.064,155.158,155.715,24918100,3880121941.5
2020-01-27,MSFT,152.044,154.148,151.148,153.11,32078100,4911477891.0
2020-01-28,MSFT,154.526,156.394,153.856,156.111,24899900,3887148288.9
2020-01-29,MSFT,158.356,159.215,156.328,158.545,34754500,5510152202.5
2020-01-30,MSFT,164.215,164.215,161.14,163.017,51597500,8411269657.5
2020-01-31,MSFT,162.479,162.659,159.998,160.611,36142700,5804915189.7
2020-02-03,MSFT,160.8,164.64,160.772,164.527,30107000,4953414389.0
2020-02-04,MSFT,167.131,170.433,166.348,169.942,36433300,6191547868.6
2020-02-05,MSFT,173.632,173.792,168.329,169.735,39186300,6651286630.5
2020-02-06,MSFT,170.744,173.433,169.886,173.254,27751400,4808041055.6
2020-02-07,MSFT,172.518,175.141,172.169,173.499,33529100,5817265320.9
2020-02-10,MSFT,173.207,178.17,172.896,178.038,35844300,6381647483.4
2020-02-11,MSFT,179.877,179.925,173.131,174.018,53159900,9250779478.2
2020-02-12,MSFT,175.094,175.349,171.575,174.273,47062900,8201792771.7
2020-02-13,MSFT,172.735,175.707,172.537,173.33,35295800,6117821014.0
2020-02-14,MSFT,172.896,174.934,172.329,174.877,23149500,4048315111.5
2020-02-18,MSFT,175.122,177.094,175.018,176.651,27792200,4909519922.2
2020-02-19,MSFT,177.918,178.032,176.414,177.18,29997500,5314957050.0
2020-02-20,MSFT,176.868,177.152,171.334,174.475,36862400,6431567240.0
2020-02-21,MSFT,173.292,173.604,167.691,168.959,48572600,8206777923.4
2020-02-24,MSFT,158.723,165.137,154.427,161.674,68311100,11044128781.4
2020-02-25,MSFT,164.806,165.411,158.609,159.006,68073300,10824063139.8
2020-02-26,MSFT,160.558,163.917,159.139,160.993,56206100,9048788657.3
2020-02-27,MSFT,154.513,158.023,149.461,149.65,93174900,13943623785.0
2020-02-28,MSFT,144.191,154.882,143.803,153.273,97012700,14869427567.1
2020-03-02,MSFT,156.395,163.595,153.557,163.472,71030800,11611546937.6
2020-03-03,MSFT,164.427,165.563,153.51,155.638,71677000,11155664926.0
2020-03-04,MSFT,159.404,161.495,156.689,161.353,49814400,8037702883.2
2020-03-05,MSFT,157.095,161.655,156.755,157.303,47817300,7521804741.9
2020-03-06,MSFT,153.841,154.314,147.587,152.857,72821100,11131214882.7
2020-03-09,MSFT,142.857,149.243,141.911,142.497,70419300,10034538992.1
2020-03-10,MSFT,149.631,152.346,144.352,152.242,65354400,9949684564.8
2020-03-11,MSFT,148.656,149.196,142.999,145.345,56371600,8193330202.0
2020-03-12,MSFT,137.464,145.194,131.107,131.561,93226400,12264958410.4
2020-03-13,MSFT,139.546,153.179,133.141,150.265,92727400,13933682761.0
2020-03-16,MSFT,132.45,141.296,127.72,128.117,87905900,11262240190.3
2020-03-17,MSFT,132.45,139.546,127.72,138.666,81059800,11240238226.8
2020-03-18,MSFT,130.558,138.127,127.739,132.829,81593200,10837943162.8
2020-03-19,MSFT,135.071,142.053,131.504,135.014,85922700,11600767417.8
2020-03-20,MSFT,138.127,139.167,128.533,129.943,84866200,11027768626.6
2020-03-23,MSFT,129.621,132.989,125.374,128.647,78975200,10159922554.4
2020-03-24,MSFT,135.998,141.532,133.652,140.34,82516700,11580393678.0
2020-03-25,MSFT,140.88,146.007,136.651,138.997,75638200,10513482885.4
2020-03-26,MSFT,140.397,148.212,140.369,147.691,64568100,9536127257.1
2020-03-27,MSFT,143.567,146.537,141.154,141.627,57042300,8078729822.1
2020-03-30,MSFT,144.219,151.939,141.92,151.589,63420300,9613819856.7
2020-03-31,MSFT,150.804,155.894,148.117,149.205,77927200,11627127876.0
2020-04-01,MSFT,144.749,149.243,142.687,143.907,57969900,8342274399.3
2020-04-02,MSFT,143.671,147.095,142.252,146.887,49630700,7290104630.9
2020-04-03,MSFT,146.736,148.893,143.983,145.534,41243300,6002302422.2
2020-04-06,MSFT,151.674,157.521,149.082,156.357,67111700,10493384076.9
2020-04-07,MSFT,160.444,160.832,154.456,154.673,62769000,9708669537.0
2020-04-08,MSFT,156.736,157.682,154.683,156.225,48318200,7548510795.0
2020-04-09,MSFT,157.389,158.344,154.522,156.234,51385100,8028099713.4
2020-04-13,MSFT,155.487,156.641,153.548,156.584,41905300,6561699495.2
2020-04-14,MSFT,159.886,164.38,158.94,164.333,52874300,8688992341.9
2020-04-15,MSFT,161.968,164.21,160.113,162.611,40940800,6657424428.8
2020-04-16,MSFT,164.9,167.72,163.576,167.493,50479600,8454979642.8
2020-04-17,MSFT,169.82,170.293,166.386,168.969,52765600,8915750666.4
2020-04-20,MSFT,167.105,169.111,165.553,165.619,36669600,6073182482.4
2020-04-21,MSFT,164.144,164.304,157.152,158.77,56203700,8923461449.0
2020-04-22,MSFT,162.147,164.617,161.608,164.163,34620200,5683355892.6
2020-04-23,MSFT,164.721,165.619,161.693,162.176,32790800,5317880780.8
2020-04-24,MSFT,162.781,165.146,161.504,165.137,34277600,5660500031.2
2020-04-27,MSFT,167.067,167.36,163.954,164.664,33194400,5465922681.6
2020-04-28,MSFT,166.121,166.197,160.255,160.653,34392700,5525290433.1
2020-04-29,MSFT,163.879,168.098,162.611,167.862,51286600,8609071249.2
2020-04-30,MSFT,170.293,170.671,166.726,169.546,53875900,9134443341.4
2020-05-01,MSFT,166.32,169.006,164.626,165.156,39370500,6502274298.0
2020-05-04,MSFT,165.08,169.347,164.427,169.196,30372900,5138973188.4
2020-05-05,MSFT,170.88,173.746,170.198,171.012,36839200,6299945270.4
2020-05-06,MSFT,172.261,174.267,171.835,172.696,32139300,5550328552.8
2020-05-07,MSFT,174.238,174.598,172.734,173.699,28316000,4918460884.0
2020-05-08,MSFT,175.005,175.023,173.472,174.721,30877800,5395000093.8
2020-05-11,MSFT,173.273,177.398,172.989,176.67,30892700,5457813309.0
2020-05-12,MSFT,176.726,176.953,172.469,172.668,32038200,5531971917.6
2020-05-13,MSFT,172.706,174.125,167.02,170.057,44711500,7603503555.5
2020-05-14,MSFT,167.966,170.946,166.206,170.794,41873900,7151810876.6
2020-05-15,MSFT,169.404,176.972,167.455,173.283,46610400,8076789943.2
2020-05-18,MSFT,175.733,176.159,174.04,174.938,35264500,6169101101.0
2020-05-19,MSFT,175.052,176.537,173.595,173.727,26799100,4655727245.7
2020-05-20,MSFT,175.331,176.317,174.505,176.137,31261300,5506271598.1
2020-05-21,MSFT,175.89,177.095,173.889,174.021,29119500,5067404509.5
2020-05-22,MSFT,173.794,174.999,173.177,174.097,20826900,3625900809.3
2020-05-26,MSFT,176.782,176.934,171.811,172.257,36073600,6213930115.2
2020-05-27,MSFT,170.957,172.655,167.542,172.485,39517100,6816106993.5
2020-05-28,MSFT,171.469,174.704,171.128,172.096,33810200,5818600179.2
2020-05-29,MSFT,173.357,174.818,171.156,173.851,42130400,7324412170.4
2020-06-01,MSFT,173.177,173.613,172.152,173.452,22622400,3923900524.8
2020-06-02,MSFT,174.799,175.511,172.048,175.426,30794600,5402173499.6
2020-06-03,MSFT,175.34,176.403,174.164,175.852,27311000,4802693972.0
2020-06-04,MSFT,174.847,176.308,172.949,173.538,28761800,4991265248.4
2020-06-05,MSFT,173.253,178.101,172.674,177.598,39893600,7085023572.8
2020-06-08,MSFT,176.403,178.879,174.98,178.699,33211600,5934879708.4
2020-06-09,MSFT,178.357,180.919,177.655,180.065,29783900,5363037953.5
2020-06-10,MSFT,181.326,188.337,181.213,186.744,43872300,8192888791.2
2020-06-11,MSFT,183.224,185.719,176.526,176.716,52854700,9340271165.2
2020-06-12,MSFT,180.767,181.886,175.682,178.11,43373600,7725271896.0
2020-06-15,MSFT,175.112,181.032,174.572,179.249,32770200,5874025579.8
2020-06-16,MSFT,182.996,185.548,181.64,183.641,42556700,7815154944.7
2020-06-17,MSFT,185.026,186.25,183.755,184.277,25687800,4733670720.6
2020-06-18,MSFT,184.049,186.412,184.049,186.25,23061600,4295223000.0
2020-06-19,MSFT,188.404,189.068,184.4,185.14,44441100,8227825254.0
2020-06-22,MSFT,185.747,190.463,185.216,190.282,32818900,6244845929.8
2020-06-23,MSFT,191.724,193.489,191.098,191.554,30917400,5922351639.6
2020-06-24,MSFT,191.259,192.825,186.478,187.692,36740600,6895916695.2
2020-06-25,MSFT,187.654,190.32,185.444,190.064,27803900,5284520449.6
2020-06-26,MSFT,189.485,189.637,184.884,186.26,54675800,10183914508.0
2020-06-29,MSFT,185.738,188.347,183.622,188.262,26701600,5026896619.2
2020-06-30,MSFT,187.73,193.916,187.597,193.071,34310300,6624323931.3
2020-07-01,MSFT,192.72,195.766,191.421,194.2,32061200,6226285040.0
2020-07-02,MSFT,195.13,197.35,194.485,195.68,29315800,5736515744.0
2020-07-06,MSFT,198.119,200.301,197.417,199.893,31897600,6376106956.8
2020-07-07,MSFT,199.656,203.659,197.322,197.568,33600700,6638423097.6
2020-07-08,MSFT,199.295,202.321,197.986,201.913,33600000,6784276800.0
2020-07-09,MSFT,205.234,205.281,200.623,203.327,33121700,6734535895.9
2020-07-10,MSFT,202.663,203.099,200.253,202.71,26177600,5306461296.0
2020-07-13,MSFT,203.479,204.731,195.908,196.449,38135600,7491700484.4
2020-07-14,MSFT,195.557,198.138,191.667,197.663,37591800,7430507963.4
2020-07-15,MSFT,198.811,200.49,194.513,197.369,32179400,6351215998.6
2020-07-16,MSFT,194.865,195.149,191.933,193.46,29940700,5792327822.0
2020-07-17,MSFT,193.982,194.523,191.06,192.474,31635300,6088972732.2
2020-07-20,MSFT,194.485,201.411,192.597,200.747,36884800,7404512945.6
2020-07-21,MSFT,202.701,202.967,197.36,198.043,37990400,7523732787.2
2020-07-22,MSFT,198.47,201.411,197.701,200.889,49605700,9965239467.3
2020-07-23,MSFT,196.563,200.101,191.781,192.151,67457000,12961930007.0
2020-07-24,MSFT,190.14,192.455,187.379,190.975,39827000,7605961325.0
2020-07-27,MSFT,191.136,193.508,190.557,193.394,30160900,5832937094.6
2020-07-28,MSFT,193.166,194.2,191.392,191.658,23251400,4456316821.2
2020-07-29,MSFT,192.113,194.153,191.648,193.593,19632600,3800733931.8
2020-07-30,MSFT,190.69,193.973,189.334,193.441,25079600,4851422903.6
2020-07-31,MSFT,193.916,194.58,188.802,194.495,51044000,9927802780.0
2020-08-03,MSFT,200.671,206.477,199.646,205.433,78983000,16225714639.0
2020-08-04,MSFT,203.185,203.754,199.523,202.35,49280100,9971828235.0
2020-08-05,MSFT,203.877,203.972,200.718,202.018,28806400,5819411315.2
2020-08-06,MSFT,201.449,205.272,200.699,205.253,32656800,6702906170.4
2020-08-07,MSFT,203.83,204.636,200.111,201.581,27820400,5608064052.4
2020-08-10,MSFT,200.813,201.012,195.766,197.568,36716500,7254005472.0
2020-08-11,MSFT,196.534,196.999,192.72,192.948,36446500,7032279282.0
2020-08-12,MSFT,194.76,199.494,194.248,198.46,28013100,5559479826.0
2020-08-13,MSFT,198.697,200.509,197.473,197.995,22588900,4472489255.5
2020-08-14,MSFT,198.052,198.84,196.866,198.185,17958900,3559184596.5
2020-08-17,MSFT,198.849,200.358,198.204,199.494,20184800,4026746491.2
2020-08-18,MSFT,199.731,201.468,198.479,200.642,21336200,4280937840.4
2020-08-19,MSFT,201.127,201.707,198.997,199.425,27627600,5509634130.0
2020-08-20,MSFT,199.273,204.465,198.674,204.066,26981500,5506006779.0
2020-08-21,MSFT,203.381,205.654,202.421,202.582,36249300,7343455692.6
2020-08-24,MSFT,204.265,204.96,202.021,203.219,25460100,5173976061.9
2020-08-25,MSFT,202.658,205.996,202.658,205.863,23043700,4743845213.1
2020-08-26,MSFT,207.204,211.208,206.71,210.314,39600800,8328602651.2
2020-08-27,MSFT,211.969,219.824,208.65,215.478,57602200,12412006851.6
2020-08-28,MSFT,216.999,219.339,215.478,217.694,26292900,5723806572.6
2020-08-31,MSFT,215.877,217.494,213.319,214.479,28774200,6171461641.8
2020-09-01,MSFT,214.46,216.305,213.433,216.134,25725500,5560155217.0
2020-09-02,MSFT,216.8,221.45,216.21,220.299,34080800,7507966159.2
2020-09-03,MSFT,218.036,218.074,204.427,206.652,58400300,12068538795.6
2020-09-04,MSFT,204.56,207.661,195.136,203.752,59664100,12156679703.2
2020-09-08,MSFT,196.382,199.739,192.292,192.73,52924300,10200100339.0
2020-09-09,MSFT,197.428,204.313,196.572,200.937,45679000,9178601223.0
2020-09-10,MSFT,202.944,204.218,194.109,195.307,35461500,6925879180.5
2020-09-11,MSFT,197.047,198.407,191.379,194.033,33620100,6523408863.3
2020-09-14,MSFT,194.232,198.949,194.033,195.345,30375800,5933760651.0
2020-09-15,MSFT,198.208,199.501,196.791,198.55,21823900,4333135345.0
2020-09-16,MSFT,200.3,200.328,194.613,195.003,26328100,5134058484.3
2020-09-17,MSFT,190.248,194.318,190.162,192.968,34011300,6563092538.4
2020-09-18,MSFT,192.863,193.671,186.634,190.571,55225300,10524340646.3
2020-09-21,MSFT,187.528,192.777,186.758,192.616,39839700,7673763655.2
2020-09-22,MSFT,195.012,197.903,192.178,197.257,33517100,6611482594.7
2020-09-23,MSFT,197.713,197.903,190.229,190.761,30803800,5876163691.8
2020-09-24,MSFT,190.058,195.497,189.439,193.234,31202500,6029383885.0
2020-09-25,MSFT,193.576,198.797,192.616,197.637,29437300,5817899660.1
2020-09-28,MSFT,200.547,202.154,197.865,199.178,32004900,6374671972.2
2020-09-29,MSFT,199.092,199.777,196.676,197.104,24221900,4774233377.6
2020-09-30,MSFT,197.551,201.593,196.42,200.024,33829100,6766631898.4
2020-10-01,MSFT,203.029,203.505,200.965,202.05,27158400,5487354720.0
2020-10-02,MSFT,197.808,200.652,195.469,196.087,33154800,6501225267.6
2020-10-05,MSFT,197.066,200.1,196.838,200.072,21331600,4267855875.2
2020-10-06,MSFT,198.588,199.881,194.784,195.821,28554300,5591531580.3
2020-10-07,MSFT,196.914,199.815,196.591,199.549,25681100,5124637823.9
2020-10-08,MSFT,200.195,200.842,198.113,200.262,19925800,3990380559.6
2020-10-09,MSFT,200.88,205.283,200.88,205.236,26458000,5430134088.0
2020-10-12,MSFT,208.069,212.891,206.186,210.552,40461400,8519228692.8
2020-10-13,MSFT,211.807,214.175,209.629,211.94,28950800,6135832552.0
2020-10-14,MSFT,212.073,213.233,208.393,210.038,23421700,4919447024.6
2020-10-15,MSFT,206.462,209.563,205.426,208.897,22733100,4748876390.7
2020-10-16,MSFT,209.363,211.398,208.574,208.897,26057900,5443417136.3
2020-10-19,MSFT,209.62,211.408,203.248,203.723,27625800,5628010853.4
2020-10-20,MSFT,205.226,206.719,202.649,204.132,22753500,4644717462.0
2020-10-21,MSFT,202.677,206.291,202.677,204.275,22724900,4642128947.5
2020-10-22,MSFT,203.448,205.473,201.327,204.361,22351500,4567774891.5
2020-10-23,MSFT,204.494,205.682,202.715,205.635,18879600,3882306546.0
2020-10-26,MSFT,203.372,205.74,197.903,199.786,37111600,7414378117.6
2020-10-27,MSFT,201.222,204.151,200.024,202.801,36700300,7442857540.3
2020-10-28,MSFT,197.494,198.607,192.197,192.749,51195600,9867900704.4
2020-10-29,MSFT,194.071,197.2,193.405,194.689,31432600,6119581461.4
2020-10-30,MSFT,193.529,194.28,189.839,192.549,36953700,7115397981.3
2020-11-02,MSFT,194.28,195.221,190.314,192.416,30842200,5934532755.2
2020-11-03,MSFT,193.9,197.922,193.167,196.315,27512000,5401018280.0
2020-11-04,MSFT,203.533,207.623,202.012,205.787,42311800,8707218386.6
2020-11-05,MSFT,211.16,213.138,210.314,212.349,36080100,7661573154.9
2020-11-06,MSFT,211.369,213.367,207.347,212.758,25231900,5368288580.2
2020-11-09,MSFT,213.443,216.942,207.204,207.689,44395000,9220353155.0
2020-11-10,MSFT,203.99,205.892,199.444,200.671,44045100,8838574262.1
2020-11-11,MSFT,201.983,207.356,201.802,205.939,29440800,6063008911.2
2020-11-12,MSFT,206.567,208.374,203.952,204.884,21593900,4424244607.6
2020-11-13,MSFT,205.759,206.767,203.666,205.901,18621100,3834103111.1
2020-11-16,MSFT,204.342,207.071,204.009,206.586,24953300,5155002433.8
2020-11-17,MSFT,205.511,207.014,203.59,203.952,24154100,4926277003.2
2020-11-18,MSFT,203.713,205.163,201.12,201.263,28372800,5710394846.4
2020-11-19,MSFT,201.549,203.122,200.166,202.54,24792700,5021513458.0
2020-11-20,MSFT,202.331,203.37,200.233,200.605,22843100,4582440075.5
2020-11-23,MSFT,201.139,202.417,198.479,200.338,25683500,5145381023.0
2020-11-24,MSFT,199.842,204.285,199.146,203.914,33979700,6928936545.8
2020-11-25,MSFT,205.105,205.277,202.579,203.923,21012900,4285013606.7
2020-11-27,MSFT,204.857,206.211,204.085,205.22,14512200,2978193684.0
2020-11-30,MSFT,204.142,204.772,201.034,204.114,33064800,6748988587.2
2020-12-01,MSFT,204.533,207.213,203.427,206.154,30904500,6371086293.0
2020-12-02,MSFT,204.886,205.449,202.903,205.353,23724500,4871897248.5
2020-12-03,MSFT,204.629,206.316,203.713,204.276,25120900,5131596968.4
2020-12-04,MSFT,204.257,205.363,203.265,204.39,24666000,5041483740.0
2020-12-07,MSFT,204.4,205.515,203.084,204.324,24620000,5030456880.0
2020-12-08,MSFT,204.018,206.86,202.989,205.964,23284100,4795686372.4
2020-12-09,MSFT,205.153,205.22,201.387,201.949,32440600,6551346729.4
2020-12-10,MSFT,201.921,203.17,200.576,200.729,26733300,5366148575.7
2020-12-11,MSFT,200.281,203.399,199.384,203.341,30979400,6299382175.4
2020-12-14,MSFT,203.189,206.154,202.979,204.238,28798400,5881727619.2
2020-12-15,MSFT,205.163,205.401,202.369,204.171,27000600,5512739502.6
2020-12-16,MSFT,204.762,209.873,204.734,209.081,35023300,7322706587.3
2020-12-17,MSFT,209.644,210.617,207.785,209.215,32515800,6802793097.0
2020-12-18,MSFT,208.424,209.472,205.973,208.424,63354900,13204681677.6
2020-12-21,MSFT,207.432,213.582,207.174,212.237,37181900,7891374910.3
2020-12-22,MSFT,212.333,215.136,211.532,213.525,22612200,4828270005.0
2020-12-23,MSFT,212.733,213.162,210.531,210.741,18699600,3940772403.6
2020-12-24,MSFT,211.122,213.21,210.912,212.39,10550600,2240841934.0
2020-12-28,MSFT,214.011,215.517,212.647,214.497,17933500,3846681949.5
2020-12-29,MSFT,215.784,216.614,213.181,213.725,17403200,3719498920.0
2020-12-30,MSFT,214.755,215.136,211.17,211.37,20272300,4284956051.0
2020-12-31,MSFT,211.389,212.628,209.463,212.075,20942100,4441295857.5
2021-01-04,MSFT,212.18,212.628,204.819,207.565,37130100,7706909206.5
2021-01-05,MSFT,207.155,208.357,205.668,207.766,23823000,4949609418.0
2021-01-06,MSFT,202.302,206.421,202.083,202.378,35930700,7271583204.6
2021-01-07,MSFT,204.085,209.139,203.771,208.137,27694500,5764250146.5
2021-01-08,MSFT,208.509,210.321,206.936,209.406,22956200,4807166017.2
2021-01-11,MSFT,208.309,208.729,206.65,207.375,23031300,4776115837.5
2021-01-12,MSFT,206.431,207.003,203.399,204.934,23249300,4764572046.2
2021-01-13,MSFT,204.066,206.679,203.98,206.278,20087100,4143526813.8
2021-01-14,MSFT,205.868,207.346,202.846,203.113,29480800,5987933730.4
2021-01-15,MSFT,203.589,204.533,202.169,202.76,31746500,6436920340.0
2021-01-19,MSFT,203.809,206.888,202.741,206.374,30480900,6290465256.6
2021-01-20,MSFT,207.575,215.289,207.184,213.906,37777300,8080791133.8
2021-01-21,MSFT,214.249,215.775,212.075,214.507,30709400,6587381265.8
2021-01-22,MSFT,216.519,219.37,215.298,215.441,30172700,6500436660.7
2021-01-25,MSFT,218.464,219.093,213.792,218.855,33152100,7255502845.5
2021-01-26,MSFT,221.076,223.288,219.379,221.524,49169600,10892246470.4
2021-01-27,MSFT,226.931,229.257,219.436,222.068,69870600,15516024400.8
2021-01-28,MSFT,224.652,231.355,224.156,227.818,49111200,11188415361.6
2021-01-29,MSFT,225.014,226.95,220.59,221.172,42503100,9400495633.2
2021-02-01,MSFT,224.127,231.221,221.62,228.504,33314200,7612427956.8
2021-02-02,MSFT,230.077,231.04,227.589,228.371,25916300,5918531347.3
2021-02-03,MSFT,228.428,233.691,228.132,231.698,27158100,6292477453.8
2021-02-04,MSFT,231.374,231.927,229.191,230.754,25296100,5837176259.4
2021-02-05,MSFT,230.964,231.965,229.238,230.935,18054800,4169485238.0
2021-02-08,MSFT,231.841,232.347,229.61,231.193,22211900,5135235796.7
2021-02-09,MSFT,230.621,233.376,230.154,232.432,23565000,5477260080.0
2021-02-10,MSFT,233.605,234.482,229.686,231.527,22186700,5136820090.9
2021-02-11,MSFT,233.395,233.748,230.888,233.119,15751100,3671880680.9
2021-02-12,MSFT,232.585,233.891,231.441,233.596,16561100,3868606715.6
2021-02-16,MSFT,233.634,234.683,231.622,232.366,26728500,6210794631.0
2021-02-17,MSFT,230.626,233.484,230.263,233.379,21653500,5053472176.5
2021-02-18,MSFT,231.085,233.121,230.187,232.987,16925600,3943444767.2
2021-02-19,MSFT,232.949,233.054,229.537,230.292,25262600,5817774679.2
2021-02-22,MSFT,226.899,227.387,222.102,224.118,36446900,8168406334.2
2021-02-23,MSFT,220.123,224.424,218.594,222.933,30228700,6738974777.1
2021-02-24,MSFT,219.818,224.778,218.852,224.156,26339700,5904201793.2
2021-02-25,MSFT,221.796,224.195,217.782,218.843,39542200,8653533674.6
2021-02-26,MSFT,221.27,224.94,219.368,222.082,37819200,8398963574.4
2021-03-01,MSFT,225.446,226.947,222.818,226.44,25324000,5734366560.0
2021-03-02,MSFT,226.507,226.784,223.105,223.506,22812500,5098730625.0
2021-03-03,MSFT,221.872,223.229,217.189,217.476,34029500,7400599542.0
2021-03-04,MSFT,216.692,222.188,214.322,216.683,44727800,9691753887.4
2021-03-05,MSFT,219.349,222.933,216.425,221.337,41872800,9267999933.6
2021-03-08,MSFT,221.117,223.029,217.065,217.314,35267400,7664099763.6
2021-03-09,MSFT,222.56,224.95,221.404,223.42,33080500,7390845310.0
2021-03-10,MSFT,226.498,226.498,221.758,222.121,29746800,6607388962.8
2021-03-11,MSFT,224.548,228.572,223.927,226.622,29907600,6777720127.2
2021-03-12,MSFT,223.64,225.37,222.895,225.303,22653700,5103946571.1
2021-03-15,MSFT,224.548,224.768,221.538,224.405,26034900,5842361734.5
2021-03-16,MSFT,225.81,229.422,225.485,227.176,28092200,6381873627.2
2021-03-17,MSFT,225.685,227.979,222.895,226.536,29562100,6696879885.6
2021-03-18,MSFT,222.254,223.812,220.123,220.496,34833000,7680537168.0
2021-03-19,MSFT,220.783,222.168,219.187,220.142,46430700,10221347159.4
2021-03-22,MSFT,220.066,226.402,219.942,225.532,30127000,6794602564.0
2021-03-23,MSFT,226.966,230.368,226.565,227.052,31638400,7183561996.8
2021-03-24,MSFT,227.31,227.453,224.892,225.026,25620100,5765188622.6
2021-03-25,MSFT,224.873,226.44,221.308,222.044,34061900,7563240523.6
2021-03-26,MSFT,221.289,226.221,221.289,226.001,25479900,5758482879.9
2021-03-29,MSFT,226.106,226.307,221.605,224.816,25227500,5671545640.0
2021-03-30,MSFT,223.182,223.487,220.859,221.576,24792000,5493312192.0
2021-03-31,MSFT,222.589,228.505,222.092,225.322,43623500,9829334267.0
2021-04-01,MSFT,227.903,232.079,227.501,231.611,30338000,7026614518.0
2021-04-05,MSFT,232.002,238.883,231.945,238.033,36910600,8785940849.8
2021-04-06,MSFT,236.638,238.348,235.94,236.876,22931900,5432016744.4
2021-04-07,MSFT,236.829,239.81,236.236,238.826,22719800,5426078954.8
2021-04-08,MSFT,241.569,242.878,240.833,242.028,23625200,5717959905.6
2021-04-09,MSFT,241.664,244.646,241.254,244.512,24326800,5948194521.6
2021-04-12,MSFT,243.423,246.252,243.337,244.57,27148700,6639757559.0
2021-04-13,MSFT,245.86,247.704,245.449,247.035,23837500,5888696812.5
2021-04-14,MSFT,246.07,247.36,243.853,244.264,23070900,5635390317.6
2021-04-15,MSFT,246.5,248.412,246.309,248.001,25627500,6355645627.5
2021-04-16,MSFT,247.972,249.434,246.185,249.186,24878600,6199398819.6
2021-04-19,MSFT,248.66,249.893,246.395,247.274,23209300,5739056448.2
2021-04-20,MSFT,246.395,248.67,245.459,246.816,19722900,4867927286.4
2021-04-21,MSFT,247.465,249.128,245.85,249.033,24030400,5984362603.2
2021-04-22,MSFT,248.679,250.18,244.312,245.774,25606200,6293338198.8
2021-04-23,MSFT,246.453,249.922,245.87,249.578,21462600,5356592782.8
2021-04-26,MSFT,250.065,250.81,248.641,249.96,19763300,4940034468.0
2021-04-27,MSFT,249.989,251.527,248.593,250.361,31014200,7764746126.2
2021-04-28,MSFT,244.732,245.172,241.741,243.28,46903100,11410586168.0
2021-04-29,MSFT,244.14,244.751,237.966,241.32,40589000,9794937480.0
2021-04-30,MSFT,238.673,241.865,238.539,241.005,30945100,7457923825.5
2021-05-03,MSFT,242.171,243.079,239.992,240.699,19626600,4724102993.4
2021-05-04,MSFT,239.849,240.078,234.87,236.81,32756100,7756972041.0
2021-05-05,MSFT,238.023,238.444,234.927,235.548,21901300,5158807412.4
2021-05-06,MSFT,235.529,238.788,233.847,238.664,26491100,6322471890.4
2021-05-07,MSFT,240.976,243.031,240.04,241.273,27032900,6522308881.7
2021-05-10,MSFT,239.753,240.575,236.169,236.227,29299900,6921427477.3
2021-05-11,MSFT,233.713,235.672,231.821,235.319,33641600,7916507670.4
2021-05-12,MSFT,231.439,233.551,227.52,228.409,36684400,8379047119.6
2021-05-13,MSFT,231.085,234.717,230.722,232.261,29624300,6880569542.3
2021-05-14,MSFT,234.698,238.138,234.612,237.154,23901100,5668241469.4
2021-05-17,MSFT,235.625,235.663,232.729,234.315,24970200,5850892413.0
2021-05-18,MSFT,235.357,235.491,232.136,232.308,20168000,4685187744.0
2021-05-19,MSFT,229.233,232.988,228.553,232.883,25739800,5994361843.4
2021-05-20,MSFT,233.688,237.51,233.592,236.102,21800700,5147188871.4
2021-05-21,MSFT,237.146,237.874,234.435,234.847,21863100,5134483445.7
2021-05-24,MSFT,237.356,240.585,237.088,240.221,21411500,5143491941.5
2021-05-25,MSFT,241.169,242.108,240.259,241.121,17704300,4268878520.3
2021-05-26,MSFT,240.843,242.29,240.192,240.901,17771600,4281196211.6
2021-05-27,MSFT,240.594,240.891,238.755,238.812,24426200,5833269674.4
2021-05-28,MSFT,240.431,241.466,239.052,239.167,18270200,4369628923.4
2021-06-01,MSFT,240.652,240.709,236.561,236.983,23213300,5501157473.9
2021-06-02,MSFT,237.682,238.774,235.489,236.887,19406700,4597194942.9
2021-06-03,MSFT,234.895,235.967,232.768,235.364,25307700,5956521502.8
2021-06-04,MSFT,237.328,241.054,237.088,240.23,25281100,6073278653.0
2021-06-07,MSFT,239.454,243.391,239.291,243.123,23079200,5611084341.6
2021-06-08,MSFT,244.416,245.23,241.878,241.935,22455000,5432650425.0
2021-06-09,MSFT,243.123,244.771,242.548,242.912,17937600,4357258291.2
2021-06-10,MSFT,243.583,246.619,242.989,246.409,24563600,6052692112.4
2021-06-11,MSFT,247.127,247.606,245.805,247.031,18999700,4693514890.7
2021-06-14,MSFT,247.041,249.004,245.987,248.947,19150500,4767459523.5
2021-06-15,MSFT,248.832,249.043,246.83,247.481,18038900,4464285010.9
2021-06-16,MSFT,248.478,249.608,243.707,246.543,27220000,6710900460.0
2021-06-17,MSFT,245.288,250.729,245.23,249.914,27565500,6889004367.0
2021-06-18,MSFT,248.698,251.255,247.855,248.506,37202200,9244969913.2
2021-06-21,MSFT,248.88,252.424,247.06,251.572,26696100,6715991269.2
2021-06-22,MSFT,251.658,254.598,251.351,254.33,24694100,6280450453.0
2021-06-23,MSFT,254.79,255.595,253.296,254.1,19518700,4959701670.0
2021-06-24,MSFT,254.953,256.572,254.292,255.461,21446900,5478846520.9
2021-06-25,MSFT,255.02,255.997,253.612,253.861,25611100,6501659457.1
2021-06-28,MSFT,254.982,257.578,254.714,257.405,19590000,5042563950.0
2021-06-29,MSFT,257.549,260.212,256.696,259.972,19937800,5183269741.6
2021-06-30,MSFT,259.292,259.934,258.248,259.493,21656500,5619710154.5
2021-07-01,MSFT,258.258,260.394,258.248,260.164,16725300,4351320949.2
2021-07-02,MSFT,261.333,266.294,261.026,265.959,26458000,7036743222.0
2021-07-06,MSFT,266.323,267.607,262.75,265.969,31565600,8395471066.4
2021-07-07,MSFT,267.635,268.871,265.48,268.143,23260000,6237006180.0
2021-07-08,MSFT,265.241,266.994,263.296,265.739,24618600,6542122145.4
2021-07-09,MSFT,264.11,266.342,263.727,266.237,23916700,6367510457.9
2021-07-12,MSFT,267.406,267.99,264.934,265.643,18931700,5029073583.1
2021-07-13,MSFT,265.835,270.94,265.71,269.149,26120100,7030198794.9
2021-07-14,MSFT,270.461,271.716,268.737,270.614,23113700,6254890811.8
2021-07-15,MSFT,270.126,270.614,268.047,269.197,22604200,6084982827.4
2021-07-16,MSFT,270.193,272.138,267.693,268.929,26186800,7042389937.2
2021-07-19,MSFT,267.185,268.565,262.894,265.346,32935600,8739329717.6
2021-07-20,MSFT,266.323,269.139,264.628,267.559,26259700,7026019072.3
2021-07-21,MSFT,267.156,269.666,265.614,269.551,24364300,6567421429.3
2021-07-22,MSFT,271.889,274.36,271.486,274.092,23384100,6409394737.2
2021-07-23,MSFT,275.27,277.779,274.436,277.473,22768100,6317533011.3
2021-07-26,MSFT,276.831,277.492,274.571,276.879,23176100,6416975391.9
2021-07-27,MSFT,277.243,277.387,271.036,274.475,33604100,9223485347.5
2021-07-28,MSFT,276.822,277.933,271.879,274.168,33566900,9202969839.2
2021-07-29,MSFT,274.187,276.467,274.034,274.437,18168300,4986053747.1
2021-07-30,MSFT,273.163,274.59,271.956,272.913,20944800,5716108202.4
2021-08-02,MSFT,274.302,274.695,271.793,272.827,16267400,4438185939.8
2021-08-03,MSFT,273.402,275.136,272.042,275.03,17879000,4917261370.0
2021-08-04,MSFT,274.168,275.481,272.664,274.446,16191300,4443637519.8
2021-08-05,MSFT,274.801,277.435,274.053,277.329,13900200,3854928565.8
2021-08-06,MSFT,276.362,277.31,275.509,277.272,16589300,4599748389.6
2021-08-09,MSFT,277.55,279.274,275.691,276.189,16117600,4451503826.4
2021-08-10,MSFT,276.64,277.071,273.191,274.379,18616600,5108004091.4
2021-08-11,MSFT,275.117,276.506,273.823,274.868,13955900,3836030321.2
2021-08-12,MSFT,274.561,277.76,274.283,277.607,14561300,4042318809.1
2021-08-13,MSFT,277.291,280.567,277.119,280.519,18249000,5119191231.0
2021-08-16,MSFT,280.845,282.406,277.808,282.195,22507600,6351532182.0
2021-08-17,MSFT,280.078,281.075,278.824,280.739,20075300,5635919646.7
2021-08-18,MSFT,280.279,282.947,278.58,279.022,21813000,6086306886.0
2021-08-19,MSFT,277.064,285.49,277.016,284.818,29850500,8501959709.0
2021-08-20,MSFT,287.649,293.523,286.056,292.103,40817600,11922943412.8
2021-08-23,MSFT,291.037,293.101,289.694,292.381,22830200,6675116706.2
2021-08-24,MSFT,292.736,293.341,289.838,290.433,18175800,5278852121.4
2021-08-25,MSFT,292.045,292.323,288.321,289.847,20006100,5798708066.7
2021-08-26,MSFT,288.868,290.25,286.91,287.045,17666100,5070965674.5
2021-08-27,MSFT,286.949,288.753,284.876,287.649,22605700,6502506999.3
2021-08-30,MSFT,288.993,291.968,288.936,291.364,16348100,4763247808.4
2021-08-31,MSFT,292.16,292.237,289.358,289.723,26285300,7615455971.9
2021-09-01,MSFT,290.673,292.899,289.348,289.674,18983800,5499113281.2
2021-09-02,MSFT,290.03,291.143,288.091,289.022,16285600,4706896683.2
2021-09-03,MSFT,288.868,290.414,288.168,289.012,14747900,4262320074.8
2021-09-07,MSFT,288.888,288.964,286.191,288.091,17180400,4949518616.4
2021-09-08,MSFT,287.707,288.504,285.49,288.12,15046800,4335284016.0
2021-09-09,MSFT,288.705,289.972,285.039,285.279,19927000,5684754633.0
2021-09-10,MSFT,286.402,287.841,283.484,283.801,19633400,5571978553.4
2021-09-13,MSFT,285.567,286.517,282.237,285.029,23652900,6741762434.1
2021-09-14,MSFT,287.496,289.252,286.095,287.717,21853400,6287594687.8
2021-09-15,MSFT,291.047,293.024,289.665,292.544,28356300,8295465427.2
2021-09-16,MSFT,291.527,293.014,288.648,292.928,19550800,5726976742.4
2021-09-17,MSFT,291.92,292.237,287.467,287.793,41372500,11906715892.5
2021-09-20,MSFT,284.396,286.69,277.86,282.448,38278700,10811742257.6
2021-09-21,MSFT,283.782,285.557,282.227,282.928,22364100,6327430084.8
2021-09-22,MSFT,284.78,288.129,282.649,286.555,26626300,7629899396.5
2021-09-23,MSFT,286.815,288.782,285.548,287.496,18604600,5348748081.6
2021-09-24,MSFT,286.219,287.726,284.972,287.294,14999000,4309122706.0
2021-09-27,MSFT,284.214,284.53,281.143,282.323,23571700,6654833059.1
2021-09-28,MSFT,278.129,279.069,271.363,272.102,43186200,11751051392.4
2021-09-29,MSFT,273.618,275.221,271.612,272.563,26353700,7183043533.1
2021-09-30,MSFT,274.204,276.238,270.278,270.566,32343600,8751078477.6
2021-10-01,MSFT,270.758,278.302,269.962,277.457,30086300,8347654539.1
2021-10-04,MSFT,275.826,276.162,268.964,271.708,31350700,8518235995.6
2021-10-05,MSFT,272.611,278.705,272.611,277.131,24993000,6926335083.0
2021-10-06,MSFT,274.271,281.805,274.012,281.306,28002600,7877299395.6
2021-10-07,MSFT,283.292,284.693,282.083,282.976,20430500,5781341168.0
2021-10-08,MSFT,284.29,284.693,281.929,282.976,17685700,5004628643.2
2021-10-11,MSFT,281.123,285.97,280.96,282.381,19298600,5449557966.6
2021-10-12,MSFT,283.446,283.542,280.576,281.085,17974100,5052249898.5
2021-10-13,MSFT,283.033,285.308,281.67,284.377,23416300,6659057145.1
2021-10-14,MSFT,287.16,291.057,285.836,290.557,27262900,7921426435.3
2021-10-15,MSFT,290.164,292.189,288.417,291.959,25384800,7411320823.2
2021-10-18,MSFT,291.344,295.798,290.5,294.915,22729300,6703211509.5
2021-10-19,MSFT,295.932,296.844,294.847,295.817,17682100,5230665775.7
2021-10-20,MSFT,296.757,297.228,293.782,295.03,16537100,4878940613.0
2021-10-21,MSFT,294.799,298.494,294.022,298.245,16918100,5045738734.5
2021-10-22,MSFT,297.899,298.562,295.404,296.709,17449300,5177364353.7
2021-10-25,MSFT,296.901,296.94,294.118,295.721,17554500,5191234294.5
2021-10-26,MSFT,298.475,299.819,296.172,297.621,28107300,8365322733.3
2021-10-27,MSFT,303.274,312.967,303.274,310.155,52588700,16310648248.5
2021-10-28,MSFT,311.268,311.787,308.418,311.288,26297900,8186220695.2
2021-10-29,MSFT,311.076,318.629,310.856,318.265,34766000,11064800990.0
2021-11-01,MSFT,318.015,318.14,313.226,316.105,27073200,8557973886.0
2021-11-02,MSFT,317.008,320.021,316.71,319.714,26487100,8468296689.4
2021-11-03,MSFT,320.453,321.413,317.334,320.549,21500100,6891835554.9
2021-11-04,MSFT,319.484,322.987,316.24,322.891,23992200,7746865450.2
2021-11-05,MSFT,324.877,325.146,320.952,322.526,22570100,7279444072.6
2021-11-08,MSFT,323.716,324.052,320.971,323.418,20897000,6758465946.0
2021-11-09,MSFT,323.534,325.079,321.058,322.42,21307400,6869931908.0
2021-11-10,MSFT,321.096,321.154,316.633,317.478,25500900,8095974730.2
2021-11-11,MSFT,317.91,320.328,317.2,319.042,16849800,5375793891.6
2021-11-12,MSFT,320.472,323.649,320.347,323.159,23831000,7701202129.0
2021-11-15,MSFT,323.946,324.273,320.578,322.536,16723000,5393769528.0
2021-11-16,MSFT,322.161,326.95,321.998,325.837,20886800,6805692251.6
2021-11-17,MSFT,325.885,329.01,324.981,326.058,19053400,6212513497.2
2021-11-18,MSFT,325.154,329.26,324.135,328.125,22463500,7370835937.5
2021-11-19,MSFT,329.443,331.808,329.02,329.895,21963400,7245615843.0
2021-11-22,MSFT,331.346,336.202,326.472,326.741,31031100,10139132645.1
2021-11-23,MSFT,324.068,326.375,320.712,324.673,30427600,9879020174.8
2021-11-24,MSFT,323.328,325.135,321.049,324.895,21661300,7037648063.5
2021-11-26,MSFT,321.472,324.914,315.482,316.982,24217200,7676416490.4
2021-11-29,MSFT,322.039,325.972,321.847,323.664,28563500,9244976664.0
2021-11-30,MSFT,322.404,324.77,316.318,317.857,42885600,13631488159.2
2021-12-01,MSFT,322.222,326.212,316.703,317.366,33337600,10580220761.6
2021-12-02,MSFT,317.578,320.645,315.174,316.799,30766000,9746638034.0
2021-12-03,MSFT,319.203,319.885,305.78,310.569,41779300,12975355421.7
2021-12-06,MSFT,311.472,314.838,306.934,313.626,30032600,9419004207.6
2021-12-07,MSFT,318.866,322.866,317.386,322.02,31021900,9989672238.0
2021-12-08,MSFT,322.395,322.578,318.059,322.068,24761000,7974725748.0
2021-12-09,MSFT,321.53,323.529,319.328,320.27,22214200,7114541834.0
2021-12-10,MSFT,322.078,329.789,321.895,329.346,38095700,12546666412.2
2021-12-13,MSFT,327.558,330.548,326.02,326.327,28899400,9430654503.8
2021-12-14,MSFT,320.385,321.751,311.626,315.693,44438700,14028986519.1
2021-12-15,MSFT,315.953,322.279,312.001,321.76,35381100,11384222736.0
2021-12-16,MSFT,322.779,323.789,310.578,312.386,35034800,10944381032.8
2021-12-17,MSFT,308.521,312.405,305.031,311.328,47750300,14866005398.4
2021-12-20,MSFT,307.723,310.367,305.338,307.588,28326500,8712891482.0
2021-12-21,MSFT,310.838,315.107,307.482,314.684,24740600,7785470970.4
2021-12-22,MSFT,315.655,320.76,313.203,320.366,24831500,7955168329.0
2021-12-23,MSFT,319.933,323.433,319.914,321.799,19617800,6312988422.2
2021-12-27,MSFT,322.539,329.289,322.51,329.26,19947000,6567749220.0
2021-12-28,MSFT,329.933,330.567,327.212,328.106,15661500,5138632119.0
2021-12-29,MSFT,328.154,331.039,326.597,328.779,15042000,4945493718.0
2021-12-30,MSFT,328.741,329.914,325.77,326.25,15994500,5218205625.0
2021-12-31,MSFT,325.472,326.289,322.914,323.366,18000800,5820846692.8
2022-01-03,MSFT,322.433,324.981,317.078,321.856,28865100,9290405625.6
2022-01-04,MSFT,321.933,322.289,313.559,316.338,32674300,10336122713.4
2022-01-05,MSFT,313.309,313.511,303.809,304.194,40054300,12184277734.2
2022-01-06,MSFT,301.088,306.425,299.492,301.79,39646100,11964796519.0
2022-01-07,MSFT,302.05,304.309,298.146,301.944,32720000,9879607680.0
2022-01-10,MSFT,297.569,302.598,292.954,302.165,44289500,13382736767.5
2022-01-11,MSFT,301.31,304.415,297.954,302.848,29386800,8899733606.4
2022-01-12,MSFT,307.357,310.953,304.867,306.011,34372200,10518271294.2
2022-01-13,MSFT,308.127,308.521,292.291,293.06,45366000,13294959960.0
2022-01-14,MSFT,292.531,298.848,292.05,298.252,39846400,11884268492.8
2022-01-18,MSFT,292.358,297.867,290.118,290.993,42333200,12318664867.6
2022-01-19,MSFT,294.493,301.819,291.041,291.647,45933900,13396484133.3
2022-01-20,MSFT,297.166,299.646,289.541,289.983,35380700,10259801528.1
2022-01-21,MSFT,291.031,292.397,284.224,284.628,57984400,16503983803.2
2022-01-24,MSFT,280.945,285.666,265.417,284.955,85731500,24429619582.5
2022-01-25,MSFT,280.292,283.628,274.186,277.378,72848600,20206598970.8
2022-01-26,MSFT,296.127,296.618,281.743,285.282,90428900,25797737449.8
2022-01-27,MSFT,291.002,295.464,286.455,288.291,53481300,15418177458.3
2022-01-28,MSFT,288.666,296.598,283.109,296.387,49743700,14743386011.9
2022-01-31,MSFT,297.05,300.348,294.57,299.002,46444500,13886998389.0
2022-02-01,MSFT,298.454,298.665,293.377,296.868,40950400,12156863347.2
2022-02-02,MSFT,297.704,302.983,296.983,301.387,36636000,11041614132.0
2022-02-03,MSFT,297.569,299.242,288.406,289.647,43730000,12666263310.0
2022-02-04,MSFT,288.647,296.906,288.416,294.156,35096500,10323846054.0
2022-02-07,MSFT,294.377,295.983,288.349,289.358,28533300,8256338621.4
2022-02-08,MSFT,289.647,293.791,288.397,292.829,32421200,9493867574.8
2022-02-09,MSFT,297.935,299.915,295.55,299.223,31284700,9361101788.1
2022-02-10,MSFT,292.329,297.214,289.118,290.733,45386200,13195266084.6
2022-02-11,MSFT,291.512,292.57,282.888,283.676,39175600,11113177505.6
2022-02-14,MSFT,282.455,285.33,280.128,283.638,36359500,10312935861.0
2022-02-15,MSFT,288.455,289.214,285.58,288.897,27058300,7817061695.1
2022-02-16,MSFT,287.471,289.88,282.952,288.56,29982100,8651634776.0
2022-02-17,MSFT,285.534,285.958,279.407,280.11,32461600,9092818776.0
2022-02-18,MSFT,282.345,283.126,275.851,277.412,34264000,9505244768.0
2022-02-22,MSFT,274.589,280.89,274.108,277.21,41736100,11569664281.0
2022-02-23,MSFT,279.58,281.045,269.868,270.032,37811200,10210233958.4
2022-02-24,MSFT,262.555,284.378,261.602,283.829,56989700,16175329561.3
2022-02-25,MSFT,284.359,286.758,280.996,286.45,32546700,9323002215.0
2022-02-28,MSFT,283.559,288.213,282.297,287.876,34627500,9968426190.0
2022-03-01,MSFT,285.573,289.012,281.478,284.176,31217800,8871349532.8
2022-03-02,MSFT,284.571,290.458,282.971,289.224,31873000,9218436552.0
2022-03-03,MSFT,291.826,292.057,283.309,285.11,27314500,7787637095.0
2022-03-04,MSFT,283.54,284.86,276.68,279.272,32356500,9036264468.0
2022-03-07,MSFT,277.99,279.108,268.356,268.722,43157200,11597289098.4
2022-03-08,MSFT,267.652,273.587,260.137,265.774,48159500,12799542953.0
2022-03-09,MSFT,273.086,279.021,270.523,277.961,35204500,9785478024.5
2022-03-10,MSFT,272.682,276.131,270.331,275.158,30628000,8427539224.0
2022-03-11,MSFT,277.441,278.935,269.223,269.839,27209300,7342130302.7
2022-03-14,MSFT,270.1,274.975,265.745,266.342,30660700,8166232159.4
2022-03-15,MSFT,270.109,277.306,268.548,276.661,34245100,9474283611.1
2022-03-16,MSFT,278.549,283.81,272.855,283.636,37826300,10728900426.8
2022-03-17,MSFT,282.576,284.812,278.8,284.436,30816600,8765350437.6
2022-03-18,MSFT,284.58,290.005,282.037,289.456,43390600,12559669513.6
2022-03-21,MSFT,287.972,289.176,284.128,288.232,28351200,8171723078.4
2022-03-22,MSFT,288.849,293.859,287.856,292.953,27599700,8085414914.1
2022-03-23,MSFT,289.533,292.153,286.845,288.55,25715400,7420178670.0
2022-03-24,MSFT,288.213,293.088,287.423,292.992,24484500,7173762624.0
2022-03-25,MSFT,294.08,294.34,288.357,292.587,22566500,6602664535.5
2022-03-28,MSFT,293.213,299.447,293.213,299.351,29578200,8854263748.2
2022-03-29,MSFT,302.443,304.283,297.761,303.888,30393400,9236189539.2
2022-03-30,MSFT,302.299,304.409,300.198,302.395,28163600,8516531822.0
2022-03-31,MSFT,302.434,303.628,296.643,297.048,33422100,9927967960.8
2022-04-01,MSFT,298.069,298.801,294.379,298.117,27110500,8082100928.5
2022-04-04,MSFT,298.763,303.599,298.397,303.465,24289600,7371043464.0
2022-04-05,MSFT,301.827,303.368,298.551,299.524,23156700,6935987410.8
2022-04-06,MSFT,294.042,295.786,285.872,288.56,40110400,11574257024.0
2022-04-07,MSFT,285.823,292.558,285.525,290.361,31411200,9120587443.2
2022-04-08,MSFT,289.465,290.12,285.457,286.122,24361900,6970475551.8
2022-04-11,MSFT,281.131,281.921,274.589,274.84,34569300,9501026412.0
2022-04-12,MSFT,278.674,280.12,270.244,271.757,30966700,8415417491.9
2022-04-13,MSFT,272.402,278.039,271.024,277.114,21907200,6070791820.8
2022-04-14,MSFT,277.566,277.778,269.117,269.608,28221600,7608769132.8
2022-04-18,MSFT,268.722,272.142,268.173,270.273,20778000,5615732394.0
2022-04-19,MSFT,269.175,275.717,268.24,274.878,22297700,6129147180.6
2022-04-20,MSFT,278.829,279.118,274.946,275.9,22906700,6319958530.0
2022-04-21,MSFT,278.039,282.586,269.83,270.552,29454600,7969000939.2
2022-04-22,MSFT,271.391,272.855,263.394,264.02,29405800,7763719316.0
2022-04-25,MSFT,263.307,270.841,260.879,270.466,35678900,9649929367.4
2022-04-26,MSFT,267.363,268.192,260.137,260.349,46518400,12111018921.6
2022-04-27,MSFT,271.795,280.341,268.963,272.874,63477700,17321413909.8
2022-04-28,MSFT,274.772,280.351,271.179,279.05,33646600,9389083730.0
2022-04-29,MSFT,278.067,279.291,266.4,267.383,37073900,9912930603.7
2022-05-02,MSFT,267.566,274.531,266.13,274.079,35151100,9634178336.9
2022-05-03,MSFT,273.587,273.751,269.916,271.487,25978600,7052852178.2
2022-05-04,MSFT,272.267,280.254,266.621,279.387,33599300,9387207629.1
2022-05-05,MSFT,275.11,275.89,264.319,267.219,43260400,11560000827.6
2022-05-06,MSFT,264.772,269.049,261.361,264.694,37780300,10000218728.2
2022-05-09,MSFT,260.195,262.411,253.701,254.915,47726000,12166073290.0
2022-05-10,MSFT,261.765,263.75,255.387,259.655,39336400,10213892942.0
2022-05-11,MSFT,255.975,261.448,249.828,251.032,48975900,12294518128.8
2022-05-12,MSFT,248.277,250.387,240.887,246.022,51033800,12555437543.6
2022-05-13,MSFT,247.949,253.432,246.022,251.582,34925100,8786526508.2
2022-05-16,MSFT,250.464,256.11,246.437,251.948,32550900,8201134153.2
2022-05-17,MSFT,256.389,258.528,252.873,257.073,28828800,7411106102.4
2022-05-18,MSFT,253.983,254.563,244.104,245.369,31356000,7693790364.0
2022-05-19,MSFT,245.195,248.836,243.244,244.461,32692300,7991992350.3
2022-05-20,MSFT,248.421,249.676,237.991,243.901,39199300,9560748469.3
2022-05-23,MSFT,246.731,252.535,244.741,251.714,33175400,8350712635.6
2022-05-24,MSFT,249.048,252.37,244.809,250.719,29043900,7281857564.1
2022-05-25,MSFT,249.29,255.509,248.314,253.52,28547900,7237463608.0
2022-05-26,MSFT,253.278,257.952,252.467,256.784,25002100,6420139246.4
2022-05-27,MSFT,259.275,263.969,258.387,263.872,26910800,7101006617.6
2022-05-31,MSFT,263.186,265.35,259.71,262.549,37827700,9931624807.3
2022-06-01,MSFT,265.765,268.169,260.782,263.08,25292200,6653871976.0
2022-06-02,MSFT,255.383,265.234,252.631,265.166,44008200,11669478361.2
2022-06-03,MSFT,261.043,264.075,259.208,260.762,28059000,7316720958.0
2022-06-06,MSFT,262.732,264.78,258.058,259.536,22400300,5813684260.8
2022-06-07,MSFT,257.498,263.766,256.822,263.157,22860700,6015953229.9
2022-06-08,MSFT,262.395,263.64,260.367,261.139,17372300,4536585049.7
2022-06-09,MSFT,258.599,263.36,255.557,255.712,26439700,6760948566.4
2022-06-10,MSFT,251.646,251.646,243.872,244.316,31422800,7677092804.8
2022-06-13,MSFT,236.706,240.482,233.249,233.954,46135800,10793654953.2
2022-06-14,MSFT,235.499,237.315,233.23,236.108,28651500,6764848362.0
2022-06-15,MSFT,239.797,246.547,237.972,243.128,33111700,8050381397.6
2022-06-16,MSFT,237.547,238.937,234.688,236.571,33169200,7846870813.2
2022-06-17,MSFT,236.311,241.912,235.663,239.159,43084800,10304117683.2
2022-06-21,MSFT,241.68,246.016,240.956,245.041,29928300,7333660560.3
2022-06-22,MSFT,243.254,248.353,241.786,244.451,25939900,6341034494.9
2022-06-23,MSFT,246.808,250.478,244.934,249.985,25861400,6464962079.0
2022-06-24,MSFT,252.834,258.792,252.747,258.522,33923200,8769893510.4
2022-06-27,MSFT,259.014,259.101,254.253,255.808,24615100,6296739500.8
2022-06-28,MSFT,254.929,257.759,247.532,247.687,27295500,6760740508.5
2022-06-29,MSFT,248.759,252.988,246.991,251.337,20069800,5044283322.6
2022-06-30,MSFT,248.237,250.632,244.229,248.025,31730900,7870056472.5
2022-07-01,MSFT,247.6,250.864,245.881,250.68,22837700,5724954636.0
2022-07-05,MSFT,247.378,253.964,246.006,253.838,22941000,5823297558.0
2022-07-06,MSFT,254.707,258.802,253.404,257.083,23824400,6124848225.2
2022-07-07,MSFT,256.03,259.835,255.934,259.198,20859900,5406844360.2
2022-07-08,MSFT,255.712,258.908,254.263,258.483,19658800,5081465600.4
2022-07-11,MSFT,256.542,257.392,253.191,255.441,19455200,4969655743.2
2022-07-12,MSFT,256.764,256.822,243.399,244.973,35868500,8786814050.5
2022-07-13,MSFT,241.612,244.857,239.604,244.056,29497400,7199017454.4
2022-07-14,MSFT,241.979,246.393,237.508,245.369,25102800,6159448933.2
2022-07-15,MSFT,246.953,251.443,246.035,247.918,29774100,7381535323.8
2022-07-18,MSFT,250.845,251.897,244.616,245.533,20975000,5150054675.0
2022-07-19,MSFT,248.749,250.816,244.983,250.632,25012600,6268957963.2
2022-07-20,MSFT,250.989,255.789,250.033,253.278,22788300,5771775047.4
2022-07-21,MSFT,250.883,255.808,248.218,255.76,22404700,5730226072.0
2022-07-22,MSFT,256.146,256.233,250.188,251.434,21881300,5501702784.2
2022-07-25,MSFT,252.052,252.535,248.005,249.956,21056000,5263073536.0
2022-07-26,MSFT,250.951,250.97,241.014,243.264,39348000,9571951872.0
2022-07-27,MSFT,252.206,260.791,249.975,259.526,45994000,11936638844.0
2022-07-28,MSFT,260.502,268.314,258.686,266.933,33459300,8931391326.9
2022-07-29,MSFT,268.179,272.332,267.146,271.115,32152800,8717106372.0
2022-08-01,MSFT,268.295,271.636,266.383,268.478,21539600,5782908728.8
2022-08-02,MSFT,266.537,268.363,263.042,265.398,22754200,6038919171.6
2022-08-03,MSFT,267.271,273.78,267.126,272.786,23518900,6415626655.4
2022-08-04,MSFT,272.139,274.07,270.564,273.925,18098700,4957686397.5
2022-08-05,MSFT,269.579,273.925,269.125,273.21,16774600,4582988466.0
2022-08-08,MSFT,274.311,276.117,269.744,270.709,18739200,5072870092.8
2022-08-09,MSFT,270.053,273.375,268.092,272.621,23405200,6380749029.2
2022-08-10,MSFT,278.29,279.874,277.102,279.246,24687800,6893969398.8
2022-08-11,MSFT,280.878,281.226,276.687,277.18,20065900,5561866162.0
2022-08-12,MSFT,278.589,281.902,277.102,281.902,22619700,6376538669.4
2022-08-15,MSFT,281.023,284.094,280.164,283.408,18085700,5125632065.6
2022-08-16,MSFT,281.979,283.959,280.463,282.674,18102900,5117219154.6
2022-08-17,MSFT,280.4,283.894,280.139,281.929,18253400,5146162808.6
2022-08-18,MSFT,280.836,282.5,279.762,280.816,17186200,4826159939.2
2022-08-19,MSFT,279.587,279.926,276.355,276.926,20570000,5696367820.0
2022-08-22,MSFT,272.987,273.355,268.284,268.797,25061100,6736348496.7
2022-08-23,MSFT,267.529,269.871,266.522,267.529,17527400,4689087794.6
2022-08-24,MSFT,266.532,268.294,266.242,266.9,18137000,4840765300.0
2022-08-25,MSFT,268.39,270.026,265.671,269.861,16583400,4475212907.4
2022-08-26,MSFT,270.084,271.303,259.342,259.448,27549300,7147610786.4
2022-08-29,MSFT,257.28,258.78,255.345,256.68,20338500,5220486180.0
2022-08-30,MSFT,258.074,258.442,252.258,254.493,22767100,5794067580.3
2022-08-31,MSFT,256.835,258.5,252.906,253.041,24791800,6273341863.8
2022-09-01,MSFT,250.525,252.48,247.177,252.006,23263400,5862516380.4
2022-09-02,MSFT,253.264,256.206,246.267,247.806,22855400,5663705252.4
2022-09-06,MSFT,247.941,249.519,243.819,245.087,21328200,5227264553.4
2022-09-07,MSFT,246.49,250.487,245.057,249.77,24126700,6026125859.0
2022-09-08,MSFT,249.209,252.035,246.577,250.187,20319900,5083774821.3
2022-09-09,MSFT,252.103,256.68,251.9,255.935,22084700,5652247694.5
2022-09-12,MSFT,257.213,258.829,256.613,258.055,18747700,4837937723.5
2022-09-13,MSFT,250.496,252.006,243.48,243.867,33353300,8133769211.1
2022-09-14,MSFT,245.357,246.035,241.806,244.09,23913000,5836924170.0
2022-09-15,MSFT,241.719,243.296,236.154,237.47,31530900,7487642823.0
2022-09-16,MSFT,236.386,237.393,234.257,236.851,39791800,9424727621.8
2022-09-19,MSFT,234.654,237.238,233.086,236.638,26826900,6348263962.2
2022-09-20,MSFT,234.267,235.66,231.915,234.635,26660300,6255439490.5
2022-09-21,MSFT,236.396,239.677,231.199,231.247,28625600,6619584123.2
2022-09-22,MSFT,230.202,235.999,229.912,233.212,31061200,7243844574.4
2022-09-23,MSFT,231.818,233.357,227.618,230.251,34176000,7869058176.0
2022-09-26,MSFT,229.409,233.667,229.264,229.796,27694200,6364016383.2
2022-09-27,MSFT,232.244,234.006,226.941,228.789,27018700,6181581354.3
2022-09-28,MSFT,229.176,234.518,227.163,233.299,29029700,6772599980.3
2022-09-29,MSFT,231.189,232.215,226.854,229.844,27484200,6317078464.8
2022-09-30,MSFT,230.609,232.786,225.228,225.392,35694800,8045322361.6
2022-10-03,MSFT,227.822,233.822,227.096,232.98,28880400,6728555592.0
2022-10-04,MSFT,237.19,242.29,237.083,240.857,34888400,8403115358.8
2022-10-05,MSFT,238.061,242.503,236.231,241.167,20347100,4907049065.7
2022-10-06,MSFT,239.938,242.27,238.148,238.835,20239900,4833996516.5
2022-10-07,MSFT,233.135,233.541,225.654,226.689,37769600,8561952854.4
2022-10-10,MSFT,225.538,226.999,219.421,221.86,29743600,6598915096.0
2022-10-11,MSFT,220.283,221.676,216.886,218.144,30474000,6647720256.0
2022-10-12,MSFT,218.134,220.515,216.741,218.473,21903900,4785410744.7
2022-10-13,MSFT,212.763,228.489,212.066,226.689,42551800,9646024990.2
2022-10-14,MSFT,227.947,229.593,220.979,221.192,30198600,6679688731.2
2022-10-17,MSFT,228.218,231.257,227.56,229.873,28142300,6469154927.9
2022-10-18,MSFT,235.399,236.067,227.783,230.812,26329600,6077187635.2
2022-10-19,MSFT,229.399,231.886,226.738,228.857,19985700,4573867344.9
2022-10-20,MSFT,228.17,233.531,227.299,228.538,21811000,4984642318.0
2022-10-21,MSFT,227.173,235.167,226.941,234.315,26299700,6162414205.5
2022-10-24,MSFT,235.902,239.851,233.522,239.28,24911200,5960751936.0
2022-10-25,MSFT,239.29,242.948,237.906,242.58,34775500,8435840790.0
2022-10-26,MSFT,223.718,230.618,222.644,223.863,82543200,18478368381.6
2022-10-27,MSFT,223.592,226.157,218.502,219.441,40424600,8870814648.6
2022-10-28,MSFT,218.947,228.973,218.763,228.267,40647700,9278528535.9
2022-10-31,MSFT,226.225,227.347,223.699,224.647,28357300,6370382373.1
2022-11-01,MSFT,227.038,228.141,220.002,220.815,30592300,6755238724.5
2022-11-02,MSFT,222.063,223.844,212.947,213.005,38407000,8180883035.0
2022-11-03,MSFT,212.995,213.305,207.082,207.344,36633900,7595819361.6
2022-11-04,MSFT,210.537,214.447,206.55,214.254,36789100,7882211831.4
2022-11-07,MSFT,214.834,221.047,214.147,220.525,33498000,7387146450.0
2022-11-08,MSFT,221.328,224.183,218.56,221.492,28192500,6244413210.0
2022-11-09,MSFT,220.041,221.26,217.099,217.273,27852900,6051683141.7
2022-11-10,MSFT,227.841,235.486,227.425,235.148,46268000,10879827664.0
2022-11-11,MSFT,235.157,239.996,234.131,239.144,34620200,8279213108.8
2022-11-14,MSFT,234.189,236.048,231.499,233.764,31123300,7275507101.2
2022-11-15,MSFT,237.741,239.038,232.293,234.17,31390100,7350619717.0
2022-11-16,MSFT,235.626,236.606,233.326,234.597,24093300,5652215900.1
2022-11-17,MSFT,230.764,236.072,230.618,234.549,23123500,5423593801.5
2022-11-18,MSFT,236.325,236.548,231.977,234.102,27613500,6464375577.0
2022-11-21,MSFT,234.306,237.45,234.073,234.908,26394700,6200326187.6
2022-11-22,MSFT,236.402,238.071,233.607,237.8,19665700,4676503460.0
2022-11-23,MSFT,237.877,240.954,237.062,240.274,19508500,4687385329.0
2022-11-25,MSFT,240.012,241.361,239.45,240.187,9200800,2209912549.6
2022-11-28,MSFT,238.819,239.372,233.695,234.626,24778200,5813609953.2
2022-11-29,MSFT,234.277,235.626,231.181,233.238,17956300,4188091499.4
2022-11-30,MSFT,233.471,247.796,232.782,247.611,47594200,11784847456.2
2022-12-01,MSFT,246.379,248.562,243.516,247.175,26041500,6436807762.5
2022-12-02,MSFT,242.448,248.504,242.322,247.495,21528500,5328196107.5
2022-12-05,MSFT,244.574,246.33,240.74,242.817,23435300,5690489240.1
2022-12-06,MSFT,243.419,244.428,236.587,237.887,22463700,5343822201.9
2022-12-07,MSFT,237.606,238.896,235.063,237.159,20481500,4857372058.5
2022-12-08,MSFT,237.615,241.4,235.888,240.1,22611800,5429093180.0
2022-12-09,MSFT,237.479,240.983,236.955,238.178,20609700,4908777126.6
2022-12-12,MSFT,240.148,245.088,239.877,245.059,30665100,7514758740.9
2022-12-13,MSFT,253.968,256.132,245.602,249.339,42196900,10521332849.1
2022-12-14,MSFT,249.543,254.842,246.806,249.63,35410900,8839622967.0
2022-12-15,MSFT,246.233,246.699,240.042,241.662,35560400,8593597384.8
2022-12-16,MSFT,241.216,242.468,236.325,237.47,86102000,20446641940.0
2022-12-19,MSFT,237.635,237.974,231.666,233.355,29696400,6929803422.0
2022-12-20,MSFT,232.336,235.742,231.385,234.665,25150800,5902012482.0
2022-12-21,MSFT,234.558,238.372,233.025,237.217,23690600,5619813060.2
2022-12-22,MSFT,234.141,234.849,226.969,231.162,28651700,6623184275.4
2022-12-23,MSFT,229.143,231.822,227.037,231.686,21207000,4913365002.0
2022-12-27,MSFT,231.657,231.88,228.871,229.968,16688600,3837843964.8
2022-12-28,MSFT,229.9,232.646,227.26,227.61,17457100,3973410531.0
2022-12-29,MSFT,228.696,234.781,228.696,233.898,19770700,4624327188.6
2022-12-30,MSFT,231.181,232.879,229.677,232.743,21938500,5106032305.5
2023-01-03,MSFT,235.907,238.498,230.395,232.511,25740000,5984833140.0
2023-01-04,MSFT,225.426,225.999,219.292,222.34,50623400,11255606756.0
2023-01-05,MSFT,220.496,220.836,215.216,215.75,39585600,8540593200.0
2023-01-06,MSFT,216.42,219.098,212.878,218.293,43613600,9520543584.8
2023-01-09,MSFT,219.768,224.417,219.729,220.418,27369800,6032796576.4
2023-01-10,MSFT,221.039,224.485,220.622,222.097,27033900,6004148088.3
2023-01-11,MSFT,224.465,228.988,224.29,228.813,28669300,6559908540.9
2023-01-12,MSFT,228.318,232.821,226.668,231.472,27269500,6312125704.0
2023-01-13,MSFT,230.007,232.307,227.988,232.171,21333300,4952973594.3
2023-01-17,MSFT,230.948,233.801,230.094,233.258,29831300,6958389375.4
2023-01-18,MSFT,234.442,235.228,228.57,228.852,30028700,6872128052.4
2023-01-19,MSFT,226.882,228.57,223.873,225.086,28623000,6442636578.0
2023-01-20,MSFT,227.93,233.636,227.59,233.132,35389800,8250494853.6
2023-01-23,MSFT,233.986,237.936,232.579,235.422,31934000,7517966148.0
2023-01-24,MSFT,235.344,236.752,233.345,234.898,40234400,9450980091.2
2023-01-25,MSFT,227.561,236.121,224.087,233.51,66526600,15534626366.0
2023-01-26,MSFT,236.46,240.983,234.859,240.682,33454500,8051895969.0
2023-01-27,MSFT,241.643,242.458,239.547,240.837,26498900,6381915579.3
2023-01-30,MSFT,237.295,238.353,235.053,235.548,25867400,6093014335.2
2023-01-31,MSFT,236.266,240.634,235.781,240.498,26541100,6383081467.8
2023-02-01,MSFT,240.682,247.65,238.227,245.292,31259900,7667803390.8
2023-02-02,MSFT,251.183,256.88,249.659,256.792,39940400,10256375196.8
2023-02-03,MSFT,251.882,256.404,249.514,250.727,29077300,7290464197.1
2023-02-06,MSFT,249.844,250.678,247.262,249.193,22518000,5611327974.0
2023-02-07,MSFT,252.842,260.839,252.406,259.665,50841400,13201732131.0
2023-02-08,MSFT,265.139,268.593,258.355,258.859,54686000,14155963274.0
2023-02-09,MSFT,265.721,265.896,255.045,255.841,42375100,10841287959.1
2023-02-10,MSFT,253.813,256.297,252.969,255.337,25818500,6592418334.5
2023-02-13,MSFT,259.743,266.497,259.267,263.314,44630900,11751940802.6
2023-02-14,MSFT,264.624,266.856,261.334,264.139,37047900,9785795258.1
2023-02-15,MSFT,261.055,263.399,258.973,262.028,28922400,7578478627.2
2023-02-16,MSFT,256.871,259.517,254.809,255.052,29603600,7550457387.2
2023-02-17,MSFT,252.367,253.048,249.068,251.073,30000100,7532215107.3
2023-02-21,MSFT,247.589,248.572,244.778,245.828,28397400,6980876047.2
2023-02-22,MSFT,247.21,247.453,243.562,244.7,22491100,5503572170.0
2023-02-23,MSFT,248.64,249.886,243.698,247.872,29219100,7242596755.2
2023-02-24,MSFT,243.192,244.204,241.382,242.472,24990900,6059593504.8
2023-02-27,MSFT,245.624,245.974,242.637,243.386,21190000,5157349340.0
2023-02-28,MSFT,242.326,244.68,241.995,242.666,22491000,5457801006.0
2023-03-01,MSFT,243.97,244.136,239.135,239.602,27565300,6604701010.6
2023-03-02,MSFT,239.874,244.593,238.96,244.311,24808200,6060916150.2
2023-03-03,MSFT,245.361,248.699,244.583,248.378,30760100,7640132117.8
2023-03-06,MSFT,249.487,253.077,249.049,249.915,24109800,6025400667.0
2023-03-07,MSFT,249.36,250.713,246.529,247.268,21473200,5309635217.6
2023-03-08,MSFT,247.161,247.648,244.019,246.831,17340200,4280098906.2
2023-03-09,MSFT,248.893,252.532,244.768,245.488,26653400,6543089859.2
2023-03-10,MSFT,244.282,245.945,240.896,241.859,28333900,6852808720.1
2023-03-13,MSFT,240.701,250.927,239.076,247.045,33339700,8236406186.5
2023-03-14,MSFT,249.798,254.001,248.932,253.729,33620300,8530445098.7
2023-03-15,MSFT,252.941,259.265,252.191,258.253,46028000,11886869084.0
2023-03-16,MSFT,258.029,269.072,256.151,268.721,54768800,14717526704.8
2023-03-17,MSFT,270.726,275.658,268.838,271.864,69527400,18901997073.6
2023-03-20,MSFT,269.48,269.967,262.543,264.859,43466600,11512520209.4
2023-03-21,MSFT,267.437,267.554,262.222,266.367,34558700,9205297242.9
2023-03-22,MSFT,265.997,273.43,264.81,264.917,34873300,9238530016.1
2023-03-23,MSFT,270.414,273.45,267.748,270.142,36610900,9890141747.8
2023-03-24,MSFT,269.733,273.031,267.826,272.973,28172000,7690195356.0
2023-03-27,MSFT,272.905,273.839,268.06,268.897,26840200,7217249259.4
2023-03-28,MSFT,268.322,268.663,264.684,267.778,21878600,5858607750.8
2023-03-29,MSFT,271.407,273.528,270.872,272.915,25087000,6846618605.0
2023-03-30,MSFT,276.534,276.758,273.858,276.359,25053400,6923732570.6
2023-03-31,MSFT,276.047,281.437,275.337,280.494,32766000,9190666404.0
2023-04-03,MSFT,278.762,280.465,276.262,279.453,24883300,6953712834.9
2023-04-04,MSFT,279.453,282.586,277.935,279.404,25824300,7215412717.2
2023-04-05,MSFT,278.11,279.375,275.259,276.641,22064800,6104028336.8
2023-04-06,MSFT,275.542,284.171,274.394,283.704,29770300,8445953191.2
2023-04-10,MSFT,281.379,281.759,277.001,281.554,23103000,6504742062.0
2023-04-11,MSFT,278.013,278.237,274.014,275.172,27276600,7505756575.2
2023-04-12,MSFT,277.079,279.239,274.325,275.814,27403400,7558241367.6
2023-04-13,MSFT,275.911,282.05,275.503,281.992,24222700,6830607618.4
2023-04-14,MSFT,279.229,280.669,276.009,278.392,20987900,5842863456.8
2023-04-17,MSFT,282.08,283.704,278.412,280.98,23836200,6697495476.0
2023-04-18,MSFT,283.675,283.86,279.239,280.562,20161800,5656634931.6
2023-04-19,MSFT,278.246,281.223,276.836,280.64,17150300,4813060192.0
2023-04-20,MSFT,277.526,281.204,277.361,278.363,23244400,6470380917.2
2023-04-21,MSFT,277.293,278.519,275.396,278.023,21676400,6026537757.2
2023-04-24,MSFT,274.452,277.234,271.173,274.141,26611000,7295166151.0
2023-04-25,MSFT,271.942,273.975,267.914,267.962,45772200,12265210256.4
2023-04-26,MSFT,288.666,291.459,284.804,287.372,64599200,18564001302.4
2023-04-27,MSFT,287.956,296.936,287.256,296.576,46462600,13779692057.6
2023-04-28,MSFT,295.778,300.565,295.097,298.94,36469600,10902222224.0
2023-05-01,MSFT,298.658,300.244,296.888,297.286,21294100,6330437812.6
2023-05-02,MSFT,299.427,300.808,295.681,297.14,26404400,7845803416.0
2023-05-03,MSFT,298.318,300.254,295.856,296.158,22360800,6622329806.4
2023-05-04,MSFT,297.948,299.427,295.185,297.14,22519900,6691563086.0
2023-05-05,MSFT,297.442,303.523,296.031,302.239,28197100,8522263306.9
2023-05-08,MSFT,301.733,301.801,297.802,300.293,21318600,6401826349.8
2023-05-09,MSFT,299.66,301.645,298.016,298.687,21340800,6374219529.6
2023-05-10,MSFT,300.264,304.525,299.339,303.854,30078000,9139320612.0
2023-05-11,MSFT,301.703,302.696,297.967,301.713,31680200,9558328182.6
2023-05-12,MSFT,302.141,302.239,298.298,300.604,19774700,5944353918.8
2023-05-15,MSFT,300.731,301.509,299.261,301.081,16336500,4918609756.5
2023-05-16,MSFT,301.441,305.216,301.441,303.299,26730300,8107273259.7
2023-05-17,MSFT,304.498,306.585,302.987,306.166,24315000,7444426290.0
2023-05-18,MSFT,306.683,311.08,305.893,310.573,27276000,8471189148.0
2023-05-19,MSFT,308.837,310.797,308.477,310.397,27546700,8550413039.9
2023-05-22,MSFT,310.651,314.541,310.076,313.167,24115700,7552241421.9
2023-05-23,MSFT,312.045,314.668,307.384,307.394,30797200,9466874496.8
2023-05-24,MSFT,306.878,308.603,304.81,306.019,23384900,7156223713.1
2023-05-25,MSFT,315.175,318.744,312.016,317.788,43301700,13760760639.6
2023-05-26,MSFT,315.936,325.082,315.799,324.584,36630600,11889706670.4
2023-05-30,MSFT,326.866,327.363,322.274,322.946,29503100,9527908132.6
2023-05-31,MSFT,323.999,327.558,319.163,320.197,45950600,14713244268.2
2023-06-01,MSFT,317.798,325.208,316.618,324.282,26773900,8682293839.8
2023-06-02,MSFT,325.91,329.079,324.253,327.032,25873800,8461560561.6
2023-06-05,MSFT,326.856,330.113,326.31,327.558,21307100,6979311061.8
2023-06-06,MSFT,326.963,327.002,323.882,325.355,20396200,6636005651.0
2023-06-07,MSFT,323.375,326.144,314.454,315.312,40717100,12838590235.2
2023-06-08,MSFT,315.858,318.49,315.282,317.145,23277700,7382406166.5
2023-06-09,MSFT,316.882,321.757,316.316,318.637,22529000,7178572973.0
2023-06-12,MSFT,320.382,323.814,317.047,323.57,24260300,7849905271.0
2023-06-13,MSFT,326.125,328.572,322.147,325.95,22951300,7480976235.0
2023-06-14,MSFT,325.998,330.581,324.506,328.923,26003800,8553247907.4
2023-06-15,MSFT,329.06,341.111,328.787,339.415,38899100,13202938026.5
2023-06-16,MSFT,342.555,342.701,333.418,333.789,46552000,15538545528.0
2023-06-20,MSFT,330.844,333.545,327.48,329.616,26375400,8693753846.4
2023-06-21,MSFT,327.978,329.304,323.785,325.238,25117800,8169263036.4
2023-06-22,MSFT,325.784,331.634,325.023,331.234,23556800,7802813091.2
2023-06-23,MSFT,326.018,329.528,325.13,326.661,23146900,7561189500.9
2023-06-26,MSFT,325.394,327.724,320.294,320.401,21520600,6895221760.6
2023-06-27,MSFT,323.58,327.763,321.084,326.222,24354100,7944843210.2
2023-06-28,MSFT,326.31,329.547,325.481,327.471,20259500,6634398724.5
2023-06-29,MSFT,326.359,327.724,324.321,326.69,16997000,5552749930.0
2023-06-30,MSFT,329.323,334.179,328.787,332.044,26832800,8909670243.2
2023-07-03,MSFT,330.727,332.395,328.173,329.557,12508700,4122329645.9
2023-07-05,MSFT,326.73,333.126,326.379,329.713,18172400,5991676521.2
2023-07-06,MSFT,328.884,334.432,327.129,332.755,28161200,9370780106.0
2023-07-07,MSFT,330.854,333.262,328.592,328.806,21214800,6975553528.8
2023-07-10,MSFT,326.252,326.866,319.417,323.551,32791400,10609690261.4
2023-07-11,MSFT,322.8,324.555,318.841,324.175,26698200,8654888985.0
2023-07-12,MSFT,328.202,333.126,327.295,328.787,29995300,9862064701.1
2023-07-13,MSFT,331.088,335.164,330.561,334.111,20567200,6871727759.2
2023-07-14,MSFT,338.918,342.662,335.719,336.626,28352700,9544255990.2
2023-07-17,MSFT,337.055,338.333,333.662,337.104,20363900,6864752145.6
2023-07-18,MSFT,337.202,357.629,333.633,350.521,64738600,22692238810.6
2023-07-19,MSFT,352.724,353.417,343.647,346.221,39732900,13756364370.9
2023-07-20,MSFT,344.748,349.039,336.753,338.216,33778400,11424395334.4
2023-07-21,MSFT,340.439,341.56,331.351,335.193,69405400,23264204242.2
2023-07-24,MSFT,337.221,338.264,333.769,336.5,26678100,8977180650.0
2023-07-25,MSFT,338.45,343.11,336.46,342.223,41637700,14249378607.1
2023-07-26,MSFT,332.921,336.07,324.799,329.343,58383700,19228262909.1
2023-07-27,MSFT,331.985,332.814,320.84,322.469,39635300,12781155555.7
2023-07-28,MSFT,325.345,331.527,324.857,329.928,28484900,9397966087.2
2023-07-31,MSFT,328.514,329.274,325.043,327.539,25446000,8334557394.0
2023-08-01,MSFT,326.827,330.093,325.374,327.948,18311900,6005350981.2
2023-08-02,MSFT,325.306,325.306,318.217,319.329,27761300,8864988167.7
2023-08-03,MSFT,317.866,321.649,317.818,318.51,18253700,5813985987.0
2023-08-04,MSFT,323.6,326.778,319.075,319.602,23741500,7587830883.0
2023-08-07,MSFT,320.177,322.849,319.348,321.874,17741500,5710527571.0
2023-08-08,MSFT,318.802,320.548,314.941,317.915,22327600,7098278954.0
2023-08-09,MSFT,318.325,318.949,313.04,314.19,22373300,7029467127.0
2023-08-10,MSFT,317.886,320.07,313.167,314.873,20113700,6333261060.1
2023-08-11,MSFT,312.27,314.366,311.246,313.001,24355500,7623295855.5
2023-08-14,MSFT,313.371,315.975,312.094,315.955,18836100,5951359975.5
2023-08-15,MSFT,314.941,316.979,312.894,313.83,16966300,5324533929.0
2023-08-16,MSFT,313.458,316.995,312.481,313.067,20698900,6480142526.3
2023-08-17,MSFT,313.204,314.504,308.973,309.628,21257200,6581824321.6
2023-08-18,MSFT,307.293,311.094,304.42,309.237,24755000,7655161935.0
2023-08-21,MSFT,310.654,315.383,309.784,314.514,24040000,7560916560.0
2023-08-22,MSFT,318.051,318.618,314.103,315.08,16084600,5067935768.0
2023-08-23,MSFT,316.409,321.666,316.057,319.516,21166400,6763003462.4
2023-08-24,MSFT,325.233,325.36,312.638,312.647,23281400,7278859865.8
2023-08-25,MSFT,314.113,317.914,311.504,315.588,21684100,6843241750.8
2023-08-28,MSFT,318.207,318.686,314.357,316.292,14808500,4683810082.0
2023-08-29,MSFT,314.514,321.451,314.514,320.894,19284600,6188312432.4
2023-08-30,MSFT,321.148,322.262,318.979,321.265,15222100,4890327956.5
2023-08-31,MSFT,321.666,323.337,319.301,320.259,26411000,8458360449.0
2023-09-01,MSFT,323.728,324.392,319.301,321.138,14942000,4798443996.0
2023-09-05,MSFT,321.471,327.187,321.138,325.917,18553900,6047031426.3
2023-09-06,MSFT,325.75,326.806,322.624,325.262,17535800,5703729379.6
2023-09-07,MSFT,323.708,325.457,321.5,322.36,18381000,5925299160.0
2023-09-08,MSFT,322.536,328.467,321.92,326.62,19530100,6378921262.0
2023-09-11,MSFT,329.522,330.675,327.753,330.206,16583300,5475905159.8
2023-09-12,MSFT,328.135,329.082,323.894,324.177,17565500,5694331093.5
2023-09-13,MSFT,323.728,329.141,323.591,328.369,16544400,5432668083.6
2023-09-14,MSFT,331.388,333.059,328.867,330.949,20267000,6707343383.0
2023-09-15,MSFT,329.209,329.678,322.106,322.663,37679800,12157877307.4
2023-09-18,MSFT,320.298,322.839,318.891,321.529,16834200,5412683491.8
2023-09-19,MSFT,318.705,321.852,317.083,321.129,16505900,5300523161.1
2023-09-20,MSFT,321.969,322.047,313.175,313.429,21436500,6718820758.5
2023-09-21,MSFT,311.954,317.904,307.791,312.217,35560400,11102561406.8
2023-09-22,MSFT,313.966,314.093,308.915,309.755,21447900,6643594264.5
2023-09-25,MSFT,309.345,310.4,307.791,310.273,17836000,5534029228.0
2023-09-26,MSFT,307.918,308.651,302.925,304.996,26297600,8020662809.6
2023-09-27,MSFT,305.153,307.107,302.603,305.632,19410100,5932347683.2
2023-09-28,MSFT,303.873,308.26,302.368,306.462,19683600,6032275423.2
2023-09-29,MSFT,310.478,312.159,307.772,308.524,24147300,7450021585.2
2023-10-02,MSFT,309.042,314.523,307.967,314.435,20570000,6467927950.0
2023-10-03,MSFT,313.488,314.035,304.088,306.218,21033500,6440836303.0
2023-10-04,MSFT,306.843,312.716,306.814,311.66,20720100,6457626366.0
2023-10-05,MSFT,311.787,312.657,307.693,312.051,16965600,5294132445.6
2023-10-06,MSFT,309.306,321.656,309.061,319.771,25673600,8209672745.6
2023-10-09,MSFT,317.318,322.741,315.784,322.272,19891200,6410376806.4
2023-10-10,MSFT,323.386,323.523,320.171,320.875,20557100,6596259462.5
2023-10-11,MSFT,323.63,325.203,321.607,324.812,20063200,6516768118.4
2023-10-12,MSFT,323.005,325.995,321.197,323.581,19313100,6249352211.1
2023-10-13,MSFT,324.773,326.19,318.891,320.23,21072400,6748014652.0
2023-10-16,MSFT,323.474,328.447,323.034,325.027,22158000,7201948266.0
2023-10-17,MSFT,322.047,325.829,319.917,324.461,18338500,5950128048.5
2023-10-18,MSFT,324.881,327.91,320.787,322.555,23153600,7468309448.0
2023-10-19,MSFT,324.549,329.17,323.337,323.738,25052100,8110316749.8
2023-10-20,MSFT,324.128,324.324,318.002,319.194,25027700,7988691673.8
2023-10-23,MSFT,318.021,325.115,316.966,321.783,24374700,7843364090.1
2023-10-24,MSFT,323.718,324.246,320.103,322.966,31153600,10061553577.6
2023-10-25,MSFT,337.124,338.277,329.893,332.874,55053800,18325978621.2
2023-10-26,MSFT,332.747,333.812,319.458,320.386,37828500,12119721801.0
2023-10-27,MSFT,322.868,329.014,320.884,322.262,29856500,9621615403.0
2023-10-30,MSFT,325.78,331.682,324.236,329.591,22828100,7523936307.1
2023-10-31,MSFT,331.095,331.242,327.03,330.372,20265300,6695087691.6
2023-11-01,MSFT,332.014,339.469,331.877,338.15,28158800,9521898220.0
2023-11-02,MSFT,339.293,340.847,336.88,340.348,24348100,8286827138.8
2023-11-03,MSFT,341.629,346.28,339.381,344.726,23637700,8148529770.2
2023-11-06,MSFT,345.361,349.358,345.263,348.371,23828300,8301088699.3
2023-11-07,MSFT,351.175,354.165,349.445,352.279,25833900,9100740458.1
2023-11-08,MSFT,353.403,355.543,352.299,354.888,26767800,9499571006.4
2023-11-09,MSFT,354.009,356.442,352.113,352.435,24847300,8757058175.5
2023-11-10,MSFT,353.217,361.63,352.807,361.21,28042100,10129086941.0
2023-11-13,MSFT,359.793,360.037,357.526,358.288,19986500,7160923112.0
2023-11-14,MSFT,362.519,363.438,358.943,361.796,27683900,10015924284.4
2023-11-15,MSFT,363.519,365.331,359.437,361.943,26860100,9721825174.3
2023-11-16,MSFT,363.206,368.483,362.442,368.307,27182300,10011431366.1
2023-11-17,MSFT,365.801,366.545,359.329,362.119,40157000,14541612683.0
2023-11-20,MSFT,363.461,370.951,363.245,369.551,52465100,19388530170.1
2023-11-21,MSFT,367.818,368.356,363.363,365.272,28423100,10382162583.2
2023-11-22,MSFT,370.099,371.851,367.132,369.952,23345300,8636640425.6
2023-11-24,MSFT,369.443,370.069,367.299,369.541,10176600,3760670940.6
2023-11-27,MSFT,368.904,372.684,368.337,370.696,22179200,8221740723.2
2023-11-28,MSFT,370.442,374.994,370.256,374.701,20453100,7663797023.1
2023-11-29,MSFT,375.738,376.267,369.551,370.931,28963400,10743422925.4
2023-11-30,MSFT,370.579,372.145,367.622,370.99,30554400,11335376856.0
2023-12-01,MSFT,368.885,370.256,363.549,366.682,33040500,12115356621.0
2023-12-04,MSFT,361.385,361.796,355.315,361.424,32063300,11588446139.2
2023-12-05,MSFT,358.79,365.282,357.978,364.733,23065000,8412566645.0
2023-12-06,MSFT,365.732,366.359,360.337,361.091,21182100,7648665671.1
2023-12-07,MSFT,360.533,363.686,358.663,363.196,23118900,8396692004.4
2023-12-08,MSFT,361.483,366.633,360.533,366.408,20154400,7384733395.2
2023-12-11,MSFT,360.778,363.833,358.448,363.539,27708800,10073229443.2
2023-12-12,MSFT,363.098,366.594,362.717,366.555,24838300,9104603056.5
2023-12-13,MSFT,368.16,369.746,363.02,366.545,30955500,11346583747.5
2023-12-14,MSFT,365.507,365.948,356.519,358.281,43277500,15505505977.5
2023-12-15,MSFT,359.182,364.616,358.624,362.981,78502300,28494843356.3
2023-12-18,MSFT,361.728,365.203,360.974,364.861,21802900,7955027896.9
2023-12-19,MSFT,363.725,365.458,362.109,365.458,20603700,7529786994.6
2023-12-20,MSFT,367.162,368.17,362.785,362.873,26316700,9549619879.1
2023-12-21,MSFT,364.773,366.584,362.305,365.732,17708000,6476382256.0
2023-12-22,MSFT,365.869,367.338,364.919,366.75,17107500,6274175625.0
2023-12-26,MSFT,367.162,369.061,365.693,366.829,12673100,4648860599.9
2023-12-27,MSFT,365.879,367.22,365.017,366.251,14905400,5459117655.4
2023-12-28,MSFT,367.524,368.591,366.339,367.436,14327000,5264255572.0
2023-12-29,MSFT,368.141,369.276,365.673,368.18,18730800,6896305944.0
2024-01-02,MSFT,366.045,368.043,359.104,363.118,25258600,9171852314.8
2024-01-03,MSFT,361.297,365.458,360.807,362.854,23083500,8375940309.0
2024-01-04,MSFT,362.922,365.301,359.495,360.249,20901500,7529744473.5
2024-01-05,MSFT,361.258,364.283,358.839,360.063,21004600,7562979289.8
2024-01-08,MSFT,361.581,367.357,361.297,366.858,23134000,8486892972.0
2024-01-09,MSFT,364.234,368.131,363.431,367.935,20830000,7664086050.0
2024-01-10,MSFT,368.503,376.14,368.454,374.769,25514200,9561931219.8
2024-01-11,MSFT,377.932,382.514,372.429,376.59,27850800,10488332772.0
2024-01-12,MSFT,377.432,380.556,376.61,380.35,21661200,8238837420.0
2024-01-16,MSFT,385.432,385.794,379.518,382.112,27202300,10394325257.6
2024-01-17,MSFT,379.87,381.956,376.767,381.329,22234100,8478507118.9
2024-01-18,MSFT,383.532,385.755,381.966,385.637,23392100,9020859267.7
2024-01-19,MSFT,387.488,390.337,385.275,390.337,29331100,11449013580.7
2024-01-22,MSFT,391.659,392.246,385.363,388.222,27016900,10488554951.8
2024-01-23,MSFT,387.478,391.032,385.696,390.562,20525900,8016636555.8
2024-01-24,MSFT,393.147,397.151,392.08,394.146,24867000,9801228582.0
2024-01-25,MSFT,395.869,398.503,394.116,396.407,21021200,8332950828.4
2024-01-26,MSFT,395.918,397.68,394.018,395.487,17803300,7040973707.1
2024-01-29,MSFT,397.572,401.41,395.879,401.156,24510200,9832413791.2
2024-01-30,MSFT,403.643,404.416,397.954,400.049,33477600,13392680402.4
2024-01-31,MSFT,398.454,406.639,388.907,389.27,47871100,18634783097.0
2024-02-01,MSFT,393.431,399.472,393.401,395.34,30657700,12120215118.0
2024-02-02,MSFT,395.369,404.025,395.125,402.624,28256700,11376825580.8
2024-02-05,MSFT,401.332,402.566,395.546,397.171,25352300,10069198343.3
2024-02-06,MSFT,397.396,399.442,394.488,397.014,18382600,7298149556.4
2024-02-07,MSFT,398.924,405.64,398.884,405.395,22340500,9056726997.5
2024-02-08,MSFT,405.395,406.874,403.907,405.454,21225300,8605882786.2
2024-02-09,MSFT,406.57,412.024,406.414,411.759,22032800,9072203695.2
2024-02-12,MSFT,411.769,411.946,406.081,406.58,21202900,8620675082.0
2024-02-13,MSFT,396.476,401.499,394.958,397.827,27824900,11069496492.3
2024-02-14,MSFT,400.279,402.015,396.846,401.672,20401200,8194590806.4
2024-02-15,MSFT,400.348,401.319,396.571,398.798,21825500,8703965749.0
2024-02-16,MSFT,400.171,400.495,395.738,396.346,22296500,8837128589.0
2024-02-20,MSFT,395.541,396.768,390.411,395.1,24307900,9604051290.0
2024-02-21,MSFT,392.53,394.61,389.636,394.502,18518900,7305743087.8
2024-02-22,MSFT,402.359,404.948,400.77,403.791,27009900,10906354530.9
2024-02-23,MSFT,407.734,407.92,401.162,402.506,16295900,6559197525.4
2024-02-26,MSFT,403.604,404.291,399.583,399.759,16193500,6473497366.5
2024-02-27,MSFT,400.201,400.524,396.14,399.7,14835800,5929869260.0
2024-02-28,MSFT,400.387,401.486,397.582,399.936,13183100,5272396281.6
2024-02-29,MSFT,400.838,406.292,398.17,405.743,31947300,12962393343.9
2024-03-01,MSFT,403.418,407.93,403.036,407.567,17823400,7264229667.8
2024-03-04,MSFT,405.547,409.382,404.448,406.998,17596000,7161536808.0
2024-03-05,MSFT,406.057,406.341,392.991,394.963,26919200,10632087989.6
2024-03-06,MSFT,395.277,397.425,390.784,394.413,22344100,8812803513.3
2024-03-07,MSFT,398.366,401.957,394.56,401.329,18718500,7512276886.5
2024-03-08,MSFT,400.171,402.584,396.611,398.465,18002200,7173246623.0
2024-03-11,MSFT,396.052,397.935,393.599,396.797,16120800,6396685077.6
2024-03-12,MSFT,399.838,407.636,399.024,407.352,22457000,9147903864.0
2024-03-13,MSFT,410.118,410.196,403.595,407.175,17115900,6969166582.5
2024-03-14,MSFT,412.217,419.652,410.01,417.102,34157300,14247078144.6
2024-03-15,MSFT,411.285,414.532,404.909,408.47,45079900,18413786753.0
2024-03-18,MSFT,406.341,412.698,405.88,409.353,20106000,8230451418.0
2024-03-19,MSFT,409.853,413.62,407.616,413.365,19837900,8200293533.5
2024-03-20,MSFT,413.943,417.828,412.629,417.112,17860100,7449662031.2
2024-03-21,MSFT,421.624,422.595,419.005,421.173,21296200,8969384442.6
2024-03-22,MSFT,421.496,421.653,417.936,420.555,17648500,7422164917.5
2024-03-25,MSFT,417.121,419.25,413.561,414.787,18060500,7491260613.5
2024-03-26,MSFT,417.484,417.857,413.306,413.6,16725600,6917708160.0
2024-03-27,MSFT,416.337,416.347,411.01,413.384,16705000,6905579720.0
2024-03-28,MSFT,412.923,413.816,411.118,412.688,21871200,9025981785.6
2024-04-01,MSFT,415.856,419.721,414.159,416.464,16316000,6795026624.0
2024-04-02,MSFT,412.089,414.316,409.863,413.394,17912000,7404713328.0
2024-04-03,MSFT,411.717,415.179,411.089,412.423,16502300,6805928072.9
2024-04-04,MSFT,416.876,420.486,409.598,409.902,19370900,7940170651.8
2024-04-05,MSFT,411.991,418.367,410.334,417.396,16554800,6909907300.8
2024-04-08,MSFT,417.053,419.123,415.218,416.484,14272400,5944226241.6
2024-04-09,MSFT,418.298,419.574,413.571,418.142,12496900,5225478759.8
2024-04-10,MSFT,414.13,415.934,411.687,415.179,16216600,6732791771.4
2024-04-11,MSFT,417.69,421.173,414.296,419.76,17966400,7541576064.0
2024-04-12,MSFT,415.954,417.063,411.756,413.845,19253800,7968088861.0
2024-04-15,MSFT,418.455,418.671,405.537,405.743,20273500,8225830710.5
2024-04-16,MSFT,406.655,410.412,405.831,406.665,16765600,6817982724.0
2024-04-17,MSFT,409.284,410.883,402.496,403.977,15855500,6405257323.5
2024-04-18,MSFT,402.79,404.026,396.238,396.552,21029900,8339448904.8
2024-04-19,MSFT,396.316,397.739,390.176,391.5,30565800,11966510700.0
2024-04-22,MSFT,392.442,395.159,388.194,393.305,20286900,7978939204.5
2024-04-23,MSFT,396.522,400.407,395.365,399.789,15734500,6290480020.5
2024-04-24,MSFT,401.741,404.595,399.014,401.25,15065300,6044951625.0
2024-04-25,MSFT,386.507,392.255,380.622,391.422,40586500,15886449003.0
2024-04-26,MSFT,404.301,405.115,398.013,398.563,29694700,11835208716.1
2024-04-29,MSFT,397.513,398.563,391.569,394.57,19582100,7726509197.0
2024-04-30,MSFT,393.825,394.482,381.74,381.897,28781400,10991530315.8
2024-05-01,MSFT,385.114,394.05,382.858,387.4,23562500,9128112500.0
2024-05-02,MSFT,390.068,392.295,387.115,390.245,17709400,6911004803.0
2024-05-03,MSFT,394.6,399.377,394.188,398.896,17446700,6959418843.2
2024-05-06,MSFT,400.956,406.027,398.612,405.645,16996600,6894585807.0
2024-05-07,MSFT,406.743,406.753,401.28,401.525,20018200,8037807755.0
2024-05-08,MSFT,400.377,404.36,398.945,402.702,11792300,4748782794.6
2024-05-09,MSFT,402.732,404.84,401.29,404.448,14689700,5941219785.6
2024-05-10,MSFT,405.056,407.45,403.938,406.822,13402300,5452350490.6
2024-05-13,MSFT,410.029,410.363,402.977,405.821,15440200,6265957404.2
2024-05-14,MSFT,404.154,409.519,403.693,408.607,15109300,6173765745.1
2024-05-15,MSFT,410.661,416.469,410.042,415.751,22239500,9246094364.5
2024-05-16,MSFT,414.493,418.051,413.068,413.697,17530100,7252149779.7
2024-05-17,MSFT,415.221,415.594,410.789,412.931,15352200,6339399298.2
2024-05-20,MSFT,412.931,419.377,412.715,417.972,16272100,6801282181.2
2024-05-21,MSFT,419.436,425.47,417.491,421.608,21453300,9044882906.4
2024-05-22,MSFT,422.64,424.92,419.731,423.062,18073700,7646295669.4
2024-05-23,MSFT,425.47,426.089,418.051,419.603,17211700,7222080955.1
2024-05-24,MSFT,419.79,423.593,417.058,422.709,11855300,5011342007.7
2024-05-28,MSFT,422.188,423.357,419.21,422.866,15718000,6646607788.0
2024-05-29,MSFT,418.316,423.475,418.316,421.736,15517100,6544119685.6
2024-05-30,MSFT,416.95,416.95,407.064,407.487,28394500,11570389621.5
2024-05-31,MSFT,409.531,409.531,397.503,407.939,47995300,19579154686.7
2024-06-03,MSFT,408.332,409.216,401.837,406.357,17484700,7105030237.9
2024-06-04,MSFT,405.286,409.226,402.583,408.863,14348900,5866734300.7
2024-06-05,MSFT,410.573,416.734,409.089,416.665,16988000,7078305020.0
2024-06-06,MSFT,416.665,417.943,413.295,417.166,14861300,6199629075.8
2024-06-07,MSFT,418.817,418.896,415.673,416.508,13621700,5673547023.6
2024-06-10,MSFT,417.343,420.665,416.547,420.458,13982900,5879222168.2
2024-06-11,MSFT,418.11,425.323,417.884,425.185,14551100,6186909453.5
2024-06-12,MSFT,427.779,435.719,425.745,433.42,22366200,9693958404.0
2024-06-13,MSFT,433.213,435.709,431.759,433.931,15960600,6925799118.6
2024-06-14,MSFT,430.688,435.464,429.155,434.904,13582000,5906866128.0
2024-06-17,MSFT,434.923,443.129,433.086,440.603,20790000,9160136370.0
2024-06-18,MSFT,441.92,442.342,437.183,438.608,17112500,7505679400.0
2024-06-20,MSFT,438.569,438.795,433.626,437.979,19877400,8705883774.6
2024-06-21,MSFT,439.63,442.775,438.775,441.989,34187100,15110322141.9
2024-06-24,MSFT,442.008,444.907,438.677,439.915,15913700,7000675335.5
2024-06-25,MSFT,440.485,443.6,439.011,443.138,16413400,7273401249.2
2024-06-26,MSFT,441.222,445.743,440.426,444.327,16507000,7334505789.0
2024-06-27,MSFT,444.347,448.268,443.944,445.005,14806300,6588877531.5
2024-06-28,MSFT,445.222,447.492,438.677,439.208,28362300,12456949058.4
2024-07-01,MSFT,440.888,449.447,437.94,448.818,17662800,7927382570.4
2024-07-02,MSFT,445.349,451.629,445.261,451.324,13979800,6309419255.2
2024-07-03,MSFT,450.253,453.034,449.948,452.788,9932800,4497452646.4
2024-07-05,MSFT,451.648,460.237,451.019,459.461,16000300,7351513838.3
2024-07-08,MSFT,458.468,459.598,456.414,458.164,12962300,5938859217.2
2024-07-09,MSFT,458.91,459.235,450.066,451.58,17207200,7770427376.0
2024-07-10,MSFT,453.231,458.38,450.911,458.173,18196100,8336961725.3
2024-07-11,MSFT,454.96,456.729,443.728,446.824,23111200,10326638828.8
2024-07-12,MSFT,446.46,448.455,442.844,445.693,16324300,7275626239.9
2024-07-15,MSFT,445.448,449.339,443.61,446.096,14429400,6436897622.4
2024-07-16,MSFT,446.352,446.43,438.923,441.733,17175700,7587073488.1
2024-07-17,MSFT,434.923,437.144,431.572,435.837,21778000,9491658186.0
2024-07-18,MSFT,436.643,436.948,426.875,432.742,20794800,8998783341.6
2024-07-19,MSFT,425.598,433.498,424.517,429.538,20940400,8994697535.2
2024-07-22,MSFT,434.137,436.898,431.307,435.267,15808800,6881048949.6
2024-07-23,MSFT,436.211,440.623,435.424,437.144,13107100,5729690122.4
2024-07-24,MSFT,432.82,433.832,420.183,421.47,26805800,11297840526.0
2024-07-25,MSFT,421.372,422.355,410.278,411.152,29943800,12311453257.6
2024-07-26,MSFT,410.956,421.49,410.042,417.903,23583800,9855740771.4
2024-07-29,MSFT,424.104,424.664,417.343,419.338,15125800,6342822720.4
2024-07-30,MSFT,420.311,421.618,410.13,415.594,32687600,13584770434.4
2024-07-31,MSFT,413.216,414.474,405.069,411.103,42891400,17632783214.2
2024-08-01,MSFT,413.501,420.055,405.934,409.885,30296400,12418039914.0
2024-08-02,MSFT,405.345,407.811,397.336,401.414,29437900,11816785190.6
2024-08-05,MSFT,382.429,394.093,378.901,388.305,40709200,15807585906.0
2024-08-06,MSFT,393.071,398.643,391.597,392.688,24946500,9796191192.0
2024-08-07,MSFT,401.561,402.976,390.585,391.528,20650900,8085405575.2
2024-08-08,MSFT,395.469,398.829,393.012,395.714,20203000,7994609942.0
2024-08-09,MSFT,397.031,400.981,395.292,398.987,19276700,7691152702.9
2024-08-12,MSFT,400.009,401.679,397.238,399.763,16762900,6701187192.7
2024-08-13,MSFT,402.495,407.762,402.475,406.838,19414300,7898474983.4
2024-08-14,MSFT,407.615,410.484,405.305,409.639,18267000,7482875613.0
2024-08-15,MSFT,413.272,414.561,411.165,414.482,20752100,8601371912.2
2024-08-16,MSFT,414.059,414.788,410.81,411.962,22775600,9382681727.2
2024-08-19,MSFT,412.445,415.191,409.983,414.975,15234000,6321729150.0
2024-08-20,MSFT,415.142,419.237,415.083,418.194,16387600,6853195994.4
2024-08-21,MSFT,417.485,419.769,415.162,417.544,16067300,6708804711.2
2024-08-22,MSFT,417.761,420.153,408.162,409.088,19361900,7920720947.2
2024-08-23,MSFT,410.495,412.74,405.681,410.308,18493800,7588154090.4
2024-08-26,MSFT,409.895,410.791,404.943,407.06,13152800,5353978768.0
2024-08-27,MSFT,406.439,407.916,403.87,407.404,13492900,5497061431.6
2024-08-28,MSFT,408.428,408.546,400.976,404.215,14882700,6015810580.5
2024-08-29,MSFT,408.487,415.487,404.215,406.695,17045200,6932197614.0
2024-08-30,MSFT,409.137,410.997,405.721,410.653,24308300,9982276319.9
2024-09-03,MSFT,411.411,413.35,400.7,403.073,20313600,8187863692.8
2024-09-04,MSFT,399.598,404.845,398.082,402.541,15135800,6092780067.8
2024-09-05,MSFT,401.281,406.676,399.814,402.039,14195500,5707144624.5
2024-09-06,MSFT,402.699,404.264,394.567,395.453,19609500,7754635603.5
2024-09-09,MSFT,400.907,402.295,395.896,399.411,15295100,6109031186.1
2024-09-10,MSFT,401.852,409.856,401.36,407.759,19594300,7989752173.7
2024-09-11,MSFT,409.038,417.396,403.21,416.461,19266900,8023912440.9
2024-09-12,MSFT,416.727,420.724,413.222,420.36,17395700,7312456452.0
2024-09-13,MSFT,419.208,425.114,418.844,423.894,15874600,6729147692.4
2024-09-16,MSFT,423.904,426.788,421.561,424.632,13834700,5874656330.4
2024-09-17,MSFT,433.384,434.979,425.548,428.383,18874200,8085386418.6
2024-09-18,MSFT,428.235,429.249,423.717,424.11,18898000,8014830780.0
2024-09-19,MSFT,434.368,434.634,430.106,431.868,21706600,9374385928.8
2024-09-20,MSFT,430.421,432.409,427.467,428.501,55167100,23639157517.1
2024-09-23,MSFT,427.526,429.672,423.697,426.768,15128900,6456530395.2
2024-09-24,MSFT,426.266,426.611,419.474,422.496,17015800,7189107436.8
2024-09-25,MSFT,423.146,426.384,421.905,425.39,13396400,5698694596.0
2024-09-26,MSFT,428.324,428.531,422.457,424.603,14492000,6153346676.0
2024-09-27,MSFT,424.809,425.134,420.822,421.364,14896100,6276680280.4
2024-09-30,MSFT,421.551,423.726,418.755,423.608,16807300,7119706738.4
2024-10-01,MSFT,421.787,421.817,412.297,414.148,19092900,7907286349.2
2024-10-02,MSFT,416.008,416.245,410.23,410.643,16582300,6809405418.9
2024-10-03,MSFT,411.135,413.025,407.847,410.062,13686400,5612272556.8
2024-10-04,MSFT,411.736,413.222,408.517,409.59,19169700,7851717423.0
2024-10-07,MSFT,409.531,410.623,402.64,403.171,20919800,8434256685.8
2024-10-08,MSFT,404.51,409.196,401.822,408.261,19229300,7850573247.3
2024-10-09,MSFT,409.393,413.843,407.857,410.968,14974300,6153958122.4
2024-10-10,MSFT,408.773,410.86,406.725,409.373,13848400,5669161053.2
2024-10-11,MSFT,409.669,410.643,406.823,409.846,14144900,5797230685.4
2024-10-14,MSFT,411.273,417.446,411.027,412.622,16653100,6871435428.2
2024-10-15,MSFT,415.615,415.91,408.802,412.228,18900200,7791191645.6
2024-10-16,MSFT,408.714,409.885,404.096,409.649,15508900,6353205376.1
2024-10-17,MSFT,415.792,415.93,409.127,410.239,14820000,6079741980.0
2024-10-18,MSFT,410.653,413.124,409.787,411.657,17145300,7057982762.1
2024-10-21,MSFT,409.649,412.445,407.316,412.267,14206100,5856706228.7
2024-10-22,MSFT,411.982,423.884,411.539,420.862,25482200,10724489656.4
2024-10-23,MSFT,424.16,424.376,415.959,417.997,19654400,8215480236.8
2024-10-24,MSFT,418.716,419.355,415.831,418.125,13581600,5678806500.0
2024-10-25,MSFT,420.123,425.794,419.936,421.492,16899100,7122835457.2
2024-10-28,MSFT,424.947,425.223,419.67,419.956,14882400,6249953174.4
2024-10-29,MSFT,421.344,426.434,419.178,425.233,17644100,7502853575.3
2024-10-30,MSFT,430.637,431.681,425.38,425.804,29749100,12667285776.4
2024-10-31,MSFT,408.901,409.688,399.981,400.031,53971000,21590073101.0
2024-11-01,MSFT,402.649,409.038,401.163,403.988,24230400,9788790835.2
2024-11-04,MSFT,403.427,404.037,399.263,402.108,19672300,7910389208.4
2024-11-05,MSFT,402.019,408.448,401.734,405.061,17626000,7139605186.0
2024-11-06,MSFT,406.006,413.911,404.136,413.646,26681800,11036819842.8
2024-11-07,MSFT,414.729,420.212,413.35,418.814,19901800,8335152465.2
2024-11-08,MSFT,418.706,419.867,415.221,415.969,16891400,7026298766.6
2024-11-11,MSFT,415.949,418.204,409.531,411.509,24503300,10083328479.7
2024-11-12,MSFT,411.746,417.839,410.712,416.451,19401200,8079649141.2
2024-11-13,MSFT,415.083,422.653,411.706,418.588,21502200,9000562893.6
2024-11-14,MSFT,418.391,421.511,413.468,420.251,30246900,12711289971.9
2024-11-15,MSFT,413.291,416.225,407.207,408.546,28247600,11540443989.6
2024-11-18,MSFT,408.418,411.893,405.691,409.294,24727000,10120612738.0
2024-11-19,MSFT,406.686,411.441,405.15,411.293,18133500,7458181615.5
2024-11-20,MSFT,410.387,410.801,404.195,409.029,19191700,7849961859.3
2024-11-21,MSFT,413.803,414.079,404.718,407.263,20780200,8463006592.6
2024-11-22,MSFT,405.783,411.731,405.477,411.337,24814600,10207163120.2
2024-11-25,MSFT,412.698,415.361,409.216,413.102,27691100,11439248792.2
2024-11-26,MSFT,413.892,423.213,413.162,422.178,23458900,9903831484.2
2024-11-27,MSFT,419.337,421.428,416.289,417.245,18332400,7649102238.0
2024-11-29,MSFT,414.385,419.11,412.126,417.709,16271900,6796919077.1
2024-12-02,MSFT,415.845,427.12,415.588,425.127,20207200,8590626314.4
2024-12-03,MSFT,424.002,426.597,421.931,425.344,18302000,7784645888.0
2024-12-04,MSFT,427.149,433.699,426.755,431.48,26009400,11222535912.0
2024-12-05,MSFT,431.973,438.621,430.247,436.609,21697800,9473454760.2
2024-12-06,MSFT,436.293,440.042,435.77,437.546,18821000,8235053266.0
2024-12-09,MSFT,436.589,442.241,434.518,439.963,19144400,8422827657.2
2024-12-10,MSFT,438.355,443.514,435.603,437.309,18469500,8076878575.5
2024-12-11,MSFT,438.019,444.234,438.019,442.892,19200200,8503614978.4
2024-12-12,MSFT,443.011,449.965,443.011,443.455,20834800,9239296234.0
2024-12-13,MSFT,442.35,445.299,439.529,441.196,20177800,8902364648.8
2024-12-16,MSFT,441.196,446.039,439.233,445.457,23598800,10512250651.6
2024-12-17,MSFT,444.885,449.107,443.464,448.288,22733500,10191155248.0
2024-12-18,MSFT,445.191,446.503,431.085,431.45,24444500,10546579525.0
2024-12-19,MSFT,435.622,437.161,430.394,431.095,22963700,9899536251.5
2024-12-20,MSFT,427.228,437.714,422.809,430.671,64263700,27676511942.7
2024-12-23,MSFT,430.809,431.706,426.952,429.339,19152500,8222915197.5
2024-12-24,MSFT,428.747,433.63,428.293,433.363,7164500,3104829213.5
2024-12-26,MSFT,433.117,434.952,430.7,432.16,8194200,3541205472.0
2024-12-27,MSFT,428.698,429.309,420.56,424.683,18117700,7694279189.1
2024-12-30,MSFT,420.274,421.743,416.17,419.06,13158700,5514284822.0
2024-12-31,MSFT,420.313,420.935,414.947,415.776,13246500,5507576784.0
2025-01-02,MSFT,419.751,420.284,409.216,412.895,16896500,6976480367.5
2025-01-03,MSFT,415.361,418.271,413.842,417.601,16662900,6958443702.9
2025-01-06,MSFT,422.187,428.422,419.702,422.039,20573600,8682861570.4
2025-01-07,MSFT,423.174,424.801,415.085,416.634,18139100,7557365789.4
2025-01-08,MSFT,417.709,421.171,415.815,418.794,15054600,6304776152.4
2025-01-10,MSFT,418.863,418.942,409.384,413.26,20201100,8348306586.0
2025-01-13,MSFT,409.601,412.816,406.691,411.524,17604800,7244797715.2
2025-01-14,MSFT,412.136,414.04,405.142,410.025,16935900,6944142397.5
2025-01-15,MSFT,413.438,422.335,412.59,420.52,19637800,8258087656.0
2025-01-16,MSFT,422.878,423.657,418.626,418.814,15300000,6407854200.0
2025-01-17,MSFT,428.195,428.579,422.355,423.203,26197500,11086860592.5
2025-01-21,MSFT,424.358,425.048,419.82,422.681,26085700,11025929761.7
2025-01-22,MSFT,431.618,441.196,430.079,440.14,27803800,12237564532.0
2025-01-23,MSFT,435.997,440.683,435.504,440.643,18389300,8103116319.9
2025-01-24,MSFT,439.114,440.584,435.405,438.029,15549500,6811131935.5
2025-01-27,MSFT,418.252,429.29,417.749,428.658,35647800,15280714652.4
2025-01-28,MSFT,428.698,442.291,425.521,441.127,23491700,10362823145.9
2025-01-29,MSFT,440.624,440.811,434.419,436.323,23581400,10289107192.2
2025-01-30,MSFT,413.083,417.117,407.549,409.354,54586300,22345120250.2
2025-01-31,MSFT,413.29,414.977,409.275,409.423,34161900,13986667583.7
2025-02-03,MSFT,406.01,409.768,403.11,405.339,25679100,10408740714.9
2025-02-04,MSFT,407.085,408.299,404.175,406.77,20532100,8351842317.0
2025-02-05,MSFT,406.75,408.21,404.826,407.677,16316700,6651943305.9
2025-02-06,MSFT,408.378,412.521,408.378,410.173,16309800,6689839595.4
2025-02-07,MSFT,410.824,412.964,402.558,404.185,22886800,9250501258.0
2025-02-10,MSFT,408.091,409.818,405.339,406.622,20817900,8465016133.8
2025-02-11,MSFT,404.077,406.888,403.741,405.852,18140600,7362398791.2
2025-02-12,MSFT,401.68,405.172,398.878,403.485,19121700,7715319124.5
2025-02-13,MSFT,401.473,405.418,400.841,404.965,23891700,9675302290.5
2025-02-14,MSFT,402.252,403.357,400.368,402.883,22758500,9169012755.5
2025-02-18,MSFT,402.459,405.024,400.979,404.077,21423100,8656581978.7
2025-02-19,MSFT,402.341,409.847,402.114,409.137,24114200,9866011445.4
2025-02-20,MSFT,410.471,414.445,407.753,411.302,23508700,9669175327.4
2025-02-21,MSFT,412.498,413.199,403.157,403.474,27524800,11105541155.2
2025-02-24,MSFT,403.77,404.62,394.687,399.312,26443700,10559286734.4
2025-02-25,MSFT,396.446,397.257,392.097,393.283,29387400,11557564834.2
2025-02-26,MSFT,393.392,398.917,389.676,395.092,19619000,7751309948.0
2025-02-27,MSFT,396.614,401.032,387.62,387.976,21127400,8196924142.4
2025-02-28,MSFT,388.104,393.016,382.085,392.384,32845700,12888127148.8
2025-03-03,MSFT,394.193,394.193,381.679,383.982,23007700,8834542661.4
2025-03-04,MSFT,378.951,388.025,376.579,384.101,29342900,11270637232.9
2025-03-05,MSFT,384.823,397.01,384.299,396.367,23433100,9288107547.7
2025-03-06,MSFT,389.705,397.484,388.124,392.285,23304600,9142045011.0
2025-03-07,MSFT,387.768,390.219,381.067,388.746,22034100,8565668238.6
2025-03-10,MSFT,381.363,381.917,372.843,375.749,32840100,12339634734.9
2025-03-11,MSFT,374.603,381.521,372.537,376.036,30380200,11424048887.2
2025-03-12,MSFT,378.507,380.75,374.553,378.823,24253600,9187821512.8
2025-03-13,MSFT,378.714,380.849,373.07,374.375,20473000,7664579375.0
2025-03-14,MSFT,375.373,385.702,375.107,384.052,19952800,7662912745.6
2025-03-17,MSFT,382.213,388.153,381.096,384.19,22474300,8634401317.0
2025-03-18,MSFT,382.579,382.875,376.678,379.07,19486900,7386899183.0
2025-03-19,MSFT,381.057,385.159,379.544,383.32,19185500,7354185860.0
2025-03-20,MSFT,381.264,387.244,378.833,382.352,18470500,7062232616.0
2025-03-21,MSFT,378.774,387.195,378.358,386.72,39675900,15343464048.0
2025-03-24,MSFT,390.812,390.812,385.287,388.519,21004500,8160647335.5
2025-03-25,MSFT,389.349,391.761,388.084,390.575,15775000,6161320625.0
2025-03-26,MSFT,390.417,390.723,384.061,385.445,16108400,6208902238.0
2025-03-27,MSFT,385.603,387.689,382.905,386.048,13766800,5314645606.4
2025-03-28,MSFT,383.577,384.615,372.557,374.405,21632000,8099128960.0
2025-03-31,MSFT,368.217,372.695,362.979,371.034,35184700,13054719979.8
2025-04-01,MSFT,370.303,378.408,368.899,377.755,19689500,7437807072.5
2025-04-02,MSFT,373.584,380.612,372.25,377.706,16092600,6078271575.6
2025-04-03,MSFT,370.441,373.1,365.065,368.781,30198000,11136448638.0
2025-04-04,MSFT,359.905,370.244,355.309,355.665,49209900,17502239083.5
2025-04-07,MSFT,346.809,366.695,340.789,353.708,50425000,17835725900.0
2025-04-08,MSFT,363.987,369.315,346.186,350.446,35868900,12570112529.4
2025-04-09,MSFT,349.438,388.667,349.003,385.959,50199700,19375026012.3
2025-04-10,MSFT,377.627,379.446,363.532,376.925,38024400,14332346970.0
2025-04-11,MSFT,376.223,385.524,374.494,383.943,23839200,9152893965.6
2025-04-14,MSFT,388.658,390.071,379.752,383.31,19251200,7379177472.0
2025-04-15,MSFT,384.002,387.343,379.703,381.254,17199900,6557530674.6
2025-04-16,MSFT,376.253,377.182,363.73,367.298,21967800,8068729004.4
2025-04-17,MSFT,369.413,369.977,362.633,363.513,21120200,7677467262.6
2025-04-21,MSFT,358.61,360.251,351.543,354.953,20807300,7385613556.9
2025-04-22,MSFT,359.164,363.503,355.685,362.564,19485000,7064559540.0
2025-04-23,MSFT,371.697,375.976,368.692,370.046,20545500,7602780093.0
2025-04-24,MSFT,371.341,383.943,370.837,382.806,22232300,8510657833.8
2025-04-25,MSFT,382.51,387.61,380.138,387.303,18973200,7348377279.6
2025-04-28,MSFT,387.412,388.183,382.154,386.621,16579400,6409944207.4
2025-04-29,MSFT,386.76,390.516,385.85,389.468,14974000,5831893832.0
2025-04-30,MSFT,385.771,392.058,379.979,390.674,36461100,14244403781.4
2025-05-01,MSFT,426.108,431.92,419.97,420.464,58938100,24781349278.4
2025-05-02,MSFT,426.731,434.341,425.001,430.23,30757400,13232756202.0
2025-05-05,MSFT,427.847,434.401,427.096,431.109,20136100,8680853934.9
2025-05-06,MSFT,427.185,432.651,426.167,428.282,15104200,6468856984.4
2025-05-07,MSFT,428.806,433.037,426.108,428.322,23295300,9977889486.6
2025-05-08,MSFT,432.849,438.522,430.605,433.086,23491300,10173753151.8
2025-05-09,MSFT,434.895,435.626,430.823,433.639,15324200,6645170763.8
2025-05-12,MSFT,440.766,444.156,434.677,444.047,22821900,10133996229.3
2025-05-13,MSFT,442.584,445.441,440.193,443.929,23618800,10485070265.2
2025-05-14,MSFT,442.94,448.633,442.94,447.685,19902800,8910185018.0
2025-05-15,MSFT,446.358,451.725,446.021,448.695,21992300,9867835048.5
2025-05-16,MSFT,447.625,449.913,444.338,449.823,23849800,10728188585.4
2025-05-19,MSFT,446.467,455.091,446.387,454.378,21336500,9694836197.0
2025-05-20,MSFT,451.131,453.854,449.873,453.685,15441800,7005713033.0
2025-05-21,MSFT,450.12,453.299,447.388,448.14,19216900,8611861566.0
2025-05-22,MSFT,450.497,455.745,449.457,450.408,18025600,8118874444.8
2025-05-23,MSFT,445.575,449.249,444.516,445.773,16883500,7526208445.5
2025-05-27,MSFT,452.012,456.438,451.655,456.181,20974300,9568077148.3
2025-05-28,MSFT,456.705,457.993,452.457,452.883,17086300,7738094802.9
2025-05-29,MSFT,457.032,457.201,450.853,454.19,13974800,6347214412.0
2025-05-30,MSFT,455.22,457.161,451.081,455.854,34770500,15850271507.0
2025-06-02,MSFT,452.665,457.587,452.418,457.448,16626500,7605759172.0
2025-06-03,MSFT,456.953,459.597,456.349,458.438,15743800,7217556184.4
2025-06-04,MSFT,459.458,461.132,458.488,459.329,14162700,6505338828.3
2025-06-05,MSFT,460.409,465.053,459.488,463.102,20131700,9323030533.4
2025-06-06,MSFT,465.489,468.707,464.191,465.776,15285600,7119665625.6
2025-06-09,MSFT,465.102,468.796,464.033,468.123,16469900,7709938997.7
2025-06-10,MSFT,466.578,468.172,462.389,466.31,15375900,7169935929.0
2025-06-11,MSFT,465.419,470.816,465.063,467.994,16399200,7674727204.8
2025-06-12,MSFT,470.37,475.717,468.885,474.183,18950600,8986052359.8
2025-06-13,MSFT,471.747,474.49,468.132,470.311,16814500,7908044309.5
2025-06-16,MSFT,470.558,475.985,470.35,474.45,15626100,7413803145.0
2025-06-17,MSFT,470.747,474.054,469.44,473.361,15414100,7296433790.1
2025-06-18,MSFT,473.321,476.292,469.816,475.539,17526500,8334534283.5
2025-06-20,MSFT,477.51,478.728,472.202,472.727,37576200,17763284297.4
2025-06-23,MSFT,473.529,482.976,467.885,481.243,24864000,11965625952.0
2025-06-24,MSFT,484.164,487.036,482.035,485.313,22305600,10825197652.8
2025-06-25,MSFT,487.224,489.719,484.6,487.451,17495100,8528003990.1
2025-06-26,MSFT,488.155,493.165,487.986,492.581,21578900,10629356140.9
2025-06-27,MSFT,492.68,494.413,488.204,491.086,34539200,16961717571.2
2025-06-30,MSFT,492.175,495.858,490.482,492.541,28369000,13972895629.0
2025-07-01,MSFT,491.61,493.175,486.174,487.234,19945400,9718077023.6
2025-07-02,MSFT,485.194,488.669,483.916,486.283,16319600,7935944046.8
2025-07-03,MSFT,488.976,495.235,488.61,493.957,13984800,6907889853.6
2025-07-07,MSFT,492.511,493.868,490.382,492.848,13981600,6890803596.8
2025-07-08,MSFT,492.373,493.323,489.273,491.759,11846600,5825672169.4
2025-07-09,MSFT,495.403,501.819,494.848,498.582,18659500,9303290829.0
2025-07-10,MSFT,498.126,499.502,492.878,496.571,16492100,8189498589.1
2025-07-11,MSFT,493.591,500.087,492.927,498.393,16459500,8203299583.5
2025-07-14,MSFT,496.611,499.037,496.126,498.096,12058800,6006440044.8
2025-07-15,MSFT,498.096,503.325,497.869,500.869,14927200,7476571736.8
2025-07-16,MSFT,500.235,501.76,496.977,500.671,15154400,7587368602.4
2025-07-17,MSFT,500.73,508.345,500.671,506.691,17503100,8868663242.1
2025-07-18,MSFT,509.444,509.603,502.463,505.057,21209700,10712107452.9
2025-07-21,MSFT,501.75,507.077,500.601,505.067,14066800,7104676475.6
2025-07-22,MSFT,505.968,506.196,500.324,500.324,13868600,6938793426.4
2025-07-23,MSFT,501.79,501.829,495.799,500.918,16396600,8213352078.8
2025-07-24,MSFT,503.79,508.642,502.334,505.879,16107000,8148193053.0
2025-07-25,MSFT,507.454,513.217,505.364,508.682,19125700,9728899327.4
2025-07-28,MSFT,509.048,509.959,505.127,507.483,14308000,7261066764.0
2025-07-29,MSFT,510.484,512.553,506.553,507.553,16469200,8358991867.6
2025-07-30,MSFT,510.127,510.9,504.453,508.216,26380400,13406941366.4
2025-07-31,MSFT,549.795,550.013,526.694,528.278,51617300,27268284009.4
2025-08-01,MSFT,529.763,530.555,515.762,518.98,28977600,15038794848.0
2025-08-04,MSFT,523.099,532.981,522.96,530.397,25349000,13445033553.0
2025-08-05,MSFT,531.922,532.041,522.079,522.584,19171600,10018771414.4
2025-08-06,MSFT,525.703,526.496,518.901,519.802,21355700,11100735571.4
2025-08-07,MSFT,521.644,522.921,512.484,515.742,16079100,8292667192.2
2025-08-08,MSFT,517.485,519.524,514.326,516.93,15531000,8028439830.0
2025-08-11,MSFT,517.188,522.426,514.633,516.663,20194400,10433699287.2
2025-08-12,MSFT,518.623,525.783,517.584,524.06,18667000,9782628020.0
2025-08-13,MSFT,526.902,527.486,514.286,515.484,19619200,10113383692.8
2025-08-14,MSFT,517.445,520.802,515.049,517.366,20269100,10486543190.6
2025-08-15,MSFT,517.653,520.95,513.999,515.078,25213300,12986816137.4
2025-08-18,MSFT,516.485,517.702,508.989,512.038,23760600,12166330102.8
2025-08-19,MSFT,509.959,510.117,503.572,504.78,21481000,10843179180.0
2025-08-20,MSFT,504.879,505.998,499.502,500.77,27723000,13882846710.0
2025-08-21,MSFT,499.58,503.487,498.618,500.125,18443300,9223955412.5
2025-08-22,MSFT,500.135,506.562,498.31,503.091,24324200,12237286102.2
2025-08-25,MSFT,502.496,504.043,500.006,500.145,21638600,10822437597.0
2025-08-26,MSFT,500.244,500.859,494.442,497.943,30835700,15354420965.1
2025-08-27,MSFT,497.903,503.15,495.821,502.605,17277900,8683958929.5
2025-08-28,MSFT,502.952,506.919,501.375,505.481,18015600,9106543503.6
2025-08-29,MSFT,504.509,505.441,500.373,502.555,20961600,10534356888.0
2025-09-02,MSFT,496.386,501.871,492.756,500.998,18128000,9082091744.0
2025-09-03,MSFT,499.679,503.646,498.221,501.226,16345100,8192589092.6
2025-09-04,MSFT,500.185,504.003,499.044,503.825,15509500,7814073837.5
2025-09-05,MSFT,504.916,507.792,488.352,490.961,31994800,15708199002.8
2025-09-08,MSFT,494.045,497.11,490.99,494.134,16771000,8287121314.0
2025-09-09,MSFT,497.338,498.151,493.639,494.343,14410500,7123729801.5
2025-09-10,MSFT,498.875,499.123,492.667,496.287,21611800,10725655386.6
2025-09-11,MSFT,498.151,499.064,493.817,496.922,18881600,9382682435.2
2025-09-12,MSFT,502.515,508.367,499.738,505.739,23624900,11948033301.1
2025-09-15,MSFT,504.638,511.264,502.863,511.154,17143800,8763121945.2
2025-09-16,MSFT,512.662,513.009,504.45,504.886,19711900,9952262343.4
2025-09-17,MSFT,506.453,507.118,501.801,505.858,15816600,8000953642.8
2025-09-18,MSFT,507.316,508.883,503.517,504.301,18913700,9538197823.7
2025-09-19,MSFT,506.394,515.062,506.146,513.703,52474100,26956102592.3
2025-09-22,MSFT,511.383,513.515,508.357,510.252,20009300,10209785343.6
2025-09-23,MSFT,509.607,510.391,503.17,505.074,19799600,10000263170.4
2025-09-24,MSFT,506.215,508.298,502.783,505.987,13533700,6847876261.9
2025-09-25,MSFT,504.152,505.848,500.919,502.892,15786500,7938904558.0
2025-09-26,MSFT,505.898,509.746,502.486,507.286,16213100,8224678646.6
2025-09-29,MSFT,507.326,512.632,504.727,510.401,17617800,8992142737.8
2025-09-30,MSFT,509.052,513.932,505.501,513.723,19728200,10134830088.6
2025-10-01,MSFT,510.599,516.262,507.514,515.469,22632300,11666249048.7
2025-10-02,MSFT,513.416,517.343,506.513,511.531,21222900,10856171259.9
2025-10-03,MSFT,512.88,516.243,510.797,513.128,15112300,7754544274.4
2025-10-06,MSFT,514.378,526.697,513.971,524.257,21388600,11213123270.2
2025-10-07,MSFT,523.979,525.477,517.185,519.704,14615200,7595577900.8
2025-10-08,MSFT,519.01,522.65,518.821,520.567,13363400,6956545047.8
2025-10-09,MSFT,518.077,520.051,513.178,518.137,18343600,9504497873.2
2025-10-10,MSFT,515.399,519.307,505.471,506.79,24133800,12230768502.0
2025-10-13,MSFT,512.196,512.196,507.504,509.855,14284200,7282870791.0
2025-10-14,MSFT,506.066,511.075,501.871,509.379,14684300,7479874049.7
2025-10-15,MSFT,510.758,512.969,505.838,509.24,14694700,7483129028.0
2025-10-16,MSFT,508.397,512.632,503.983,507.435,15559600,7895485626.0
2025-10-17,MSFT,504.886,511.273,503.17,509.389,19867800,10120438774.2
2025-10-20,MSFT,510.411,514.467,509.24,512.573,14665600,7517190588.8
2025-10-21,MSFT,513.277,514.457,508.853,513.436,15586200,8002516183.2
2025-10-22,MSFT,516.897,520.944,513.485,516.292,18962700,9790290308.4
2025-10-23,MSFT,518.196,519.674,514.378,516.312,14023500,7240501332.0
2025-10-24,MSFT,518.524,521.063,516.461,519.337,15532400,8066550018.8
2025-10-27,MSFT,527.44,530.218,524.693,527.182,18734700,9876596615.4
2025-10-28,MSFT,545.512,549.201,536.357,537.646,29986700,16122229308.2
2025-10-29,MSFT,540.493,541.812,532.35,537.131,36023000,19349070013.0
2025-10-30,MSFT,526.151,530.604,517.859,521.469,41023100,21392274933.9
2025-10-31,MSFT,524.564,525.0,510.897,513.584,34006400,17465142937.6
2025-11-03,MSFT,515.568,520.676,510.391,512.811,22374700,11473992281.7
2025-11-04,MSFT,507.584,511.343,503.696,510.133,20958700,10691724507.1
2025-11-05,MSFT,509.111,510.629,502.446,503.021,23024300,11581706410.3
2025-11-06,MSFT,501.534,501.573,491.764,493.043,27406500,13512582979.5
2025-11-07,MSFT,492.895,495.305,489.225,492.766,24019800,11836140766.8
2025-11-10,MSFT,495.959,502.714,494.73,501.871,26101500,13099585906.5
2025-11-11,MSFT,500.681,505.441,498.251,504.529,17980000,9071431420.0
2025-11-12,MSFT,505.203,507.495,495.047,506.969,26574900,13472650478.1
2025-11-13,MSFT,506.146,509.31,497.199,499.183,25273100,12615901877.3
2025-11-14,MSFT,494.164,507.425,493.381,506.017,28505700,14424368796.9
2025-11-17,MSFT,504.301,507.941,500.79,503.349,19092800,9610341787.2
2025-11-18,MSFT,491.327,498.875,482.808,489.76,33815100,16561283376.0
2025-11-19,MSFT,486.101,491.149,478.89,483.145,23245300,11230850468.5
2025-11-20,MSFT,489.604,490.458,472.502,475.414,26802500,12742283735.0
2025-11-21,MSFT,475.483,475.901,465.318,469.144,31769200,14904329564.8
2025-11-24,MSFT,472.006,473.894,465.069,471.012,34421000,16212704052.0
2025-11-25,MSFT,471.081,476.129,461.959,473.983,28019800,13280908863.4
2025-11-26,MSFT,483.244,485.232,478.166,482.439,25709100,12403072494.9
2025-11-28,MSFT,484.526,489.524,483.582,488.908,14386700,7033772723.6
2025-12-01,MSFT,485.361,486.772,481.595,483.671,23964000,11590691844.0
2025-12-02,MSFT,483.652,490.389,483.254,486.911,19562700,9525293819.7
2025-12-03,MSFT,473.317,481.187,472.204,474.718,34615100,16432411041.8
2025-12-04,MSFT,476.736,478.286,473.486,477.809,22318200,10663836823.8
2025-12-05,MSFT,479.478,480.353,475.861,480.114,22608700,10854753391.8
2025-12-08,MSFT,481.833,489.196,481.326,487.924,21965900,10717689791.6
2025-12-09,MSFT,486.017,489.018,485.42,488.918,14696100,7185187819.8
2025-12-10,MSFT,480.979,481.197,472.085,475.543,35756200,17003610616.6
2025-12-11,MSFT,473.625,482.966,472.86,480.422,24669200,11851626402.4
2025-12-12,MSFT,476.795,479.409,473.337,475.513,21248100,10103747775.3
2025-12-15,MSFT,477.073,477.689,469.541,471.827,23727700,11195369507.9
2025-12-16,MSFT,468.935,474.877,467.912,473.387,20705600,9801761867.2
2025-12-17,MSFT,473.903,476.974,472.006,473.118,24527200,11604259809.6
2025-12-18,MSFT,475.175,486.513,474.877,480.929,28573500,13741824781.5
2025-12-19,MSFT,484.288,484.775,479.448,482.857,70836100,34203706737.7
2025-12-22,MSFT,483.055,485.649,479.647,481.863,16963000,8173842069.0
2025-12-23,MSFT,481.923,484.755,481.684,483.781,14683600,7103646691.6
2025-12-24,MSFT,482.618,486.076,481.774,484.943,5855900,2839777713.7
2025-12-26,MSFT,483.642,485.043,482.896,484.635,8842200,4285239597.0
2025-12-29,MSFT,481.803,485.271,481.128,484.029,10893400,5272721508.6
2025-12-30,MSFT,482.867,486.593,482.439,484.407,13944500,6754813411.5
2025-12-31,MSFT,484.765,485.063,480.253,480.571,15601600,7497676513.6
2026-01-02,MSFT,481.336,481.605,467.196,469.958,25571600,12017577992.8
2026-01-05,MSFT,471.071,473.069,466.54,469.869,25250300,11864333210.7
2026-01-06,MSFT,470.813,475.722,466.789,475.493,23037700,10954265086.1
2026-01-07,MSFT,476.736,486.613,474.937,480.422,25564200,12281604092.4
2026-01-08,MSFT,478.206,479.617,472.86,475.096,18162600,8628978609.6
2026-01-09,MSFT,471.071,476.795,469.223,476.259,18491000,8806505169.0
2026-01-12,MSFT,473.665,477.958,472.681,474.172,23519900,11152478022.8
2026-01-13,MSFT,471.688,472.781,463.013,467.703,28545800,13350956297.4
2026-01-14,MSFT,463.519,465.248,454.288,456.484,28184300,12865682001.2
2026-01-15,MSFT,461.194,461.323,453.026,453.781,23225800,10539426749.8
2026-01-16,MSFT,454.944,460.27,453.602,456.961,34246700,15649406278.7
2026-01-20,MSFT,448.375,453.92,446.448,451.655,26130000,11801745150.0
2026-01-21,MSFT,449.747,449.836,435.914,441.31,37980500,16761174455.0
2026-01-22,MSFT,444.798,449.985,441.897,448.296,25349400,11364034622.4
2026-01-23,MSFT,449.021,468.13,447.69,463.013,38000200,17594586602.6
2026-01-26,MSFT,462.377,471.26,459.087,467.315,29291200,13688217128.0
2026-01-27,MSFT,470.714,479.826,470.177,477.55,29213900,13951097945.0
2026-01-28,MSFT,480.164,480.69,474.987,478.594,36875400,17648345187.6
2026-01-29,MSFT,437.216,439.71,418.366,430.767,128855300,55506611015.1
2026-01-30,MSFT,436.401,436.829,423.762,427.577,58566800,25041816643.6
2026-02-02,MSFT,427.528,428.025,419.588,420.701,42219900,17761954149.9
2026-02-03,MSFT,419.35,419.389,405.984,408.618,61424100,25098992893.8
2026-02-04,MSFT,408.409,417.154,406.66,411.579,45012400,18526158579.6
2026-02-05,MSFT,404.871,405.726,389.847,391.188,66289200,25931539569.6
2026-02-06,MSFT,396.654,399.257,390.443,398.611,53515300,21331787248.3
2026-02-09,MSFT,402.298,412.274,398.343,410.993,45480500,18692167136.5
2026-02-10,MSFT,416.975,421.009,410.098,410.665,44857900,18421569503.5
2026-02-11,MSFT,413.556,413.835,398.482,401.821,42491000,17073776111.0
2026-02-12,MSFT,402.447,403.639,395.501,399.307,40802400,16292683936.8
2026-02-13,MSFT,401.9,402.983,395.541,398.79,34091600,13595389164.0
2026-02-17,MSFT,396.703,397.995,392.043,394.358,32078800,12650531410.4
2026-02-18,MSFT,395.62,400.022,393.822,397.081,23223400,9221570895.4
2026-02-19,MSFT,399.073,402.798,395.069,396.852,28234000,11204719368.0
2026-02-20,MSFT,394.511,398.505,393.565,395.627,34015200,13457331530.4
2026-02-23,MSFT,393.406,393.764,381.554,382.918,43238300,16556723359.4
2026-02-24,MSFT,382.59,387.788,380.169,387.43,33884700,13127949321.0
2026-02-25,MSFT,388.954,399.85,388.585,398.983,43625500,17405832866.5
2026-02-26,MSFT,403.077,405.845,397.131,400.099,34405900,13765766184.1
2026-02-27,MSFT,389.302,395.218,388.306,391.155,51367200,20092537116.0
2026-03-02,MSFT,391.274,399.571,389.053,396.941,35474900,14081442280.9
2026-03-03,MSFT,391.553,405.059,391.085,402.3,38199200,15367538160.0
2026-03-04,MSFT,399.65,409.371,398.694,403.565,35808000,14450855520.0
2026-03-05,MSFT,402.788,409.949,402.768,409.022,39001300,15952389728.6
2026-03-06,MSFT,407.548,411.383,406.861,407.309,31123900,12677044585.1
2026-03-09,MSFT,403.286,408.554,401.871,407.758,30131900,12286523280.2
2026-03-10,MSFT,408.375,408.544,401.304,404.122,31706400,12813253780.8
2026-03-11,MSFT,403.933,407.359,399.969,403.246,25512100,10287652276.6
2026-03-12,MSFT,402.997,404.481,400.089,400.238,27263900,10912048808.2
2026-03-13,MSFT,399.382,403.166,392.659,393.953,26848000,10576850144.0
2026-03-16,MSFT,396.463,399.013,393.197,398.336,27733700,11047331123.2
2026-03-17,MSFT,398.654,402.768,396.145,397.798,26228300,10433565283.4
2026-03-18,MSFT,395.527,396.394,389.422,390.209,25908500,10109729876.5
2026-03-19,MSFT,388.526,390.906,385.498,387.45,25138800,9740028060.0
2026-03-20,MSFT,385.229,385.438,378.586,380.329,50853200,19340946702.8
2026-03-23,MSFT,382.351,385.647,380.14,381.454,29680100,11321592865.4
2026-03-24,MSFT,380.817,380.926,370.349,371.236,42733600,15864250729.6
2026-03-25,MSFT,375.399,375.538,368.138,369.542,31181200,11522763010.4
2026-03-26,MSFT,369.323,373.208,363.716,364.493,36836600,13426682843.8
2026-03-27,MSFT,360.439,360.987,355.071,355.33,37883400,13461108522.0
2026-03-30,MSFT,360.439,363.885,354.842,357.511,44797000,16015420267.0
2026-03-31,MSFT,363.079,371.395,361.605,368.676,45244400,16680524414.4
2026-04-01,MSFT,371.983,372.481,366.714,367.879,29417200,10821970118.8
2026-04-02,MSFT,365.728,372.132,362.68,371.953,24099100,8963732542.3
2026-04-06,MSFT,371.983,372.222,368.009,371.375,16146600,5996443575.0
2026-04-07,MSFT,368.845,370.947,365.081,370.787,21443300,7950896877.1
2026-04-08,MSFT,383.426,383.446,369.911,372.819,33064800,12327185671.2
2026-04-09,MSFT,370.997,371.992,365.569,371.564,30435300,11308661809.2
2026-04-10,MSFT,371.475,374.124,368.537,369.373,28111100,10383481340.3
2026-04-13,MSFT,372.102,382.988,369.523,382.819,35745800,13684171410.2
2026-04-14,MSFT,386.354,393.097,384.96,391.523,37504500,14683874353.5
2026-04-15,MSFT,396.394,412.698,395.129,409.56,45063400,18456166104.0
2026-04-16,MSFT,418.165,419.122,410.477,418.564,41642400,17430009513.6
2026-04-17,MSFT,423.105,429.838,418.992,421.084,48568200,20451291928.8
2026-04-20,MSFT,419.45,421.621,414.62,416.383,27582200,11484759182.6
2026-04-21,MSFT,418.544,425.456,415.516,422.448,32048500,13538824728.0
2026-04-22,MSFT,424.47,431.95,421.96,431.173,29378200,12667086628.6
2026-04-23,MSFT,418.195,421.95,409.75,414.072,38308000,15862270176.0
2026-04-24,MSFT,415.287,423.235,414.122,422.906,27457400,11611899204.4
2026-04-27,MSFT,420.675,425.386,415.387,423.105,30867300,13060108966.5
2026-04-28,MSFT,422.856,428.185,420.197,427.517,30438100,13012805197.7
2026-04-29,MSFT,422.866,425.097,418.594,422.747,38288300,16186263960.1
2026-04-30,MSFT,409.152,412.747,396.404,406.134,70909400,28798718259.6
2026-05-01,MSFT,411.134,415.426,408.783,412.767,31372400,12949491430.8
2026-05-04,MSFT,409.879,419.082,409.142,411.951,28066500,11562022741.5
2026-05-05,MSFT,413.644,415.098,407.15,409.72,25700900,10530172748.0
2026-05-06,MSFT,406.353,416.731,403.475,412.289,30285900,12486543425.1
2026-05-07,MSFT,418.414,426.253,417.07,419.072,34942400,14643381452.8
2026-05-08,MSFT,415.705,416.94,412.329,413.445,33383800,13802365191.0
2026-05-11,MSFT,406.224,411.024,403.863,410.994,35657900,14655182952.6
2026-05-12,MSFT,412.807,413.823,404.999,406.124,38594200,15674030880.8
2026-05-13,MSFT,401.573,404.67,399.411,403.575,29667100,11972899882.5
2026-05-14,MSFT,402.847,410.178,399.262,407.777,27077500,11041581717.5
2026-05-15,MSFT,412.598,426.442,411.243,420.217,50771200,21334921350.4
2026-05-18,MSFT,414.938,423.404,413.933,421.831,32564100,13736546867.1
2026-05-19,MSFT,428.165,430.954,414.809,415.735,33018700,13727029244.5
2026-05-20,MSFT,412.498,420.396,409.64,419.361,27864000,11685074904.0
2026-05-21,MSFT,423.952,425.539,414.929,418.303,31393500,13131995230.5
2026-05-22,MSFT,418.752,423.603,415.548,417.784,22390300,9354309095.2
2026-05-26,MSFT,415.648,418.981,412.244,415.248,30398000,12622708704.0
2026-05-27,MSFT,410.238,415.158,408.81,411.895,28901500,11904383342.5
2026-05-28,MSFT,412.204,428.683,411.895,426.188,47250500,20137596094.0
2026-05-29,MSFT,431.737,449.484,431.548,449.394,79654400,35796209433.6
2026-06-01,MSFT,463.967,465.444,457.409,459.655,53628900,24650792029.5
2026-06-02,MSFT,446.04,452.648,439.602,440.481,37036800,16314006700.8
2026-06-03,MSFT,437.626,439.563,423.453,426.537,39037000,16650724869.0
2026-06-04,MSFT,434.991,435.33,425.609,427.246,26899500,11492703777.0
2026-06-05,MSFT,427.535,428.663,413.621,415.887,34782200,14465464811.4
2026-06-08,MSFT,413.362,416.376,407.792,410.966,32086700,13186542752.2
2026-06-09,MSFT,408.261,411.206,397.731,402.652,35317300,14220581479.6
2026-06-10,MSFT,397.801,404.279,396.414,396.613,32576000,12920065088.0
2026-06-11,MSFT,394.467,396.104,383.278,389.607,47224100,18398839928.7
2026-06-12,MSFT,390.695,391.004,381.552,390.006,34865800,13597871194.8
2026-06-15,MSFT,396.054,400.995,392.112,399.009,32266400,12874583997.6
2026-06-16,MSFT,395.046,396.094,389.956,393.09,31506800,12385008012.0
2026-06-17,MSFT,389.517,389.636,376.611,378.198,41987800,15879701984.4
2026-06-18,MSFT,377.11,380.653,372.579,378.687,59714200,22612991255.4
2026-06-22,MSFT,375.034,380.913,366.38,366.65,45171100,16561983815.0
2026-06-23,MSFT,371.68,376.511,369.974,373.237,40647600,15171188281.2
2026-06-24,MSFT,370.872,378.168,364.095,364.773,44509900,16236009752.7
2026-06-25,MSFT,362.088,363.546,348.544,352.167,66179000,23306059893.0
2026-06-26,MSFT,356.479,375.902,354.762,372.269,186201600,69317083430.4
2026-06-29,MSFT,376.791,379.785,359.224,367.877,51229900,18846301922.3
2026-06-30,MSFT,370.333,373.447,366.76,372.319,44945700,16734138078.3
2026-07-01,MSFT,380.114,388.099,374.186,383.558,48065800,18436022116.4
2026-07-02,MSFT,383.758,391.463,382.979,389.756,42128900,16419991548.4
2026-07-06,MSFT,386.313,388.419,380.504,386.013,34224500,13211101918.5
2026-07-07,MSFT,391.753,394.827,387.491,388.109,29297500,11370623427.5
2026-07-08,MSFT,383.308,384.586,380.613,382.62,25908300,9913033746.0
2026-07-09,MSFT,373.746,383.927,372.648,383.638,31083200,11924696681.6
2026-07-10,MSFT,387.071,391.174,380.783,384.376,24644600,9472792769.6
2026-07-13,MSFT,387.021,392.91,383.428,390.255,28914900,11284184299.5
2026-07-14,MSFT,382.101,387.461,377.939,384.207,27863900,10705505427.3
2026-07-15,MSFT,387.071,398.21,385.674,394.887,36253700,14316114831.9
2026-07-16,MSFT,397.562,405.227,391.313,400.346,37047400,14831778400.4
2026-07-17,MSFT,394.118,397.641,388.658,393.08,33049800,12991215384.0
2026-07-20,MSFT,390.675,402.422,388.918,401.534,27915800,11209142837.2
2026-07-21,MSFT,398.061,400.716,395.575,397.003,24126600,9578332579.8
2026-07-22,MSFT,398.829,400.247,386.233,389.607,28142500,10964514997.5
2026-07-23,MSFT,389.237,391.044,376.681,380.863,30351800,11559877603.4
2026-07-24,MSFT,386.323,388.299,379.935,380.983,27659400,10537761190.2
2026-07-27,MSFT,389.347,393.459,387.261,388.369,27856200,10818484537.8
2026-07-28,MSFT,392.421,399.568,390.565,392.611,32367500,12707836542.5
2026-07-29,MSFT,392.661,400.496,388.01,389.806,47209000,18402351454.0
2026-07-30,MSFT,437.077,457.828,431.627,450.252,110160700,49600075496.4
2026-07-31,MSFT,449.154,465.963,448.486,463.847,60846000,28223234562.0
2026-08-03,MSFT,475.235,490.726,474.107,486.734,66762100,32495383981.4
2026-08-04,MSFT,479.996,498.502,478.27,491.884,50455500,24818253162.0
2026-08-05,MSFT,495.427,497.304,484.767,486.544,33388900,16245168961.6
2026-08-06,MSFT,487.632,500.618,487.602,498.921,36441500,18181429621.5
2026-08-07,MSFT,498.272,504.231,497.793,499.051,28846200,14395724956.2
2026-08-10,MSFT,502.494,512.765,501.326,505.109,31206100,15762481964.9
2026-08-11,MSFT,503.382,504.38,498.611,502.863,23049800,11590891577.4
2026-08-12,MSFT,499.051,500.558,490.596,491.505,29001500,14254382257.5
2026-08-13,MSFT,492.343,500.398,492.084,495.946,23039000,11426099894.0
2026-08-14,MSFT,495.427,499.071,492.992,494.469,16217600,8019100454.4
2026-08-17,MSFT,489.219,491.734,477.511,479.447,29635800,14208795402.6
2026-08-18,MSFT,480.635,483.36,476.253,480.725,24087600,11579511510.0
2026-08-19,MSFT,479.168,488.381,478.459,483.4,19961900,9649582460.0
2026-08-20,MSFT,483.3,484.16,479.5,481.15,20020800,9633007920.0
2026-08-21,MSFT,479.88,486.36,478.53,483.24,22489200,10867681008.0
