date,symbol,open,high,low,close,volume,quote_volume
1999-03-10,QQQ,43.035,43.061,42.325,42.982,5232000,224881824.0
1999-03-11,QQQ,43.298,43.548,42.351,43.193,9688600,418479699.8
1999-03-12,QQQ,43.035,43.061,41.799,42.141,8743600,368464047.6
1999-03-15,QQQ,42.456,43.403,42.009,43.351,6369000,276102519.0
1999-03-16,QQQ,43.535,43.903,43.061,43.719,4905800,214476670.2
1999-03-17,QQQ,43.719,43.771,43.272,43.403,3965000,172092895.0
1999-03-18,QQQ,43.351,44.271,43.337,44.245,4848400,214517458.0
1999-03-19,QQQ,44.824,44.824,43.087,43.114,7160400,308713485.6
1999-03-22,QQQ,43.298,43.403,42.509,42.588,5024800,213996182.4
1999-03-23,QQQ,42.351,42.509,41.009,41.088,10962400,450423091.2
1999-03-24,QQQ,41.457,42.509,40.825,42.482,8447000,358845454.0
1999-03-25,QQQ,43.14,44.034,42.857,44.034,8133800,358163749.2
1999-03-26,QQQ,43.666,44.166,43.377,43.561,8256200,359648328.2
1999-03-29,QQQ,44.087,45.166,43.824,45.139,5113800,230831818.2
1999-03-30,QQQ,45.087,45.455,44.639,44.824,4940600,221457454.4
1999-03-31,QQQ,45.56,45.613,44.034,44.166,8256600,364660995.6
1999-04-01,QQQ,45.455,45.508,44.35,45.087,8715800,392969274.6
1999-04-05,QQQ,45.817,46.783,45.534,46.718,5697200,266161789.6
1999-04-06,QQQ,46.665,47.323,46.27,46.81,7522400,352123544.0
1999-04-07,QQQ,47.244,47.349,45.323,46.323,11923600,552336922.8
1999-04-08,QQQ,46.244,46.915,45.297,46.691,7952400,371305508.4
1999-04-09,QQQ,46.612,47.086,46.481,46.981,4946800,232405610.8
1999-04-12,QQQ,45.876,46.981,45.823,46.665,10934000,510235110.0
1999-04-13,QQQ,46.954,47.06,45.665,46.034,9962200,458599914.8
1999-04-14,QQQ,46.612,46.665,44.199,44.455,21253800,944837679.0
1999-04-15,QQQ,44.613,45.133,43.035,45.06,17650600,795336036.0
1999-04-16,QQQ,44.955,44.955,43.508,43.745,17274000,755651130.0
1999-04-19,QQQ,44.034,44.403,41.253,41.693,19460600,811370795.8
1999-04-20,QQQ,41.509,42.982,41.115,42.64,17413600,742515904.0
1999-04-21,QQQ,43.035,44.771,42.456,44.745,10940400,489528198.0
1999-04-22,QQQ,45.166,46.086,44.87,45.955,13630600,626394223.0
1999-04-23,QQQ,45.718,46.902,45.244,46.56,7064400,328918464.0
1999-04-26,QQQ,46.875,47.98,46.724,47.632,5421000,258213072.0
1999-04-27,QQQ,47.98,48.217,46.303,46.902,16482800,773076285.6
1999-04-28,QQQ,46.507,46.665,45.093,45.297,7676800,347736009.6
1999-04-29,QQQ,45.087,45.35,43.982,44.929,19148200,860309477.8
1999-04-30,QQQ,45.56,45.797,43.614,45.218,15295200,691618353.6
1999-05-03,QQQ,45.087,45.271,44.225,44.981,11109800,499729913.8
1999-05-04,QQQ,45.06,45.771,44.008,44.271,15428400,683030696.4
1999-05-05,QQQ,44.298,45.613,42.956,45.613,12642600,576666913.8
1999-05-06,QQQ,45.192,45.586,43.535,43.956,15173400,666961970.4
1999-05-07,QQQ,44.35,44.718,43.403,44.587,16430400,732582244.8
1999-05-10,QQQ,44.876,45.337,44.35,45.034,10604200,477549542.8
1999-05-11,QQQ,45.402,45.981,45.139,45.744,8800800,402583795.2
1999-05-12,QQQ,45.955,46.849,44.613,46.691,12507400,583983013.4
1999-05-13,QQQ,47.06,47.138,45.613,45.823,9864000,451998072.0
1999-05-14,QQQ,44.929,45.455,44.613,44.955,12205400,548693757.0
1999-05-17,QQQ,44.561,45.902,44.12,45.764,9906800,453374795.2
1999-05-18,QQQ,45.718,45.981,45.034,45.56,9267800,422240968.0
1999-05-19,QQQ,45.744,46.218,45.034,46.191,7985600,368862849.6
1999-05-20,QQQ,46.29,46.29,44.85,44.922,5997200,269406218.4
1999-05-21,QQQ,45.06,45.192,44.271,44.508,10958600,487745368.8
1999-05-24,QQQ,44.587,44.666,43.087,43.377,9569800,415109214.6
1999-05-25,QQQ,43.324,43.956,41.772,41.956,17771200,745608467.2
1999-05-26,QQQ,42.509,43.298,41.194,43.127,26772000,1154596044.0
1999-05-27,QQQ,42.956,43.712,42.404,43.087,23334800,1005426527.6
1999-05-28,QQQ,43.351,44.034,42.798,43.798,12969800,568051300.4
1999-06-01,QQQ,43.719,43.929,42.588,42.824,6960200,298063604.8
1999-06-02,QQQ,42.798,43.771,41.726,43.548,11996600,522427936.8
1999-06-03,QQQ,43.877,43.877,42.667,42.93,11147800,478575054.0
1999-06-04,QQQ,43.245,44.396,43.245,44.245,12987200,574618664.0
1999-06-07,QQQ,44.554,45.448,44.455,45.166,11491800,519038638.8
1999-06-08,QQQ,45.271,45.481,43.804,44.034,8134800,358207783.2
1999-06-09,QQQ,44.192,44.896,44.166,44.771,8384400,375377972.4
1999-06-10,QQQ,44.298,44.561,43.725,44.258,9392400,415688839.2
1999-06-11,QQQ,44.561,44.607,43.193,43.587,16567600,722131981.2
1999-06-14,QQQ,43.745,43.745,42.667,42.765,14136800,604560252.0
1999-06-15,QQQ,42.87,43.66,42.746,43.403,9147800,397041963.4
1999-06-16,QQQ,44.482,45.632,44.429,45.632,15060200,687227046.4
1999-06-17,QQQ,45.034,46.349,45.034,46.139,16278200,751059869.8
1999-06-18,QQQ,45.718,46.481,45.639,46.349,5392800,249950887.2
1999-06-21,QQQ,46.665,47.763,46.586,47.737,10565200,504350952.4
1999-06-22,QQQ,47.454,48.059,46.297,46.297,10862800,502915051.6
1999-06-23,QQQ,46.303,47.138,46.007,47.027,9607000,451788389.0
1999-06-24,QQQ,47.007,47.033,45.876,46.093,14988800,690878758.4
1999-06-25,QQQ,46.402,46.77,45.613,46.034,8635600,397531210.4
1999-06-28,QQQ,46.428,47.191,46.047,47.125,7666200,361269675.0
1999-06-29,QQQ,47.086,47.954,46.849,47.77,9000400,429949108.0
1999-06-30,QQQ,47.816,50.453,47.25,48.506,19467600,944295405.6
1999-07-01,QQQ,48.664,49.111,47.822,48.835,6822600,333181671.0
1999-07-02,QQQ,48.822,49.506,48.822,49.453,3302000,163293806.0
1999-07-06,QQQ,49.716,50.216,48.875,49.138,8794800,432158882.4
1999-07-07,QQQ,49.111,49.427,48.769,49.217,10520000,517762840.0
1999-07-08,QQQ,49.217,50.078,48.98,49.874,11225000,559835650.0
1999-07-09,QQQ,50.058,50.427,49.69,50.374,4206800,211913343.2
1999-07-12,QQQ,50.558,50.821,49.822,50.111,7816200,391677598.2
1999-07-13,QQQ,49.874,50.058,49.48,49.874,6230000,310715020.0
1999-07-14,QQQ,50.374,50.821,49.664,50.723,6909400,350465496.2
1999-07-15,QQQ,50.9,51.189,50.617,51.189,6539800,334765822.2
1999-07-16,QQQ,51.216,51.952,51.196,51.663,4913800,253861649.4
1999-07-19,QQQ,51.873,51.873,50.933,51.137,6833000,349419121.0
1999-07-20,QQQ,50.512,50.584,49.032,49.164,14837400,729465933.6
1999-07-21,QQQ,49.269,49.828,48.875,49.401,10980400,542442740.4
1999-07-22,QQQ,49.401,49.401,48.007,48.145,15148400,729319718.0
1999-07-23,QQQ,48.506,48.71,47.717,48.217,12115000,584148955.0
1999-07-26,QQQ,47.559,48.085,46.954,47.033,10720000,504193760.0
1999-07-27,QQQ,47.98,48.717,47.572,47.98,13732800,658899744.0
1999-07-28,QQQ,48.559,49.19,47.934,48.921,10161800,497125417.8
1999-07-29,QQQ,48.007,48.401,47.401,47.875,13033800,623993175.0
1999-07-30,QQQ,48.085,48.612,47.566,47.638,10947400,521512241.2
1999-08-02,QQQ,47.717,48.664,47.323,47.507,9642400,458081496.8
1999-08-03,QQQ,48.158,48.164,46.507,47.198,13005000,613809990.0
1999-08-04,QQQ,47.198,47.553,46.303,46.343,13227600,613006666.8
1999-08-05,QQQ,46.349,47.079,45.244,47.079,18695200,880151320.8
1999-08-06,QQQ,46.744,47.612,46.244,46.573,12392200,577141930.6
1999-08-09,QQQ,46.744,46.875,45.882,45.974,7983400,367028831.6
1999-08-10,QQQ,45.849,46.185,44.561,45.56,16767200,763913632.0
1999-08-11,QQQ,46.376,47.138,45.679,47.06,13101400,616551884.0
1999-08-12,QQQ,47.244,47.559,46.402,46.507,12715000,591336505.0
1999-08-13,QQQ,47.48,48.585,47.401,48.533,14342600,696089405.8
1999-08-16,QQQ,48.506,49.085,48.191,48.921,11470600,561153222.6
1999-08-17,QQQ,49.348,49.401,48.27,49.164,11408400,560882577.6
1999-08-18,QQQ,48.927,49.532,48.427,48.612,7035200,341995142.4
1999-08-19,QQQ,48.164,48.506,47.724,48.033,10157800,487909607.4
1999-08-20,QQQ,48.085,48.796,47.822,48.796,6920800,337707356.8
1999-08-23,QQQ,49.243,50.348,49.131,50.348,9652000,485958896.0
1999-08-24,QQQ,49.979,51.242,49.881,50.69,13891400,704155066.0
1999-08-25,QQQ,51.005,51.979,50.453,51.768,11352000,587670336.0
1999-08-26,QQQ,51.768,51.952,50.828,50.907,9753000,496495971.0
1999-08-27,QQQ,51.288,51.295,50.269,50.4,9635400,485624160.0
1999-08-30,QQQ,50.611,50.769,49.559,49.69,10141600,503936104.0
1999-08-31,QQQ,50.032,50.558,48.927,50.242,14590400,733050876.8
1999-09-01,QQQ,50.558,51.032,50.242,50.604,10752000,544094208.0
1999-09-02,QQQ,49.664,50.69,49.558,50.427,14583200,735387026.4
1999-09-03,QQQ,51.873,52.761,51.689,52.741,14195400,748679591.4
1999-09-07,QQQ,52.636,53.162,52.426,52.505,9009000,473017545.0
1999-09-08,QQQ,52.189,52.715,51.374,51.794,14303400,740830299.6
1999-09-09,QQQ,51.821,52.662,51.558,52.531,12677600,665967005.6
1999-09-10,QQQ,53.241,53.655,52.636,53.136,10251000,544697136.0
1999-09-13,QQQ,53.083,53.189,52.215,52.498,7240800,380127518.4
1999-09-14,QQQ,52.294,53.156,52.189,52.787,10022600,529062986.2
1999-09-15,QQQ,53.445,53.445,51.716,51.768,16096000,833257728.0
1999-09-16,QQQ,51.742,52.215,50.67,51.742,15371000,795326282.0
1999-09-17,QQQ,52.215,53.399,52.136,53.294,14506400,773104081.6
1999-09-20,QQQ,53.452,53.662,53.057,53.419,6187200,330514036.8
1999-09-21,QQQ,52.952,53.057,51.985,52.136,12265800,639489748.8
1999-09-22,QQQ,52.215,52.965,51.584,52.689,12441800,655546000.2
1999-09-23,QQQ,53.241,53.346,50.196,50.505,19766000,998281830.0
1999-09-24,QQQ,50.19,50.769,49.348,50.571,23570800,1191998926.8
1999-09-27,QQQ,51.295,51.663,50.769,50.926,12608800,642115748.8
1999-09-28,QQQ,50.67,51.347,49.585,51.163,20622000,1055083386.0
1999-09-29,QQQ,51.163,51.531,50.137,50.137,15557000,779981309.0
1999-09-30,QQQ,50.611,51.189,49.979,50.663,17604200,891881584.6
1999-10-01,QQQ,49.979,50.683,49.453,50.683,19607400,993761854.2
1999-10-04,QQQ,50.953,52.005,50.663,51.821,12434200,644352678.2
1999-10-05,QQQ,52.005,52.82,51.084,52.189,19526400,1019063289.6
1999-10-06,QQQ,52.505,53.314,51.709,53.235,19098200,1016692677.0
1999-10-07,QQQ,53.531,53.787,52.715,53.11,22013600,1169142296.0
1999-10-08,QQQ,52.899,53.82,52.189,53.669,22523200,1208797620.8
1999-10-11,QQQ,53.82,54.451,53.688,54.425,13016000,708395800.0
1999-10-12,QQQ,54.241,54.675,53.031,53.189,20182800,1073502949.2
1999-10-13,QQQ,52.584,53.215,51.4,51.61,22570600,1164868666.0
1999-10-14,QQQ,51.794,52.294,50.953,51.933,22130400,1149298063.2
1999-10-15,QQQ,50.611,51.347,50.091,50.4,33703000,1698631200.0
1999-10-18,QQQ,50.453,50.637,48.329,49.762,24714800,1229857877.6
1999-10-19,QQQ,50.302,50.558,49.19,50.032,26657200,1333713030.4
1999-10-20,QQQ,50.795,51.972,50.295,51.558,22486400,1159353811.2
1999-10-21,QQQ,50.716,52.399,50.348,52.399,22454800,1176609065.2
1999-10-22,QQQ,52.709,53.241,51.979,52.163,16589400,865352872.2
1999-10-25,QQQ,51.926,52.761,51.716,52.189,13855400,723099470.6
1999-10-26,QQQ,52.82,53.11,51.663,51.768,13542400,701062963.2
1999-10-27,QQQ,51.637,51.873,50.88,51.689,15225200,786975362.8
1999-10-28,QQQ,52.505,53.662,52.031,53.478,14103800,754243016.4
1999-10-29,QQQ,54.714,55.766,54.53,55.346,19000000,1051574000.0
1999-11-01,QQQ,55.346,56.003,54.984,55.056,9681800,533041180.8
1999-11-02,QQQ,55.346,56.03,54.879,55.089,12834800,707056297.2
1999-11-03,QQQ,55.872,56.503,55.714,56.187,18752600,1053652336.2
1999-11-04,QQQ,56.97,57.082,56.214,56.819,20048600,1139141403.4
1999-11-05,QQQ,57.976,58.265,57.397,57.397,15134600,868680636.2
1999-11-08,QQQ,57.608,58.759,57.424,58.555,10890800,637710794.0
1999-11-09,QQQ,59.028,59.133,57.66,58.16,14629800,850869168.0
1999-11-10,QQQ,58.187,59.423,57.923,58.923,16561000,975823803.0
1999-11-11,QQQ,59.554,60.054,59.028,59.975,18501400,1109621465.0
1999-11-12,QQQ,60.291,60.817,58.397,60.764,28646600,1740682002.4
1999-11-15,QQQ,60.817,61.027,60.344,60.646,10909400,661611472.4
1999-11-16,QQQ,60.87,62.474,60.607,62.185,19126400,1189375184.0
1999-11-17,QQQ,62.185,62.455,61.027,61.343,21683600,1330137074.8
1999-11-18,QQQ,61.764,63.224,61.396,63.224,17738400,1121492601.6
1999-11-19,QQQ,62.948,63.895,62.711,63.789,17939400,1144336386.6
1999-11-22,QQQ,63.921,65.236,62.816,62.816,18841800,1183566508.8
1999-11-23,QQQ,64.342,64.395,62.501,63.106,24047600,1517547845.6
1999-11-24,QQQ,63.29,65.44,62.632,65.184,18617800,1213582675.2
1999-11-26,QQQ,65.999,66.315,65.131,65.394,8045200,526107808.8
1999-11-29,QQQ,65.263,65.815,64.237,64.316,20485200,1317526123.2
1999-11-30,QQQ,64.447,64.552,61.869,61.869,23702400,1466443785.6
1999-12-01,QQQ,62.553,63.526,62.08,63.211,23205800,1466861823.8
1999-12-02,QQQ,63.448,65.341,63.408,65.217,17229200,1123636736.4
1999-12-03,QQQ,66.762,67.498,66.42,66.604,21444600,1428296138.4
1999-12-06,QQQ,66.861,67.761,66.236,67.209,16018400,1076580645.6
1999-12-07,QQQ,67.419,67.683,66.361,67.209,23397000,1572488973.0
1999-12-08,QQQ,67.229,67.755,66.236,66.394,19563000,1298865822.0
1999-12-09,QQQ,67.341,67.709,65.026,66.709,28445400,1897564188.6
1999-12-10,QQQ,67.262,67.498,65.762,67.262,20428400,1374055040.8
1999-12-13,QQQ,67.032,68.465,66.736,68.176,16209200,1105078419.2
1999-12-14,QQQ,67.972,68.367,66.499,66.946,27760200,1858434349.2
1999-12-15,QQQ,66.183,68.235,65.605,68.235,31797200,2169681942.0
1999-12-16,QQQ,69.129,70.076,68.814,69.919,27219600,1903167212.4
1999-12-17,QQQ,71.129,71.444,70.228,70.524,23892400,1684987617.6
1999-12-20,QQQ,71.05,71.76,70.445,71.444,15392000,1099666048.0
1999-12-21,QQQ,71.655,75.285,71.247,75.285,26003800,1957696083.0
1999-12-22,QQQ,75.074,75.18,73.601,75.048,22313600,1674591052.8
1999-12-23,QQQ,75.646,76.39,74.916,75.942,17543600,1332296071.2
1999-12-27,QQQ,76.021,76.048,73.996,75.495,19281800,1455679491.0
1999-12-28,QQQ,75.548,76.179,74.548,75.022,15346400,1151317620.8
1999-12-29,QQQ,75.758,77.863,75.653,77.863,16512600,1285720573.8
1999-12-30,QQQ,78.81,78.915,77.021,77.021,21887000,1685758627.0
1999-12-31,QQQ,77.968,78.441,76.916,76.916,14464400,1112543790.4
2000-01-03,QQQ,80.967,80.967,76.39,79.757,36345200,2898784116.4
2000-01-04,QQQ,77.442,78.704,74.022,74.285,33786600,2509837581.0
2000-01-05,QQQ,73.654,75.443,70.918,72.391,42496600,3076371370.6
2000-01-06,QQQ,73.128,74.075,67.13,67.42,37134800,2503628216.0
2000-01-07,QQQ,69.813,75.758,69.445,75.758,28138200,2131693755.6
2000-01-10,QQQ,76.6,79.073,75.706,77.863,29675600,2310631242.8
2000-01-11,QQQ,77.231,78.178,73.233,74.075,32546600,2410889395.0
2000-01-12,QQQ,74.916,75.12,72.391,72.444,29050000,2104498200.0
2000-01-13,QQQ,74.496,77.021,73.299,76.81,25165200,1932939012.0
2000-01-14,QQQ,78.283,78.81,77.442,78.599,21898600,1721208061.4
2000-01-18,QQQ,77.494,79.494,76.968,79.02,16752400,1323774648.0
2000-01-19,QQQ,78.698,80.809,77.803,80.809,19006000,1535855854.0
2000-01-20,QQQ,80.388,81.545,79.132,80.02,25958000,2077159160.0
2000-01-21,QQQ,81.23,81.282,80.02,81.019,18698200,1514909465.8
2000-01-24,QQQ,82.019,82.177,76.574,77.126,28340400,2185781690.4
2000-01-25,QQQ,77.337,79.224,75.258,78.284,33276200,2604994040.8
2000-01-26,QQQ,78.494,78.547,74.916,75.127,23095600,1735103141.2
2000-01-27,QQQ,77.231,77.863,73.759,76.232,30739200,2343310694.4
2000-01-28,QQQ,75.758,76.153,71.339,72.391,35313800,2556401295.8
2000-01-31,QQQ,72.286,75.758,70.287,75.495,36014600,2718922227.0
2000-02-01,QQQ,75.364,77.863,74.443,77.521,26417600,2047918769.6
2000-02-02,QQQ,77.652,79.73,77.521,78.178,26169200,2045855717.6
2000-02-03,QQQ,79.388,81.335,77.678,81.23,30579800,2483997154.0
2000-02-04,QQQ,81.651,82.696,80.993,81.782,26640000,2178672480.0
2000-02-07,QQQ,81.861,83.018,81.019,82.913,17761000,1472617793.0
2000-02-08,QQQ,83.65,86.596,83.65,86.385,21999400,1900418169.0
2000-02-09,QQQ,85.912,86.024,83.124,83.334,27258200,2271534838.8
2000-02-10,QQQ,84.018,86.07,82.959,86.07,26341600,2267221512.0
2000-02-11,QQQ,85.912,85.912,82.492,84.071,24876000,2091350196.0
2000-02-14,QQQ,84.169,84.176,82.282,83.965,22814600,1915627889.0
2000-02-15,QQQ,83.281,84.702,80.704,84.57,30572800,2585541696.0
2000-02-16,QQQ,84.097,85.596,83.597,84.176,25310600,2130545065.6
2000-02-17,QQQ,85.175,86.911,83.86,85.965,30080200,2585844393.0
2000-02-18,QQQ,86.385,86.701,82.861,82.861,25271200,2093996903.2
2000-02-22,QQQ,83.334,84.123,81.019,83.124,37226200,3094390648.8
2000-02-23,QQQ,83.906,88.385,83.466,87.753,32170800,2823084212.4
2000-02-24,QQQ,88.279,89.904,85.859,89.647,48868200,4380887525.4
2000-02-25,QQQ,89.384,90.489,87.438,87.595,32617600,2857138672.0
2000-02-28,QQQ,86.912,88.963,84.597,87.543,38216200,3345560796.6
2000-02-29,QQQ,89.016,90.147,88.332,89.858,23978600,2154669038.8
2000-03-01,QQQ,90.279,91.383,89.647,90.594,24468400,2216690229.6
2000-03-02,QQQ,90.962,91.068,88.174,88.496,32739200,2897288243.2
2000-03-03,QQQ,90.91,93.54,90.068,93.488,32017200,2993223993.6
2000-03-06,QQQ,94.066,95.303,92.804,94.224,23268400,2192441721.6
2000-03-07,QQQ,95.803,95.855,91.541,92.804,39471000,3663066684.0
2000-03-08,QQQ,93.435,94.277,89.463,93.646,43512600,4074780939.6
2000-03-09,QQQ,93.619,97.223,91.831,96.802,30101400,2913875722.8
2000-03-10,QQQ,96.697,98.012,95.546,96.381,29750600,2867392578.6
2000-03-13,QQQ,92.593,96.066,92.199,93.856,37544200,3523748435.2
2000-03-14,QQQ,94.908,95.434,88.385,90.384,39106800,3534629011.2
2000-03-15,QQQ,89.647,90.068,85.754,86.596,51202600,4433940349.6
2000-03-16,QQQ,88.7,91.962,85.018,91.541,55282200,5060587870.2
2000-03-17,QQQ,90.91,93.488,90.857,93.277,31422400,2930987204.8
2000-03-20,QQQ,93.435,93.856,89.437,90.647,21167200,1918743178.4
2000-03-21,QQQ,89.332,94.224,87.175,94.066,33435100,3145106116.6
2000-03-22,QQQ,95.54,97.618,93.54,95.96,24370200,2338564392.0
2000-03-23,QQQ,96.368,99.117,95.592,97.644,19227400,1877440245.6
2000-03-24,QQQ,98.893,101.432,96.815,98.959,22063000,2183332417.0
2000-03-27,QQQ,99.327,100.59,98.591,99.117,11752600,1164882454.2
2000-03-28,QQQ,98.472,99.17,95.224,96.592,18336300,1771139889.6
2000-03-29,QQQ,97.118,97.17,92.593,92.593,27189500,2517557373.5
2000-03-30,QQQ,90.279,94.908,87.122,90.279,42328700,3821392707.3
2000-03-31,QQQ,91.028,93.119,87.543,92.172,31349900,2889582982.8
2000-04-03,QQQ,90.713,91.857,84.807,86.648,31551300,2733857042.4
2000-04-04,QQQ,87.227,87.49,74.338,85.807,66213000,5681538891.0
2000-04-05,QQQ,82.071,87.49,81.019,84.281,37631500,3171620451.5
2000-04-06,QQQ,86.175,87.438,83.965,86.28,30499900,2631531372.0
2000-04-07,QQQ,87.648,90.384,86.385,89.752,20645500,1852974916.0
2000-04-10,QQQ,90.594,90.647,83.544,84.281,26988200,2274592484.2
2000-04-11,QQQ,81.756,85.438,80.02,82.282,34497100,2838490382.2
2000-04-12,QQQ,82.177,83.124,75.969,77.442,34824400,2696871184.8
2000-04-13,QQQ,78.126,80.809,74.075,74.075,46330500,3431931787.5
2000-04-14,QQQ,72.444,74.496,65.657,67.656,60851300,4116955552.8
2000-04-17,QQQ,65.67,75.758,65.657,75.443,55398500,4179429035.5
2000-04-18,QQQ,75.324,78.284,73.549,77.442,36260900,2808116617.8
2000-04-19,QQQ,77.863,78.81,74.969,75.074,28082500,2108265605.0
2000-04-20,QQQ,76.074,76.574,72.444,73.443,21255600,1561075030.8
2000-04-24,QQQ,70.234,71.76,67.235,71.339,31190900,2225127615.1
2000-04-25,QQQ,72.812,76.179,72.391,76.153,28663200,2182788669.6
2000-04-26,QQQ,76.284,77.797,73.338,73.549,25688300,1889348776.7
2000-04-27,QQQ,70.708,77.849,69.235,76.81,37010400,2842768824.0
2000-04-28,QQQ,78.757,79.757,77.547,79.757,24828400,1980238698.8
2000-05-01,QQQ,80.598,81.545,79.336,80.493,23205700,1867896410.1
2000-05-02,QQQ,79.862,80.493,75.548,75.863,20307900,1540618217.7
2000-05-03,QQQ,75.337,75.969,71.983,75.022,26589700,1994812473.4
2000-05-04,QQQ,74.917,76.39,73.759,75.18,17750700,1334497626.0
2000-05-05,QQQ,74.18,77.705,74.101,76.968,20571200,1583324121.6
2000-05-08,QQQ,76.179,76.39,73.864,73.969,13903000,1028391007.0
2000-05-09,QQQ,74.496,75.022,70.971,72.391,19825800,1435209487.8
2000-05-10,QQQ,71.023,71.536,66.92,67.13,34847500,2339312675.0
2000-05-11,QQQ,69.655,71.76,68.077,71.234,24709700,1760170769.8
2000-05-12,QQQ,71.865,73.706,70.708,71.234,17832000,1270244688.0
2000-05-15,QQQ,71.392,74.601,69.55,74.338,17950800,1334426570.4
2000-05-16,QQQ,75.758,77.021,74.127,76.442,23758800,1816170189.6
2000-05-17,QQQ,75.127,76.179,73.864,74.864,20339400,1522688841.6
2000-05-18,QQQ,74.916,75.219,71.865,72.181,19063000,1375986403.0
2000-05-19,QQQ,70.497,71.549,68.445,68.761,28178100,1937554334.1
2000-05-22,QQQ,68.709,69.235,63.618,68.709,43879800,3014937178.2
2000-05-23,QQQ,68.498,69.55,62.501,62.974,31898500,2008776139.0
2000-05-24,QQQ,63.132,67.235,60.817,66.92,49476000,3310933920.0
2000-05-25,QQQ,67.551,69.235,64.394,65.447,29632700,1939371316.9
2000-05-26,QQQ,65.447,66.709,63.763,65.447,18203200,1191344830.4
2000-05-30,QQQ,67.341,72.339,67.341,72.023,31590400,2275235379.2
2000-05-31,QQQ,71.102,72.957,69.655,69.971,29675400,2076417413.4
2000-06-01,QQQ,71.707,74.39,70.708,73.549,28993500,2132442931.5
2000-06-02,QQQ,77.968,79.073,69.445,78.81,31677200,2496480132.0
2000-06-05,QQQ,77.652,80.23,77.336,79.007,23784300,1879126190.1
2000-06-06,QQQ,78.441,79.967,76.495,76.81,23200500,1782030405.0
2000-06-07,QQQ,77.073,79.125,75.39,78.862,22524400,1776319232.8
2000-06-08,QQQ,79.651,79.862,77.126,78.494,19313800,1516017417.2
2000-06-09,QQQ,79.757,79.757,78.284,78.915,17014600,1342707159.0
2000-06-12,QQQ,79.388,79.388,75.758,76.39,16484700,1259266233.0
2000-06-13,QQQ,76.179,79.651,75.219,79.336,25187900,1998307234.4
2000-06-14,QQQ,79.862,79.862,77.021,77.547,20274500,1572226651.5
2000-06-15,QQQ,77.337,79.02,76.495,78.915,18807800,1484217537.0
2000-06-16,QQQ,79.757,80.23,78.336,79.336,21203400,1682192942.4
2000-06-19,QQQ,79.138,82.703,78.02,82.492,20042500,1653345910.0
2000-06-20,QQQ,82.703,83.913,81.808,82.177,20988300,1724755529.1
2000-06-21,QQQ,81.493,83.939,81.387,83.229,20880600,1737871457.4
2000-06-22,QQQ,83.018,83.334,79.546,80.177,21526700,1725946225.9
2000-06-23,QQQ,79.967,80.388,76.916,77.021,24888100,1916906350.1
2000-06-26,QQQ,78.336,79.48,77.442,79.125,22169200,1754137950.0
2000-06-27,QQQ,78.928,80.02,77.757,78.178,14786000,1155939908.0
2000-06-28,QQQ,78.27,80.388,77.863,79.125,19259800,1523931675.0
2000-06-29,QQQ,78.231,78.599,76.284,77.139,21355800,1647365056.2
2000-06-30,QQQ,77.284,79.086,76.863,78.652,15153100,1191821621.2
2000-07-03,QQQ,78.704,80.177,78.494,80.177,5212000,417882524.0
2000-07-05,QQQ,78.81,79.099,76.495,77.073,16489000,1270856697.0
2000-07-06,QQQ,77.073,79.757,75.811,79.125,23594700,1866930637.5
2000-07-07,QQQ,79.967,81.651,79.494,80.756,16603200,1340808019.2
2000-07-10,QQQ,79.704,80.704,79.125,79.533,12659400,1006840060.2
2000-07-11,QQQ,79.178,80.598,78.126,79.967,14374600,1149493638.2
2000-07-12,QQQ,80.335,82.282,79.651,81.861,18252600,1494176088.6
2000-07-13,QQQ,82.44,83.965,81.756,82.913,19566700,1622333797.1
2000-07-14,QQQ,84.386,85.123,83.176,84.702,17219400,1458517618.8
2000-07-17,QQQ,84.965,85.912,84.071,85.649,13140500,1125470684.5
2000-07-18,QQQ,84.491,84.833,82.795,83.755,20684000,1732388420.0
2000-07-19,QQQ,82.755,83.281,80.519,81.861,21828500,1786902838.5
2000-07-20,QQQ,82.387,84.597,81.874,84.491,19521200,1649365709.2
2000-07-21,QQQ,82.861,83.768,81.651,81.651,14411400,1176705221.4
2000-07-24,QQQ,82.44,83.334,79.336,79.967,18579200,1485722886.4
2000-07-25,QQQ,80.493,81.65,78.967,80.598,19065700,1536657288.6
2000-07-26,QQQ,80.388,80.914,78.494,80.493,20318700,1635513119.1
2000-07-27,QQQ,79.073,80.02,77.073,77.337,26141800,2021728386.6
2000-07-28,QQQ,77.6,78.178,72.391,73.128,36485600,2668118956.8
2000-07-31,QQQ,73.759,75.863,72.154,75.285,27609900,2078611321.5
2000-08-01,QQQ,75.6,75.745,73.812,74.285,15751800,1170122463.0
2000-08-02,QQQ,73.969,76.087,72.812,72.97,23578200,1720501254.0
2000-08-03,QQQ,70.918,76.81,70.129,76.126,35874700,2730997412.2
2000-08-04,QQQ,77.442,78.086,75.022,75.863,22283400,1690485574.2
2000-08-07,QQQ,76.495,78.31,75.969,77.652,15103300,1172801451.6
2000-08-08,QQQ,77.494,79.336,77.021,79.23,14832300,1175163129.0
2000-08-09,QQQ,78.862,79.494,76.916,77.126,18649800,1438384474.8
2000-08-10,QQQ,77.284,77.639,75.337,75.6,15336200,1159416720.0
2000-08-11,QQQ,75.127,76.692,73.969,76.653,21050600,1613591641.8
2000-08-14,QQQ,76.916,78.284,75.929,78.284,12539300,981626561.2
2000-08-15,QQQ,78.073,79.112,77.442,78.284,14090300,1103045045.2
2000-08-16,QQQ,78.652,79.704,77.442,79.073,15245300,1205491606.9
2000-08-17,QQQ,78.231,80.704,78.178,80.598,14492400,1168058455.2
2000-08-18,QQQ,80.756,81.335,79.704,80.177,14706700,1179139085.9
2000-08-21,QQQ,80.809,81.532,79.441,80.388,13560100,1090069318.8
2000-08-22,QQQ,80.809,81.953,80.191,80.388,14878200,1196028741.6
2000-08-23,QQQ,79.704,82.019,78.981,81.703,21396400,1748150069.2
2000-08-24,QQQ,82.019,83.071,80.861,82.966,13567700,1125657798.2
2000-08-25,QQQ,82.9,84.136,81.651,82.519,11764700,970811279.3
2000-08-28,QQQ,82.703,84.044,82.44,82.913,12314200,1021007264.6
2000-08-29,QQQ,83.018,83.479,82.374,83.334,11162800,930240775.2
2000-08-30,QQQ,82.755,83.755,82.295,83.229,10545300,877674773.7
2000-08-31,QQQ,83.86,85.859,83.229,85.544,15588700,1333519752.8
2000-09-01,QQQ,86.701,87.135,85.175,86.385,14071900,1215601081.5
2000-09-05,QQQ,85.544,85.649,83.689,83.755,16348300,1369251866.5
2000-09-06,QQQ,83.544,83.742,80.388,80.809,20964900,1694152604.1
2000-09-07,QQQ,81.493,83.689,81.282,82.597,16669700,1376867210.9
2000-09-08,QQQ,82.295,82.492,79.77,80.072,23475200,1879706214.4
2000-09-11,QQQ,79.546,80.914,77.442,78.126,27262100,2129878824.6
2000-09-12,QQQ,78.704,79.704,76.468,76.916,24256000,1865674496.0
2000-09-13,QQQ,75.969,79.02,75.758,78.704,34093100,2683263342.4
2000-09-14,QQQ,80.177,80.756,77.981,78.284,28615300,2240120145.2
2000-09-15,QQQ,78.389,78.81,76.337,76.863,24994600,1921159939.8
2000-09-18,QQQ,77.284,78.283,74.075,75.653,29218500,2210467180.5
2000-09-19,QQQ,76.39,78.941,75.653,78.441,27568700,2162516396.7
2000-09-20,QQQ,78.599,80.164,76.863,79.651,33123200,2638296003.2
2000-09-21,QQQ,78.915,79.533,73.233,73.864,25031400,1848919329.6
2000-09-22,QQQ,73.759,78.494,73.654,78.231,33710100,2637174833.1
2000-09-25,QQQ,78.81,79.336,75.758,76.153,20560800,1565766602.4
2000-09-26,QQQ,76.403,77.863,74.851,75.285,26011200,1958253192.0
2000-09-27,QQQ,76.284,76.758,74.075,75.39,28482900,2147325831.0
2000-09-28,QQQ,74.68,78.284,74.68,77.073,29050000,2238970650.0
2000-09-29,QQQ,77.442,77.823,74.653,74.706,27198800,2031913552.8
2000-10-02,QQQ,75.969,75.969,72.391,73.023,24968200,1823252868.6
2000-10-03,QQQ,74.127,74.759,70.09,70.708,35731200,2526481689.6
2000-10-04,QQQ,70.287,73.115,69.129,72.076,37672100,2715254279.6
2000-10-05,QQQ,71.76,73.391,71.181,72.286,23443100,1694607926.6
2000-10-06,QQQ,72.023,72.865,68.393,69.866,36335800,2538637002.8
2000-10-09,QQQ,69.498,70.55,66.815,69.55,28834600,2005446430.0
2000-10-10,QQQ,68.866,70.129,65.552,65.92,35283200,2325868544.0
2000-10-11,QQQ,64.71,67.722,64.026,64.868,48462600,3143671936.8
2000-10-12,QQQ,66.709,66.972,62.632,63.237,53223600,3365700793.2
2000-10-13,QQQ,62.869,68.708,62.816,68.393,42410200,2900560808.6
2000-10-16,QQQ,68.288,69.287,67.13,69.024,27644900,1908161577.6
2000-10-17,QQQ,69.971,70.011,65.657,65.868,52101400,3431815015.2
2000-10-18,QQQ,64.605,68.34,62.764,65.657,64354400,4225316840.8
2000-10-19,QQQ,69.353,71.641,68.551,71.602,44278900,3170457797.8
2000-10-20,QQQ,71.129,73.969,71.036,72.654,40692200,2956451098.8
2000-10-23,QQQ,72.549,73.654,70.813,72.549,28989200,2103137470.8
2000-10-24,QQQ,72.759,73.233,69.34,69.445,31466200,2185170259.0
2000-10-25,QQQ,68.393,69.024,64.723,65.552,48635400,3188147740.8
2000-10-26,QQQ,65.815,67.341,61.974,67.235,69991300,4705865055.5
2000-10-27,QQQ,68.064,68.906,65.223,67.104,51046400,3425417625.6
2000-10-30,QQQ,65.815,67.235,63.724,64.618,35496700,2293725760.6
2000-10-31,QQQ,65.657,69.498,65.552,68.774,43863800,3016688981.2
2000-11-01,QQQ,67.604,69.708,66.657,68.182,45186400,3080899124.8
2000-11-02,QQQ,69.182,70.076,68.235,69.024,26594300,1835644963.2
2000-11-03,QQQ,69.761,70.655,68.722,69.919,29837100,2086180194.9
2000-11-06,QQQ,70.392,70.813,69.024,69.392,23485800,1629726633.6
2000-11-07,QQQ,68.551,69.419,67.551,69.129,24334400,1682212737.6
2000-11-08,QQQ,69.129,69.235,63.658,63.724,40338200,2570511456.8
2000-11-09,QQQ,62.921,64.763,61.448,63.711,64955900,4138405344.9
2000-11-10,QQQ,62.501,63.711,60.396,60.396,49235500,2973627258.0
2000-11-13,QQQ,59.725,62.448,57.463,60.488,75023400,4538015419.2
2000-11-14,QQQ,61.448,63.974,61.238,63.842,44829500,2862004939.0
2000-11-15,QQQ,63.605,65.71,62.961,65.131,37760900,2459405177.9
2000-11-16,QQQ,63.448,64.815,61.343,61.343,33898700,2079447954.1
2000-11-17,QQQ,61.606,63.29,59.765,61.304,49913800,3059915595.2
2000-11-20,QQQ,59.712,60.659,58.292,58.805,46862300,2755737551.5
2000-11-21,QQQ,59.081,59.87,57.608,58.713,42128600,2473496491.8
2000-11-22,QQQ,57.608,59.028,55.977,56.082,56623700,3175570343.4
2000-11-24,QQQ,57.555,59.449,57.384,59.291,19987900,1185102578.9
2000-11-27,QQQ,61.08,61.396,57.871,58.555,35416600,2073819013.0
2000-11-28,QQQ,58.029,58.87,54.977,55.096,48812700,2689384519.2
2000-11-29,QQQ,55.398,56.187,52.61,52.978,66189300,3506576735.4
2000-11-30,QQQ,51.979,54.083,50.926,53.018,74792600,3965354066.8
2000-12-01,QQQ,53.925,56.2,52.294,53.873,57112500,3076821712.5
2000-12-04,QQQ,53.978,55.017,51.979,54.714,49106300,2686802098.2
2000-12-05,QQQ,55.609,59.765,55.135,59.502,76531800,4553795163.6
2000-12-06,QQQ,59.423,60.856,57.029,57.24,63352100,3626274204.0
2000-12-07,QQQ,56.398,58.068,55.135,55.977,41481100,2321987534.7
2000-12-08,QQQ,59.844,61.869,56.924,57.24,65856900,3769648956.0
2000-12-11,QQQ,60.659,62.948,59.725,62.606,51829800,3244856458.8
2000-12-12,QQQ,61.869,62.185,60.028,60.317,31054500,1873114276.5
2000-12-13,QQQ,61.817,61.869,57.503,57.858,51661600,2989036852.8
2000-12-14,QQQ,57.674,58.66,54.925,55.03,41562700,2287195381.0
2000-12-15,QQQ,54.083,55.24,52.662,53.767,59026100,3173656318.7
2000-12-18,QQQ,54.846,55.53,52.662,53.873,42950000,2313845350.0
2000-12-19,QQQ,53.412,55.438,49.453,49.769,80489200,4005866994.8
2000-12-20,QQQ,48.243,49.138,46.086,46.915,81432100,3820386971.5
2000-12-21,QQQ,46.31,49.453,45.665,47.191,85875600,4052555439.6
2000-12-22,QQQ,48.506,51.137,48.401,50.926,57240000,2915004240.0
2000-12-26,QQQ,51.005,52.123,48.822,51.242,37082800,1900196837.6
2000-12-27,QQQ,50.242,52.347,49.611,51.821,33955500,1759607965.5
2000-12-28,QQQ,51.163,52.597,50.716,51.716,30996900,1603035680.4
2000-12-29,QQQ,51.821,52.386,48.822,49.138,49191000,2417147358.0
2001-01-02,QQQ,49.295,49.401,44.14,44.981,62514100,2811946732.1
2001-01-03,QQQ,43.929,54.925,43.903,52.557,118175700,6210960264.9
2001-01-04,QQQ,51.873,53.557,50.703,51.61,58465400,3017399294.0
2001-01-05,QQQ,51.61,51.61,47.138,47.665,68782000,3278494030.0
2001-01-08,QQQ,47.401,48.401,45.047,48.191,55576500,2678287111.5
2001-01-09,QQQ,48.612,49.769,47.665,48.191,53318900,2569491109.9
2001-01-10,QQQ,47.244,50.821,46.928,50.663,74258300,3762148252.9
2001-01-11,QQQ,49.887,53.609,49.822,52.136,65451700,3412389831.2
2001-01-12,QQQ,52.82,54.399,51.768,52.807,60793900,3210343477.3
2001-01-16,QQQ,52.662,52.965,50.979,52.176,32203300,1680239380.8
2001-01-17,QQQ,54.293,55.227,53.149,53.767,61388800,3300691609.6
2001-01-18,QQQ,53.978,56.187,52.768,56.03,54934700,3077991241.0
2001-01-19,QQQ,57.358,57.503,55.188,55.819,56292500,3142191057.5
2001-01-22,QQQ,55.451,56.398,54.504,55.872,35777100,1998938131.2
2001-01-23,QQQ,55.477,57.582,54.977,57.042,49859500,2844085599.0
2001-01-24,QQQ,57.292,58.187,56.187,56.503,53905400,3045816816.2
2001-01-25,QQQ,56.293,56.963,54.201,54.293,57151900,3102948106.7
2001-01-26,QQQ,53.504,55.503,53.031,55.175,45681400,2520471245.0
2001-01-29,QQQ,54.504,56.608,54.083,56.398,31514100,1777332211.8
2001-01-30,QQQ,56.524,57.021,55.556,56.187,42439300,2384536949.1
2001-01-31,QQQ,56.608,57.231,54.125,54.125,59322200,3210814075.0
2001-02-01,QQQ,54.335,55.228,53.536,54.841,45142600,2475665326.6
2001-02-02,QQQ,54.664,54.967,50.505,51.81,47471000,2459472510.0
2001-02-05,QQQ,51.507,52.105,50.607,51.768,36016300,1864491818.4
2001-02-06,QQQ,51.76,53.132,51.482,51.852,42417700,2199442580.4
2001-02-07,QQQ,50.935,51.516,49.31,51.011,61972200,3161263894.2
2001-02-08,QQQ,51.263,51.768,49.31,49.487,48269500,2388712746.5
2001-02-09,QQQ,49.032,49.327,47.138,47.475,55385200,2629412370.0
2001-02-12,QQQ,47.349,48.771,46.819,48.048,50540400,2428365139.2
2001-02-13,QQQ,48.527,49.815,46.28,46.507,58914000,2739913398.0
2001-02-14,QQQ,46.633,48.612,45.556,48.359,63048200,3048947903.8
2001-02-15,QQQ,49.495,50.918,49.074,49.159,67801300,3333044106.7
2001-02-16,QQQ,47.105,47.871,45.901,46.406,66779700,3098978758.2
2001-02-20,QQQ,46.92,47.004,44.024,44.605,55298400,2466585132.0
2001-02-21,QQQ,43.393,45.514,42.862,43.351,72349000,3136401499.0
2001-02-22,QQQ,43.308,43.906,41.154,42.93,103855500,4458516615.0
2001-02-23,QQQ,42.164,43.435,40.598,43.081,93337900,4021090069.9
2001-02-26,QQQ,43.839,44.276,42.298,43.898,78342700,3439087844.6
2001-02-27,QQQ,43.384,43.839,41.162,41.246,66741700,2752828158.2
2001-02-28,QQQ,41.625,42.265,39.445,39.941,102187900,4081486913.9
2001-03-01,QQQ,39.537,41.414,38.51,41.078,101773000,4180631294.0
2001-03-02,QQQ,39.731,41.776,38.426,39.31,95927100,3770894301.0
2001-03-05,QQQ,39.984,40.707,39.638,40.026,43888400,1756677098.4
2001-03-06,QQQ,41.499,42.643,41.33,41.583,60828600,2529435673.8
2001-03-07,QQQ,42.425,42.45,41.221,41.6,55215500,2296964800.0
2001-03-08,QQQ,41.541,41.928,40.489,40.825,48965200,1999004290.0
2001-03-09,QQQ,39.773,39.874,37.837,37.963,79990900,3036694536.7
2001-03-12,QQQ,37.037,37.837,35.185,35.606,80674000,2872478444.0
2001-03-13,QQQ,36.01,37.66,35.463,37.416,80024400,2994192950.4
2001-03-14,QQQ,35.943,38.039,35.615,36.827,97190000,3579216130.0
2001-03-15,QQQ,38.047,38.14,35.396,35.48,74135500,2630327540.0
2001-03-16,QQQ,35.253,36.027,34.142,34.68,77784500,2697566460.0
2001-03-19,QQQ,34.882,36.414,34.302,36.414,53248200,1938979954.8
2001-03-20,QQQ,36.566,36.877,33.839,33.965,104796200,3559402933.0
2001-03-21,QQQ,34.108,35.185,33.426,33.965,96200700,3267456775.5
2001-03-22,QQQ,34.175,36.027,33.241,36.027,130208100,4691007218.7
2001-03-23,QQQ,36.659,36.894,34.933,36.027,95277500,3432562492.5
2001-03-26,QQQ,36.591,36.616,34.975,35.194,57666200,2029504242.8
2001-03-27,QQQ,35.185,36.802,34.866,36.406,69945300,2546428591.8
2001-03-28,QQQ,35.27,35.522,33.401,33.418,77863500,2602042443.0
2001-03-29,QQQ,33.148,34.184,32.323,32.786,79654700,2611558994.2
2001-03-30,QQQ,33.081,33.653,31.987,32.955,63661300,2097958141.5
2001-04-02,QQQ,32.972,33.544,31.398,31.482,69713600,2194723555.2
2001-04-03,QQQ,31.313,31.776,29.142,29.175,89015700,2597033047.5
2001-04-04,QQQ,29.217,30.143,28.283,28.662,76473900,2191894921.8
2001-04-05,QQQ,30.303,31.953,30.059,31.406,87035800,2733446334.8
2001-04-06,QQQ,31.061,31.229,29.882,30.261,86123600,2606186259.6
2001-04-09,QQQ,30.968,31.473,30.177,31.187,51638700,1610456136.9
2001-04-10,QQQ,31.903,34.058,31.802,33.502,94265100,3158069380.2
2001-04-11,QQQ,35.489,35.775,34.049,34.512,92829500,3203731704.0
2001-04-12,QQQ,33.923,36.027,33.67,36.027,79531500,2865281350.5
2001-04-16,QQQ,35.303,35.716,33.721,33.881,65229800,2210050853.8
2001-04-17,QQQ,33.628,35.943,33.586,34.723,94694300,3288070178.9
2001-04-18,QQQ,36.802,40.404,36.364,38.342,128891400,4941954058.8
2001-04-19,QQQ,38.805,41.036,38.367,40.657,110467600,4491281213.2
2001-04-20,QQQ,40.556,41.617,36.238,40.741,80598100,3283647192.1
2001-04-23,QQQ,39.554,40.169,37.786,38.005,79317600,3014465388.0
2001-04-24,QQQ,37.963,39.074,36.827,37.29,88888300,3314644707.0
2001-04-25,QQQ,36.953,38.367,36.28,37.963,68418400,2597367719.2
2001-04-26,QQQ,38.637,38.931,36.928,36.995,71110200,2630721849.0
2001-04-27,QQQ,38.005,38.275,37.239,38.005,55580000,2112317900.0
2001-04-30,QQQ,38.931,40.042,38.132,38.847,73859100,2869204457.7
2001-05-01,QQQ,38.889,40.472,38.216,40.446,54498300,2204238241.8
2001-05-02,QQQ,41.078,41.583,39.983,41.229,77566500,3197989228.5
2001-05-03,QQQ,40.32,40.32,38.889,39.394,67124900,2644318310.6
2001-05-04,QQQ,38.132,40.573,37.972,40.573,72673400,2948577858.2
2001-05-07,QQQ,40.404,40.909,39.647,39.731,45561600,1810207929.6
2001-05-08,QQQ,40.657,40.699,39.554,40.573,56970700,2311472211.1
2001-05-09,QQQ,39.605,40.362,39.091,39.184,60984600,2389620566.4
2001-05-10,QQQ,40.337,40.446,38.485,38.527,61130300,2355167068.1
2001-05-11,QQQ,38.586,39.074,37.955,38.342,48760400,1869571256.8
2001-05-14,QQQ,38.132,38.182,36.49,37.728,43108000,1626378624.0
2001-05-15,QQQ,37.795,38.973,37.526,38.005,69007600,2622633838.0
2001-05-16,QQQ,37.298,40.0,37.088,39.689,80110500,3179505634.5
2001-05-17,QQQ,39.941,41.069,39.781,40.32,73810700,2976047424.0
2001-05-18,QQQ,40.101,40.724,39.638,40.438,41095100,1661803653.8
2001-05-21,QQQ,40.547,43.056,40.11,42.972,85426900,3670964746.8
2001-05-22,QQQ,43.191,43.729,42.239,42.845,77233900,3309086445.5
2001-05-23,QQQ,42.458,42.467,40.943,40.952,65618000,2687188336.0
2001-05-24,QQQ,41.221,42.079,40.632,42.004,61792500,2595532170.0
2001-05-25,QQQ,42.054,42.105,40.421,41.238,36191100,1492448581.8
2001-05-29,QQQ,40.825,40.825,38.805,38.822,66609600,2585917891.2
2001-05-30,QQQ,38.241,38.595,37.105,37.399,81397400,3044181362.6
2001-05-31,QQQ,37.492,38.595,37.29,37.652,68018300,2561025031.6
2001-06-01,QQQ,38.334,38.914,37.315,38.763,61874300,2398433490.9
2001-06-04,QQQ,38.999,39.276,38.123,38.578,41696000,1608548288.0
2001-06-05,QQQ,38.973,40.707,38.889,40.278,68146400,2744800699.2
2001-06-06,QQQ,40.472,41.154,39.622,39.967,61169500,2444761406.5
2001-06-07,QQQ,39.672,41.659,39.622,40.994,65400200,2681015798.8
2001-06-08,QQQ,41.01,41.053,39.521,39.857,56391400,2247592029.8
2001-06-11,QQQ,39.478,39.563,38.292,38.763,48809400,1891998772.2
2001-06-12,QQQ,37.77,39.394,37.231,38.553,78450500,3024502126.5
2001-06-13,QQQ,38.948,39.352,37.475,37.5,68535400,2570077500.0
2001-06-14,QQQ,37.054,37.374,35.354,35.564,91050300,3238112869.2
2001-06-15,QQQ,35.185,36.255,34.748,35.859,84589400,3033291294.6
2001-06-18,QQQ,35.893,36.339,34.849,35.379,63539100,2247949818.9
2001-06-19,QQQ,36.465,36.667,34.731,35.202,73386900,2583365653.8
2001-06-20,QQQ,34.765,36.17,34.748,36.002,83588600,3009356777.2
2001-06-21,QQQ,35.918,37.231,35.606,36.49,67212600,2452587774.0
2001-06-22,QQQ,36.717,37.206,35.85,36.406,51870400,1888393782.4
2001-06-25,QQQ,36.709,36.869,35.901,36.499,39212100,1431202437.9
2001-06-26,QQQ,35.808,36.945,35.758,36.625,55155100,2020055537.5
2001-06-27,QQQ,36.768,37.164,36.196,36.861,53289400,1964300573.4
2001-06-28,QQQ,37.374,39.024,37.332,37.332,89963700,3358524848.4
2001-06-29,QQQ,37.955,39.159,37.627,38.468,59719600,2297293572.8
2001-07-02,QQQ,38.426,39.125,38.039,38.258,50884300,1946731549.4
2001-07-03,QQQ,38.09,38.46,37.711,38.418,24758400,951168211.2
2001-07-05,QQQ,37.77,38.031,36.574,36.574,44409800,1624244025.2
2001-07-06,QQQ,36.204,36.288,34.925,35.059,53434800,1873370653.2
2001-07-09,QQQ,35.261,35.935,34.933,35.362,45547500,1610650695.0
2001-07-10,QQQ,35.994,36.095,34.007,34.091,58620000,1998414420.0
2001-07-11,QQQ,34.024,34.596,33.561,34.512,77840200,2686420982.4
2001-07-12,QQQ,35.884,36.894,35.606,36.701,70363300,2582403473.3
2001-07-13,QQQ,36.515,37.399,36.111,36.322,62474200,2269187892.4
2001-07-16,QQQ,36.507,36.919,35.27,35.648,53390800,1903275238.4
2001-07-17,QQQ,35.202,36.532,34.967,36.448,59813000,2180064224.0
2001-07-18,QQQ,35.581,36.069,34.63,35.059,64797200,2271725034.8
2001-07-19,QQQ,35.741,36.49,35.143,35.893,76590200,2749052048.6
2001-07-20,QQQ,34.925,35.472,34.815,35.059,49012800,1718339755.2
2001-07-23,QQQ,35.556,35.691,34.133,34.184,55329400,1891380209.6
2001-07-24,QQQ,33.99,34.428,33.09,33.797,70422900,2380082751.3
2001-07-25,QQQ,33.788,34.276,33.165,34.091,68859600,2347492623.6
2001-07-26,QQQ,34.049,35.261,33.653,34.596,69199300,2394018982.8
2001-07-27,QQQ,35.051,35.573,34.765,35.312,47452900,1675656804.8
2001-07-30,QQQ,35.463,35.606,34.849,35.101,39459400,1385064399.4
2001-07-31,QQQ,35.219,36.01,34.933,35.152,55732500,1959108840.0
2001-08-01,QQQ,35.884,36.616,35.699,36.28,53864800,1954214944.0
2001-08-02,QQQ,36.861,37.037,36.044,36.962,53187300,1965908982.6
2001-08-03,QQQ,36.642,36.642,35.825,36.347,51513700,1872368453.9
2001-08-06,QQQ,35.8,36.069,35.648,35.775,31105700,1112806417.5
2001-08-07,QQQ,35.438,36.044,35.303,35.59,38407500,1366922925.0
2001-08-08,QQQ,35.228,35.901,33.923,34.091,76045200,2592456913.2
2001-08-09,QQQ,34.015,34.411,33.653,34.234,66861400,2288933167.6
2001-08-10,QQQ,34.024,34.302,33.022,33.906,68491900,2322286361.4
2001-08-13,QQQ,34.167,34.798,33.839,34.596,48425700,1675335517.2
2001-08-14,QQQ,34.925,35.101,34.125,34.175,51267600,1752070230.0
2001-08-15,QQQ,34.192,34.453,32.887,32.913,58935300,1939737528.9
2001-08-16,QQQ,32.526,33.325,32.02,33.3,68227300,2271969090.0
2001-08-17,QQQ,32.357,32.66,31.743,31.785,56649300,1800598000.5
2001-08-20,QQQ,31.861,32.534,31.583,32.223,49921300,1608614049.9
2001-08-21,QQQ,32.231,32.534,30.85,30.884,56445600,1743265910.4
2001-08-22,QQQ,31.524,31.852,30.758,31.726,65221400,2069214136.4
2001-08-23,QQQ,31.709,32.374,31.398,31.414,54711800,1718716485.2
2001-08-24,QQQ,31.869,33.157,31.776,33.081,58450600,1933604298.6
2001-08-27,QQQ,33.064,33.586,32.685,33.123,50927500,1686871582.5
2001-08-28,QQQ,33.098,33.199,31.995,32.088,65275500,2094560244.0
2001-08-29,QQQ,32.298,32.366,31.254,31.616,59060500,1867256768.0
2001-08-30,QQQ,30.977,31.406,30.093,30.446,76105800,2317117186.8
2001-08-31,QQQ,30.329,31.17,30.253,30.834,54309000,1674563706.0
2001-09-04,QQQ,30.733,31.566,29.756,29.857,74073600,2211615475.2
2001-09-05,QQQ,29.874,30.228,28.746,29.739,95461200,2838920626.8
2001-09-06,QQQ,29.243,29.899,28.435,28.536,88701800,2531194564.8
2001-09-07,QQQ,28.3,29.546,28.073,28.367,95528800,2709865469.6
2001-09-10,QQQ,28.19,28.889,28.064,28.704,80371300,2306977795.2
2001-09-17,QQQ,26.305,27.61,26.17,26.263,97700900,2565918736.7
2001-09-18,QQQ,26.541,27.357,25.564,25.674,66285300,1701808792.2
2001-09-19,QQQ,25.791,26.095,23.788,25.227,116632800,2942295645.6
2001-09-20,QQQ,24.664,25.328,24.243,24.386,90840200,2215229117.2
2001-09-21,QQQ,23.073,24.386,22.896,23.729,112341900,2665760945.1
2001-09-24,QQQ,24.478,25.253,24.066,24.924,85696500,2135899566.0
2001-09-25,QQQ,25.009,25.615,24.369,25.0,83860600,2096515000.0
2001-09-26,QQQ,25.211,25.253,23.914,24.133,59759800,1442183253.4
2001-09-27,QQQ,23.906,24.234,23.081,23.973,70050700,1679325431.1
2001-09-28,QQQ,24.276,25.185,23.83,24.394,84810800,2068874655.2
2001-10-01,QQQ,24.285,24.394,23.443,24.184,53460800,1292895987.2
2001-10-02,QQQ,24.116,24.756,23.906,24.259,74133400,1798402150.6
2001-10-03,QQQ,23.923,26.608,23.847,26.094,136198600,3553966268.4
2001-10-04,QQQ,26.642,27.946,26.044,26.347,127371500,3355856910.5
2001-10-05,QQQ,26.094,26.852,25.472,26.734,96443400,2578317855.6
2001-10-08,QQQ,26.204,27.231,26.061,26.818,67789600,1817981492.8
2001-10-09,QQQ,26.818,26.953,25.985,26.17,57564800,1506470816.0
2001-10-10,QQQ,25.985,27.391,25.884,27.357,73840600,2020057294.2
2001-10-11,QQQ,27.938,29.672,27.896,29.209,117232200,3424235329.8
2001-10-12,QQQ,28.898,29.293,27.896,29.083,111901600,3254434232.8
2001-10-15,QQQ,28.721,29.083,28.334,28.956,78322000,2267891832.0
2001-10-16,QQQ,29.175,29.546,28.679,29.428,81346800,2393873630.4
2001-10-17,QQQ,30.194,30.303,27.189,27.315,141530300,3865900144.5
2001-10-18,QQQ,27.525,28.233,27.273,28.056,94448200,2649838699.2
2001-10-19,QQQ,27.66,28.409,26.936,28.241,73434200,2073855242.2
2001-10-22,QQQ,28.148,29.041,27.963,28.999,74104900,2148967995.1
2001-10-23,QQQ,29.31,29.798,28.62,29.15,104062200,3033413130.0
2001-10-24,QQQ,29.125,30.034,28.889,29.781,90171400,2685394463.4
2001-10-25,QQQ,29.209,30.994,28.813,30.977,118551900,3672382206.3
2001-10-26,QQQ,30.724,31.196,30.312,30.312,93823900,2843990056.8
2001-10-29,QQQ,30.303,30.43,28.653,28.653,92146800,2640282260.4
2001-10-30,QQQ,28.376,28.696,27.643,28.098,96092200,2699998635.6
2001-10-31,QQQ,28.653,29.428,28.35,28.536,106175500,3029824068.0
2001-11-01,QQQ,28.99,29.933,28.435,29.748,92716000,2758115568.0
2001-11-02,QQQ,29.689,30.177,29.369,29.967,64917700,1945388715.9
2001-11-05,QQQ,30.522,31.28,30.438,30.943,64473000,1994988039.0
2001-11-06,QQQ,30.808,32.155,30.632,32.147,107214900,3446637390.3
2001-11-07,QQQ,31.659,32.694,31.566,32.105,92562100,2971706220.5
2001-11-08,QQQ,32.45,33.165,31.355,31.776,105916300,3365596348.8
2001-11-09,QQQ,31.642,32.054,31.246,31.76,74121900,2354111544.0
2001-11-12,QQQ,31.145,32.281,30.556,31.987,112994400,3614351872.8
2001-11-13,QQQ,32.854,33.249,32.517,33.132,97931800,3244676397.6
2001-11-14,QQQ,33.637,33.872,32.61,33.367,88660100,2958321556.7
2001-11-15,QQQ,32.963,33.763,32.786,33.233,86349700,2869659580.1
2001-11-16,QQQ,33.233,33.401,32.761,33.14,64035500,2122136470.0
2001-11-19,QQQ,33.494,34.083,33.241,34.083,69196300,2358417492.9
2001-11-20,QQQ,33.738,33.864,32.391,32.509,85176500,2769002838.5
2001-11-21,QQQ,32.382,32.786,31.97,32.34,60867900,1968467886.0
2001-11-23,QQQ,32.627,33.191,32.467,33.064,27046000,894248944.0
2001-11-26,QQQ,33.317,33.973,32.837,33.881,75267500,2550138167.5
2001-11-27,QQQ,33.712,34.487,32.997,33.839,100289700,3393703158.3
2001-11-28,QQQ,33.443,33.982,32.568,32.618,101568200,3312951547.6
2001-11-29,QQQ,32.854,33.67,32.652,33.628,83774700,2817175611.6
2001-11-30,QQQ,33.443,33.704,33.132,33.376,66018200,2203423443.2
2001-12-03,QQQ,33.073,33.334,32.719,32.803,60449800,1982934789.4
2001-12-04,QQQ,33.115,34.377,32.357,34.369,79378700,2728166540.3
2001-12-05,QQQ,34.68,36.322,34.613,36.069,115773700,4175841585.3
2001-12-06,QQQ,35.943,36.398,35.657,36.12,77702100,2806599852.0
2001-12-07,QQQ,35.758,35.859,34.63,35.127,81632600,2867508340.2
2001-12-10,QQQ,34.781,35.547,34.411,34.512,69088000,2384365056.0
2001-12-11,QQQ,34.899,35.573,34.622,34.706,66056500,2292556889.0
2001-12-12,QQQ,34.933,35.303,34.175,34.983,76093400,2661975412.2
2001-12-13,QQQ,34.268,34.512,33.468,33.468,79582600,2663470456.8
2001-12-14,QQQ,33.561,34.058,33.308,33.763,70006300,2363622706.9
2001-12-17,QQQ,33.687,34.714,33.687,34.344,62295500,2139476652.0
2001-12-18,QQQ,34.647,34.933,33.805,34.731,50850400,1766085242.4
2001-12-19,QQQ,34.142,34.781,33.94,34.1,79596200,2714230420.0
2001-12-20,QQQ,33.754,33.923,32.559,32.652,83048800,2711709417.6
2001-12-21,QQQ,33.182,33.426,32.955,33.233,56205000,1867860765.0
2001-12-24,QQQ,33.283,33.359,32.955,33.098,13660400,452131919.2
2001-12-26,QQQ,33.14,33.923,32.963,33.409,37672900,1258613916.1
2001-12-27,QQQ,33.544,33.839,33.334,33.679,34255200,1153680880.8
2001-12-28,QQQ,33.914,34.344,33.864,33.948,38240400,1298185099.2
2001-12-31,QQQ,33.931,34.049,32.753,32.753,46176900,1512432005.7
2002-01-02,QQQ,33.308,33.797,32.77,33.763,61708800,2083474214.4
2002-01-03,QQQ,33.931,34.975,33.889,34.933,85769100,2996171970.3
2002-01-04,QQQ,35.312,35.598,34.453,35.076,86876900,3047294144.4
2002-01-07,QQQ,35.446,35.539,33.763,34.689,75166200,2607440311.8
2002-01-08,QQQ,34.596,35.16,34.377,34.925,66956800,2338466240.0
2002-01-09,QQQ,35.388,35.859,34.428,34.605,85123000,2945681415.0
2002-01-10,QQQ,34.655,34.967,34.243,34.832,75548000,2631487936.0
2002-01-11,QQQ,34.807,35.017,34.066,34.386,60832900,2091800099.4
2002-01-14,QQQ,34.083,34.243,33.418,33.637,71310700,2398678015.9
2002-01-15,QQQ,33.696,34.302,33.3,33.957,66916100,2272270007.7
2002-01-16,QQQ,33.275,33.62,32.635,32.643,90942000,2968619706.0
2002-01-17,QQQ,33.233,33.645,32.837,33.376,75285900,2512742198.4
2002-01-18,QQQ,32.685,33.207,32.172,32.483,81985600,2663138244.8
2002-01-22,QQQ,32.829,32.845,31.423,31.482,81773800,2574402771.6
2002-01-23,QQQ,31.692,32.568,31.44,32.349,74968800,2425165711.2
2002-01-24,QQQ,32.778,33.258,32.635,32.778,77251200,2532139833.6
2002-01-25,QQQ,32.382,32.955,32.29,32.685,58832100,1922927188.5
2002-01-28,QQQ,32.955,33.157,32.34,32.871,47795900,1571099028.9
2002-01-29,QQQ,32.938,33.165,31.574,31.97,83339800,2664373406.0
2002-01-30,QQQ,31.987,32.702,31.019,32.214,101385500,3266032497.0
2002-01-31,QQQ,32.467,32.618,32.004,32.416,69655500,2257952688.0
2002-02-01,QQQ,32.324,32.728,31.734,32.105,61207100,1965053945.5
2002-02-04,QQQ,31.953,32.046,30.817,31.078,82763300,2572117837.4
2002-02-05,QQQ,30.8,31.423,30.463,30.564,86853800,2654599543.2
2002-02-06,QQQ,31.01,31.052,30.051,30.354,98507600,2990099690.4
2002-02-07,QQQ,30.295,30.766,29.462,29.621,97725900,2894738883.9
2002-02-08,QQQ,29.849,30.505,29.436,30.446,80483100,2450388462.6
2002-02-11,QQQ,30.421,30.977,30.286,30.834,57641200,1777308760.8
2002-02-12,QQQ,30.564,31.128,30.337,30.581,51477700,1574239543.7
2002-02-13,QQQ,30.909,31.271,30.817,31.103,60984700,1896807124.1
2002-02-14,QQQ,31.271,31.625,30.303,31.044,77482300,2405360521.2
2002-02-15,QQQ,31.002,31.069,30.0,30.118,79719900,2401003948.2
2002-02-19,QQQ,29.773,29.849,28.889,29.192,72437200,2114586742.4
2002-02-20,QQQ,29.377,29.605,28.561,29.588,106552700,3152681287.6
2002-02-21,QQQ,29.285,29.419,28.182,28.182,109307800,3080512419.6
2002-02-22,QQQ,28.291,28.788,27.854,28.325,99824200,2827520465.0
2002-02-25,QQQ,28.62,29.672,28.578,29.47,88994700,2622673809.0
2002-02-26,QQQ,29.655,29.823,28.931,29.361,94683300,2779996371.3
2002-02-27,QQQ,29.79,29.891,28.67,28.956,95159300,2755432690.8
2002-02-28,QQQ,29.049,29.436,28.409,28.435,95711200,2721547972.0
2002-03-01,QQQ,28.746,30.093,28.696,30.084,86081600,2589678854.4
2002-03-04,QQQ,30.051,31.339,29.798,31.271,105734600,3306426676.6
2002-03-05,QQQ,31.086,31.877,30.985,31.499,91452600,2880665447.4
2002-03-06,QQQ,31.212,31.945,30.808,31.65,86943400,2751758610.0
2002-03-07,QQQ,32.088,32.265,31.153,31.717,85496000,2711676632.0
2002-03-08,QQQ,32.18,32.854,32.096,32.551,84443700,2748726878.7
2002-03-11,QQQ,32.281,32.988,32.037,32.433,71035200,2303884641.6
2002-03-12,QQQ,31.625,31.987,31.414,31.987,82652100,2643792722.7
2002-03-13,QQQ,31.49,31.701,31.036,31.212,71376200,2227793954.4
2002-03-14,QQQ,31.196,31.482,30.918,31.027,70700500,2193624413.5
2002-03-15,QQQ,31.052,31.423,30.8,31.339,63966500,2004646143.5
2002-03-18,QQQ,31.675,31.936,31.187,31.515,78938300,2487740524.5
2002-03-19,QQQ,31.65,31.886,31.33,31.465,58947600,1854786234.0
2002-03-20,QQQ,31.036,31.212,30.337,30.354,61816500,1876378041.0
2002-03-21,QQQ,30.43,31.263,30.219,31.162,89198800,2779613005.6
2002-03-22,QQQ,31.095,31.263,30.699,30.876,58930100,1819525767.6
2002-03-25,QQQ,30.884,31.061,29.899,29.933,87421900,2616799732.7
2002-03-26,QQQ,29.815,30.657,29.798,30.211,92457500,2793233532.5
2002-03-27,QQQ,29.992,30.303,29.798,29.975,64531800,1934340705.0
2002-03-28,QQQ,30.32,30.615,30.219,30.354,59539400,1807258947.6
2002-04-01,QQQ,30.135,31.061,29.714,30.935,70730500,2188048017.5
2002-04-02,QQQ,30.286,30.43,29.462,29.537,77759800,2296791212.6
2002-04-03,QQQ,29.714,29.84,28.872,29.487,85766400,2528993836.8
2002-04-04,QQQ,29.041,29.596,28.855,29.26,90521500,2648659090.0
2002-04-05,QQQ,29.47,29.605,28.771,28.931,68426000,1979632606.0
2002-04-08,QQQ,28.174,29.293,28.132,29.293,74950700,2195530855.1
2002-04-09,QQQ,29.276,29.445,28.19,28.275,80910200,2287735905.0
2002-04-10,QQQ,28.418,28.83,27.887,28.485,85748700,2442551719.5
2002-04-11,QQQ,28.334,28.494,27.677,27.778,90665600,2518509036.8
2002-04-12,QQQ,28.047,28.451,27.736,28.216,78360100,2211008581.6
2002-04-15,QQQ,28.451,28.586,27.946,28.443,69306800,1971293312.4
2002-04-16,QQQ,28.982,29.647,28.965,29.63,72064700,2135277061.0
2002-04-17,QQQ,29.798,29.882,29.167,29.478,69130100,2037817087.8
2002-04-18,QQQ,29.276,29.588,28.62,28.914,91086100,2633663495.4
2002-04-19,QQQ,29.504,29.512,28.94,29.007,62286800,1806753207.6
2002-04-22,QQQ,28.628,28.628,27.988,28.275,64625600,1827288840.0
2002-04-23,QQQ,28.275,28.569,27.525,27.786,73070300,2030331355.8
2002-04-24,QQQ,27.955,28.039,27.105,27.357,68953900,1886371842.3
2002-04-25,QQQ,27.189,27.551,26.936,27.29,103073700,2812881273.0
2002-04-26,QQQ,27.492,27.593,26.103,26.128,100193400,2617853155.2
2002-04-29,QQQ,26.297,26.557,25.724,26.196,85326800,2235220852.8
2002-04-30,QQQ,26.12,27.096,26.044,26.709,95357900,2546914151.1
2002-05-01,QQQ,26.658,26.802,25.741,26.566,109975700,2921614446.2
2002-05-02,QQQ,26.423,26.928,25.64,25.682,85852200,2204856200.4
2002-05-03,QQQ,25.648,25.682,24.815,25.034,92103200,2305711508.8
2002-05-06,QQQ,24.941,25.236,24.285,24.386,96491200,2353034403.2
2002-05-07,QQQ,24.638,24.706,23.923,24.158,101954400,2463014395.2
2002-05-08,QQQ,25.362,26.835,25.253,26.743,129741500,3469676934.5
2002-05-09,QQQ,26.574,26.844,25.926,26.052,106477200,2773944014.4
2002-05-10,QQQ,26.103,26.17,24.832,24.882,112282800,2793820629.6
2002-05-13,QQQ,25.143,26.078,24.975,25.892,93971200,2433102310.4
2002-05-14,QQQ,26.978,27.483,26.827,27.416,107284700,2941317335.2
2002-05-15,QQQ,27.004,28.308,26.81,27.618,150522100,4157119357.8
2002-05-16,QQQ,27.391,27.82,27.121,27.66,89916300,2487084858.0
2002-05-17,QQQ,28.022,28.123,27.332,27.719,82695000,2292222705.0
2002-05-20,QQQ,27.441,27.525,26.886,27.113,78144200,2118723694.6
2002-05-21,QQQ,27.239,27.433,26.094,26.372,104180000,2747434960.0
2002-05-22,QQQ,26.069,26.591,25.598,26.431,89543100,2366713676.1
2002-05-23,QQQ,26.625,27.02,25.926,26.962,94445800,2546447659.6
2002-05-24,QQQ,26.591,26.675,26.103,26.297,55874600,1469334356.2
2002-05-28,QQQ,26.49,26.532,25.665,26.179,68829400,1801884862.6
2002-05-29,QQQ,25.808,26.01,25.455,25.488,73470200,1872608457.6
2002-05-30,QQQ,25.261,25.859,25.169,25.707,92080500,2367113413.5
2002-05-31,QQQ,25.892,26.128,25.253,25.286,79907400,2020538516.4
2002-06-03,QQQ,25.253,25.463,24.234,24.394,77043700,1879404017.8
2002-06-04,QQQ,24.201,24.983,24.083,24.714,98366200,2431022266.8
2002-06-05,QQQ,24.765,25.084,24.386,24.967,95347100,2380531045.7
2002-06-06,QQQ,24.84,24.84,23.485,24.31,91129700,2215363007.0
2002-06-07,QQQ,23.258,24.234,23.165,23.822,106049200,2526304042.4
2002-06-10,QQQ,23.872,24.201,23.687,23.78,73142900,1739338162.0
2002-06-11,QQQ,24.074,24.15,23.031,23.115,84609500,1955748592.5
2002-06-12,QQQ,22.929,23.536,22.584,23.451,152974400,3587402654.4
2002-06-13,QQQ,23.367,23.746,23.022,23.3,97556300,2273061790.0
2002-06-14,QQQ,22.61,23.334,22.054,23.249,122106800,2838860993.2
2002-06-17,QQQ,23.569,24.201,23.493,24.041,87618100,2106426742.1
2002-06-18,QQQ,23.83,24.537,23.805,24.428,100513400,2455341335.2
2002-06-19,QQQ,23.653,23.839,22.938,23.014,93507600,2151983906.4
2002-06-20,QQQ,22.955,23.106,21.608,22.273,99913200,2225366703.6
2002-06-21,QQQ,22.189,22.542,21.591,21.734,168755100,3667723343.4
2002-06-24,QQQ,21.423,22.559,21.221,22.163,219672100,4868592752.3
2002-06-25,QQQ,22.374,22.492,21.296,21.431,136336400,2921825388.4
2002-06-26,QQQ,20.564,21.701,20.53,21.591,149080300,3218792757.3
2002-06-27,QQQ,21.886,22.096,21.061,22.062,121371100,2677689208.2
2002-06-28,QQQ,21.928,22.517,21.759,21.97,87842000,1929888740.0
2002-07-01,QQQ,21.86,22.004,20.859,20.918,64753900,1354522080.2
2002-07-02,QQQ,20.707,20.834,19.436,20.16,111629600,2250452736.0
2002-07-03,QQQ,20.076,20.834,19.882,20.834,101067000,2105629878.0
2002-07-05,QQQ,21.263,22.214,21.086,22.172,56768300,1258666747.6
2002-07-08,QQQ,22.054,22.349,21.111,21.364,97288500,2078471514.0
2002-07-09,QQQ,21.254,21.448,20.699,20.758,91039600,1889800016.8
2002-07-10,QQQ,21.036,21.069,20.059,20.118,115365200,2320917093.6
2002-07-11,QQQ,20.0,20.951,19.807,20.876,170271200,3554581571.2
2002-07-12,QQQ,21.254,21.482,20.665,20.876,130027800,2714460352.8
2002-07-15,QQQ,20.775,21.583,19.992,21.524,140207200,3017819772.8
2002-07-16,QQQ,21.254,21.903,20.96,21.204,148281700,3144165166.8
2002-07-17,QQQ,21.945,22.256,20.951,21.591,157954700,3410399927.7
2002-07-18,QQQ,21.364,21.524,20.64,20.817,114052300,2374226729.1
2002-07-19,QQQ,20.48,20.8,20.034,20.194,124116400,2506406581.6
2002-07-22,QQQ,20.076,20.623,19.436,19.697,150034800,2955235455.6
2002-07-23,QQQ,19.739,19.992,18.754,18.855,150786800,2843085114.0
2002-07-24,QQQ,18.359,19.916,18.216,19.882,186493600,3707865755.2
2002-07-25,QQQ,19.571,19.697,18.35,18.729,153915500,2882683399.5
2002-07-26,QQQ,18.99,19.226,18.527,19.083,96034200,1832620638.6
2002-07-29,QQQ,19.588,20.303,19.428,20.059,96735200,1940411376.8
2002-07-30,QQQ,19.975,20.783,19.857,20.463,117394300,2402239560.9
2002-07-31,QQQ,20.202,20.362,19.663,20.076,93831300,1883757178.8
2002-08-01,QQQ,19.983,20.118,19.074,19.133,85149700,1629169210.1
2002-08-02,QQQ,19.175,19.226,18.367,18.729,86706000,1623916674.0
2002-08-05,QQQ,18.611,18.788,17.929,18.047,84897800,1532150596.6
2002-08-06,QQQ,18.35,19.369,18.342,18.94,115364600,2185005524.0
2002-08-07,QQQ,19.529,19.672,18.485,19.192,125677100,2411994903.2
2002-08-08,QQQ,19.15,19.865,18.771,19.84,111697900,2216086336.0
2002-08-09,QQQ,19.529,19.958,19.259,19.638,93576900,1837663162.2
2002-08-12,QQQ,19.403,19.764,19.276,19.697,62870900,1238368117.3
2002-08-13,QQQ,19.554,20.093,18.982,19.024,88434400,1682376025.6
2002-08-14,QQQ,19.083,20.371,18.914,20.236,102613500,2076486786.0
2002-08-15,QQQ,20.404,20.665,19.966,20.648,120307800,2484115454.4
2002-08-16,QQQ,20.312,21.044,19.975,20.791,95853000,1992879723.0
2002-08-19,QQQ,20.85,21.541,20.775,21.296,76015900,1618834606.4
2002-08-20,QQQ,21.195,21.406,20.918,21.204,89981300,1907963485.2
2002-08-21,QQQ,21.372,21.759,21.044,21.675,101365500,2197097212.5
2002-08-22,QQQ,21.667,22.062,21.397,22.02,80345500,1769207910.0
2002-08-23,QQQ,21.717,21.726,21.002,21.17,75211200,1592221104.0
2002-08-26,QQQ,21.296,21.372,20.716,21.254,83335400,1771210591.6
2002-08-27,QQQ,21.406,21.473,20.328,20.514,92340400,1894270965.6
2002-08-28,QQQ,20.219,20.278,19.689,19.764,115562300,2283973297.2
2002-08-29,QQQ,19.529,20.387,19.377,20.025,97028200,1942989705.0
2002-08-30,QQQ,19.882,20.202,19.68,19.773,59474900,1175997197.7
2002-09-03,QQQ,19.411,19.722,18.805,19.057,81828100,1559398101.7
2002-09-04,QQQ,18.94,19.377,18.721,19.133,82717600,1582635840.8
2002-09-05,QQQ,18.855,18.94,18.46,18.662,91576600,1709002509.2
2002-09-06,QQQ,19.074,19.546,19.024,19.234,86008800,1654293259.2
2002-09-09,QQQ,19.083,19.672,18.847,19.428,72679500,1412017326.0
2002-09-10,QQQ,19.554,19.924,19.386,19.908,74615800,1485451346.4
2002-09-11,QQQ,20.303,20.497,19.714,19.739,73902800,1458767369.2
2002-09-12,QQQ,19.554,19.579,19.116,19.201,70763500,1358729963.5
2002-09-13,QQQ,19.024,19.428,18.956,19.352,79716100,1542665967.2
2002-09-16,QQQ,19.243,19.36,18.83,19.074,58853600,1122573566.4
2002-09-17,QQQ,19.403,19.537,18.67,18.67,89139700,1664238199.0
2002-09-18,QQQ,18.527,18.982,18.333,18.46,92358300,1704934218.0
2002-09-19,QQQ,18.266,18.628,18.14,18.165,86247700,1566689470.5
2002-09-20,QQQ,18.376,18.435,18.081,18.241,78116900,1424930372.9
2002-09-23,QQQ,18.056,18.115,17.517,17.694,72757500,1287371205.0
2002-09-24,QQQ,17.408,18.056,17.382,17.702,91507300,1619862224.6
2002-09-25,QQQ,17.972,18.552,17.761,18.409,98051900,1805037427.1
2002-09-26,QQQ,18.653,18.796,17.988,18.182,104453500,1899173537.0
2002-09-27,QQQ,18.14,18.695,17.938,17.938,92249700,1654775118.6
2002-09-30,QQQ,17.736,17.879,17.248,17.441,91502500,1595895102.5
2002-10-01,QQQ,17.601,18.51,17.231,18.502,102096000,1888980192.0
2002-10-02,QQQ,18.106,18.493,17.652,17.887,94829700,1696218843.9
2002-10-03,QQQ,17.727,18.014,17.408,17.458,74354800,1298086098.4
2002-10-04,QQQ,17.626,17.694,16.928,17.13,81837100,1401869523.0
2002-10-07,QQQ,17.054,17.332,16.709,16.97,79861800,1355254746.0
2002-10-08,QQQ,17.071,17.349,16.633,17.004,94103100,1600129112.4
2002-10-09,QQQ,16.785,17.281,16.7,16.886,103301000,1744340686.0
2002-10-10,QQQ,16.919,17.854,16.759,17.744,109610500,1944928712.0
2002-10-11,QQQ,18.14,18.839,18.03,18.704,124777400,2333836489.6
2002-10-14,QQQ,18.409,18.94,18.333,18.923,78890300,1492841146.9
2002-10-15,QQQ,19.731,19.891,19.512,19.832,118176000,2343666432.0
2002-10-16,QQQ,19.116,19.495,18.578,19.175,97441900,1868448432.5
2002-10-17,QQQ,19.865,20.042,19.007,19.823,95754500,1898141453.5
2002-10-18,QQQ,19.596,20.076,19.302,20.042,84941900,1702405559.8
2002-10-21,QQQ,19.798,20.581,19.613,20.446,85311500,1744278929.0
2002-10-22,QQQ,19.975,20.488,19.908,20.32,89947000,1827723040.0
2002-10-23,QQQ,20.076,20.732,19.924,20.707,88093500,1824152104.5
2002-10-24,QQQ,20.775,20.926,20.135,20.185,88674800,1789900838.0
2002-10-25,QQQ,20.194,20.834,20.194,20.791,71557300,1487747824.3
2002-10-28,QQQ,21.044,21.078,20.345,20.615,90272000,1860957280.0
2002-10-29,QQQ,20.463,20.598,19.672,20.135,90293800,1818065663.0
2002-10-30,QQQ,20.253,20.867,20.076,20.674,103531100,2140401961.4
2002-10-31,QQQ,20.758,21.078,20.505,20.665,81493100,1684054911.5
2002-11-01,QQQ,20.514,21.381,20.32,21.254,86658400,1841837633.6
2002-11-04,QQQ,21.928,22.576,21.717,21.802,110562400,2410481444.8
2002-11-05,QQQ,21.642,22.029,21.515,21.97,79603300,1748884501.0
2002-11-06,QQQ,22.13,22.399,21.583,22.281,116251700,2590204127.7
2002-11-07,QQQ,21.877,21.97,21.305,21.499,82711600,1778216688.4
2002-11-08,QQQ,21.456,21.776,21.01,21.103,76937600,1623614172.8
2002-11-11,QQQ,21.002,21.061,20.328,20.463,74384300,1522125930.9
2002-11-12,QQQ,20.539,21.381,20.539,20.985,88748800,1862393568.0
2002-11-13,QQQ,20.791,21.633,20.615,21.238,119341800,2534581148.4
2002-11-14,QQQ,21.532,22.239,21.482,21.97,85720100,1883270597.0
2002-11-15,QQQ,21.802,22.264,21.675,22.256,69291300,1542147172.8
2002-11-18,QQQ,22.483,22.534,21.877,21.928,76238000,1671746864.0
2002-11-19,QQQ,21.717,21.928,21.296,21.591,88139200,1903013467.2
2002-11-20,QQQ,21.515,22.517,21.499,22.509,75104700,1690531692.3
2002-11-21,QQQ,22.669,23.435,22.517,23.342,105472900,2461948431.8
2002-11-22,QQQ,23.039,23.519,22.997,23.334,73808600,1722249872.4
2002-11-25,QQQ,23.367,23.738,23.182,23.561,72666100,1712085982.1
2002-11-26,QQQ,23.384,23.46,22.643,22.77,80017900,1822007583.0
2002-11-27,QQQ,23.174,23.738,23.132,23.493,73643900,1730116142.7
2002-11-29,QQQ,23.746,23.813,22.913,23.334,34652100,808572101.4
2002-12-02,QQQ,23.923,24.234,23.207,23.569,85136000,2006570384.0
2002-12-03,QQQ,23.19,23.216,22.669,22.871,76595500,1751815680.5
2002-12-04,QQQ,22.357,22.685,22.062,22.366,130115900,2910172219.4
2002-12-05,QQQ,22.685,22.727,21.995,22.054,84933200,1873116792.8
2002-12-06,QQQ,21.726,22.492,21.667,22.281,81727900,1820979339.9
2002-12-09,QQQ,22.071,22.349,21.212,21.229,75855200,1610330040.8
2002-12-10,QQQ,21.398,21.844,21.339,21.549,69578300,1499342786.7
2002-12-11,QQQ,21.414,21.945,21.313,21.65,64237600,1390744040.0
2002-12-12,QQQ,21.886,22.467,21.515,21.768,62296400,1356068035.2
2002-12-13,QQQ,21.482,21.524,21.052,21.078,72647800,1531270328.4
2002-12-16,QQQ,21.229,21.852,21.103,21.759,60278500,1311599881.5
2002-12-17,QQQ,21.726,22.054,21.6,21.827,62562700,1365556052.9
2002-12-18,QQQ,21.507,21.549,21.086,21.364,67130700,1434180274.8
2002-12-19,QQQ,21.187,21.701,20.884,21.094,95969700,2024384851.8
2002-12-20,QQQ,21.322,21.423,21.103,21.313,65578600,1397676701.8
2002-12-23,QQQ,21.195,21.684,21.153,21.608,45941700,992708253.6
2002-12-24,QQQ,21.465,21.658,21.313,21.339,16772700,357912645.3
2002-12-26,QQQ,21.49,21.81,21.187,21.28,33795400,719166112.0
2002-12-27,QQQ,21.195,21.759,20.834,20.892,42490200,887705258.4
2002-12-30,QQQ,20.909,21.019,20.505,20.733,57396400,1189999561.2
2002-12-31,QQQ,20.657,20.8,20.438,20.514,46015400,943959915.6
2003-01-02,QQQ,20.808,21.507,20.581,21.381,65903200,1409076319.2
2003-01-03,QQQ,21.431,21.642,21.28,21.616,39059500,844310152.0
2003-01-06,QQQ,21.642,22.382,21.212,22.155,67223400,1489334427.0
2003-01-07,QQQ,22.231,22.669,22.096,22.433,88726100,1990392601.3
2003-01-08,QQQ,22.214,22.702,21.751,21.802,74989900,1634929799.8
2003-01-09,QQQ,22.088,22.711,22.071,22.475,75391100,1694414972.5
2003-01-10,QQQ,22.18,22.946,22.071,22.812,82594300,1884141171.6
2003-01-13,QQQ,23.005,23.123,22.5,22.677,72870300,1652479793.1
2003-01-14,QQQ,22.652,22.997,22.601,22.795,46993800,1071223671.0
2003-01-15,QQQ,22.929,23.022,22.374,22.509,55131000,1240943679.0
2003-01-16,QQQ,22.551,22.711,22.096,22.256,68740300,1529884116.8
2003-01-17,QQQ,21.802,21.835,21.271,21.305,77289400,1646650667.0
2003-01-21,QQQ,21.389,21.507,21.061,21.069,67729600,1426994942.4
2003-01-22,QQQ,21.01,21.49,20.935,20.985,80020200,1679223897.0
2003-01-23,QQQ,21.381,21.751,21.137,21.473,78471100,1685009930.3
2003-01-24,QQQ,21.49,21.49,20.741,20.892,74519700,1556865572.4
2003-01-27,QQQ,20.581,21.069,20.514,20.648,76561000,1580831528.0
2003-01-28,QQQ,20.85,21.086,20.556,20.859,65217200,1360365574.8
2003-01-29,QQQ,20.842,21.423,20.488,21.17,95717500,2026339475.0
2003-01-30,QQQ,21.313,21.397,20.615,20.623,70333800,1450493957.4
2003-01-31,QQQ,20.253,20.842,20.211,20.573,90505600,1861971708.8
2003-02-03,QQQ,20.64,20.867,20.522,20.615,53158800,1095868662.0
2003-02-04,QQQ,20.354,20.455,20.051,20.362,68235700,1389415323.4
2003-02-05,QQQ,20.48,20.926,20.211,20.27,80107700,1623783079.0
2003-02-06,QQQ,20.236,20.497,20.084,20.379,103552000,2110286208.0
2003-02-07,QQQ,20.505,20.581,19.908,20.042,72312400,1449285120.8
2003-02-10,QQQ,20.11,20.413,19.882,20.219,67572600,1366250399.4
2003-02-11,QQQ,20.413,20.716,20.135,20.328,77823300,1581992042.4
2003-02-12,QQQ,20.261,20.48,20.017,20.051,51753000,1037699403.0
2003-02-13,QQQ,20.076,20.185,19.63,20.152,77387400,1559510884.8
2003-02-14,QQQ,20.059,20.623,19.882,20.615,67510400,1391726896.0
2003-02-18,QQQ,20.791,21.33,20.775,21.254,73976800,1572302907.2
2003-02-19,QQQ,21.212,21.246,20.8,21.111,45541400,961424495.4
2003-02-20,QQQ,21.17,21.271,20.909,21.027,59759800,1256569314.6
2003-02-21,QQQ,20.985,21.355,20.631,21.187,70228500,1487931229.5
2003-02-24,QQQ,21.153,21.221,20.8,20.825,56646600,1179665445.0
2003-02-25,QQQ,20.581,21.002,20.27,20.85,74440700,1552088595.0
2003-02-26,QQQ,20.775,20.993,20.371,20.387,60005600,1223334167.2
2003-02-27,QQQ,20.556,20.977,20.429,20.85,66424000,1384940400.0
2003-02-28,QQQ,20.884,21.229,20.808,21.179,50185800,1062885058.2
2003-03-03,QQQ,21.271,21.448,20.674,20.749,60414400,1253538385.6
2003-03-04,QQQ,20.758,20.85,20.556,20.623,56043500,1155785100.5
2003-03-05,QQQ,20.539,20.859,20.472,20.665,69096500,1427879172.5
2003-03-06,QQQ,20.564,20.775,20.396,20.615,59108600,1218523789.0
2003-03-07,QQQ,20.27,20.783,20.169,20.657,73291000,1513972187.0
2003-03-10,QQQ,20.48,20.581,20.126,20.211,55948000,1130765028.0
2003-03-11,QQQ,20.253,20.404,20.017,20.034,54934200,1100551762.8
2003-03-12,QQQ,20.0,20.404,19.815,20.396,77859800,1588028480.8
2003-03-13,QQQ,20.741,21.591,20.539,21.566,128537600,2772041881.6
2003-03-14,QQQ,21.658,21.869,21.347,21.65,89794400,1944048760.0
2003-03-17,QQQ,21.406,22.559,21.339,22.391,141040800,3158044552.8
2003-03-18,QQQ,22.559,22.702,22.239,22.669,96548700,2188662480.3
2003-03-19,QQQ,22.601,22.685,22.163,22.475,91315100,2052306872.5
2003-03-20,QQQ,22.34,22.845,22.029,22.559,92789700,2093242842.3
2003-03-21,QQQ,22.904,23.047,22.054,22.871,93304600,2133969506.6
2003-03-24,QQQ,22.281,22.391,21.86,21.919,85244500,1868474195.5
2003-03-25,QQQ,22.012,22.525,21.894,22.231,78731500,1750279976.5
2003-03-26,QQQ,22.307,22.534,22.189,22.357,67880200,1517597631.4
2003-03-27,QQQ,22.113,22.433,21.97,22.197,64113100,1423118480.7
2003-03-28,QQQ,22.004,22.248,21.844,21.953,45374700,996110789.1
2003-03-31,QQQ,21.549,21.658,21.221,21.254,89345300,1898945006.2
2003-04-01,QQQ,21.414,21.608,21.254,21.423,73159500,1567295968.5
2003-04-02,QQQ,21.936,22.357,21.911,22.012,75843800,1669473725.6
2003-04-03,QQQ,22.424,22.601,22.147,22.29,70138200,1563380478.0
2003-04-04,QQQ,22.366,22.391,21.86,21.928,65665700,1439917469.6
2003-04-07,QQQ,22.82,22.896,21.945,21.961,83842700,1841269534.7
2003-04-08,QQQ,22.012,22.13,21.785,21.936,54250600,1190041161.6
2003-04-09,QQQ,21.97,22.121,21.389,21.431,76457100,1638552110.1
2003-04-10,QQQ,21.431,21.692,21.296,21.692,57017500,1236823610.0
2003-04-11,QQQ,21.903,22.02,21.347,21.473,67974500,1459616438.5
2003-04-14,QQQ,21.549,22.004,21.456,21.911,52476200,1149806018.2
2003-04-15,QQQ,21.86,22.273,21.759,22.121,64655700,1430248739.7
2003-04-16,QQQ,22.433,22.584,21.987,22.071,70711600,1560675723.6
2003-04-17,QQQ,22.02,22.711,22.012,22.576,70179900,1584381422.4
2003-04-21,QQQ,22.677,22.812,22.408,22.66,52729600,1194852736.0
2003-04-22,QQQ,22.5,23.115,22.433,23.089,70757200,1633712990.8
2003-04-23,QQQ,23.148,23.359,22.946,23.258,70327100,1635667691.8
2003-04-24,QQQ,23.03,23.359,22.955,23.132,72383900,1674384374.8
2003-04-25,QQQ,22.997,23.081,22.61,22.685,63277900,1435459161.5
2003-04-28,QQQ,22.77,23.258,22.685,23.132,59666200,1380198538.4
2003-04-29,QQQ,23.266,23.62,23.073,23.342,79903800,1865114499.6
2003-04-30,QQQ,23.275,23.392,23.089,23.106,60202100,1391029722.6
2003-05-01,QQQ,23.098,23.46,22.887,23.308,66022600,1538854760.8
2003-05-02,QQQ,23.241,23.813,23.207,23.805,85004100,2023522600.5
2003-05-05,QQQ,23.847,24.167,23.712,23.78,80520300,1914772734.0
2003-05-06,QQQ,23.754,24.327,23.746,24.083,77338300,1862538278.9
2003-05-07,QQQ,23.914,24.15,23.67,23.813,70353200,1675320751.6
2003-05-08,QQQ,23.443,23.729,23.367,23.376,80249100,1875902961.6
2003-05-09,QQQ,23.603,23.973,23.569,23.914,58528200,1399643374.8
2003-05-12,QQQ,23.872,24.377,23.712,24.276,67487300,1638321694.8
2003-05-13,QQQ,24.1,24.403,24.024,24.125,64934300,1566539987.5
2003-05-14,QQQ,24.302,24.386,23.872,24.074,62181200,1496950208.8
2003-05-15,QQQ,24.201,24.394,24.041,24.344,62232100,1514978242.4
2003-05-16,QQQ,24.184,24.36,23.973,24.158,70590400,1705322883.2
2003-05-19,QQQ,24.007,24.142,23.241,23.308,91334800,2128831518.4
2003-05-20,QQQ,23.367,23.536,23.073,23.376,71817800,1678812892.8
2003-05-21,QQQ,23.275,23.359,23.098,23.308,63648500,1483519238.0
2003-05-22,QQQ,23.367,23.839,23.249,23.645,62401400,1475481103.0
2003-05-23,QQQ,23.603,23.78,23.527,23.653,37922500,896980892.5
2003-05-27,QQQ,23.51,24.596,23.485,24.495,101422100,2484334339.5
2003-05-28,QQQ,24.546,24.748,24.377,24.571,76290400,1874531418.4
2003-05-29,QQQ,24.605,25.084,24.546,24.672,97336000,2401473792.0
2003-05-30,QQQ,24.857,25.143,24.79,25.076,78093700,1958277621.2
2003-06-02,QQQ,25.32,25.421,24.672,24.899,102937000,2563028363.0
2003-06-03,QQQ,24.781,25.152,24.689,25.135,81672600,2052840801.0
2003-06-04,QQQ,25.093,25.741,25.017,25.606,87046100,2228902436.6
2003-06-05,QQQ,25.362,25.825,25.227,25.791,88747900,2288897088.9
2003-06-06,QQQ,26.271,26.49,25.286,25.362,157178100,3986350972.2
2003-06-09,QQQ,25.253,25.438,24.857,25.025,94941800,2375918545.0
2003-06-10,QQQ,25.135,25.421,24.983,25.404,69660100,1769645180.4
2003-06-11,QQQ,25.312,25.791,25.084,25.69,87338200,2243718358.0
2003-06-12,QQQ,25.791,25.884,25.472,25.8,79450500,2049822900.0
2003-06-13,QQQ,25.808,25.867,25.135,25.219,83353600,2102094438.4
2003-06-16,QQQ,25.396,26.01,25.253,25.993,71211800,1851008317.4
2003-06-17,QQQ,26.111,26.187,25.724,25.892,67571200,1749553510.4
2003-06-18,QQQ,25.808,26.288,25.632,26.027,80215700,2087774023.9
2003-06-19,QQQ,26.078,26.297,25.573,25.606,79467200,2034837123.2
2003-06-20,QQQ,25.834,25.909,25.463,25.573,71512400,1828786605.2
2003-06-23,QQQ,25.531,25.564,24.882,25.177,86509400,2178047163.8
2003-06-24,QQQ,25.025,25.362,24.857,24.983,83004400,2073698925.2
2003-06-25,QQQ,24.975,25.404,24.807,24.849,94255300,2342149949.7
2003-06-26,QQQ,25.009,25.488,24.924,25.438,79187500,2014371625.0
2003-06-27,QQQ,25.463,25.733,25.059,25.11,82451900,2070367209.0
2003-06-30,QQQ,25.387,25.539,25.084,25.211,72043000,1816276073.0
2003-07-01,QQQ,25.0,25.573,24.63,25.547,105852500,2704213817.5
2003-07-02,QQQ,25.598,26.086,25.573,26.069,81972500,2136941102.5
2003-07-03,QQQ,25.842,26.179,25.648,25.741,50050400,1288347346.4
2003-07-07,QQQ,26.069,26.852,26.061,26.844,88554600,2377159682.4
2003-07-08,QQQ,26.751,27.197,26.616,27.172,81874500,2224693914.0
2003-07-09,QQQ,27.088,27.349,26.877,27.105,89588400,2428293582.0
2003-07-10,QQQ,26.81,26.928,26.372,26.6,102928700,2737903420.0
2003-07-11,QQQ,26.642,26.928,26.608,26.802,67728100,1815248536.2
2003-07-14,QQQ,27.222,27.568,26.995,27.121,84524600,2292391676.6
2003-07-15,QQQ,27.382,27.483,26.886,27.155,75059000,2038227145.0
2003-07-16,QQQ,27.323,27.357,26.709,27.071,80138700,2169434747.7
2003-07-17,QQQ,26.667,26.802,26.128,26.246,116260400,3051370458.4
2003-07-18,QQQ,26.431,26.557,26.027,26.33,80519000,2120065270.0
2003-07-21,QQQ,26.297,26.347,25.766,25.993,111325300,2893678522.9
2003-07-22,QQQ,26.187,26.515,25.977,26.381,91471500,2413109641.5
2003-07-23,QQQ,26.423,26.633,26.086,26.6,69050400,1836740640.0
2003-07-24,QQQ,26.81,26.953,26.162,26.246,82999700,2178410126.2
2003-07-25,QQQ,26.204,26.802,25.901,26.768,82709600,2213970572.8
2003-07-28,QQQ,26.818,26.928,26.6,26.844,56180800,1508117395.2
2003-07-29,QQQ,26.877,26.953,26.297,26.642,80560100,2146282184.2
2003-07-30,QQQ,26.692,26.717,26.372,26.448,56617300,1497414350.4
2003-07-31,QQQ,26.759,27.214,26.532,26.768,85544100,2289844468.8
2003-08-01,QQQ,26.675,26.759,26.347,26.482,73545400,1947629282.8
2003-08-04,QQQ,26.448,26.768,25.96,26.473,96344600,2550530595.8
2003-08-05,QQQ,26.44,26.499,25.337,25.43,111041800,2823792974.0
2003-08-06,QQQ,25.556,25.901,25.337,25.413,96816000,2460385008.0
2003-08-07,QQQ,25.438,25.682,25.27,25.514,67326600,1717770872.4
2003-08-08,QQQ,25.615,25.716,25.194,25.312,66677100,1687730755.2
2003-08-11,QQQ,25.32,25.758,25.278,25.589,63712200,1630331485.8
2003-08-12,QQQ,25.682,26.01,25.531,25.977,59676100,1550206049.7
2003-08-13,QQQ,26.078,26.153,25.8,25.985,57969700,1506342654.5
2003-08-14,QQQ,25.993,26.254,25.817,26.01,50271500,1307561715.0
2003-08-15,QQQ,26.094,26.339,26.036,26.238,28116300,737715479.4
2003-08-18,QQQ,26.355,26.945,26.288,26.911,67224100,1809067755.1
2003-08-19,QQQ,27.029,27.256,26.81,27.248,68205000,1858449840.0
2003-08-20,QQQ,27.02,27.374,26.953,27.18,58233500,1582786530.0
2003-08-21,QQQ,27.433,27.626,27.164,27.475,77161400,2120009465.0
2003-08-22,QQQ,27.997,28.089,27.256,27.307,92989800,2539272468.6
2003-08-25,QQQ,27.239,27.391,27.113,27.366,43044700,1177961260.2
2003-08-26,QQQ,27.172,27.433,26.776,27.391,79838500,2186856353.5
2003-08-27,QQQ,27.349,27.635,27.248,27.61,47532100,1312361281.0
2003-08-28,QQQ,27.728,27.879,27.374,27.854,55311000,1540632594.0
2003-08-29,QQQ,27.812,28.165,27.761,28.106,53148800,1493800172.8
2003-09-02,QQQ,28.19,28.527,27.887,28.51,80303100,2289441381.0
2003-09-03,QQQ,28.704,28.788,28.325,28.494,85234800,2428680391.2
2003-09-04,QQQ,28.477,28.805,28.367,28.754,63736100,1832667819.4
2003-09-05,QQQ,28.595,28.906,28.342,28.569,91024100,2600467512.9
2003-09-08,QQQ,28.62,29.066,28.578,29.041,69296000,2012425136.0
2003-09-09,QQQ,28.889,28.948,28.552,28.696,87817500,2520010980.0
2003-09-10,QQQ,28.409,28.527,27.871,28.005,111624500,3126044122.5
2003-09-11,QQQ,28.014,28.435,27.786,28.317,96914900,2744339223.3
2003-09-12,QQQ,28.064,28.485,27.82,28.468,104963000,2988086684.0
2003-09-15,QQQ,28.485,28.544,28.148,28.19,54594200,1539010498.0
2003-09-16,QQQ,28.216,28.982,28.216,28.956,87463800,2532601792.8
2003-09-17,QQQ,28.898,29.041,28.645,28.839,79794700,2301199353.3
2003-09-18,QQQ,28.763,29.344,28.62,29.276,91469900,2677872792.4
2003-09-19,QQQ,29.285,29.344,28.923,29.108,69796000,2031621968.0
2003-09-22,QQQ,28.729,28.788,28.426,28.552,97477500,2783177580.0
2003-09-23,QQQ,28.595,29.091,28.544,29.057,77826500,2261404610.5
2003-09-24,QQQ,29.049,29.057,27.921,27.963,115057400,3217350076.2
2003-09-25,QQQ,28.098,28.401,27.576,27.601,117604800,3246010084.8
2003-09-26,QQQ,27.685,27.921,27.374,27.424,106581000,2922877344.0
2003-09-29,QQQ,27.576,27.921,27.315,27.896,96862800,2702084668.8
2003-09-30,QQQ,27.711,27.744,27.239,27.29,119122500,3250853025.0
2003-10-01,QQQ,27.45,27.972,27.29,27.904,106653600,2976062054.4
2003-10-02,QQQ,27.862,28.14,27.719,27.997,83911100,2349259066.7
2003-10-03,QQQ,28.494,29.015,28.468,28.78,112862800,3248191384.0
2003-10-06,QQQ,28.855,28.999,28.67,28.99,49162900,1425232471.0
2003-10-07,QQQ,28.754,29.167,28.628,29.167,80104600,2336410868.2
2003-10-08,QQQ,29.302,29.327,28.805,28.982,71387400,2068949626.8
2003-10-09,QQQ,29.386,29.689,28.982,29.201,118216100,3452028336.1
2003-10-10,QQQ,29.268,29.487,29.158,29.47,68356200,2014457214.0
2003-10-13,QQQ,29.579,29.773,29.394,29.664,60919800,1807124947.2
2003-10-14,QQQ,29.546,29.823,29.428,29.739,62274900,1851993251.1
2003-10-15,QQQ,30.135,30.177,29.487,29.613,97045200,2873799507.6
2003-10-16,QQQ,29.546,29.908,29.512,29.849,73955000,2207482795.0
2003-10-17,QQQ,29.807,29.874,29.125,29.133,97794400,2849044255.2
2003-10-20,QQQ,29.167,29.529,29.041,29.495,75544300,2228179128.5
2003-10-21,QQQ,29.579,29.84,29.411,29.672,73455600,2179574563.2
2003-10-22,QQQ,29.369,29.403,28.99,29.1,88141400,2564914740.0
2003-10-23,QQQ,28.746,29.049,28.662,28.763,95409600,2744266324.8
2003-10-24,QQQ,28.443,28.813,28.19,28.788,101778600,2930002336.8
2003-10-27,QQQ,28.855,28.999,28.653,28.797,63604500,1831618786.5
2003-10-28,QQQ,28.982,29.807,28.931,29.765,107375700,3196037710.5
2003-10-29,QQQ,29.63,29.807,29.52,29.731,74075200,2202329771.2
2003-10-30,QQQ,30.143,30.303,29.579,29.79,95062600,2831914854.0
2003-10-31,QQQ,29.832,29.874,29.512,29.613,55473200,1642727871.6
2003-11-03,QQQ,29.823,30.286,29.765,30.101,71141200,2141421261.2
2003-11-04,QQQ,30.042,30.194,29.84,29.899,60033900,1794953576.1
2003-11-05,QQQ,29.899,30.211,29.588,30.169,67412700,2033773746.3
2003-11-06,QQQ,30.127,30.278,29.748,30.253,90567400,2739935552.2
2003-11-07,QQQ,30.371,30.455,29.967,29.992,63505200,1904647958.4
2003-11-10,QQQ,30.051,30.084,29.537,29.621,68896400,2040780264.4
2003-11-11,QQQ,29.588,29.714,29.335,29.512,75607100,2231316735.2
2003-11-12,QQQ,29.605,30.27,29.579,30.143,80364600,2422430137.8
2003-11-13,QQQ,30.059,30.219,29.924,30.11,64243000,1934356730.0
2003-11-14,QQQ,30.143,30.32,29.419,29.495,90932200,2682045239.0
2003-11-17,QQQ,29.327,29.386,28.839,29.192,108063100,3154578015.2
2003-11-18,QQQ,29.352,29.436,28.468,28.519,108588500,3096835431.5
2003-11-19,QQQ,28.628,28.956,28.519,28.797,86320300,2485765679.1
2003-11-20,QQQ,28.552,29.192,28.46,28.519,117324500,3345977415.5
2003-11-21,QQQ,28.687,28.839,28.392,28.813,81787500,2356543237.5
2003-11-24,QQQ,29.057,29.672,29.015,29.613,92057500,2726098747.5
2003-11-25,QQQ,29.706,29.84,29.537,29.613,72519800,2147528837.4
2003-11-26,QQQ,29.798,29.899,29.302,29.748,72842900,2166930589.2
2003-11-28,QQQ,29.68,29.882,29.638,29.781,24802600,738646230.6
2003-12-01,QQQ,30.059,30.312,29.857,30.219,82767300,2501145038.7
2003-12-02,QQQ,30.152,30.345,29.95,30.051,62504500,1878322729.5
2003-12-03,QQQ,30.169,30.404,29.672,29.672,107568500,3191772532.0
2003-12-04,QQQ,29.781,30.059,29.529,29.992,102334800,3069225321.6
2003-12-05,QQQ,29.689,29.882,29.428,29.495,87490200,2580523449.0
2003-12-08,QQQ,29.478,29.739,29.276,29.664,86961200,2579617036.8
2003-12-09,QQQ,29.832,29.849,28.914,28.982,109949500,3186556409.0
2003-12-10,QQQ,29.041,29.209,28.729,29.091,103504200,3011040682.2
2003-12-11,QQQ,29.041,29.79,29.032,29.714,108374700,3220245835.8
2003-12-12,QQQ,29.722,29.748,29.377,29.664,72189400,2141426361.6
2003-12-15,QQQ,30.244,30.295,29.167,29.276,106091400,3105931826.4
2003-12-16,QQQ,29.285,29.478,28.973,29.335,89854700,2635887624.5
2003-12-17,QQQ,29.302,29.462,29.1,29.386,68539900,2014113501.4
2003-12-18,QQQ,29.419,30.0,29.419,29.933,89978100,2693314467.3
2003-12-19,QQQ,29.975,30.009,29.63,29.849,89762300,2679314892.7
2003-12-22,QQQ,29.756,30.034,29.706,29.941,63580000,1903648780.0
2003-12-23,QQQ,29.967,30.32,29.908,30.169,66999800,2021316966.2
2003-12-24,QQQ,30.18,30.332,30.147,30.231,44840300,1355567109.3
2003-12-26,QQQ,30.281,30.391,30.164,30.189,25497600,769747046.4
2003-12-29,QQQ,30.34,30.761,30.332,30.686,63296200,1942307193.2
2003-12-30,QQQ,30.761,30.804,30.568,30.787,48249400,1485454277.8
2003-12-31,QQQ,30.837,30.854,30.526,30.702,60494600,1857305209.2
2004-01-02,QQQ,30.871,30.98,30.5,30.618,55234100,1691157673.8
2004-01-05,QQQ,30.804,31.292,30.787,31.233,69717900,2177499170.7
2004-01-06,QQQ,31.225,31.511,31.115,31.444,60033000,1887677652.0
2004-01-07,QQQ,31.393,31.73,31.216,31.73,71830000,2279165900.0
2004-01-08,QQQ,31.873,31.999,31.662,31.982,76800900,2456246383.8
2004-01-09,QQQ,31.755,32.294,31.654,31.772,94296500,2995988398.0
2004-01-12,QQQ,31.873,32.294,31.73,32.277,77668400,2506902946.8
2004-01-13,QQQ,32.227,32.302,31.662,31.957,92973900,2971166922.3
2004-01-14,QQQ,32.067,32.21,31.789,32.067,68122400,2184481000.8
2004-01-15,QQQ,31.94,32.387,31.688,32.151,104427700,3357454982.7
2004-01-16,QQQ,32.319,32.53,32.142,32.479,77324100,2511409443.9
2004-01-20,QQQ,32.614,32.841,32.26,32.454,81998100,2661166337.4
2004-01-21,QQQ,32.328,32.555,31.999,32.319,112180300,3625555115.7
2004-01-22,QQQ,32.462,32.58,32.05,32.126,90061900,2893328599.4
2004-01-23,QQQ,32.176,32.387,31.814,32.008,88751300,2840751610.4
2004-01-26,QQQ,31.982,32.547,31.865,32.496,84538000,2747146848.0
2004-01-27,QQQ,32.429,32.53,31.738,31.78,97191600,3088749048.0
2004-01-28,QQQ,31.949,32.05,31.157,31.241,127959700,3997588987.7
2004-01-29,QQQ,31.359,31.418,30.871,31.359,143925900,4513372298.1
2004-01-30,QQQ,31.326,31.528,31.132,31.216,84264700,2630406875.2
2004-02-02,QQQ,31.326,31.561,31.006,31.132,94507900,2942219942.8
2004-02-03,QQQ,31.081,31.359,31.022,31.098,73488700,2285351592.6
2004-02-04,QQQ,30.837,31.039,30.593,30.593,109933000,3363180269.0
2004-02-05,QQQ,30.745,30.913,30.593,30.711,96784500,2972348779.5
2004-02-06,QQQ,30.82,31.393,30.761,31.267,107174100,3351012584.7
2004-02-09,QQQ,31.444,31.477,31.199,31.258,58817700,1838523666.6
2004-02-10,QQQ,31.208,31.502,31.182,31.309,65042700,2036421894.3
2004-02-11,QQQ,31.359,31.721,31.216,31.646,92503000,2927349938.0
2004-02-12,QQQ,31.595,31.747,31.359,31.368,70556400,2213213155.2
2004-02-13,QQQ,31.486,31.974,30.955,31.107,90570400,2817373432.8
2004-02-17,QQQ,31.393,31.679,31.342,31.528,69678600,2196826900.8
2004-02-18,QQQ,31.587,31.721,31.427,31.62,70972100,2244137802.0
2004-02-19,QQQ,31.89,31.915,31.006,31.14,100843800,3140275932.0
2004-02-20,QQQ,31.157,31.275,30.778,31.039,132347600,4107937156.4
2004-02-23,QQQ,31.157,31.182,30.408,30.694,125199800,3842882661.2
2004-02-24,QQQ,30.568,30.862,30.399,30.618,124521900,3812611534.2
2004-02-25,QQQ,30.677,30.879,30.593,30.804,74457100,2293576508.4
2004-02-26,QQQ,30.711,31.022,30.576,30.879,71327600,2202524960.4
2004-02-27,QQQ,30.955,31.107,30.542,30.795,99383900,3060527200.5
2004-03-01,QQQ,30.888,31.216,30.711,31.199,79700700,2486582139.3
2004-03-02,QQQ,31.14,31.309,30.829,30.837,91536000,2822695632.0
2004-03-03,QQQ,30.745,30.846,30.492,30.669,83938300,2574303722.7
2004-03-04,QQQ,30.686,31.014,30.644,30.955,65905600,2040107848.0
2004-03-05,QQQ,30.669,31.284,30.618,30.846,118107100,3643131606.6
2004-03-08,QQQ,30.896,31.006,30.088,30.121,112599500,3391609539.5
2004-03-09,QQQ,30.155,30.298,29.911,30.029,126140400,3787870071.6
2004-03-10,QQQ,30.105,30.315,29.583,29.633,134226100,3977522021.3
2004-03-11,QQQ,29.532,29.919,29.305,29.364,152132000,4467204048.0
2004-03-12,QQQ,29.625,29.97,29.599,29.903,118369600,3539606148.8
2004-03-15,QQQ,29.776,29.81,29.313,29.38,115813600,3402603568.0
2004-03-16,QQQ,29.566,29.684,29.161,29.431,123265100,3627815158.1
2004-03-17,QQQ,29.65,29.995,29.625,29.894,91684700,2740822421.8
2004-03-18,QQQ,29.785,29.86,29.448,29.759,111249700,3310679822.3
2004-03-19,QQQ,29.709,29.86,29.237,29.263,99976700,2925618172.1
2004-03-22,QQQ,29.077,29.094,28.656,28.892,133870400,3867783596.8
2004-03-23,QQQ,29.128,29.178,28.639,28.656,125945800,3609102844.8
2004-03-24,QQQ,28.757,29.161,28.639,28.985,118876800,3445644048.0
2004-03-25,QQQ,29.178,29.86,29.153,29.759,142122000,4229408598.0
2004-03-26,QQQ,29.726,29.961,29.641,29.658,78430800,2326100666.4
2004-03-29,QQQ,29.902,30.281,29.886,30.138,103864000,3130253232.0
2004-03-30,QQQ,30.037,30.265,29.911,30.239,95716500,2894371243.5
2004-03-31,QQQ,30.248,30.315,29.987,30.18,85993900,2595295902.0
2004-04-01,QQQ,30.155,30.526,30.13,30.45,93048600,2833329870.0
2004-04-02,QQQ,31.065,31.292,30.753,31.241,145964000,4560061324.0
2004-04-05,QQQ,31.166,31.578,31.132,31.536,67351600,2124000057.6
2004-04-06,QQQ,31.292,31.368,31.09,31.14,98611400,3070758996.0
2004-04-07,QQQ,31.149,31.25,30.871,31.107,91004900,2830889424.3
2004-04-08,QQQ,31.452,31.486,30.938,31.107,77176300,2400723164.1
2004-04-12,QQQ,31.174,31.359,31.14,31.3,55285700,1730442410.0
2004-04-13,QQQ,31.444,31.46,30.702,30.846,100624400,3103860242.4
2004-04-14,QQQ,30.66,31.115,30.618,30.997,113663200,3523218210.4
2004-04-15,QQQ,30.947,31.039,30.332,30.441,123565500,3761457385.5
2004-04-16,QQQ,30.484,30.585,30.138,30.391,110736600,3365396010.6
2004-04-19,QQQ,30.324,30.812,30.298,30.761,85838700,2640484250.7
2004-04-20,QQQ,30.829,30.98,30.012,30.046,119545100,3591852074.6
2004-04-21,QQQ,30.231,30.408,30.02,30.307,117850500,3571695103.5
2004-04-22,QQQ,30.315,31.166,30.298,31.09,137623300,4278708397.0
2004-04-23,QQQ,31.225,31.376,31.073,31.334,91855600,2878203370.4
2004-04-26,QQQ,31.309,31.401,30.862,31.107,74392200,2314118165.4
2004-04-27,QQQ,31.115,31.317,30.896,31.048,87548500,2718205828.0
2004-04-28,QQQ,30.913,30.921,30.332,30.484,111740700,3406303498.8
2004-04-29,QQQ,30.391,30.601,29.726,30.012,156917100,4709396005.2
2004-04-30,QQQ,30.029,30.147,29.237,29.279,150829200,4416128146.8
2004-05-03,QQQ,29.473,29.911,29.38,29.557,117007200,3458381810.4
2004-05-04,QQQ,29.65,30.105,29.498,29.684,126176000,3745408384.0
2004-05-05,QQQ,29.827,30.063,29.641,29.919,97528500,2917955191.5
2004-05-06,QQQ,29.667,29.844,29.347,29.692,102733300,3050357143.6
2004-05-07,QQQ,29.549,30.012,29.397,29.448,137686000,4054577328.0
2004-05-10,QQQ,29.195,29.389,28.985,29.195,156951400,4582196123.0
2004-05-11,QQQ,29.448,29.793,29.406,29.633,120493600,3570586848.8
2004-05-12,QQQ,29.574,29.717,28.858,29.692,197765400,5872050256.8
2004-05-13,QQQ,29.524,29.852,29.406,29.481,137841700,4063711157.7
2004-05-14,QQQ,29.641,29.734,29.17,29.263,133689900,3912167543.7
2004-05-17,QQQ,28.951,29.187,28.724,28.985,150652400,4366659814.0
2004-05-18,QQQ,29.187,29.389,29.136,29.246,96686400,2827690454.4
2004-05-19,QQQ,29.608,29.903,29.161,29.212,141646900,4137789242.8
2004-05-20,QQQ,29.288,29.49,29.103,29.347,94938500,2786160159.5
2004-05-21,QQQ,29.481,29.616,29.254,29.49,111329200,3283098108.0
2004-05-24,QQQ,29.726,29.86,29.473,29.692,99861800,2965096565.6
2004-05-25,QQQ,29.599,30.382,29.431,30.281,146321400,4430758313.4
2004-05-26,QQQ,30.197,30.475,30.155,30.475,93789700,2858241107.5
2004-05-27,QQQ,30.559,30.736,30.366,30.669,110183400,3379214694.6
2004-05-28,QQQ,30.635,30.778,30.492,30.778,56379500,1735248251.0
2004-06-01,QQQ,30.542,30.778,30.408,30.736,90592700,2784457227.2
2004-06-02,QQQ,30.787,30.871,30.458,30.669,103519800,3174848746.2
2004-06-03,QQQ,30.568,30.618,30.164,30.298,97301400,2948037817.2
2004-06-04,QQQ,30.601,30.837,30.458,30.475,91233200,2780331770.0
2004-06-07,QQQ,30.686,31.241,30.601,31.199,107532600,3354909587.4
2004-06-08,QQQ,31.073,31.317,31.031,31.241,72530900,2265937846.9
2004-06-09,QQQ,31.14,31.199,30.736,30.804,98215200,3025421020.8
2004-06-10,QQQ,30.896,31.022,30.778,31.022,57101300,1771396528.6
2004-06-14,QQQ,30.829,30.829,30.399,30.585,85129900,2603697991.5
2004-06-15,QQQ,30.787,31.149,30.787,30.98,91937700,2848229946.0
2004-06-16,QQQ,30.964,31.073,30.862,30.93,64743300,2002510269.0
2004-06-17,QQQ,30.862,30.871,30.526,30.644,77844200,2385457664.8
2004-06-18,QQQ,30.568,31.022,30.534,30.686,78641500,2413193069.0
2004-06-21,QQQ,30.753,30.846,30.366,30.441,65373100,1990022537.1
2004-06-22,QQQ,30.45,30.905,30.332,30.888,101524300,3135882578.4
2004-06-23,QQQ,30.795,31.317,30.745,31.258,94393900,2950564526.2
2004-06-24,QQQ,31.174,31.452,31.09,31.199,92343200,2881015496.8
2004-06-25,QQQ,31.157,31.486,31.14,31.435,81005400,2546404749.0
2004-06-28,QQQ,31.57,31.595,31.073,31.174,94033200,2931390976.8
2004-06-29,QQQ,31.241,31.654,31.225,31.469,68265900,2148259607.1
2004-06-30,QQQ,31.536,31.915,31.452,31.78,97809500,3108385910.0
2004-07-01,QQQ,31.713,31.713,30.964,31.191,122141800,3809724883.8
2004-07-02,QQQ,31.191,31.199,30.846,31.006,74056400,2296192738.4
2004-07-06,QQQ,30.82,30.82,30.172,30.34,130232600,3951257084.0
2004-07-07,QQQ,30.281,30.559,30.248,30.399,95623100,2906846616.9
2004-07-08,QQQ,30.155,30.425,29.936,30.062,108755400,3269404834.8
2004-07-09,QQQ,30.18,30.349,30.004,30.105,86014700,2589472543.5
2004-07-12,QQQ,29.953,30.054,29.675,29.978,81844500,2453534421.0
2004-07-13,QQQ,30.046,30.155,29.818,29.936,81222000,2431461792.0
2004-07-14,QQQ,29.641,30.02,29.515,29.633,119489200,3540823463.6
2004-07-15,QQQ,29.743,29.886,29.524,29.532,90405700,2669861132.4
2004-07-16,QQQ,29.835,29.852,29.153,29.195,120387100,3514701384.5
2004-07-19,QQQ,29.288,29.448,29.027,29.136,106387900,3099717854.4
2004-07-20,QQQ,29.254,29.97,29.229,29.835,117453700,3504231139.5
2004-07-21,QQQ,29.953,30.02,28.917,28.968,136086800,3942162422.4
2004-07-22,QQQ,29.035,29.566,28.841,29.364,132135800,3880035631.2
2004-07-23,QQQ,29.153,29.187,28.656,28.808,107107100,3085541336.8
2004-07-26,QQQ,28.833,28.976,28.378,28.681,112962200,3239868858.2
2004-07-27,QQQ,28.791,29.229,28.665,29.077,103474700,3008733851.9
2004-07-28,QQQ,28.976,29.161,28.471,28.951,154299800,4467133509.8
2004-07-29,QQQ,29.229,29.406,29.052,29.288,98959800,2898334622.4
2004-07-30,QQQ,29.271,29.557,29.178,29.38,83007800,2438769164.0
2004-08-02,QQQ,29.145,29.49,29.018,29.439,81249000,2391889311.0
2004-08-03,QQQ,29.338,29.414,28.791,28.825,85746500,2471642862.5
2004-08-04,QQQ,28.757,29.018,28.639,28.833,86721000,2500426593.0
2004-08-05,QQQ,28.926,28.968,28.294,28.294,109722900,3104499732.6
2004-08-06,QQQ,28.126,28.134,27.503,27.553,148808600,4100123355.8
2004-08-09,QQQ,27.629,27.755,27.494,27.62,79281900,2189766078.0
2004-08-10,QQQ,27.755,28.193,27.722,27.966,105819800,2959356526.8
2004-08-11,QQQ,27.663,27.823,27.41,27.721,121217700,3360275861.7
2004-08-12,QQQ,27.528,27.671,27.258,27.343,113691800,3108674887.4
2004-08-13,QQQ,27.494,27.57,27.242,27.385,91416100,2503429898.5
2004-08-16,QQQ,27.46,27.949,27.444,27.696,77851300,2156169604.8
2004-08-17,QQQ,27.89,28.159,27.78,28.008,89573100,2508763384.8
2004-08-18,QQQ,27.839,28.555,27.797,28.505,106608500,3038875292.5
2004-08-19,QQQ,28.404,28.505,28.134,28.353,104690200,2968281240.6
2004-08-20,QQQ,28.269,28.749,28.218,28.639,91962400,2633711173.6
2004-08-23,QQQ,28.673,28.858,28.555,28.707,83390800,2393899695.6
2004-08-24,QQQ,28.841,28.892,28.471,28.698,86610500,2485548129.0
2004-08-25,QQQ,28.69,29.136,28.547,29.094,88394600,2571752492.4
2004-08-26,QQQ,29.018,29.094,28.892,28.968,57663400,1670393371.2
2004-08-27,QQQ,29.027,29.204,29.001,29.103,58597200,1705354311.6
2004-08-30,QQQ,28.976,28.993,28.58,28.614,62355700,1784245999.8
2004-08-31,QQQ,28.648,28.732,28.336,28.648,81262000,2327993776.0
2004-09-01,QQQ,28.572,29.027,28.463,28.858,96630600,2788565854.8
2004-09-02,QQQ,28.783,29.372,28.766,29.288,83054000,2432485552.0
2004-09-03,QQQ,29.001,29.195,28.673,28.749,90213700,2593553661.3
2004-09-07,QQQ,28.968,29.145,28.732,28.993,95556500,2770469604.5
2004-09-08,QQQ,28.892,29.204,28.783,28.884,101466100,2930746832.4
2004-09-09,QQQ,29.01,29.263,28.749,29.128,104397500,3040890380.0
2004-09-10,QQQ,29.145,29.633,29.027,29.574,108591600,3211487978.4
2004-09-13,QQQ,29.684,30.079,29.591,29.961,109350500,3276250330.5
2004-09-14,QQQ,29.852,30.079,29.776,30.004,76466300,2294294865.2
2004-09-15,QQQ,29.827,29.852,29.574,29.684,90128700,2675380330.8
2004-09-16,QQQ,29.692,29.953,29.583,29.743,67121000,1996379903.0
2004-09-17,QQQ,29.667,29.911,29.608,29.835,83903400,2503257939.0
2004-09-20,QQQ,29.717,30.121,29.625,29.835,110678100,3302081113.5
2004-09-21,QQQ,29.928,30.189,29.827,29.953,93688400,2806248645.2
2004-09-22,QQQ,29.844,29.86,29.364,29.431,101393400,2984109155.4
2004-09-23,QQQ,29.456,29.599,29.372,29.406,92503200,2720149099.2
2004-09-24,QQQ,29.465,29.633,29.263,29.305,103247400,3025665057.0
2004-09-27,QQQ,29.153,29.254,28.951,29.052,86017600,2498983315.2
2004-09-28,QQQ,29.094,29.212,28.825,29.111,87070300,2534703503.3
2004-09-29,QQQ,29.086,29.574,29.077,29.54,95096200,2809141748.0
2004-09-30,QQQ,29.49,29.7,29.38,29.591,74514600,2204961528.6
2004-10-01,QQQ,29.852,30.441,29.776,30.399,118252700,3594763827.3
2004-10-04,QQQ,30.618,30.837,30.526,30.576,108032600,3303204777.6
2004-10-05,QQQ,30.509,30.728,30.45,30.618,89754400,2748100219.2
2004-10-06,QQQ,30.576,30.896,30.408,30.862,87815500,2710161961.0
2004-10-07,QQQ,30.77,30.879,30.458,30.517,82374300,2513816513.1
2004-10-08,QQQ,30.382,30.517,29.894,29.961,115073000,3447702153.0
2004-10-11,QQQ,30.079,30.197,29.978,30.105,51181600,1540822068.0
2004-10-12,QQQ,29.835,30.18,29.641,30.054,97884100,2941808741.4
2004-10-13,QQQ,30.357,30.433,29.835,29.987,132442500,3971553247.5
2004-10-14,QQQ,30.054,30.13,29.751,29.852,99383700,2966802212.4
2004-10-15,QQQ,29.886,30.197,29.709,30.004,129183400,3876018733.6
2004-10-18,QQQ,29.903,30.526,29.81,30.433,108933400,3315170162.2
2004-10-19,QQQ,30.635,30.795,30.138,30.214,129973500,3927019329.0
2004-10-20,QQQ,30.172,30.509,30.02,30.357,106524200,3233755139.4
2004-10-21,QQQ,30.517,30.98,30.399,30.82,122627600,3779382632.0
2004-10-22,QQQ,30.829,30.888,30.096,30.147,114321100,3446438201.7
2004-10-25,QQQ,30.088,30.155,29.886,30.004,102863000,3086301452.0
2004-10-26,QQQ,30.02,30.18,29.818,30.164,98164500,2961033978.0
2004-10-27,QQQ,30.18,31.065,30.071,30.93,152423400,4714455762.0
2004-10-28,QQQ,30.888,31.258,30.795,31.124,111113900,3458309023.6
2004-10-29,QQQ,31.081,31.359,30.879,31.073,100779200,3131512081.6
2004-11-01,QQQ,31.14,31.309,30.989,31.191,72356000,2256855996.0
2004-11-02,QQQ,31.233,31.62,31.174,31.292,108930700,3408659464.4
2004-11-03,QQQ,31.797,31.915,31.284,31.502,140980100,4441155110.2
2004-11-04,QQQ,31.376,31.814,31.25,31.679,112513700,3564321502.3
2004-11-05,QQQ,32.016,32.134,31.671,31.966,117017900,3740594191.4
2004-11-08,QQQ,31.957,32.084,31.873,31.999,66486000,2127485514.0
2004-11-09,QQQ,31.94,32.126,31.839,31.932,85038700,2715455768.4
2004-11-10,QQQ,31.94,32.05,31.705,31.822,95122300,3026981830.6
2004-11-11,QQQ,31.924,32.319,31.881,32.244,99338800,3203080267.2
2004-11-12,QQQ,32.286,32.639,32.142,32.555,102418100,3334221245.5
2004-11-15,QQQ,32.538,32.723,32.42,32.698,82696000,2703993808.0
2004-11-16,QQQ,32.555,32.572,32.269,32.496,97197500,3158529960.0
2004-11-17,QQQ,32.698,33.111,32.698,32.934,125242500,4124736495.0
2004-11-18,QQQ,32.825,33.145,32.749,33.086,94901100,3139897794.6
2004-11-19,QQQ,33.043,33.086,32.496,32.572,118448900,3858117570.8
2004-11-22,QQQ,32.513,32.9,32.404,32.883,79882600,2626779535.8
2004-11-23,QQQ,32.85,32.968,32.513,32.833,91925300,3018183374.9
2004-11-24,QQQ,32.917,33.17,32.9,33.119,74051700,2452518252.3
2004-11-26,QQQ,33.153,33.246,32.985,33.018,31248900,1031776180.2
2004-11-29,QQQ,33.229,33.38,32.816,33.01,94765400,3128205854.0
2004-11-30,QQQ,33.094,33.17,32.892,32.942,87663100,2887797840.2
2004-12-01,QQQ,33.069,33.65,33.069,33.616,102375000,3441438000.0
2004-12-02,QQQ,33.532,34.012,33.481,33.742,122005600,4116712955.2
2004-12-03,QQQ,33.978,34.18,33.751,33.793,114227700,3860096666.1
2004-12-06,QQQ,33.785,34.046,33.608,33.911,70415100,2387846456.1
2004-12-07,QQQ,33.978,34.105,33.288,33.33,121439800,4047588534.0
2004-12-08,QQQ,33.347,33.667,33.262,33.523,10121300,339296339.9
2004-12-09,QQQ,33.254,33.843,33.043,33.726,134346000,4530953196.0
2004-12-10,QQQ,33.549,33.742,33.465,33.625,86177300,2897711712.5
2004-12-13,QQQ,33.877,33.97,33.667,33.919,74296400,2520059591.6
2004-12-14,QQQ,33.919,34.18,33.894,34.088,91985000,3135584680.0
2004-12-15,QQQ,34.096,34.256,33.81,33.961,95179300,3232384207.3
2004-12-16,QQQ,33.97,34.062,33.532,33.641,86101300,2896533833.3
2004-12-17,QQQ,33.7,33.845,33.522,33.556,97947000,3286709532.0
2004-12-20,QQQ,33.641,33.811,33.232,33.326,106397600,3545806417.6
2004-12-21,QQQ,33.488,33.76,33.394,33.734,83184700,2806152669.8
2004-12-22,QQQ,33.615,33.947,33.573,33.777,75298000,2543340546.0
2004-12-23,QQQ,33.675,33.93,33.615,33.802,45782000,1547523164.0
2004-12-27,QQQ,33.989,34.023,33.496,33.658,67157700,2260393866.6
2004-12-28,QQQ,33.726,34.006,33.675,33.981,62563100,2125956701.1
2004-12-29,QQQ,33.938,34.142,33.921,34.023,46594800,1585294880.4
2004-12-30,QQQ,34.066,34.108,33.947,33.998,41717600,1418314964.8
2004-12-31,QQQ,34.032,34.108,33.819,33.938,44112300,1497083237.4
2005-01-03,QQQ,34.083,34.253,33.47,33.581,100970900,3390703792.9
2005-01-04,QQQ,33.726,33.785,32.773,32.969,136623200,4504330280.8
2005-01-05,QQQ,32.884,33.122,32.705,32.765,127925500,4191479007.5
2005-01-06,QQQ,32.841,32.909,32.595,32.603,102934600,3355976763.8
2005-01-07,QQQ,32.782,33.045,32.484,32.773,123104000,4034487392.0
2005-01-10,QQQ,32.68,33.045,32.637,32.756,88764200,2907560135.2
2005-01-11,QQQ,32.62,32.731,32.365,32.527,106398800,3460833767.6
2005-01-12,QQQ,32.671,32.816,32.314,32.799,127754900,4190232965.1
2005-01-13,QQQ,32.799,33.028,32.314,32.365,101982400,3300660376.0
2005-01-14,QQQ,32.476,32.748,32.467,32.671,93460900,3053461063.9
2005-01-18,QQQ,32.544,32.977,32.493,32.918,91760400,3020568847.2
2005-01-19,QQQ,32.926,32.943,32.357,32.374,104981000,3398654894.0
2005-01-20,QQQ,32.008,32.144,31.728,31.753,120963900,3840966716.7
2005-01-21,QQQ,31.864,31.923,31.447,31.498,138569200,4364652661.6
2005-01-24,QQQ,31.558,31.626,30.997,31.056,137499000,4270168944.0
2005-01-25,QQQ,31.26,31.532,31.167,31.209,119171300,3719217101.7
2005-01-26,QQQ,31.422,31.702,31.303,31.583,107465800,3394092361.4
2005-01-27,QQQ,31.532,31.685,31.345,31.541,103654700,3269372892.7
2005-01-28,QQQ,31.643,31.685,31.133,31.388,111648600,3504426256.8
2005-01-31,QQQ,31.762,31.906,31.677,31.796,89139900,2834292260.4
2005-02-01,QQQ,31.872,32.008,31.77,31.898,76610300,2443715349.4
2005-02-02,QQQ,32.0,32.076,31.719,31.949,100160500,3200027814.5
2005-02-03,QQQ,31.779,31.804,31.456,31.583,90157900,2847456955.7
2005-02-04,QQQ,31.583,32.153,31.583,32.093,99302000,3186899086.0
2005-02-07,QQQ,32.136,32.229,31.898,32.025,71551400,2291433585.0
2005-02-08,QQQ,32.017,32.314,31.983,32.085,72821700,2336484244.5
2005-02-09,QQQ,32.11,32.136,31.507,31.549,93276600,2942783453.4
2005-02-10,QQQ,31.677,31.728,31.354,31.583,110373000,3485910459.0
2005-02-11,QQQ,31.481,32.178,31.396,32.051,108684100,3483434089.1
2005-02-14,QQQ,32.051,32.255,32.042,32.195,54908900,1767792035.5
2005-02-15,QQQ,32.221,32.714,32.153,32.408,131406500,4258621852.0
2005-02-16,QQQ,32.331,32.442,32.161,32.289,80273900,2591963957.1
2005-02-17,QQQ,32.348,32.425,31.821,31.855,115628300,3683339496.5
2005-02-18,QQQ,31.864,31.94,31.677,31.753,69158800,2195999376.4
2005-02-22,QQQ,31.481,31.923,31.277,31.362,121232000,3802077984.0
2005-02-23,QQQ,31.49,31.515,31.201,31.405,95010100,2983792190.5
2005-02-24,QQQ,31.328,31.83,31.252,31.804,99334600,3159237618.4
2005-02-25,QQQ,31.779,32.051,31.702,31.983,79988700,2558278592.1
2005-02-28,QQQ,31.847,31.966,31.388,31.643,95731300,3029225525.9
2005-03-01,QQQ,31.77,32.051,31.736,31.991,78460600,2510033054.6
2005-03-02,QQQ,31.804,32.323,31.762,31.974,107270600,3429870164.4
2005-03-03,QQQ,32.059,32.076,31.473,31.711,89793800,2847451191.8
2005-03-04,QQQ,31.966,32.093,31.796,31.898,86622300,2763078125.4
2005-03-07,QQQ,31.966,32.552,31.932,32.357,93563900,3027447112.3
2005-03-08,QQQ,32.314,32.484,32.008,32.034,89595200,2870092636.8
2005-03-09,QQQ,32.025,32.246,31.855,31.94,98063000,3132132220.0
2005-03-10,QQQ,31.974,32.025,31.524,31.898,97043600,3095496752.8
2005-03-11,QQQ,32.042,32.153,31.473,31.6,102857500,3250297000.0
2005-03-14,QQQ,31.66,31.762,31.481,31.745,65576200,2081716469.0
2005-03-15,QQQ,31.813,31.864,31.447,31.49,93856300,2955534887.0
2005-03-16,QQQ,31.379,31.609,31.056,31.133,159578000,4968141874.0
2005-03-17,QQQ,31.124,31.362,31.065,31.209,100429600,3134307386.4
2005-03-18,QQQ,31.243,31.277,30.903,31.039,108899400,3380128476.6
2005-03-21,QQQ,31.116,31.243,30.818,31.099,92752500,2884509997.5
2005-03-22,QQQ,31.124,31.243,30.699,30.716,114016300,3502124670.8
2005-03-23,QQQ,30.682,31.022,30.665,30.827,97444900,3003933932.3
2005-03-24,QQQ,30.937,31.158,30.835,30.835,77566800,2391772278.0
2005-03-28,QQQ,30.954,31.124,30.869,30.895,59739000,1845636405.0
2005-03-29,QQQ,30.835,31.099,30.554,30.648,119554300,3664100186.4
2005-03-30,QQQ,30.801,31.269,30.793,31.226,114711000,3581965686.0
2005-03-31,QQQ,31.226,31.243,30.98,31.09,86578900,2691738001.0
2005-04-01,QQQ,31.303,31.354,30.716,30.776,143814300,4426028896.8
2005-04-04,QQQ,30.818,31.116,30.631,30.997,100090300,3102499029.1
2005-04-05,QQQ,31.022,31.175,30.963,31.082,66266600,2059698461.2
2005-04-06,QQQ,31.167,31.379,30.963,31.031,82168900,2549783135.9
2005-04-07,QQQ,31.056,31.413,31.039,31.405,88618000,2783048290.0
2005-04-08,QQQ,31.456,31.515,31.116,31.15,92332900,2876169835.0
2005-04-11,QQQ,31.243,31.269,30.946,31.014,70976000,2201249664.0
2005-04-12,QQQ,30.98,31.235,30.529,31.167,144848500,4514493199.5
2005-04-13,QQQ,31.082,31.116,30.588,30.656,108995500,3341366048.0
2005-04-14,QQQ,30.656,30.69,30.18,30.223,158057900,4776983911.7
2005-04-15,QQQ,29.959,30.07,29.483,29.534,170013300,5021172802.2
2005-04-18,QQQ,29.509,29.755,29.449,29.543,110084000,3252211612.0
2005-04-19,QQQ,29.772,29.84,29.543,29.747,96922100,2883141708.7
2005-04-20,QQQ,29.934,30.002,29.407,29.5,140457400,4143493300.0
2005-04-21,QQQ,29.857,30.359,29.721,30.282,124505100,3770263438.2
2005-04-22,QQQ,30.146,30.155,29.602,29.832,114996800,3430584537.6
2005-04-25,QQQ,30.01,30.146,29.883,30.078,72170100,2170732267.8
2005-04-26,QQQ,30.002,30.35,29.789,29.798,104958800,3127562322.4
2005-04-27,QQQ,29.645,29.968,29.526,29.84,112539300,3358172712.0
2005-04-28,QQQ,29.687,29.883,29.517,29.543,98181900,2900587871.7
2005-04-29,QQQ,29.755,29.806,29.203,29.738,144435900,4295234794.2
2005-05-02,QQQ,29.84,29.976,29.662,29.857,67648800,2019790221.6
2005-05-03,QQQ,29.798,30.121,29.781,30.01,103428700,3103895287.0
2005-05-04,QQQ,30.002,30.461,29.959,30.376,90480600,2748438705.6
2005-05-05,QQQ,30.393,30.537,30.206,30.401,79341700,2412067021.7
2005-05-06,QQQ,30.58,30.622,30.367,30.486,77310200,2356878757.2
2005-05-09,QQQ,30.495,30.656,30.316,30.631,66298400,2030786290.4
2005-05-10,QQQ,30.486,30.571,30.282,30.41,77194700,2347490827.0
2005-05-11,QQQ,30.452,30.631,30.01,30.563,131952400,4032861201.2
2005-05-12,QQQ,30.631,30.776,30.316,30.478,116602200,3553801851.6
2005-05-13,QQQ,30.597,31.005,30.512,30.81,133273500,4106156535.0
2005-05-16,QQQ,30.81,31.065,30.716,31.014,79093200,2452996504.8
2005-05-17,QQQ,30.903,31.235,30.784,31.201,91665900,2860067745.9
2005-05-18,QQQ,31.286,31.762,31.209,31.626,128105900,4051477193.4
2005-05-19,QQQ,31.702,31.898,31.626,31.889,92619700,2953549613.3
2005-05-20,QQQ,31.838,32.042,31.753,32.017,66530100,2130094211.7
2005-05-23,QQQ,32.017,32.297,31.966,32.178,93068200,2994748539.6
2005-05-24,QQQ,32.102,32.306,32.051,32.28,100830000,3254792400.0
2005-05-25,QQQ,32.17,32.204,31.957,32.144,76470600,2458070966.4
2005-05-26,QQQ,32.289,32.535,32.289,32.467,84066800,2729396795.6
2005-05-27,QQQ,32.425,32.518,32.323,32.484,50076900,1626698019.6
2005-05-31,QQQ,32.467,32.51,32.238,32.374,75281500,2437163281.0
2005-06-01,QQQ,32.331,32.884,32.323,32.637,110875700,3618650220.9
2005-06-02,QQQ,32.586,32.867,32.561,32.867,75926500,2495476275.5
2005-06-03,QQQ,32.841,32.85,32.323,32.391,96998400,3141875174.4
2005-06-06,QQQ,32.408,32.467,32.272,32.399,52681400,1706824678.6
2005-06-07,QQQ,32.433,32.705,32.085,32.127,108953400,3500345881.8
2005-06-08,QQQ,32.204,32.263,31.932,32.059,79211900,2539454302.1
2005-06-09,QQQ,32.017,32.357,31.881,32.263,99383300,3206403407.9
2005-06-10,QQQ,32.221,32.221,31.779,31.923,85971700,2744474579.1
2005-06-13,QQQ,31.864,32.263,31.847,32.076,82331300,2640858778.8
2005-06-14,QQQ,32.042,32.17,31.881,31.949,62593600,1999802926.4
2005-06-15,QQQ,32.161,32.195,31.668,32.051,103952000,3331765552.0
2005-06-16,QQQ,32.085,32.306,32.017,32.221,90450100,2914392672.1
2005-06-17,QQQ,32.429,32.514,32.123,32.225,83915700,2704183432.5
2005-06-20,QQQ,32.097,32.404,31.978,32.225,67580000,2177765500.0
2005-06-21,QQQ,32.2,32.344,32.08,32.208,97845600,3151411084.8
2005-06-22,QQQ,32.336,32.421,32.021,32.174,75221100,2420163671.4
2005-06-23,QQQ,32.225,32.489,31.766,31.817,122163300,3886869716.1
2005-06-24,QQQ,31.808,31.834,31.451,31.459,142144100,4471711241.9
2005-06-27,QQQ,31.442,31.536,31.229,31.315,72780800,2279130752.0
2005-06-28,QQQ,31.442,31.706,31.4,31.612,73330300,2318117443.6
2005-06-29,QQQ,31.697,31.706,31.459,31.544,71513600,2255824998.4
2005-06-30,QQQ,31.604,31.663,31.272,31.297,87803700,2747992398.9
2005-07-01,QQQ,31.366,31.485,31.212,31.255,55254800,1726988774.0
2005-07-05,QQQ,31.144,31.646,31.144,31.578,79288700,2503778568.6
2005-07-06,QQQ,31.51,31.723,31.366,31.425,79101000,2485748925.0
2005-07-07,QQQ,31.127,31.561,31.102,31.536,119466300,3767489236.8
2005-07-08,QQQ,31.553,32.174,31.476,32.14,101320700,3256447298.0
2005-07-11,QQQ,32.225,32.472,32.165,32.438,96283700,3123250660.6
2005-07-12,QQQ,32.438,32.727,32.344,32.591,86059300,2804758646.3
2005-07-13,QQQ,32.608,32.702,32.48,32.668,72135400,2356519247.2
2005-07-14,QQQ,32.906,33.084,32.778,32.991,99135200,3270569383.2
2005-07-15,QQQ,33.042,33.187,32.889,33.093,67239200,2225146845.6
2005-07-18,QQQ,33.008,33.093,32.923,32.957,58644000,1932730308.0
2005-07-19,QQQ,33.11,33.357,33.05,33.34,77860900,2595882406.0
2005-07-20,QQQ,33.136,33.672,33.101,33.578,91433100,3070140631.8
2005-07-21,QQQ,33.663,33.774,33.365,33.587,127286000,4275154882.0
2005-07-22,QQQ,33.595,33.689,33.374,33.544,71666600,2403984430.4
2005-07-25,QQQ,33.578,33.723,33.357,33.416,51872700,1733378143.2
2005-07-26,QQQ,33.518,33.638,33.348,33.544,67324900,2258346445.6
2005-07-27,QQQ,33.57,33.833,33.382,33.799,78351100,2648188828.9
2005-07-28,QQQ,33.825,33.969,33.731,33.961,66163700,2246985415.7
2005-07-29,QQQ,33.927,33.969,33.629,33.68,74725700,2516761576.0
2005-08-01,QQQ,33.731,33.893,33.629,33.74,59748300,2015907642.0
2005-08-02,QQQ,33.782,34.157,33.74,34.106,79284100,2704063514.6
2005-08-03,QQQ,33.961,34.148,33.935,34.089,61916400,2110668159.6
2005-08-04,QQQ,33.935,33.986,33.672,33.757,72035500,2431702373.5
2005-08-05,QQQ,33.706,33.859,33.552,33.595,66029500,2218261052.5
2005-08-08,QQQ,33.629,33.706,33.306,33.348,63415400,2114776759.2
2005-08-09,QQQ,33.501,33.689,33.45,33.57,62143600,2086160652.0
2005-08-10,QQQ,33.655,33.774,33.161,33.28,102317500,3405126400.0
2005-08-11,QQQ,33.297,33.646,33.272,33.552,92446700,3101771678.4
2005-08-12,QQQ,33.289,33.459,33.161,33.365,86367300,2881644964.5
2005-08-15,QQQ,33.306,33.723,33.255,33.57,63061100,2116961127.0
2005-08-16,QQQ,33.442,33.467,32.965,33.025,94596000,3124032900.0
2005-08-17,QQQ,33.119,33.331,33.008,33.221,74470500,2473984480.5
2005-08-18,QQQ,33.076,33.272,32.991,33.05,72559400,2398088170.0
2005-08-19,QQQ,33.093,33.187,33.008,33.033,52024300,1718518701.9
2005-08-22,QQQ,33.084,33.34,32.846,33.05,88056300,2910260715.0
2005-08-23,QQQ,33.05,33.119,32.855,32.957,57482900,1894463935.3
2005-08-24,QQQ,32.889,33.34,32.727,32.761,95025700,3113136957.7
2005-08-25,QQQ,32.821,32.923,32.753,32.838,52328800,1718373134.4
2005-08-26,QQQ,32.787,32.846,32.565,32.727,63840700,2089314588.9
2005-08-29,QQQ,32.557,33.059,32.557,32.982,74940400,2471684272.8
2005-08-30,QQQ,32.812,32.897,32.608,32.863,87373600,2871358616.8
2005-08-31,QQQ,32.88,33.195,32.744,33.17,93426300,3098950371.0
2005-09-01,QQQ,33.187,33.314,32.999,33.119,74884400,2480096443.6
2005-09-02,QQQ,33.187,33.212,32.965,32.991,53244900,1756602495.9
2005-09-06,QQQ,33.144,33.535,33.101,33.476,78106600,2614696541.6
2005-09-07,QQQ,33.442,33.595,33.365,33.535,57440100,1926253753.5
2005-09-08,QQQ,33.433,33.672,33.416,33.527,73529700,2465230251.9
2005-09-09,QQQ,33.535,33.774,33.45,33.714,75342100,2540083559.4
2005-09-12,QQQ,33.723,33.918,33.68,33.808,51689900,1747532139.2
2005-09-13,QQQ,33.765,33.961,33.646,33.723,66145800,2230634813.4
2005-09-14,QQQ,33.74,33.765,33.314,33.34,98644000,3288790960.0
2005-09-15,QQQ,33.408,33.476,33.229,33.323,80421500,2679885644.5
2005-09-16,QQQ,33.399,33.578,33.28,33.527,71034100,2381560270.7
2005-09-19,QQQ,33.459,33.51,33.11,33.263,73387500,2441088412.5
2005-09-20,QQQ,33.323,33.646,33.025,33.127,115202800,3816323155.6
2005-09-21,QQQ,33.033,33.076,32.736,32.761,116404300,3813521272.3
2005-09-22,QQQ,32.71,32.957,32.54,32.88,118686100,3902398968.0
2005-09-23,QQQ,32.761,33.084,32.685,32.974,70154000,2313257996.0
2005-09-26,QQQ,33.161,33.212,32.804,32.982,69327600,2286562903.2
2005-09-27,QQQ,33.008,33.101,32.77,32.906,64089500,2108929087.0
2005-09-28,QQQ,32.982,33.144,32.812,32.914,72044500,2371272673.0
2005-09-29,QQQ,32.872,33.365,32.719,33.357,117634600,3923937352.2
2005-09-30,QQQ,33.331,33.595,33.297,33.578,79248500,2661006133.0
2005-10-03,QQQ,33.646,33.825,33.621,33.663,81685600,2749782352.8
2005-10-04,QQQ,33.714,33.935,33.433,33.442,85348600,2854227881.2
2005-10-05,QQQ,33.45,33.476,32.957,32.982,106152200,3501111860.4
2005-10-06,QQQ,32.957,33.067,32.268,32.548,162213700,5279731507.6
2005-10-07,QQQ,32.676,32.821,32.489,32.625,91119900,2972786737.5
2005-10-10,QQQ,32.565,32.727,32.387,32.446,64012000,2076933352.0
2005-10-11,QQQ,32.54,32.54,32.165,32.285,114736900,3704280816.5
2005-10-12,QQQ,32.097,32.387,31.851,31.902,146109500,4661185269.0
2005-10-13,QQQ,31.885,32.259,31.766,32.148,138569600,4454735500.8
2005-10-14,QQQ,32.234,32.395,32.029,32.387,131463200,4257698658.4
2005-10-17,QQQ,32.395,32.497,32.182,32.489,64080400,2081908115.6
2005-10-18,QQQ,32.455,32.489,32.259,32.259,88070400,2841063033.6
2005-10-19,QQQ,32.097,32.906,32.004,32.906,132879900,4372545989.4
2005-10-20,QQQ,32.94,33.059,32.421,32.599,132576900,4321874363.1
2005-10-21,QQQ,32.906,32.974,32.616,32.804,110032000,3609489728.0
2005-10-24,QQQ,32.957,33.34,32.736,33.323,110820900,3692884850.7
2005-10-25,QQQ,33.263,33.348,32.991,33.195,86665800,2876871231.0
2005-10-26,QQQ,33.17,33.416,32.982,33.025,89878100,2968224252.5
2005-10-27,QQQ,32.999,33.016,32.361,32.361,132231100,4279130627.1
2005-10-28,QQQ,32.472,32.668,32.268,32.608,95243900,3105713091.2
2005-10-31,QQQ,32.719,33.229,32.693,33.076,115279100,3812971511.6
2005-11-01,QQQ,32.999,33.195,32.94,33.05,73502300,2429251015.0
2005-11-02,QQQ,32.957,33.578,32.94,33.484,101409900,3395609091.6
2005-11-03,QQQ,33.816,34.114,33.765,33.986,137054000,4657917244.0
2005-11-04,QQQ,34.038,34.233,33.901,34.106,100944500,3442813117.0
2005-11-07,QQQ,34.216,34.284,33.995,34.148,65324500,2230701026.0
2005-11-08,QQQ,34.106,34.335,34.029,34.157,78859700,2693610772.9
2005-11-09,QQQ,34.14,34.318,34.063,34.174,72458800,2476207031.2
2005-11-10,QQQ,34.191,34.625,33.969,34.548,120763100,4172123578.8
2005-11-11,QQQ,34.693,34.82,34.616,34.642,80057200,2773341522.4
2005-11-14,QQQ,34.693,34.769,34.548,34.642,53652400,1858626440.8
2005-11-15,QQQ,34.659,34.803,34.361,34.48,79543500,2742659880.0
2005-11-16,QQQ,34.574,34.701,34.429,34.693,65895700,2286119520.1
2005-11-17,QQQ,34.812,35.161,34.761,35.152,94425500,3319245176.0
2005-11-18,QQQ,35.331,35.442,35.118,35.271,108820200,3838197274.2
2005-11-21,QQQ,35.229,35.382,35.093,35.356,69731400,2465423378.4
2005-11-22,QQQ,35.288,35.629,35.195,35.484,88814000,3151475976.0
2005-11-23,QQQ,35.51,35.756,35.493,35.569,64101200,2280015582.8
2005-11-25,QQQ,35.603,35.688,35.51,35.646,22930200,817369909.2
2005-11-28,QQQ,35.739,35.739,35.314,35.348,74716200,2641068237.6
2005-11-29,QQQ,35.544,35.612,35.178,35.178,77443000,2724289854.0
2005-11-30,QQQ,35.127,35.305,35.05,35.093,88044400,3089742129.2
2005-12-01,QQQ,35.322,35.782,35.314,35.748,91914100,3285745246.8
2005-12-02,QQQ,35.688,35.85,35.629,35.833,72929200,2613272023.6
2005-12-05,QQQ,35.79,35.79,35.425,35.569,61519900,2188201323.1
2005-12-06,QQQ,35.765,36.003,35.654,35.688,81509400,2908907467.2
2005-12-07,QQQ,35.739,35.765,35.425,35.62,83885500,2988001510.0
2005-12-08,QQQ,35.705,35.739,35.118,35.365,112043200,3962407768.0
2005-12-09,QQQ,35.365,35.544,35.212,35.501,56526900,2006761476.9
2005-12-12,QQQ,35.629,35.688,35.467,35.629,44863600,1598445204.4
2005-12-13,QQQ,35.586,35.918,35.535,35.773,76611600,2740626766.8
2005-12-14,QQQ,35.697,35.824,35.493,35.654,73581600,2623478366.4
2005-12-15,QQQ,35.739,35.799,35.408,35.714,72607200,2593093540.8
2005-12-16,QQQ,35.706,35.774,35.442,35.467,63743000,2260772981.0
2005-12-19,QQQ,35.544,35.578,34.887,34.904,75341700,2629726696.8
2005-12-20,QQQ,34.93,35.101,34.759,34.93,70257700,2454101461.0
2005-12-21,QQQ,34.99,35.322,34.93,35.083,68935000,2418446605.0
2005-12-22,QQQ,35.066,35.365,35.058,35.314,59149500,2088805443.0
2005-12-23,QQQ,35.408,35.476,35.229,35.314,38000400,1341946125.6
2005-12-27,QQQ,35.416,35.553,34.947,35.007,55656300,1948360094.1
2005-12-28,QQQ,35.024,35.169,34.862,34.964,50302400,1758773113.6
2005-12-29,QQQ,34.998,35.075,34.674,34.734,47301700,1642977247.8
2005-12-30,QQQ,34.58,34.614,34.427,34.469,60026500,2069053428.5
2006-01-03,QQQ,34.674,35.391,34.256,35.237,109350400,3853180044.8
2006-01-04,QQQ,35.322,35.604,35.246,35.604,92769400,3302961717.6
2006-01-05,QQQ,35.612,35.826,35.578,35.757,77656900,2776777773.3
2006-01-06,QQQ,36.047,36.423,35.877,36.406,110053900,4006622283.4
2006-01-09,QQQ,36.406,36.61,36.269,36.551,80768800,2952180408.8
2006-01-10,QQQ,36.389,36.61,36.295,36.576,84369400,3085895174.4
2006-01-11,QQQ,36.679,36.943,36.568,36.858,100761400,3713863681.2
2006-01-12,QQQ,36.815,36.926,36.551,36.679,82429200,3023420626.8
2006-01-13,QQQ,36.627,36.721,36.448,36.662,64572100,2367342330.2
2006-01-17,QQQ,36.38,36.499,36.252,36.423,77962100,2839613568.3
2006-01-18,QQQ,35.851,36.218,35.843,36.005,121021900,4357393509.5
2006-01-19,QQQ,36.184,36.525,36.073,36.269,111094000,4029268286.0
2006-01-20,QQQ,36.218,36.244,35.101,35.186,188569400,6635002908.4
2006-01-23,QQQ,35.28,35.356,35.041,35.194,111381900,3919974588.6
2006-01-24,QQQ,35.28,35.57,35.237,35.348,77956900,2755620501.2
2006-01-25,QQQ,35.519,35.544,35.041,35.194,99826400,3513290321.6
2006-01-26,QQQ,35.399,35.561,35.169,35.442,112600600,3990790465.2
2006-01-27,QQQ,35.655,36.158,35.604,35.919,110830400,3980917137.6
2006-01-30,QQQ,35.979,36.099,35.885,35.988,53942600,1941286288.8
2006-01-31,QQQ,35.971,36.056,35.664,35.826,100988100,3617999670.6
2006-02-01,QQQ,35.604,35.971,35.57,35.954,89168700,3205971439.8
2006-02-02,QQQ,35.834,35.894,35.322,35.339,94047400,3323541068.6
2006-02-03,QQQ,35.075,35.169,34.785,34.904,121094200,4226671956.8
2006-02-06,QQQ,34.734,34.981,34.623,34.811,58162800,2024705230.8
2006-02-07,QQQ,34.751,34.913,34.495,34.657,87327000,3026491839.0
2006-02-08,QQQ,34.904,35.101,34.708,35.058,89907800,3151987652.4
2006-02-09,QQQ,35.152,35.288,34.657,34.725,78213400,2715960315.0
2006-02-10,QQQ,34.7,35.024,34.341,34.939,102575900,3583899370.1
2006-02-13,QQQ,34.717,34.751,34.376,34.538,70643100,2439871387.8
2006-02-14,QQQ,34.606,34.99,34.469,34.887,94340300,3291250046.1
2006-02-15,QQQ,34.793,35.194,34.742,35.109,92254300,3238956218.7
2006-02-16,QQQ,35.237,35.442,35.101,35.433,103859600,3680057206.8
2006-02-17,QQQ,35.365,35.365,35.143,35.152,81770200,2874386070.4
2006-02-21,QQQ,35.152,35.203,34.64,34.759,85101400,2958039562.6
2006-02-22,QQQ,34.785,35.433,34.7,35.194,91983900,3237281376.6
2006-02-23,QQQ,35.135,35.433,35.041,35.101,66517100,2334816727.1
2006-02-24,QQQ,35.135,35.22,34.981,35.194,57085400,2009063567.6
2006-02-27,QQQ,35.28,35.715,35.254,35.587,64945000,2311197715.0
2006-02-28,QQQ,35.493,35.587,34.947,35.058,117564600,4121579746.8
2006-03-01,QQQ,35.169,35.629,35.101,35.536,80962300,2877076292.8
2006-03-02,QQQ,35.442,35.689,35.322,35.561,69856500,2484166996.5
2006-03-03,QQQ,35.356,35.834,35.305,35.356,112066100,3962209031.6
2006-03-06,QQQ,35.433,35.51,34.938,35.049,99581000,3490214469.0
2006-03-07,QQQ,34.99,35.032,34.674,34.845,96441100,3360490129.5
2006-03-08,QQQ,34.768,35.049,34.546,34.862,103961900,3624319757.8
2006-03-09,QQQ,34.973,35.101,34.521,34.563,108556700,3752045222.1
2006-03-10,QQQ,34.529,34.793,34.282,34.597,124474900,4306458115.3
2006-03-13,QQQ,34.751,34.921,34.648,34.7,69169100,2400167770.0
2006-03-14,QQQ,34.666,35.331,34.666,35.288,118201000,4171076888.0
2006-03-15,QQQ,35.425,35.587,35.246,35.587,84375800,3002681594.6
2006-03-16,QQQ,35.698,35.757,35.254,35.288,101371200,3577186905.6
2006-03-17,QQQ,35.287,35.501,35.193,35.381,78219600,2767487667.6
2006-03-20,QQQ,35.484,35.578,35.339,35.467,60240100,2136535626.7
2006-03-21,QQQ,35.091,35.859,35.065,35.091,136566000,4792237506.0
2006-03-22,QQQ,34.895,35.236,34.878,35.176,112282800,3949659772.8
2006-03-23,QQQ,35.074,35.185,34.844,35.074,75158200,2636098706.8
2006-03-24,QQQ,35.193,35.424,35.014,35.253,81795500,2883536761.5
2006-03-27,QQQ,35.236,35.432,35.202,35.262,54400400,1918266904.8
2006-03-28,QQQ,35.33,35.569,34.989,35.117,100522800,3530059167.6
2006-03-29,QQQ,35.168,35.936,35.142,35.782,130669100,4675601736.2
2006-03-30,QQQ,35.859,36.107,35.671,35.893,115915600,4160558630.8
2006-03-31,QQQ,35.962,36.013,35.714,35.791,71074600,2543831008.6
2006-04-03,QQQ,35.979,36.167,35.765,35.834,80730700,2892903903.8
2006-04-04,QQQ,35.893,36.115,35.791,36.03,89952600,3240992178.0
2006-04-05,QQQ,36.107,36.423,36.03,36.371,91628200,3332609262.2
2006-04-06,QQQ,36.354,36.653,36.226,36.474,91712800,3345132667.2
2006-04-07,QQQ,36.602,36.747,36.107,36.124,116604300,4212213733.2
2006-04-10,QQQ,36.192,36.278,35.928,36.073,58981900,2127654078.7
2006-04-11,QQQ,36.184,36.218,35.603,35.782,91481900,3273405345.8
2006-04-12,QQQ,35.8,35.919,35.68,35.791,58751200,2102764199.2
2006-04-13,QQQ,35.765,36.132,35.671,35.936,63476900,2281105878.4
2006-04-17,QQQ,35.885,36.03,35.33,35.561,104072100,3700907948.1
2006-04-18,QQQ,35.654,36.329,35.654,36.243,124291700,4504704083.1
2006-04-19,QQQ,36.312,36.406,36.107,36.406,79050300,2877905221.8
2006-04-20,QQQ,36.397,36.551,36.175,36.278,81408000,2953319424.0
2006-04-21,QQQ,36.414,36.465,35.697,35.851,130181200,4667126201.2
2006-04-24,QQQ,35.808,35.91,35.612,35.817,78556400,2813654578.8
2006-04-25,QQQ,35.91,35.936,35.552,35.74,77660800,2775596992.0
2006-04-26,QQQ,35.731,35.902,35.595,35.731,82537000,2949129547.0
2006-04-27,QQQ,35.569,36.269,35.424,36.073,173950100,6274901957.3
2006-04-28,QQQ,35.851,36.039,35.663,35.723,88876600,3174938781.8
2006-05-01,QQQ,35.782,35.893,35.262,35.373,92875500,3285285061.5
2006-05-02,QQQ,35.526,35.62,35.339,35.467,85148100,3019947662.7
2006-05-03,QQQ,35.484,35.543,35.236,35.415,74971600,2655119214.0
2006-05-04,QQQ,35.45,35.842,35.45,35.706,88696800,3167007940.8
2006-05-05,QQQ,35.936,36.03,35.8,35.987,80392200,2893074101.4
2006-05-08,QQQ,35.919,36.09,35.91,36.021,45079100,1623794261.1
2006-05-09,QQQ,35.936,36.004,35.825,35.885,48528800,1741455988.0
2006-05-10,QQQ,35.791,35.834,35.467,35.569,92424200,3287436369.8
2006-05-11,QQQ,35.535,35.552,34.681,34.775,140989700,4902916817.5
2006-05-12,QQQ,34.622,34.673,34.297,34.306,153920800,5280406964.8
2006-05-15,QQQ,34.161,34.434,33.964,34.28,127896500,4384292020.0
2006-05-16,QQQ,34.289,34.365,33.947,34.024,132397500,4504692540.0
2006-05-17,QQQ,33.87,33.981,33.486,33.563,207897100,6977650367.3
2006-05-18,QQQ,33.708,33.853,33.29,33.333,139690900,4656316769.7
2006-05-19,QQQ,33.461,33.691,33.077,33.589,194306300,6526554310.7
2006-05-22,QQQ,33.298,33.495,32.966,33.264,169591800,5641301635.2
2006-05-23,QQQ,33.512,33.614,32.923,32.94,142243900,4685514066.0
2006-05-24,QQQ,32.889,33.324,32.633,33.162,234981600,7792459819.2
2006-05-25,QQQ,33.384,33.614,33.136,33.597,123510900,4149595707.3
2006-05-26,QQQ,33.674,33.785,33.486,33.708,91319600,3078201076.8
2006-05-30,QQQ,33.546,33.572,32.957,32.983,105606200,3483209294.6
2006-05-31,QQQ,33.042,33.341,32.897,33.136,137066200,4541825603.2
2006-06-01,QQQ,33.23,33.922,33.153,33.922,119357400,4048841722.8
2006-06-02,QQQ,34.109,34.144,33.555,33.836,128864100,4360245687.6
2006-06-05,QQQ,33.768,33.768,33.102,33.102,103190600,3415815241.2
2006-06-06,QQQ,33.162,33.247,32.735,33.077,127271000,4209742867.0
2006-06-07,QQQ,33.119,33.435,32.821,32.829,130754700,4292546046.3
2006-06-08,QQQ,32.667,32.914,32.001,32.778,280562200,9196267791.6
2006-06-09,QQQ,32.914,33.068,32.53,32.564,144146200,4693976856.8
2006-06-12,QQQ,32.607,32.658,31.916,31.924,145607500,4648373830.0
2006-06-13,QQQ,32.001,32.266,31.719,31.796,207099500,6584935702.0
2006-06-14,QQQ,31.89,32.189,31.754,32.121,201876800,6484484692.8
2006-06-15,QQQ,32.308,33.111,32.266,32.991,200700400,6621306896.4
2006-06-16,QQQ,32.928,33.039,32.629,32.749,120006100,3930079768.9
2006-06-19,QQQ,32.885,32.919,32.381,32.484,129450100,4205057048.4
2006-06-20,QQQ,32.535,32.868,32.407,32.527,102871700,3346107785.9
2006-06-21,QQQ,32.578,33.304,32.569,33.039,129548100,4280139675.9
2006-06-22,QQQ,32.962,33.039,32.45,32.62,143100500,4667938310.0
2006-06-23,QQQ,32.595,32.911,32.398,32.586,88050200,2869203817.2
2006-06-26,QQQ,32.603,32.791,32.518,32.672,65157700,2128832374.4
2006-06-27,QQQ,32.689,32.74,32.023,32.057,128227500,4110588967.5
2006-06-28,QQQ,32.134,32.322,31.929,32.296,91576300,2957548184.8
2006-06-29,QQQ,32.441,33.278,32.373,33.278,181997200,6056502821.6
2006-06-30,QQQ,33.415,33.432,33.039,33.116,82719200,2739329027.2
2006-07-03,QQQ,33.218,33.312,33.15,33.312,21598500,719489232.0
2006-07-05,QQQ,33.005,33.039,32.535,32.586,93724000,3054090264.0
2006-07-06,QQQ,32.689,32.868,32.467,32.552,70615200,2298665990.4
2006-07-07,QQQ,32.373,32.603,32.091,32.193,108063300,3478881816.9
2006-07-10,QQQ,32.279,32.398,31.749,31.912,105109800,3354263937.6
2006-07-11,QQQ,31.843,32.236,31.672,32.151,136114200,4376207644.2
2006-07-12,QQQ,32.082,32.151,31.467,31.544,154458900,4872251541.6
2006-07-13,QQQ,31.297,31.638,31.015,31.015,177745500,5512776682.5
2006-07-14,QQQ,31.006,31.074,30.571,30.699,172448500,5293996501.5
2006-07-17,QQQ,30.707,30.963,30.639,30.776,134311000,4133555336.0
2006-07-18,QQQ,30.938,31.032,30.357,30.878,206964900,6390662182.2
2006-07-19,QQQ,30.852,31.459,30.827,31.279,192517600,6021758010.4
2006-07-20,QQQ,31.391,31.433,30.784,30.818,152292100,4693337937.8
2006-07-21,QQQ,30.647,30.716,30.425,30.494,119343000,3639245442.0
2006-07-24,QQQ,30.613,31.117,30.579,31.1,130269300,4051375230.0
2006-07-25,QQQ,31.168,31.382,30.955,31.279,108869600,3405332218.4
2006-07-26,QQQ,31.186,31.493,30.946,31.254,107170500,3349506807.0
2006-07-27,QQQ,31.382,31.638,30.963,31.049,99698700,3095544936.3
2006-07-28,QQQ,31.203,31.724,31.177,31.698,93556100,2965541257.8
2006-07-31,QQQ,31.672,31.877,31.51,31.689,78015300,2472226841.7
2006-08-01,QQQ,31.408,31.433,30.972,31.16,98552800,3070905248.0
2006-08-02,QQQ,31.271,31.715,31.271,31.51,87370600,2753047606.0
2006-08-03,QQQ,31.194,31.894,31.16,31.707,99205600,3145511959.2
2006-08-04,QQQ,31.988,32.142,31.279,31.561,123493800,3897587821.8
2006-08-07,QQQ,31.527,31.553,31.203,31.356,69634800,2183468788.8
2006-08-08,QQQ,31.442,31.519,30.972,31.16,124139900,3868199284.0
2006-08-09,QQQ,31.596,31.869,31.117,31.203,145342200,4535112666.6
2006-08-10,QQQ,31.117,31.502,31.015,31.425,102481300,3220474852.5
2006-08-11,QQQ,31.305,31.339,31.066,31.203,86903200,2711640549.6
2006-08-14,QQQ,31.467,31.835,31.348,31.408,109281100,3432300788.8
2006-08-15,QQQ,31.775,32.245,31.681,32.202,133712100,4305797044.2
2006-08-16,QQQ,32.441,32.979,32.322,32.962,135452100,4464772120.2
2006-08-17,QQQ,32.851,33.295,32.834,33.082,129492200,4283860960.4
2006-08-18,QQQ,32.996,33.167,32.697,33.133,97754500,3238899848.5
2006-08-21,QQQ,32.885,32.937,32.68,32.817,66668400,2187856882.8
2006-08-22,QQQ,32.766,33.15,32.629,32.826,102058600,3350175603.6
2006-08-23,QQQ,32.851,33.031,32.39,32.578,96056300,3129322141.4
2006-08-24,QQQ,32.672,32.757,32.39,32.672,78985300,2580607721.6
2006-08-25,QQQ,32.603,33.005,32.509,32.732,73572900,2408188162.8
2006-08-28,QQQ,32.706,33.133,32.663,32.979,80035000,2639474265.0
2006-08-29,QQQ,32.954,33.107,32.612,33.082,104842000,3468383044.0
2006-08-30,QQQ,33.073,33.338,32.971,33.236,75687200,2515539779.2
2006-08-31,QQQ,33.278,33.338,33.107,33.201,61207200,2032140247.2
2006-09-01,QQQ,33.381,33.492,33.227,33.381,69388500,2316257518.5
2006-09-05,QQQ,33.398,33.722,33.184,33.705,85582800,2884568274.0
2006-09-06,QQQ,33.398,33.475,32.979,33.031,97888600,3233358346.6
2006-09-07,QQQ,32.928,33.227,32.766,32.877,115877400,3809701279.8
2006-09-08,QQQ,32.919,33.159,32.851,33.073,96627000,3195744771.0
2006-09-11,QQQ,32.808,33.441,32.732,33.278,142377500,4738038445.0
2006-09-12,QQQ,33.27,33.996,33.27,33.893,124102400,4206202643.2
2006-09-13,QQQ,33.919,34.149,33.851,34.124,116054300,3960236933.2
2006-09-14,QQQ,34.038,34.354,33.962,34.158,98116000,3351446328.0
2006-09-15,QQQ,34.443,34.579,34.186,34.28,137825600,4724661568.0
2006-09-18,QQQ,34.289,34.528,34.135,34.289,117806700,4039473936.3
2006-09-19,QQQ,34.374,34.4,33.776,34.058,159060800,5417292726.4
2006-09-20,QQQ,34.357,34.648,34.349,34.554,116635500,4030223067.0
2006-09-21,QQQ,34.639,34.759,34.255,34.34,121886900,4185596146.0
2006-09-22,QQQ,34.314,34.323,33.93,34.075,100996400,3441452330.0
2006-09-25,QQQ,34.22,34.75,33.913,34.673,136473400,4731942198.2
2006-09-26,QQQ,34.631,34.87,34.528,34.844,113375600,3950459406.4
2006-09-27,QQQ,34.759,34.998,34.614,34.802,113003800,3932758247.6
2006-09-28,QQQ,34.844,34.947,34.554,34.896,85943600,2999087865.6
2006-09-29,QQQ,34.955,34.981,34.716,34.742,85438200,2968293944.4
2006-10-02,QQQ,34.699,34.784,34.255,34.306,97068800,3330042252.8
2006-10-03,QQQ,34.203,34.596,34.084,34.451,116261400,4005321491.4
2006-10-04,QQQ,34.391,35.306,34.306,35.297,149209500,5266647721.5
2006-10-05,QQQ,35.297,35.519,35.195,35.468,91799900,3255958853.2
2006-10-06,QQQ,35.349,35.519,35.246,35.391,85450400,3024175106.4
2006-10-09,QQQ,35.349,35.673,35.314,35.511,62786100,2229597197.1
2006-10-10,QQQ,35.554,35.682,35.306,35.571,98181800,3492424807.8
2006-10-11,QQQ,35.408,35.75,35.186,35.502,136561300,4848199272.6
2006-10-12,QQQ,35.69,36.109,35.639,36.066,95260200,3435654373.2
2006-10-13,QQQ,36.092,36.34,36.015,36.263,80470200,2918090862.6
2006-10-16,QQQ,36.263,36.425,36.237,36.297,62017400,2251045567.8
2006-10-17,QQQ,36.041,36.066,35.69,35.896,146149100,5246168093.6
2006-10-18,QQQ,36.084,36.16,35.596,35.725,120366100,4300078922.5
2006-10-19,QQQ,35.631,35.99,35.545,35.81,108198400,3874584704.0
2006-10-20,QQQ,35.93,35.964,35.588,35.896,105454300,3785387552.8
2006-10-23,QQQ,35.827,36.391,35.742,36.263,126960500,4603968611.5
2006-10-24,QQQ,36.135,36.28,35.827,36.015,103541700,3729054325.5
2006-10-25,QQQ,36.032,36.34,35.938,36.263,125399500,4547362068.5
2006-10-26,QQQ,36.391,36.682,36.084,36.596,130260700,4767020577.2
2006-10-27,QQQ,36.511,36.596,35.964,36.075,129375000,4667203125.0
2006-10-30,QQQ,36.032,36.451,35.947,36.306,103899900,3772189769.4
2006-10-31,QQQ,36.374,36.545,36.16,36.391,135811800,4942327213.8
2006-11-01,QQQ,36.519,36.554,35.742,35.896,148960600,5347089697.6
2006-11-02,QQQ,35.733,36.015,35.673,35.93,100216400,3600775252.0
2006-11-03,QQQ,35.981,36.058,35.562,35.836,119263300,4273919618.8
2006-11-06,QQQ,35.955,36.502,35.947,36.357,101283300,3682356938.1
2006-11-07,QQQ,36.357,36.827,36.297,36.605,139706500,5113956432.5
2006-11-08,QQQ,36.4,36.921,36.297,36.776,180245700,6628715863.2
2006-11-09,QQQ,36.972,37.049,36.468,36.605,124278000,4549196190.0
2006-11-10,QQQ,36.613,36.784,36.468,36.776,82419400,3031055854.4
2006-11-13,QQQ,36.793,37.212,36.75,37.152,89146200,3311959622.4
2006-11-14,QQQ,37.178,37.579,36.955,37.545,121962800,4579093326.0
2006-11-15,QQQ,37.596,37.947,37.536,37.699,116565900,4394417864.1
2006-11-16,QQQ,37.827,37.964,37.622,37.861,113513200,4297723265.2
2006-11-17,QQQ,37.656,37.861,37.562,37.861,95162500,3602947412.5
2006-11-20,QQQ,37.742,38.015,37.613,37.938,107184100,4066350385.8
2006-11-21,QQQ,37.964,38.041,37.818,37.989,68092200,2586754585.8
2006-11-22,QQQ,38.101,38.246,37.827,38.229,69852700,2670398868.3
2006-11-24,QQQ,37.947,38.34,37.93,38.16,51762900,1975272264.0
2006-11-27,QQQ,38.041,38.126,37.297,37.297,159506300,5949106471.1
2006-11-28,QQQ,37.186,37.468,37.041,37.408,118268400,4424184307.2
2006-11-29,QQQ,37.605,37.759,37.314,37.665,139515500,5254851307.5
2006-11-30,QQQ,37.648,37.844,37.425,37.639,123457100,4646801786.9
2006-12-01,QQQ,37.605,37.904,36.972,37.314,144559600,5394096914.4
2006-12-04,QQQ,37.425,38.015,37.425,37.827,89782400,3396198844.8
2006-12-05,QQQ,37.938,38.075,37.767,37.964,84697500,3215455890.0
2006-12-06,QQQ,37.844,37.947,37.665,37.827,78207500,2958355102.5
2006-12-07,QQQ,37.895,38.015,37.348,37.348,124936100,4666113462.8
2006-12-08,QQQ,37.229,37.827,37.152,37.519,133798700,5019993425.3
2006-12-11,QQQ,37.46,37.921,37.391,37.656,72931300,2746301032.8
2006-12-12,QQQ,37.648,37.716,37.229,37.434,110985900,4154646180.6
2006-12-13,QQQ,37.69,37.699,37.28,37.502,79035500,2963989321.0
2006-12-14,QQQ,37.579,38.092,37.554,37.921,109104200,4137340368.2
2006-12-15,QQQ,38.233,38.301,37.95,38.019,99942300,3799706303.7
2006-12-18,QQQ,38.147,38.292,37.48,37.642,121588700,4576841845.4
2006-12-19,QQQ,37.351,37.702,37.12,37.522,136535200,5123073774.4
2006-12-20,QQQ,37.565,37.745,37.368,37.385,67213400,2512772959.0
2006-12-21,QQQ,37.428,37.471,36.975,37.12,102952300,3821589376.0
2006-12-22,QQQ,37.137,37.146,36.735,36.735,92858600,3411160671.0
2006-12-26,QQQ,36.735,36.898,36.692,36.889,50848600,1875754005.4
2006-12-27,QQQ,36.975,37.137,36.881,37.077,54129200,2006948348.4
2006-12-28,QQQ,36.966,37.12,36.838,36.898,69016000,2546552368.0
2006-12-29,QQQ,36.958,37.317,36.898,36.932,75152500,2775532130.0
2007-01-03,QQQ,37.189,37.702,36.384,37.0,167689500,6204511500.0
2007-01-04,QQQ,37.052,37.83,36.923,37.702,136853500,5159650657.0
2007-01-05,QQQ,37.608,37.608,37.206,37.522,138958800,5214012093.6
2007-01-08,QQQ,37.557,37.753,37.343,37.548,106401600,3995167276.8
2007-01-09,QQQ,37.659,37.899,37.334,37.736,121577500,4587848540.0
2007-01-10,QQQ,37.616,38.215,37.497,38.181,121070100,4622577488.1
2007-01-11,QQQ,38.258,38.712,38.207,38.575,174029800,6713199535.0
2007-01-12,QQQ,38.523,38.806,38.481,38.772,104217300,4040713155.6
2007-01-16,QQQ,38.806,38.849,38.618,38.746,95690500,3707624113.0
2007-01-17,QQQ,38.583,38.754,38.361,38.429,127142600,4885962975.4
2007-01-18,QQQ,38.327,38.369,37.608,37.719,189029800,7130015026.2
2007-01-19,QQQ,37.625,37.89,37.574,37.796,127544300,4820664362.8
2007-01-22,QQQ,37.83,37.847,37.231,37.385,123441700,4614867954.5
2007-01-23,QQQ,37.36,37.634,37.223,37.291,133103600,4963566347.6
2007-01-24,QQQ,37.531,37.924,37.454,37.907,117615300,4458443177.1
2007-01-25,QQQ,37.959,38.053,37.291,37.42,158337600,5924992992.0
2007-01-26,QQQ,37.488,37.505,37.043,37.283,146284300,5453917556.9
2007-01-29,QQQ,37.189,37.574,37.137,37.317,104191500,3888114205.5
2007-01-30,QQQ,37.377,37.471,37.24,37.334,69605900,2598666670.6
2007-01-31,QQQ,37.291,37.813,37.077,37.711,157772500,5949758747.5
2007-02-01,QQQ,37.882,37.993,37.522,37.651,147365600,5548462205.6
2007-02-02,QQQ,37.753,37.865,37.599,37.788,98189200,3710373489.6
2007-02-05,QQQ,37.77,37.959,37.616,37.753,96347800,3637418493.4
2007-02-06,QQQ,37.822,37.847,37.343,37.702,121110200,4566096760.4
2007-02-07,QQQ,37.89,38.207,37.753,38.044,117823800,4482488647.2
2007-02-08,QQQ,37.993,38.164,37.847,38.036,89521900,3405054988.4
2007-02-09,QQQ,38.138,38.267,37.42,37.548,133472000,5011606656.0
2007-02-12,QQQ,37.539,37.557,37.3,37.402,126940000,4747809880.0
2007-02-13,QQQ,37.462,37.651,37.394,37.531,93648000,3514703088.0
2007-02-14,QQQ,37.685,38.258,37.685,38.164,133370000,5089932680.0
2007-02-15,QQQ,38.19,38.387,38.121,38.387,110452500,4239940117.5
2007-02-16,QQQ,38.215,38.361,38.138,38.258,72342200,2767667887.6
2007-02-20,QQQ,38.198,38.609,38.019,38.549,93629000,3609304321.0
2007-02-21,QQQ,38.438,38.686,38.361,38.669,95864000,3706965016.0
2007-02-22,QQQ,38.814,38.977,38.566,38.866,116344400,4521841450.4
2007-02-23,QQQ,38.866,38.9,38.558,38.729,113467100,4394467315.9
2007-02-26,QQQ,38.917,38.934,38.301,38.541,101623700,3916679021.7
2007-02-27,QQQ,37.967,38.061,36.846,36.958,317813200,11745740245.6
2007-02-28,QQQ,36.923,37.445,36.735,37.077,214978700,7970765259.9
2007-03-01,QQQ,36.41,37.257,36.145,36.906,231806500,8555050689.0
2007-03-02,QQQ,36.607,36.915,36.341,36.35,183359400,6665114190.0
2007-03-05,QQQ,36.068,36.624,35.991,36.068,171885400,6199562607.2
2007-03-06,QQQ,36.393,36.786,36.367,36.667,155551800,5703617850.6
2007-03-07,QQQ,36.675,36.778,36.495,36.521,119979300,4381764015.3
2007-03-08,QQQ,36.906,37.0,36.658,36.769,120900700,4445397838.3
2007-03-09,QQQ,37.077,37.086,36.495,36.735,128597600,4724032836.0
2007-03-12,QQQ,36.684,37.035,36.649,36.975,81310100,3006440947.5
2007-03-13,QQQ,36.795,37.0,36.247,36.256,171231800,6208180140.8
2007-03-14,QQQ,36.307,36.795,36.025,36.786,192586700,7084494346.2
2007-03-15,QQQ,36.709,36.846,36.555,36.701,111627400,4096837207.4
2007-03-16,QQQ,36.767,36.852,36.484,36.673,108328800,3972742082.4
2007-03-19,QQQ,36.87,37.152,36.775,37.049,95913200,3553488146.8
2007-03-20,QQQ,37.041,37.323,36.998,37.315,78755700,2938768945.5
2007-03-21,QQQ,37.366,38.051,37.118,38.034,173333500,6592566339.0
2007-03-22,QQQ,38.051,38.06,37.751,37.897,114856300,4352709201.1
2007-03-23,QQQ,37.897,37.991,37.734,37.777,68530300,2588869143.1
2007-03-26,QQQ,37.794,37.948,37.358,37.931,114237300,4333135026.3
2007-03-27,QQQ,37.871,37.88,37.632,37.666,76419200,2878405587.2
2007-03-28,QQQ,37.503,37.7,37.255,37.263,142795000,5320970085.0
2007-03-29,QQQ,37.52,37.546,36.904,37.306,124407000,4641127542.0
2007-03-30,QQQ,37.298,37.563,37.007,37.272,120418700,4488245786.4
2007-04-02,QQQ,37.392,37.469,37.075,37.323,89617700,3344801417.1
2007-04-03,QQQ,37.52,37.94,37.495,37.811,105814500,4000952059.5
2007-04-04,QQQ,37.837,38.0,37.786,37.965,85147200,3232613448.0
2007-04-05,QQQ,37.923,38.171,37.871,38.154,54220200,2068717510.8
2007-04-09,QQQ,38.282,38.317,38.0,38.06,63050200,2399690612.0
2007-04-10,QQQ,38.051,38.257,38.025,38.257,76364500,2921476676.5
2007-04-11,QQQ,38.222,38.239,37.734,37.854,114012300,4315821604.2
2007-04-12,QQQ,37.794,38.205,37.632,38.154,113801300,4341974800.2
2007-04-13,QQQ,38.162,38.291,37.923,38.231,94572000,3615582132.0
2007-04-16,QQQ,38.385,38.659,38.385,38.582,72803200,2808893062.4
2007-04-17,QQQ,38.659,38.702,38.496,38.668,81852300,3165064736.4
2007-04-18,QQQ,38.471,38.728,38.385,38.539,82002500,3160294347.5
2007-04-19,QQQ,38.368,38.745,38.291,38.659,95413000,3688571167.0
2007-04-20,QQQ,38.976,39.104,38.702,38.873,122377400,4757176670.2
2007-04-23,QQQ,38.924,39.044,38.822,38.933,85303300,3321113378.9
2007-04-24,QQQ,39.07,39.241,38.813,39.13,108143700,4231662981.0
2007-04-25,QQQ,39.258,39.661,39.13,39.652,106818100,4235551301.2
2007-04-26,QQQ,39.746,39.943,39.669,39.858,99308300,3958230221.4
2007-04-27,QQQ,39.704,39.986,39.635,39.875,96536500,3849392937.5
2007-04-30,QQQ,39.806,39.841,39.318,39.353,93290500,3671261046.5
2007-05-01,QQQ,39.361,39.507,39.096,39.318,135044400,5309675719.2
2007-05-02,QQQ,39.464,39.883,39.43,39.746,91971600,3655503213.6
2007-05-03,QQQ,39.824,40.003,39.755,39.892,98003600,3909559611.2
2007-05-04,QQQ,40.046,40.149,39.746,39.926,93591800,3736746206.8
2007-05-07,QQQ,39.952,40.055,39.875,39.926,47487900,1896001895.4
2007-05-08,QQQ,39.789,40.046,39.644,40.012,95138900,3806697666.8
2007-05-09,QQQ,39.806,40.217,39.781,40.098,116021000,4652210058.0
2007-05-10,QQQ,39.961,40.055,39.447,39.55,171196300,6770813665.0
2007-05-11,QQQ,39.592,40.055,39.541,40.055,104767900,4196478234.5
2007-05-14,QQQ,40.046,40.14,39.55,39.781,118899200,4729929075.2
2007-05-15,QQQ,39.746,39.986,39.378,39.472,179438500,7082796472.0
2007-05-16,QQQ,39.558,39.866,39.31,39.858,144420500,5756312289.0
2007-05-17,QQQ,39.806,39.875,39.635,39.669,109869100,4358397327.9
2007-05-18,QQQ,39.798,39.995,39.712,39.995,104961700,4197943191.5
2007-05-21,QQQ,40.02,40.449,39.961,40.252,112831400,4541689512.8
2007-05-22,QQQ,40.277,40.483,40.132,40.286,98029100,3949200322.6
2007-05-23,QQQ,40.406,40.56,40.072,40.098,119220600,4780507618.8
2007-05-24,QQQ,40.123,40.277,39.361,39.524,206268600,8152560146.4
2007-05-25,QQQ,39.609,39.866,39.541,39.772,87143200,3465859350.4
2007-05-29,QQQ,39.815,40.123,39.738,40.08,99702400,3996072192.0
2007-05-30,QQQ,39.798,40.414,39.687,40.406,132036500,5335066819.0
2007-05-31,QQQ,40.517,40.688,40.423,40.594,109457700,4443325873.8
2007-06-01,QQQ,40.74,40.902,40.56,40.62,125089800,5081147676.0
2007-06-04,QQQ,40.474,40.791,40.449,40.74,64782700,2639247198.0
2007-06-05,QQQ,40.628,40.74,40.243,40.74,151160400,6158274696.0
2007-06-06,QQQ,40.56,40.568,40.209,40.303,183166500,7382159449.5
2007-06-07,QQQ,40.166,40.423,39.661,39.678,221373300,8783649797.4
2007-06-08,QQQ,39.661,40.183,39.524,40.166,177587800,7132991574.8
2007-06-11,QQQ,40.14,40.406,40.038,40.089,97100400,3892657935.6
2007-06-12,QQQ,39.875,40.277,39.772,39.849,153967700,6135458877.3
2007-06-13,QQQ,40.02,40.32,39.849,40.286,147985300,5961735795.8
2007-06-14,QQQ,40.329,40.663,40.32,40.551,101531900,4117220076.9
2007-06-15,QQQ,40.926,41.02,40.832,40.926,100378400,4108086398.4
2007-06-18,QQQ,41.003,41.02,40.849,40.934,75713200,3099244128.8
2007-06-19,QQQ,40.814,41.011,40.712,40.926,109621300,4486361323.8
2007-06-20,QQQ,40.986,41.063,40.48,40.54,161889500,6563000330.0
2007-06-21,QQQ,40.523,40.951,40.343,40.909,143181300,5857403801.7
2007-06-22,QQQ,40.823,40.883,40.394,40.523,153328700,6213338910.1
2007-06-25,QQQ,40.532,40.772,40.12,40.352,136602600,5512188115.2
2007-06-26,QQQ,40.54,40.549,40.052,40.12,128211900,5143861428.0
2007-06-27,QQQ,40.077,40.754,40.017,40.737,141196200,5751909599.4
2007-06-28,QQQ,40.72,41.003,40.677,40.72,116546300,4745765336.0
2007-06-29,QQQ,40.943,41.029,40.454,40.789,124794700,5090251018.3
2007-07-02,QQQ,40.883,41.174,40.857,41.157,80863100,3328082606.7
2007-07-03,QQQ,41.209,41.406,41.166,41.397,34803300,1440752210.1
2007-07-05,QQQ,41.423,41.791,41.38,41.697,73588500,3068419684.5
2007-07-06,QQQ,41.74,41.911,41.56,41.868,65804300,2755094432.4
2007-07-09,QQQ,41.903,41.971,41.748,41.894,66768800,2797212107.2
2007-07-10,QQQ,41.663,41.903,41.5,41.543,104383100,4336387123.3
2007-07-11,QQQ,41.449,41.826,41.406,41.826,99637600,4167442257.6
2007-07-12,QQQ,41.963,42.562,41.92,42.468,107667100,4572406402.8
2007-07-13,QQQ,42.528,42.82,42.477,42.76,74232200,3174168872.0
2007-07-16,QQQ,42.751,42.914,42.64,42.717,77799500,3323361241.5
2007-07-17,QQQ,42.811,43.102,42.777,43.042,124833700,5373092115.4
2007-07-18,QQQ,42.802,42.991,42.537,42.991,144915900,6230079456.9
2007-07-19,QQQ,43.197,43.411,43.111,43.119,116563800,5026114492.2
2007-07-20,QQQ,43.094,43.154,42.622,42.888,163721300,7021679114.4
2007-07-23,QQQ,43.034,43.111,42.777,42.905,107464100,4610747210.5
2007-07-24,QQQ,42.588,42.931,42.031,42.271,175496200,7418399870.2
2007-07-25,QQQ,42.485,42.562,42.04,42.331,170258700,7207221029.7
2007-07-26,QQQ,42.04,42.391,41.174,41.971,318522000,13368686862.0
2007-07-27,QQQ,41.894,42.091,41.123,41.123,246387600,10132197274.8
2007-07-30,QQQ,41.32,41.757,41.089,41.603,166517200,6927615071.6
2007-07-31,QQQ,41.963,41.98,40.643,40.729,260224500,10598683660.5
2007-08-01,QQQ,40.609,41.071,40.257,41.046,301153900,12361162979.4
2007-08-02,QQQ,41.071,41.5,40.952,41.423,177369900,7347193367.7
2007-08-03,QQQ,41.346,41.397,40.403,40.634,166048400,6747210685.6
2007-08-06,QQQ,40.677,41.149,40.3,41.106,190869100,7845865224.6
2007-08-07,QQQ,41.029,41.663,40.686,41.397,167109700,6917840250.9
2007-08-08,QQQ,41.568,42.04,41.474,41.851,164831200,6898350551.2
2007-08-09,QQQ,41.294,41.963,40.866,40.883,242418200,9910783270.6
2007-08-10,QQQ,40.446,40.986,39.957,40.514,247006400,10007217289.6
2007-08-13,QQQ,40.857,41.029,40.686,40.789,116935100,4769665793.9
2007-08-14,QQQ,40.874,40.909,40.043,40.095,153529800,6155777331.0
2007-08-15,QQQ,40.0,40.352,39.255,39.332,214854100,8450641461.2
2007-08-16,QQQ,39.015,39.341,38.038,38.946,362468700,14116705990.2
2007-08-17,QQQ,39.683,39.923,39.066,39.683,223246600,8859094827.8
2007-08-20,QQQ,39.838,40.035,39.486,39.872,144715100,5770080467.2
2007-08-21,QQQ,39.829,40.386,39.752,40.292,115027200,4634675942.4
2007-08-22,QQQ,40.6,40.874,40.506,40.84,115814100,4729847844.0
2007-08-23,QQQ,40.951,41.003,40.472,40.729,118663400,4833041618.6
2007-08-24,QQQ,40.6,41.329,40.549,41.303,88189200,3642478527.6
2007-08-27,QQQ,41.183,41.303,40.994,41.029,72490400,2974208621.6
2007-08-28,QQQ,40.789,40.874,40.026,40.052,106024800,4246505289.6
2007-08-29,QQQ,40.317,41.234,40.317,41.2,113201000,4663881200.0
2007-08-30,QQQ,40.986,41.766,40.917,41.414,138930000,5753647020.0
2007-08-31,QQQ,41.868,42.04,41.654,41.877,94687200,3965215874.4
2007-09-04,QQQ,41.928,42.845,41.911,42.571,98480900,4192430393.9
2007-09-05,QQQ,42.468,42.545,41.877,42.143,114049300,4806379649.9
2007-09-06,QQQ,42.185,42.297,41.826,42.108,99222600,4178065240.8
2007-09-07,QQQ,41.586,41.646,41.089,41.329,152438000,6300110102.0
2007-09-10,QQQ,41.663,41.774,40.969,41.303,125199400,5171110818.2
2007-09-11,QQQ,41.568,41.98,41.5,41.928,103064500,4321288356.0
2007-09-12,QQQ,41.851,42.305,41.8,41.937,93993400,3941801215.8
2007-09-13,QQQ,42.237,42.288,41.937,42.143,80807500,3405470472.5
2007-09-14,QQQ,41.817,42.254,41.757,42.177,99801200,4209315212.4
2007-09-17,QQQ,41.988,42.074,41.637,41.826,84882300,3550287079.8
2007-09-18,QQQ,42.065,42.914,41.843,42.88,151452100,6494266048.0
2007-09-19,QQQ,43.094,43.351,42.828,42.991,127025800,5460966167.8
2007-09-20,QQQ,42.897,43.068,42.777,42.871,109970600,4714549592.6
2007-09-21,QQQ,43.108,43.313,42.876,43.176,86829500,3748950492.0
2007-09-24,QQQ,43.288,43.691,43.15,43.373,107226800,4650747996.4
2007-09-25,QQQ,43.228,43.785,43.176,43.785,101102200,4426759827.0
2007-09-26,QQQ,44.034,44.162,43.828,43.999,96124600,4229386275.4
2007-09-27,QQQ,44.256,44.282,44.034,44.222,73423200,3246920750.4
2007-09-28,QQQ,44.188,44.308,43.879,44.076,75546000,3329765496.0
2007-10-01,QQQ,44.111,44.719,44.051,44.582,100404100,4476215586.2
2007-10-02,QQQ,44.617,44.634,44.342,44.591,71046000,3168012186.0
2007-10-03,QQQ,44.445,44.642,44.154,44.282,106785000,4728653370.0
2007-10-04,QQQ,44.368,44.436,44.016,44.385,84129300,3734078980.5
2007-10-05,QQQ,44.728,45.354,44.634,45.285,115674700,5238328789.5
2007-10-08,QQQ,45.268,45.577,45.191,45.568,63022400,2871804723.2
2007-10-09,QQQ,45.671,45.825,45.465,45.765,93965600,4300335684.0
2007-10-10,QQQ,45.774,45.928,45.62,45.877,91777500,4210476367.5
2007-10-11,QQQ,46.117,46.245,44.822,45.148,239786700,10825889931.6
2007-10-12,QQQ,45.354,45.903,45.268,45.894,131676000,6043138344.0
2007-10-15,QQQ,45.963,46.048,45.182,45.542,121578700,5536937155.4
2007-10-16,QQQ,45.26,45.68,45.165,45.328,193676600,8778972924.8
2007-10-17,QQQ,45.971,46.005,45.165,45.911,183985200,8446944517.2
2007-10-18,QQQ,45.723,46.203,45.542,46.108,144491200,6662200249.6
2007-10-19,QQQ,46.1,46.1,44.917,44.959,245111500,11019967928.5
2007-10-22,QQQ,44.719,45.542,44.599,45.5,207052100,9420870550.0
2007-10-23,QQQ,45.963,46.477,45.731,46.451,162360600,7541812230.6
2007-10-24,QQQ,46.074,46.245,45.097,46.1,298293400,13751325740.0
2007-10-25,QQQ,46.203,46.28,45.225,45.482,233833100,10635197054.2
2007-10-26,QQQ,46.366,46.468,45.817,46.237,146690300,6782519401.1
2007-10-29,QQQ,46.46,46.58,46.16,46.426,101896600,4730651551.6
2007-10-30,QQQ,46.245,46.777,46.211,46.52,114616600,5331964232.0
2007-10-31,QQQ,46.7,47.214,46.331,47.18,148431900,7003017042.0
2007-11-01,QQQ,46.88,46.957,46.271,46.297,181974200,8424859537.4
2007-11-02,QQQ,46.657,46.768,45.954,46.657,217882900,10165762465.3
2007-11-05,QQQ,46.177,46.64,45.945,46.357,150588900,6980849637.3
2007-11-06,QQQ,46.58,46.889,46.108,46.88,131884700,6182754736.0
2007-11-07,QQQ,46.486,46.794,45.705,45.74,197908200,9052321068.0
2007-11-08,QQQ,45.56,45.723,43.553,44.351,380626400,16881161466.4
2007-11-09,QQQ,43.493,43.828,42.868,42.868,309414900,13263997933.2
2007-11-12,QQQ,42.799,43.073,41.71,41.779,283216000,11832481264.0
2007-11-13,QQQ,42.345,43.545,42.31,43.502,255625900,11120237901.8
2007-11-14,QQQ,44.059,44.102,42.782,42.945,263284100,11306735674.5
2007-11-15,QQQ,42.868,43.331,42.327,42.713,251548800,10744403894.4
2007-11-16,QQQ,43.005,43.288,42.302,43.108,263623700,11364290459.6
2007-11-19,QQQ,43.005,43.253,42.362,42.61,198651100,8464523371.0
2007-11-20,QQQ,42.833,43.536,41.95,42.782,300763600,12867268335.2
2007-11-21,QQQ,42.396,43.013,41.882,42.276,212225400,8972041010.4
2007-11-23,QQQ,42.55,42.842,42.327,42.73,46463300,1985376809.0
2007-11-26,QQQ,42.842,43.185,41.924,41.993,150352100,6313735735.3
2007-11-27,QQQ,42.353,42.91,42.096,42.833,211369300,9053581226.9
2007-11-28,QQQ,43.408,44.325,43.382,44.136,216868100,9571690461.6
2007-11-29,QQQ,43.965,44.488,43.896,44.325,172087300,7627769572.5
2007-11-30,QQQ,44.762,44.797,43.682,43.991,171417400,7540822843.4
2007-12-03,QQQ,43.802,44.179,43.571,43.622,108625700,4738470285.4
2007-12-04,QQQ,43.288,43.673,43.193,43.442,113374100,4925197652.2
2007-12-05,QQQ,43.896,44.582,43.862,44.222,137614200,6085575152.4
2007-12-06,QQQ,44.265,44.899,44.248,44.857,99724500,4473341896.5
2007-12-07,QQQ,44.831,45.045,44.651,44.865,88992300,3992639539.5
2007-12-10,QQQ,44.977,45.174,44.857,45.045,75657900,3408010105.5
2007-12-11,QQQ,45.114,45.302,43.905,43.999,167064300,7350662135.7
2007-12-12,QQQ,44.797,44.951,43.631,44.394,162975200,7235121028.8
2007-12-13,QQQ,44.008,44.265,43.708,44.154,153476200,6776588134.8
2007-12-14,QQQ,43.802,44.239,43.656,43.699,128396700,5610807393.3
2007-12-17,QQQ,43.536,43.716,42.619,42.636,134377000,5729297772.0
2007-12-18,QQQ,43.073,43.099,42.165,42.773,154251700,6597807964.1
2007-12-19,QQQ,42.773,43.039,42.533,42.765,137970900,5900325538.5
2007-12-20,QQQ,43.399,43.691,43.039,43.639,167341700,7302624446.3
2007-12-21,QQQ,44.354,44.543,44.182,44.5,107573500,4787020750.0
2007-12-24,QQQ,44.637,44.972,44.586,44.835,34499800,1546798533.0
2007-12-26,QQQ,44.74,45.169,44.629,45.058,58492100,2635537041.8
2007-12-27,QQQ,44.912,45.058,44.38,44.517,65778900,2928279291.3
2007-12-28,QQQ,44.663,44.766,44.14,44.474,67545400,3004014119.6
2007-12-31,QQQ,44.26,44.354,43.951,43.959,70135600,3083090840.4
2008-01-02,QQQ,44.002,44.174,43.024,43.264,152344100,6591015142.4
2008-01-03,QQQ,43.264,43.564,43.041,43.444,114103700,4957121142.8
2008-01-04,QQQ,42.749,42.766,41.376,41.539,212617600,8831922486.4
2008-01-07,QQQ,41.539,41.711,40.707,41.342,235083600,9718826191.2
2008-01-08,QQQ,41.427,41.848,40.269,40.269,261669800,10537181176.2
2008-01-09,QQQ,40.432,41.161,39.874,41.127,254011800,10446743298.6
2008-01-10,QQQ,40.707,41.548,40.586,41.187,249958500,10295040739.5
2008-01-11,QQQ,40.964,40.998,40.08,40.38,211685200,8547848376.0
2008-01-14,QQQ,40.93,41.204,40.604,41.084,168048500,6904104574.0
2008-01-15,QQQ,40.655,40.784,39.78,39.951,241094900,9631982349.9
2008-01-16,QQQ,39.642,40.26,39.016,39.522,265625900,10498066819.8
2008-01-17,QQQ,39.685,39.977,38.793,38.973,254098800,9902992532.4
2008-01-18,QQQ,39.17,39.599,38.604,38.921,273063300,10627896699.3
2008-01-22,QQQ,36.759,38.424,36.673,37.917,325732000,12350780244.0
2008-01-23,QQQ,36.51,37.891,35.712,37.771,390129000,14735562459.0
2008-01-24,QQQ,37.926,38.561,37.814,38.544,250249100,9645601310.4
2008-01-25,QQQ,39.368,39.368,37.711,37.754,199299100,7524338221.4
2008-01-28,QQQ,37.78,38.14,37.394,38.046,163711200,6228556315.2
2008-01-29,QQQ,38.243,38.346,37.797,38.115,138520000,5279689800.0
2008-01-30,QQQ,37.977,38.896,37.917,38.08,220824400,8408993152.0
2008-01-31,QQQ,37.651,39.127,37.608,38.733,246824100,9560237865.3
2008-02-01,QQQ,39.05,39.376,38.518,39.127,161920300,6335455578.1
2008-02-04,QQQ,39.119,39.145,38.569,38.578,100209900,3865897522.2
2008-02-05,QQQ,37.909,38.278,37.454,37.48,188990400,7083360192.0
2008-02-06,QQQ,37.694,37.909,36.707,36.741,178285000,6550369185.0
2008-02-07,QQQ,36.329,37.583,36.175,36.999,286254800,10591141345.2
2008-02-08,QQQ,37.076,37.565,36.853,37.419,173781300,6502722464.7
2008-02-11,QQQ,37.565,37.952,37.368,37.823,119562300,4522204872.9
2008-02-12,QQQ,38.055,38.346,37.342,37.608,145412400,5468669539.2
2008-02-13,QQQ,38.097,38.518,37.9,38.432,148685900,5714296508.8
2008-02-14,QQQ,38.492,38.492,37.668,37.737,170868900,6448079679.3
2008-02-15,QQQ,37.531,37.746,37.291,37.608,100053300,3762804506.4
2008-02-19,QQQ,38.106,38.192,37.136,37.54,110507600,4148455304.0
2008-02-20,QQQ,37.128,37.84,37.11,37.711,137338800,5179183486.8
2008-02-21,QQQ,38.072,38.166,37.196,37.351,127857000,4775586807.0
2008-02-22,QQQ,37.48,37.497,36.561,37.488,157364700,5899287873.6
2008-02-25,QQQ,37.445,37.823,37.196,37.677,121444300,4575656891.1
2008-02-26,QQQ,37.462,38.175,37.222,37.823,148375900,5612021665.7
2008-02-27,QQQ,37.565,38.158,37.48,38.012,125682600,4777446991.2
2008-02-28,QQQ,37.866,38.218,37.72,37.866,129196700,4892162242.2
2008-02-29,QQQ,37.462,37.565,36.776,36.862,188724500,6956762519.0
2008-03-03,QQQ,36.836,36.896,36.252,36.621,132963800,4869267319.8
2008-03-04,QQQ,36.39,36.939,36.063,36.827,183851000,6770680777.0
2008-03-05,QQQ,36.896,37.368,36.69,37.007,183208300,6779989558.1
2008-03-06,QQQ,36.982,37.136,36.132,36.192,152752200,5528407622.4
2008-03-07,QQQ,35.978,36.596,35.514,36.106,242552400,8757596954.4
2008-03-10,QQQ,36.055,36.166,35.334,35.411,146801900,5198402080.9
2008-03-11,QQQ,35.926,36.776,35.626,36.759,196755300,7232528072.7
2008-03-12,QQQ,36.905,37.282,36.561,36.656,155566100,5702430961.6
2008-03-13,QQQ,36.244,37.188,35.883,36.939,208967900,7719065258.1
2008-03-14,QQQ,37.188,37.231,35.823,36.261,309589800,11226035737.8
2008-03-17,QQQ,35.437,36.055,35.231,35.6,193130600,6875449360.0
2008-03-18,QQQ,36.252,37.196,36.141,37.188,216300400,8043779275.2
2008-03-19,QQQ,37.342,37.419,36.244,36.269,216157200,7839805486.8
2008-03-20,QQQ,36.375,37.019,36.16,37.011,128397000,4752101367.0
2008-03-24,QQQ,37.174,38.445,37.174,38.29,125018000,4786939220.0
2008-03-25,QQQ,38.393,38.711,38.033,38.505,118107500,4547729287.5
2008-03-26,QQQ,38.368,38.522,38.033,38.394,124824600,4792515692.4
2008-03-27,QQQ,38.17,38.23,37.543,37.543,143868600,5401258849.8
2008-03-28,QQQ,37.809,38.084,37.217,37.354,111822300,4177010194.2
2008-03-31,QQQ,37.492,37.809,37.32,37.552,113644800,4267589529.6
2008-04-01,QQQ,38.153,39.175,38.144,39.158,137494400,5384005715.2
2008-04-02,QQQ,39.252,39.527,38.797,39.072,132486800,5176524249.6
2008-04-03,QQQ,38.9,39.433,38.771,39.158,140033800,5483443540.4
2008-04-04,QQQ,39.313,39.811,38.995,39.39,139261000,5485490790.0
2008-04-07,QQQ,39.63,39.862,39.209,39.304,102297100,4020685218.4
2008-04-08,QQQ,39.003,39.27,38.806,39.003,97435200,3800265105.6
2008-04-09,QQQ,39.055,39.072,38.333,38.565,127182300,4904785399.5
2008-04-10,QQQ,38.591,39.373,38.591,39.115,112773800,4411147187.0
2008-04-11,QQQ,38.668,38.737,37.895,38.033,120135400,4569109668.2
2008-04-14,QQQ,37.973,38.205,37.749,37.861,89274600,3380025630.6
2008-04-15,QQQ,37.998,38.093,37.517,37.912,124232300,4709894957.6
2008-04-16,QQQ,38.385,39.063,38.351,38.969,134027900,5222933235.1
2008-04-17,QQQ,39.012,39.055,38.634,38.883,124953100,4858551387.3
2008-04-18,QQQ,39.914,40.309,39.699,40.12,133022500,5336862700.0
2008-04-21,QQQ,40.043,40.438,39.931,40.403,83303200,3365699189.6
2008-04-22,QQQ,40.154,40.171,39.45,39.802,104689600,4166855459.2
2008-04-23,QQQ,40.094,40.421,39.742,40.24,131086200,5274908688.0
2008-04-24,QQQ,40.257,41.048,39.845,40.601,166509000,6760431909.0
2008-04-25,QQQ,40.644,40.67,40.0,40.498,121945400,4938544809.2
2008-04-28,QQQ,40.592,40.902,40.481,40.575,71244000,2890725300.0
2008-04-29,QQQ,40.498,41.022,40.421,40.884,91270600,3731507210.4
2008-04-30,QQQ,40.97,41.279,40.395,40.549,132152700,5358659832.3
2008-05-01,QQQ,40.567,41.846,40.558,41.829,143596900,6006514730.1
2008-05-02,QQQ,42.224,42.25,41.52,41.889,124990000,5235706110.0
2008-05-05,QQQ,41.889,42.113,41.571,41.769,75624700,3158768094.3
2008-05-06,QQQ,41.649,42.199,41.348,42.027,139582600,5866237930.2
2008-05-07,QQQ,42.035,42.284,41.116,41.262,140008300,5777022474.6
2008-05-08,QQQ,41.434,41.829,41.279,41.571,128058700,5323528217.7
2008-05-09,QQQ,41.262,41.623,41.142,41.408,97062000,4019143296.0
2008-05-12,QQQ,41.468,42.25,41.4,42.164,89606500,3778168466.0
2008-05-13,QQQ,42.181,42.37,41.881,42.276,85448100,3612403875.6
2008-05-14,QQQ,42.439,42.886,42.121,42.181,143598200,6057115674.2
2008-05-15,QQQ,42.19,42.963,42.07,42.92,157248900,6749122788.0
2008-05-16,QQQ,43.006,43.04,42.473,42.954,146563200,6295475692.8
2008-05-19,QQQ,42.989,43.349,42.379,42.645,140048700,5972376811.5
2008-05-20,QQQ,42.491,42.491,41.992,42.319,137163700,5804630620.3
2008-05-21,QQQ,42.37,42.602,41.245,41.383,192806700,7978919666.1
2008-05-22,QQQ,41.486,41.821,41.322,41.529,153198200,6362168047.8
2008-05-23,QQQ,41.383,41.529,41.073,41.4,121698400,5038313760.0
2008-05-27,QQQ,41.486,42.181,41.477,42.13,106984300,4507248559.0
2008-05-28,QQQ,42.327,42.396,41.872,42.302,121363000,5133897626.0
2008-05-29,QQQ,42.327,42.92,42.302,42.68,143993000,6145621240.0
2008-05-30,QQQ,42.843,43.152,42.731,42.954,94153600,4044273734.4
2008-06-02,QQQ,42.877,42.877,42.052,42.43,144359900,6125190557.0
2008-06-03,QQQ,42.594,42.86,41.803,42.199,167606900,7072843573.1
2008-06-04,QQQ,42.07,43.032,42.035,42.74,174870800,7473977992.0
2008-06-05,QQQ,42.851,43.47,42.688,43.418,126653700,5499050346.6
2008-06-06,QQQ,43.04,43.126,42.104,42.113,189136000,7965084368.0
2008-06-09,QQQ,42.198,42.25,41.185,41.889,208897300,8750498999.7
2008-06-10,QQQ,41.46,42.035,41.365,41.692,162798500,6787395062.0
2008-06-11,QQQ,41.606,41.675,40.67,40.687,170366900,6931718060.3
2008-06-12,QQQ,40.979,41.322,40.369,40.73,189913200,7735164636.0
2008-06-13,QQQ,40.979,41.632,40.764,41.546,167855000,6973703830.0
2008-06-16,QQQ,41.331,42.104,41.288,41.915,136343900,5714854568.5
2008-06-17,QQQ,42.044,42.138,41.632,41.692,122932000,5125280944.0
2008-06-18,QQQ,41.451,41.614,41.082,41.245,169338100,6984349934.5
2008-06-19,QQQ,41.168,42.095,40.893,41.889,221304200,9270211633.8
2008-06-20,QQQ,41.54,41.557,40.578,40.758,197434200,8047023123.6
2008-06-23,QQQ,40.921,41.033,40.38,40.44,131488800,5317407072.0
2008-06-24,QQQ,40.251,40.715,39.89,40.234,178293800,7173472749.2
2008-06-25,QQQ,40.406,41.257,40.346,40.887,179023400,7319729755.8
2008-06-26,QQQ,40.131,40.139,39.228,39.237,190028300,7456140407.1
2008-06-27,QQQ,39.194,39.452,38.652,39.237,181351800,7115700576.6
2008-06-30,QQQ,39.116,39.392,38.807,38.824,132912400,5160191017.6
2008-07-01,QQQ,38.515,39.417,38.403,39.374,245494300,9666092568.2
2008-07-02,QQQ,39.495,39.649,38.369,38.429,199576400,7669521475.6
2008-07-03,QQQ,38.661,38.747,38.059,38.36,123118300,4722817988.0
2008-07-07,QQQ,38.713,39.074,38.025,38.592,181011300,6985588089.6
2008-07-08,QQQ,38.635,39.546,38.48,39.512,206151200,8145446214.4
2008-07-09,QQQ,39.503,39.563,38.446,38.463,168500300,6481027038.9
2008-07-10,QQQ,38.523,39.039,38.145,38.919,238811500,9294304768.5
2008-07-11,QQQ,38.515,38.91,37.69,38.3,265514700,10169213010.0
2008-07-14,QQQ,38.798,38.833,37.879,38.016,177389800,6743650636.8
2008-07-15,QQQ,37.827,38.618,37.217,38.025,283891100,10794959077.5
2008-07-16,QQQ,38.128,39.005,37.75,38.97,186047800,7250282766.0
2008-07-17,QQQ,39.202,39.383,38.661,39.228,197555100,7749691462.8
2008-07-18,QQQ,38.798,38.824,38.326,38.326,160661000,6157493486.0
2008-07-21,QQQ,38.678,38.841,38.24,38.489,128107800,4930741114.2
2008-07-22,QQQ,37.844,38.515,37.698,38.489,152524500,5870515480.5
2008-07-23,QQQ,38.549,39.443,38.437,38.996,169259100,6600427863.6
2008-07-24,QQQ,39.177,39.202,38.377,38.412,145561000,5591289132.0
2008-07-25,QQQ,38.661,39.091,38.472,38.91,111616700,4343005797.0
2008-07-28,QQQ,38.902,39.125,37.999,38.18,124028500,4735408130.0
2008-07-29,QQQ,38.343,39.142,38.309,38.97,142290900,5545076373.0
2008-07-30,QQQ,39.082,39.383,38.575,39.168,165679900,6489350323.2
2008-07-31,QQQ,38.781,39.667,38.695,39.073,180473100,7051625436.3
2008-08-01,QQQ,39.116,39.151,38.162,38.575,180350400,6957016680.0
2008-08-04,QQQ,38.566,38.609,38.076,38.188,116298000,4441188024.0
2008-08-05,QQQ,38.584,39.512,38.541,39.477,151657400,5986979179.8
2008-08-06,QQQ,39.495,40.234,39.177,40.079,133463700,5349091632.3
2008-08-07,QQQ,39.838,40.268,39.606,39.77,152805800,6077086666.0
2008-08-08,QQQ,39.744,40.775,39.667,40.672,143121500,5821037648.0
2008-08-11,QQQ,40.655,41.497,40.517,41.042,157290100,6455500284.2
2008-08-12,QQQ,41.033,41.394,40.836,41.085,140549300,5774467990.5
2008-08-13,QQQ,41.016,41.36,40.612,40.999,169652100,6955566447.9
2008-08-14,QQQ,40.861,41.652,40.818,41.472,158069200,6555445862.4
2008-08-15,QQQ,41.54,41.747,41.222,41.394,123115900,5096259564.6
2008-08-18,QQQ,41.515,41.523,40.621,40.913,151399100,6194191378.3
2008-08-19,QQQ,40.707,40.904,40.182,40.406,155410600,6279520703.6
2008-08-20,QQQ,40.689,40.878,40.174,40.475,155466700,6292514682.5
2008-08-21,QQQ,40.174,40.466,39.864,40.285,118916200,4790539117.0
2008-08-22,QQQ,40.5,40.982,40.466,40.818,96515500,3939569679.0
2008-08-25,QQQ,40.535,40.578,39.856,39.959,128076500,5117808863.5
2008-08-26,QQQ,39.985,40.199,39.641,39.907,107225500,4279048028.5
2008-08-27,QQQ,39.924,40.475,39.787,40.165,108489900,4357496833.5
2008-08-28,QQQ,40.328,40.638,40.251,40.492,112808600,4567845831.2
2008-08-29,QQQ,40.062,40.5,39.469,39.641,133184300,5279558836.3
2008-09-02,QQQ,40.285,40.466,38.97,39.151,162277500,6353326402.5
2008-09-03,QQQ,39.065,39.228,38.498,38.781,161682900,6270224544.9
2008-09-04,QQQ,38.558,38.601,37.526,37.526,219004700,8218370372.2
2008-09-05,QQQ,37.2,37.63,36.796,37.346,247977500,9260967715.0
2008-09-08,QQQ,37.836,38.008,36.684,37.277,311065100,11595573732.7
2008-09-09,QQQ,37.26,37.638,36.4,36.486,214180600,7814593371.6
2008-09-10,QQQ,36.839,37.114,36.486,36.787,160658100,5910129524.7
2008-09-11,QQQ,36.272,37.552,36.246,37.475,203398200,7622347545.0
2008-09-12,QQQ,37.157,37.569,36.873,37.329,172094300,6424108124.7
2008-09-15,QQQ,36.443,37.208,36.125,36.168,616772300,22307420546.4
2008-09-16,QQQ,35.653,36.822,35.61,36.452,349506500,12740210938.0
2008-09-17,QQQ,35.988,36.461,34.544,34.561,340088000,11753781368.0
2008-09-18,QQQ,35.326,36.074,33.951,35.73,423934000,15147161820.0
2008-09-19,QQQ,37.646,37.698,36.21,36.898,263394000,9718711812.0
2008-09-22,QQQ,36.76,36.846,35.092,35.161,164698200,5790953410.2
2008-09-23,QQQ,35.436,35.909,34.782,34.894,184011200,6420886812.8
2008-09-24,QQQ,35.1,35.487,34.851,35.135,159270800,5595979558.0
2008-09-25,QQQ,35.462,36.141,35.29,35.694,148586800,5303657239.2
2008-09-26,QQQ,34.67,35.685,34.593,35.333,182678600,6454582973.8
2008-09-29,QQQ,34.627,34.731,31.978,32.529,307954400,10017448677.6
2008-09-30,QQQ,32.443,33.802,32.34,33.466,195436700,6540484602.2
2008-10-01,QQQ,33.406,33.518,32.709,33.114,174033300,5762938696.2
2008-10-02,QQQ,32.899,32.899,31.514,31.608,192124000,6072655392.0
2008-10-03,QQQ,32.047,32.838,31.049,31.118,272116100,8467708799.8
2008-10-06,QQQ,30.327,30.559,28.306,29.983,394046600,11814699207.8
2008-10-07,QQQ,30.224,30.275,27.755,28.082,329365700,9249247587.4
2008-10-08,QQQ,27.48,29.346,27.385,27.858,452066500,12593668557.0
2008-10-09,QQQ,28.512,28.968,26.637,27.11,352433900,9554483029.0
2008-10-10,QQQ,26.25,27.936,25.27,26.938,472339100,12723870675.8
2008-10-13,QQQ,28.263,30.318,27.867,30.215,276998700,8369515720.5
2008-10-14,QQQ,31.092,31.092,28.546,28.908,341595900,9874854277.2
2008-10-15,QQQ,28.581,28.684,26.267,26.319,312088500,8213857231.5
2008-10-16,QQQ,26.499,27.755,25.158,27.747,494783500,13728757774.5
2008-10-17,QQQ,27.239,28.942,27.016,27.781,326571300,9072477285.3
2008-10-20,QQQ,28.177,28.607,27.265,28.555,232783400,6647129987.0
2008-10-21,QQQ,28.091,28.607,27.076,27.076,239932400,6496409662.4
2008-10-22,QQQ,26.981,27.179,25.553,26.327,289993600,7634661507.2
2008-10-23,QQQ,26.224,26.74,24.857,26.224,377966900,9911803985.6
2008-10-24,QQQ,24.28,26.018,24.16,25.381,322129500,8175968839.5
2008-10-27,QQQ,25.089,25.975,24.65,24.676,239302300,5905023554.8
2008-10-28,QQQ,25.528,27.42,24.814,27.403,327239500,8967344018.5
2008-10-29,QQQ,27.446,28.452,26.878,27.334,341316000,9329531544.0
2008-10-30,QQQ,28.099,28.435,27.506,28.245,255292100,7210725364.5
2008-10-31,QQQ,27.841,28.753,27.6,28.288,224261000,6343895168.0
2008-11-03,QQQ,28.22,28.633,27.962,28.228,128455500,3626041854.0
2008-11-04,QQQ,28.779,29.252,28.366,29.028,182487600,5297250052.8
2008-11-05,QQQ,28.839,28.899,27.454,27.514,183893900,5059656764.6
2008-11-06,QQQ,27.084,27.411,26.147,26.284,220677200,5800279524.8
2008-11-07,QQQ,26.594,27.076,26.31,26.826,176946200,4746758761.2
2008-11-10,QQQ,27.497,27.497,26.147,26.465,142584500,3773498792.5
2008-11-11,QQQ,26.216,26.456,25.562,25.889,162869800,4216536252.2
2008-11-12,QQQ,25.502,25.631,24.642,24.693,184946400,4566881455.2
2008-11-13,QQQ,24.607,26.259,23.463,26.198,317943900,8329494292.2
2008-11-14,QQQ,25.614,26.164,24.831,24.926,259407000,6465978882.0
2008-11-17,QQQ,24.504,25.141,24.306,24.401,202835200,4949381715.2
2008-11-18,QQQ,24.564,24.728,23.558,24.375,252661800,6158631375.0
2008-11-19,QQQ,24.427,24.753,23.042,23.102,244180600,5641060221.2
2008-11-20,QQQ,22.818,23.61,21.907,21.984,342472400,7528913241.6
2008-11-21,QQQ,22.371,22.947,21.545,22.939,282746800,6485928845.2
2008-11-24,QQQ,23.412,24.633,23.205,24.341,225058200,5478141646.2
2008-11-25,QQQ,24.607,24.633,23.67,24.229,202968700,4917728632.3
2008-11-26,QQQ,23.979,25.252,23.919,25.244,164912000,4163038528.0
2008-11-28,QQQ,24.96,25.106,24.797,25.046,41238200,1032851957.2
2008-12-01,QQQ,24.513,24.521,23.128,23.162,149161500,3454878663.0
2008-12-02,QQQ,23.481,23.988,23.085,23.936,181743000,4350200448.0
2008-12-03,QQQ,23.334,24.693,23.283,24.616,230944900,5684939658.4
2008-12-04,QQQ,24.229,24.753,23.498,23.919,188868700,4517550435.3
2008-12-05,QQQ,23.653,25.003,23.18,24.891,212283700,5283953576.7
2008-12-08,QQQ,25.45,26.198,25.321,25.872,185782500,4806564840.0
2008-12-09,QQQ,25.528,26.517,25.433,25.811,178148300,4598185771.3
2008-12-10,QQQ,25.889,26.198,25.476,25.725,162335100,4176070447.5
2008-12-11,QQQ,25.639,26.035,24.891,25.02,167161400,4182378228.0
2008-12-12,QQQ,24.676,25.682,24.487,25.528,158600100,4048743352.8
2008-12-15,QQQ,25.571,25.596,24.719,25.08,107887000,2705805960.0
2008-12-16,QQQ,25.304,26.37,25.029,26.284,169300100,4449883828.4
2008-12-17,QQQ,26.018,26.319,25.648,25.966,159813500,4149717341.0
2008-12-18,QQQ,25.966,26.147,25.252,25.51,142656400,3639164764.0
2008-12-19,QQQ,25.78,26.159,25.547,25.72,118308900,3042904908.0
2008-12-22,QQQ,25.72,25.771,24.755,25.16,95379600,2399750736.0
2008-12-23,QQQ,25.263,25.513,24.884,25.031,68764800,1721251708.8
2008-12-24,QQQ,25.151,25.16,24.962,25.1,27194700,682586970.0
2008-12-26,QQQ,25.151,25.177,24.953,25.091,20937000,525330267.0
2008-12-29,QQQ,25.16,25.186,24.514,24.884,52688300,1311095657.2
2008-12-30,QQQ,24.953,25.487,24.927,25.401,77089500,1958150389.5
2008-12-31,QQQ,25.375,25.909,25.367,25.616,89189700,2284683355.2
2009-01-02,QQQ,25.625,26.814,25.573,26.727,107891500,2883616120.5
2009-01-05,QQQ,26.555,26.986,26.348,26.719,91751900,2451519016.1
2009-01-06,QQQ,26.917,27.244,26.796,26.986,136791700,3691460816.2
2009-01-07,QQQ,26.469,26.615,26.004,26.219,133879800,3510194476.2
2009-01-08,QQQ,26.168,26.529,25.909,26.495,131926600,3495395267.0
2009-01-09,QQQ,26.503,26.521,25.771,25.901,117137900,3033988747.9
2009-01-12,QQQ,25.935,25.969,25.151,25.427,102726200,2612019087.4
2009-01-13,QQQ,25.418,25.823,25.134,25.435,186266700,4737693514.5
2009-01-14,QQQ,25.143,25.22,24.522,24.66,136294000,3361010040.0
2009-01-15,QQQ,24.609,25.272,24.178,25.065,192567200,4826696868.0
2009-01-16,QQQ,25.41,25.496,24.721,25.341,175478100,4446790532.1
2009-01-20,QQQ,25.237,25.349,24.083,24.083,135105800,3253752981.4
2009-01-21,QQQ,24.488,25.143,24.204,25.108,149179600,3745601396.8
2009-01-22,QQQ,24.565,25.177,24.342,24.772,200602700,4969330084.4
2009-01-23,QQQ,24.367,25.28,24.238,24.893,170164100,4235894941.3
2009-01-26,QQQ,24.927,25.487,24.764,25.074,140398700,3520357003.8
2009-01-27,QQQ,25.082,25.47,25.082,25.255,110591300,2792983281.5
2009-01-28,QQQ,25.677,26.4,25.677,26.142,139722800,3652633437.6
2009-01-29,QQQ,25.823,26.185,25.392,25.479,130731800,3330915532.2
2009-01-30,QQQ,25.668,25.78,24.927,25.031,140334200,3512705360.2
2009-02-02,QQQ,24.789,25.504,24.755,25.332,126796100,3211998805.2
2009-02-03,QQQ,25.384,26.211,25.005,25.728,120541100,3101281420.8
2009-02-04,QQQ,25.789,26.59,25.659,25.763,175780900,4528643326.7
2009-02-05,QQQ,25.392,26.504,25.375,26.331,217578900,5729070015.9
2009-02-06,QQQ,26.426,27.141,26.34,27.02,164513200,4445146664.0
2009-02-09,QQQ,27.038,27.279,26.865,27.132,98856900,2682185410.8
2009-02-10,QQQ,26.96,27.287,25.926,26.133,232795200,6083636961.6
2009-02-11,QQQ,26.168,26.297,25.608,26.013,169117200,4399245723.6
2009-02-12,QQQ,25.711,26.366,25.53,26.331,201151400,5296517513.4
2009-02-13,QQQ,26.254,26.512,26.09,26.211,145066700,3802343273.7
2009-02-17,QQQ,25.401,25.556,25.031,25.168,157783300,3971090094.4
2009-02-18,QQQ,25.332,25.556,24.867,25.186,161271900,4061794073.4
2009-02-19,QQQ,25.341,25.504,24.738,24.798,155322400,3851684875.2
2009-02-20,QQQ,24.522,25.108,24.454,24.867,210752400,5240779930.8
2009-02-23,QQQ,25.005,25.022,23.885,23.997,169473500,4066855579.5
2009-02-24,QQQ,24.126,24.962,24.083,24.789,181337300,4495170329.7
2009-02-25,QQQ,24.643,25.125,24.238,24.626,220224700,5423253462.2
2009-02-26,QQQ,24.789,24.936,23.859,23.937,211218500,5055937234.5
2009-02-27,QQQ,23.687,24.1,23.592,23.713,204492600,4849133023.8
2009-03-02,QQQ,23.36,23.696,22.8,22.946,188180400,4317987458.4
2009-03-03,QQQ,23.136,23.394,22.757,22.929,158758800,3640180525.2
2009-03-04,QQQ,23.265,23.868,23.187,23.54,164911000,3882004940.0
2009-03-05,QQQ,23.282,23.463,22.757,22.834,199626900,4558280634.6
2009-03-06,QQQ,22.955,23.093,22.145,22.653,218421600,4947904504.8
2009-03-09,QQQ,22.472,23.093,22.076,22.171,181098800,4015141494.8
2009-03-10,QQQ,22.61,23.592,22.533,23.54,175068200,4121105428.0
2009-03-11,QQQ,23.782,24.109,23.48,23.902,173094900,4137314299.8
2009-03-12,QQQ,23.885,24.772,23.635,24.695,184395100,4553636994.5
2009-03-13,QQQ,24.686,24.841,24.393,24.755,156783500,3881175542.5
2009-03-16,QQQ,24.919,24.962,24.281,24.342,190269800,4631547471.6
2009-03-17,QQQ,24.462,25.263,24.376,25.263,169773800,4288995509.4
2009-03-18,QQQ,25.16,26.013,25.048,25.582,208033900,5321923229.8
2009-03-19,QQQ,25.935,25.952,25.375,25.565,146753400,3751750671.0
2009-03-20,QQQ,25.616,25.909,25.003,25.176,149410800,3761566300.8
2009-03-23,QQQ,25.797,26.694,25.193,26.659,179499000,4785263841.0
2009-03-24,QQQ,26.435,26.642,26.15,26.168,118757600,3107648876.8
2009-03-25,QQQ,26.392,26.789,25.59,26.289,190555200,5009505652.8
2009-03-26,QQQ,26.573,27.143,26.245,27.099,182459500,4944469990.5
2009-03-27,QQQ,26.746,26.901,26.496,26.59,156108100,4150914379.0
2009-03-30,QQQ,26.142,26.159,25.555,25.935,162919700,4225322419.5
2009-03-31,QQQ,26.133,26.703,26.116,26.159,150243800,3930227564.2
2009-04-01,QQQ,25.831,26.642,25.702,26.547,137950000,3662158650.0
2009-04-02,QQQ,27.022,27.841,26.944,27.401,212272400,5816476032.4
2009-04-03,QQQ,27.686,27.954,27.462,27.911,134577300,3756187020.3
2009-04-06,QQQ,27.6,27.893,27.307,27.841,160413700,4466077821.7
2009-04-07,QQQ,27.54,27.54,26.927,27.108,147531200,3999275769.6
2009-04-08,QQQ,27.376,27.738,27.169,27.565,126126000,3476663190.0
2009-04-09,QQQ,28.083,28.48,27.98,28.42,131871500,3747788030.0
2009-04-13,QQQ,28.333,28.532,28.066,28.376,119310500,3385554748.0
2009-04-14,QQQ,28.204,28.368,27.841,28.031,124069000,3477778139.0
2009-04-15,QQQ,27.833,27.98,27.479,27.954,124808200,3488888422.8
2009-04-16,QQQ,28.342,28.842,28.049,28.678,171168000,4908755904.0
2009-04-17,QQQ,28.618,28.903,28.411,28.739,129835400,3731339560.6
2009-04-20,QQQ,28.221,28.316,27.66,27.816,123080500,3423607188.0
2009-04-21,QQQ,27.712,28.247,27.678,28.204,145490200,4103405600.8
2009-04-22,QQQ,28.04,28.929,27.945,28.29,165040500,4668995745.0
2009-04-23,QQQ,28.471,28.592,28.031,28.566,181666600,5189488095.6
2009-04-24,QQQ,28.765,29.274,28.532,29.067,141170000,4103388390.0
2009-04-27,QQQ,28.834,29.386,28.773,29.101,120749100,3513919559.1
2009-04-28,QQQ,28.92,29.256,28.782,28.885,108968000,3147540680.0
2009-04-29,QQQ,29.118,29.679,29.075,29.282,141413600,4140873035.2
2009-04-30,QQQ,29.671,30.111,29.369,29.576,144120400,4262504950.4
2009-05-01,QQQ,29.567,29.8,29.343,29.653,100112000,2968621136.0
2009-05-04,QQQ,29.921,30.274,29.783,30.24,119317400,3608158176.0
2009-05-05,QQQ,30.188,30.249,29.878,30.214,113569500,3431388873.0
2009-05-06,QQQ,30.447,30.49,29.731,30.223,178840500,5405096431.5
2009-05-07,QQQ,30.43,30.43,29.231,29.515,216484700,6389545920.5
2009-05-08,QQQ,29.74,29.973,29.231,29.532,183507300,5419337583.6
2009-05-11,QQQ,29.153,29.955,29.058,29.636,142775900,4231306572.4
2009-05-12,QQQ,29.696,29.748,28.92,29.274,147842200,4327932562.8
2009-05-13,QQQ,29.015,29.032,28.437,28.489,175548300,5001195518.7
2009-05-14,QQQ,28.558,29.075,28.54,28.808,140021700,4033745133.6
2009-05-15,QQQ,28.765,29.179,28.67,28.791,121326400,3493108382.4
2009-05-18,QQQ,28.989,29.576,28.808,29.541,114333400,3377522969.4
2009-05-19,QQQ,29.472,29.973,29.291,29.679,129086400,3831155265.6
2009-05-20,QQQ,29.791,30.231,29.489,29.576,131873700,3900296551.2
2009-05-21,QQQ,29.351,29.558,28.739,29.032,139253200,4042798902.4
2009-05-22,QQQ,29.144,29.308,28.747,28.937,83510600,2416546232.2
2009-05-26,QQQ,28.687,30.05,28.627,30.016,144857200,4348033715.2
2009-05-27,QQQ,29.929,30.361,29.705,29.809,121348800,3617286379.2
2009-05-28,QQQ,29.99,30.257,29.515,30.154,118931300,3586254420.2
2009-05-29,QQQ,30.171,30.628,29.99,30.525,111535700,3404627242.5
2009-06-01,QQQ,30.853,31.491,30.723,31.396,119126200,3740086175.2
2009-06-02,QQQ,31.224,31.741,31.155,31.439,126858600,3988307525.4
2009-06-03,QQQ,31.344,31.379,30.999,31.344,93329800,2925329251.2
2009-06-04,QQQ,31.413,31.741,31.353,31.698,89280600,2830016458.8
2009-06-05,QQQ,31.888,31.991,31.422,31.733,121958800,3870118600.4
2009-06-08,QQQ,31.534,31.879,31.163,31.638,89194100,2821922935.8
2009-06-09,QQQ,31.784,32.069,31.638,31.879,109187800,3480797876.2
2009-06-10,QQQ,32.06,32.069,31.31,31.767,133404700,4237867104.9
2009-06-11,QQQ,31.724,32.121,31.707,31.767,147909800,4698650616.6
2009-06-12,QQQ,31.638,31.681,31.232,31.62,109452500,3460888050.0
2009-06-15,QQQ,31.318,31.344,30.697,30.973,112152900,3473711771.7
2009-06-16,QQQ,31.094,31.224,30.645,30.671,110550300,3390688251.3
2009-06-17,QQQ,30.801,31.241,30.585,30.965,153421800,4750706037.0
2009-06-18,QQQ,30.913,31.111,30.689,30.904,126266700,3902146096.8
2009-06-19,QQQ,31.141,31.409,31.02,31.236,122044700,3812188249.2
2009-06-22,QQQ,30.951,31.003,30.251,30.303,137714900,4173174614.7
2009-06-23,QQQ,30.389,30.459,30.035,30.234,114903100,3473980325.4
2009-06-24,QQQ,30.493,30.985,30.476,30.744,103314600,3176304062.4
2009-06-25,QQQ,30.545,31.409,30.476,31.348,112538200,3527847493.6
2009-06-26,QQQ,31.201,31.53,31.141,31.417,87677300,2754557734.1
2009-06-29,QQQ,31.504,31.746,31.201,31.487,93817600,2954034771.2
2009-06-30,QQQ,31.573,31.728,31.193,31.426,97843000,3074814118.0
2009-07-01,QQQ,31.582,31.823,31.435,31.443,85976000,2703343368.0
2009-07-02,QQQ,31.176,31.184,30.666,30.752,113309800,3484502969.6
2009-07-06,QQQ,30.562,30.7,30.269,30.588,107632500,3292262910.0
2009-07-07,QQQ,30.597,30.657,29.811,29.828,149773000,4467429044.0
2009-07-08,QQQ,30.009,30.122,29.629,29.983,152776400,4580694801.2
2009-07-09,QQQ,30.096,30.243,29.932,30.035,97851500,2938969802.5
2009-07-10,QQQ,29.949,30.355,29.854,30.165,108482000,3272359530.0
2009-07-13,QQQ,30.191,30.752,29.785,30.744,127140300,3908801383.2
2009-07-14,QQQ,30.709,30.916,30.579,30.856,115631700,3567931735.2
2009-07-15,QQQ,31.374,31.901,31.219,31.893,160869700,5130617342.1
2009-07-16,QQQ,31.746,32.342,31.72,32.273,120142500,3877358902.5
2009-07-17,QQQ,32.264,32.454,32.108,32.445,104906500,3403691392.5
2009-07-20,QQQ,32.618,32.825,32.489,32.756,97168800,3182861212.8
2009-07-21,QQQ,32.886,32.981,32.514,32.981,130587600,4306909635.6
2009-07-22,QQQ,33.007,33.421,32.938,33.257,113808600,3784932610.2
2009-07-23,QQQ,33.223,34.113,33.162,33.992,160239300,5446854285.6
2009-07-24,QQQ,33.629,34.009,33.499,33.732,109312300,3687322503.6
2009-07-27,QQQ,33.974,34.043,33.577,33.992,94718600,3219674651.2
2009-07-28,QQQ,33.845,34.199,33.629,33.758,111564300,3766187639.4
2009-07-29,QQQ,33.966,34.061,33.689,33.983,126538200,4300147650.6
2009-07-30,QQQ,34.337,34.709,34.13,34.182,108969900,3724809121.8
2009-07-31,QQQ,34.182,34.424,34.043,34.078,78208300,2665182447.4
2009-08-03,QQQ,34.441,34.605,34.242,34.588,111722800,3864268206.4
2009-08-04,QQQ,34.424,34.717,34.354,34.588,100690800,3482693390.4
2009-08-05,QQQ,34.665,34.674,34.087,34.32,118093000,4052951760.0
2009-08-06,QQQ,34.398,34.493,33.897,34.018,116937500,3977979875.0
2009-08-07,QQQ,34.484,34.614,34.199,34.449,107442100,3701272902.9
2009-08-10,QQQ,34.329,34.424,33.983,34.208,87163200,2981678745.6
2009-08-11,QQQ,34.095,34.121,33.732,33.914,91922700,3117466447.8
2009-08-12,QQQ,33.888,34.743,33.862,34.441,147240000,5071092840.0
2009-08-13,QQQ,34.648,34.691,34.242,34.631,110107000,3813115517.0
2009-08-14,QQQ,34.441,34.519,33.931,34.234,124480200,4261455166.8
2009-08-17,QQQ,33.655,33.698,33.223,33.24,131797200,4380938928.0
2009-08-18,QQQ,33.447,33.784,33.352,33.715,84496200,2848789383.0
2009-08-19,QQQ,33.318,34.035,33.292,33.948,88036300,2988656312.4
2009-08-20,QQQ,33.931,34.415,33.862,34.346,81473500,2798288831.0
2009-08-21,QQQ,34.544,34.864,34.329,34.804,114660200,3990633600.8
2009-08-24,QQQ,34.864,35.045,34.639,34.769,109904900,3821283468.1
2009-08-25,QQQ,34.847,35.21,34.769,34.873,92900400,3239715649.2
2009-08-26,QQQ,34.795,35.071,34.622,34.812,96407500,3356137890.0
2009-08-27,QQQ,34.804,34.959,34.268,34.899,121957800,4256205262.2
2009-08-28,QQQ,35.331,35.486,34.691,34.933,114300900,3992873339.7
2009-08-31,QQQ,34.674,34.726,34.372,34.579,96415300,3333944658.7
2009-09-01,QQQ,34.458,35.063,33.827,33.931,162958900,5529358435.9
2009-09-02,QQQ,33.75,34.095,33.724,33.905,92757200,3144932866.0
2009-09-03,QQQ,34.069,34.182,33.707,34.13,76783100,2620607203.0
2009-09-04,QQQ,34.19,34.881,34.138,34.864,74866600,2610149142.4
2009-09-08,QQQ,35.141,35.227,34.95,35.192,71024400,2499490684.8
2009-09-09,QQQ,35.218,35.667,35.063,35.495,99280800,3523971996.0
2009-09-10,QQQ,35.512,35.875,35.417,35.832,99289100,3557727031.2
2009-09-11,QQQ,35.858,35.953,35.607,35.866,93868400,3366684034.4
2009-09-14,QQQ,35.633,36.03,35.598,36.004,90435600,3256043342.4
2009-09-15,QQQ,35.978,36.238,35.909,36.117,91594600,3308122168.2
2009-09-16,QQQ,36.281,36.695,36.143,36.644,96888500,3550382194.0
2009-09-17,QQQ,36.549,36.851,36.462,36.635,102169600,3742983296.0
2009-09-18,QQQ,36.783,36.852,36.497,36.696,87444200,3208852363.2
2009-09-21,QQQ,36.489,36.921,36.454,36.809,71351400,2626373682.6
2009-09-22,QQQ,37.016,37.034,36.696,36.878,75638400,2789392915.2
2009-09-23,QQQ,37.034,37.328,36.644,36.705,143924100,5282734090.5
2009-09-24,QQQ,36.852,36.912,36.117,36.376,111016400,4038332566.4
2009-09-25,QQQ,36.108,36.394,35.953,36.056,109216000,3937892096.0
2009-09-28,QQQ,36.255,36.887,36.221,36.67,84478500,3097826595.0
2009-09-29,QQQ,36.67,36.852,36.342,36.506,106686400,3894693718.4
2009-09-30,QQQ,36.653,36.835,35.97,36.532,173102700,6323787836.4
2009-10-01,QQQ,36.402,36.428,35.451,35.451,140119100,4967362214.1
2009-10-02,QQQ,35.209,35.667,35.209,35.347,145286400,5135438380.8
2009-10-05,QQQ,35.529,35.797,35.304,35.633,97054200,3458332308.6
2009-10-06,QQQ,35.832,36.437,35.814,36.264,124628000,4519509792.0
2009-10-07,QQQ,36.221,36.385,36.117,36.368,93787600,3410867436.8
2009-10-08,QQQ,36.584,36.852,36.437,36.523,107850400,3939020159.2
2009-10-09,QQQ,36.446,36.791,36.368,36.731,62828000,2307735268.0
2009-10-12,QQQ,36.878,37.068,36.558,36.809,53221900,1959044917.1
2009-10-13,QQQ,36.774,36.964,36.636,36.817,70939300,2611772208.1
2009-10-14,QQQ,37.276,37.362,37.051,37.319,91004900,3396211863.1
2009-10-15,QQQ,37.12,37.284,37.068,37.232,85772800,3193492889.6
2009-10-16,QQQ,37.094,37.172,36.731,36.99,111859300,4137675507.0
2009-10-19,QQQ,37.016,37.414,36.826,37.362,83512000,3120175344.0
2009-10-20,QQQ,37.578,37.578,37.129,37.371,89847900,3357705870.9
2009-10-21,QQQ,37.362,37.89,37.232,37.302,110397400,4118043814.8
2009-10-22,QQQ,37.232,37.604,36.999,37.449,85871800,3215813038.2
2009-10-23,QQQ,37.812,37.812,37.198,37.293,117020400,4364041777.2
2009-10-26,QQQ,37.353,37.838,36.999,37.172,107068600,3979953999.2
2009-10-27,QQQ,37.12,37.276,36.472,36.61,121438200,4445852502.0
2009-10-28,QQQ,36.48,36.593,35.711,35.788,143553600,5137496236.8
2009-10-29,QQQ,35.996,36.48,35.918,36.394,85207600,3101045394.4
2009-10-30,QQQ,36.368,36.446,35.382,35.417,162796500,5765763640.5
2009-11-02,QQQ,35.451,35.944,35.14,35.564,142456600,5066326522.4
2009-11-03,QQQ,35.373,35.728,35.313,35.676,95107000,3393037332.0
2009-11-04,QQQ,35.909,36.203,35.693,35.737,107970600,3858545332.2
2009-11-05,QQQ,36.152,36.662,36.126,36.619,135204800,4951064571.2
2009-11-06,QQQ,36.42,36.878,36.385,36.835,96312300,3547663570.5
2009-11-09,QQQ,37.12,37.63,37.077,37.622,101620800,3823177737.6
2009-11-10,QQQ,37.578,37.846,37.526,37.717,72846500,2747551440.5
2009-11-11,QQQ,38.002,38.166,37.708,37.959,84676200,3214223875.8
2009-11-12,QQQ,37.985,38.184,37.656,37.743,92426100,3488438292.3
2009-11-13,QQQ,37.855,38.166,37.725,38.054,87959500,3347210813.0
2009-11-16,QQQ,38.218,38.607,38.149,38.443,87776100,3374376612.3
2009-11-17,QQQ,38.339,38.564,38.261,38.564,81884000,3157774576.0
2009-11-18,QQQ,38.443,38.469,38.088,38.348,100240800,3844034198.4
2009-11-19,QQQ,38.088,38.114,37.483,37.751,114558000,4324679058.0
2009-11-20,QQQ,37.552,37.656,37.423,37.561,70912100,2663529388.1
2009-11-23,QQQ,37.95,38.391,37.924,38.166,91621500,3496826169.0
2009-11-24,QQQ,38.149,38.175,37.812,38.037,60670000,2307704790.0
2009-11-25,QQQ,38.166,38.235,38.054,38.201,37630100,1437507450.1
2009-11-27,QQQ,37.155,37.898,37.094,37.622,61230000,2303595060.0
2009-11-30,QQQ,37.535,37.717,37.276,37.665,84819400,3194722701.0
2009-12-01,QQQ,37.95,38.305,37.941,38.054,81817800,3113494561.2
2009-12-02,QQQ,38.184,38.469,38.028,38.106,81653600,3111492081.6
2009-12-03,QQQ,38.244,38.478,37.941,37.95,72460400,2749872180.0
2009-12-04,QQQ,38.434,38.676,37.751,38.149,125062600,4771013127.4
2009-12-07,QQQ,38.123,38.296,37.89,37.967,67471900,2561705627.3
2009-12-08,QQQ,37.751,38.045,37.492,37.734,86621400,3268571907.6
2009-12-09,QQQ,37.699,38.149,37.457,38.114,78820500,3004164537.0
2009-12-10,QQQ,38.279,38.512,38.253,38.305,76722400,2938851532.0
2009-12-11,QQQ,38.512,38.555,38.002,38.158,66643700,2542990304.6
2009-12-14,QQQ,38.417,38.564,38.209,38.521,47965500,1847679025.5
2009-12-15,QQQ,38.4,38.625,38.192,38.305,61171100,2343158985.5
2009-12-16,QQQ,38.452,38.65,38.296,38.356,61629700,2363868773.2
2009-12-17,QQQ,38.184,38.227,37.838,37.89,90440900,3426805701.0
2009-12-18,QQQ,38.247,38.524,38.109,38.507,96442600,3713715198.2
2009-12-21,QQQ,38.706,39.087,38.689,38.94,82357400,3206997156.0
2009-12-22,QQQ,39.07,39.226,39.001,39.174,51569100,2020167923.4
2009-12-23,QQQ,39.252,39.468,39.157,39.46,73932200,2917364612.0
2009-12-24,QQQ,39.503,39.824,39.494,39.824,31770400,1265224409.6
2009-12-28,QQQ,39.919,40.101,39.789,40.031,49381400,1976786823.4
2009-12-29,QQQ,40.04,40.057,39.832,39.867,32410200,1292097443.4
2009-12-30,QQQ,39.824,40.066,39.806,39.988,57612700,2303816647.6
2009-12-31,QQQ,40.066,40.083,39.624,39.624,50079200,1984338220.8
2010-01-04,QQQ,40.127,40.265,40.075,40.205,62822800,2525790674.0
2010-01-05,QQQ,40.179,40.274,39.979,40.205,62935600,2530325798.0
2010-01-06,QQQ,40.187,40.317,39.902,39.962,96033000,3837670746.0
2010-01-07,QQQ,40.023,40.075,39.772,39.988,77094100,3082838870.8
2010-01-08,QQQ,39.902,40.317,39.78,40.317,88886600,3583641052.2
2010-01-11,QQQ,40.369,40.395,39.945,40.153,104673400,4202951030.2
2010-01-12,QQQ,39.91,39.962,39.434,39.65,90673900,3595220135.0
2010-01-13,QQQ,39.772,40.265,39.503,40.144,100661000,4040935184.0
2010-01-14,QQQ,40.066,40.291,40.031,40.179,75209000,3021822411.0
2010-01-15,QQQ,40.248,40.317,39.538,39.711,126849300,5037312552.3
2010-01-19,QQQ,39.806,40.395,39.798,40.352,84388200,3405232646.4
2010-01-20,QQQ,40.066,40.361,39.347,39.772,145680000,5793984960.0
2010-01-21,QQQ,39.884,40.144,39.235,39.399,204939600,8074415300.4
2010-01-22,QQQ,39.269,39.391,38.143,38.247,171098700,6544011978.9
2010-01-25,QQQ,38.481,38.628,38.213,38.377,154218700,5918451049.9
2010-01-26,QQQ,38.334,38.88,38.152,38.412,140816500,5409043398.0
2010-01-27,QQQ,38.343,38.845,38.117,38.715,161632700,6257609980.5
2010-01-28,QQQ,38.455,38.481,37.52,37.719,221439800,8352487816.2
2010-01-29,QQQ,38.031,38.126,36.922,37.061,212099600,7860623275.6
2010-02-01,QQQ,37.156,37.485,37.139,37.468,136827100,5126637782.8
2010-02-02,QQQ,37.528,37.918,37.269,37.806,110727700,4186171426.2
2010-02-03,QQQ,37.624,38.083,37.606,38.013,93581600,3557317360.8
2010-02-04,QQQ,37.736,37.814,36.913,36.913,151652500,5597948732.5
2010-02-05,QQQ,37.009,37.26,36.48,37.225,213618600,7951952385.0
2010-02-08,QQQ,37.165,37.398,36.931,36.957,94354400,3487055560.8
2010-02-09,QQQ,37.398,37.684,37.035,37.338,118956000,4441579128.0
2010-02-10,QQQ,37.338,37.511,37.026,37.26,94102900,3506274054.0
2010-02-11,QQQ,37.269,37.927,37.035,37.823,93050800,3519460408.4
2010-02-12,QQQ,37.485,38.005,37.381,37.901,93938500,3560363088.5
2010-02-16,QQQ,38.178,38.412,37.979,38.386,83861400,3219103700.4
2010-02-17,QQQ,38.559,38.602,38.334,38.602,82691700,3192065003.4
2010-02-18,QQQ,38.576,38.914,38.498,38.845,65752600,2554159747.0
2010-02-19,QQQ,38.741,39.018,38.646,38.828,80416500,3122411862.0
2010-02-22,QQQ,38.983,39.001,38.594,38.75,72055000,2792131250.0
2010-02-23,QQQ,38.724,38.75,38.065,38.247,95814400,3664613356.8
2010-02-24,QQQ,38.446,38.793,38.386,38.637,86591000,3345616467.0
2010-02-25,QQQ,38.23,38.715,37.961,38.628,97961300,3784049096.4
2010-02-26,QQQ,38.62,38.854,38.455,38.767,66222400,2567243780.8
2010-03-01,QQQ,38.94,39.399,38.931,39.33,77290100,3039819633.0
2010-03-02,QQQ,39.468,39.711,39.365,39.451,76368500,3012813693.5
2010-03-03,QQQ,39.546,39.685,39.347,39.494,65735500,2596157837.0
2010-03-04,QQQ,39.52,39.676,39.321,39.624,54470900,2158354941.6
2010-03-05,QQQ,39.919,40.309,39.832,40.222,68136300,2740578258.6
2010-03-08,QQQ,40.239,40.395,40.222,40.3,58712400,2366109720.0
2010-03-09,QQQ,40.213,40.75,40.187,40.525,98002800,3971563470.0
2010-03-10,QQQ,40.551,40.95,40.534,40.854,102578900,4190758380.6
2010-03-11,QQQ,40.759,41.01,40.69,41.01,67510300,2768597403.0
2010-03-12,QQQ,41.14,41.166,40.794,41.019,64068300,2628017597.7
2010-03-15,QQQ,40.932,41.036,40.629,40.915,60150500,2461057707.5
2010-03-16,QQQ,41.045,41.235,40.906,41.175,74950600,3086090955.0
2010-03-17,QQQ,41.235,41.486,41.166,41.287,75643500,3123093184.5
2010-03-18,QQQ,41.322,41.469,41.227,41.426,77829400,3224160724.4
2010-03-19,QQQ,41.548,41.574,41.028,41.175,86337100,3554930092.5
2010-03-22,QQQ,41.011,41.713,40.967,41.548,71902800,2987417534.4
2010-03-23,QQQ,41.609,41.878,41.418,41.834,59182600,2475844888.4
2010-03-24,QQQ,41.765,41.765,41.539,41.635,62995700,2622825969.5
2010-03-25,QQQ,41.982,42.138,41.531,41.574,76294800,3171880015.2
2010-03-26,QQQ,41.748,41.904,41.392,41.617,78067900,3248951794.3
2010-03-29,QQQ,41.826,41.964,41.704,41.817,57993300,2425105826.1
2010-03-30,QQQ,41.947,42.094,41.67,41.956,49437300,2074191358.8
2010-03-31,QQQ,41.826,42.008,41.678,41.756,59947400,2503163634.4
2010-04-01,QQQ,41.93,42.224,41.435,41.756,83728600,3496171421.6
2010-04-05,QQQ,41.852,42.242,41.739,42.146,56220300,2369460763.8
2010-04-06,QQQ,42.051,42.398,41.956,42.268,54097100,2286576222.8
2010-04-07,QQQ,42.207,42.372,41.938,42.164,77211500,3255545686.0
2010-04-08,QQQ,42.042,42.328,41.826,42.259,68314300,2886894003.7
2010-04-09,QQQ,42.268,42.528,42.164,42.511,54227300,2305256750.3
2010-04-12,QQQ,42.528,42.658,42.433,42.545,44280600,1883918127.0
2010-04-13,QQQ,42.502,42.788,42.363,42.762,59376000,2539036512.0
2010-04-14,QQQ,42.987,43.282,42.918,43.274,69004800,2986113715.2
2010-04-15,QQQ,43.239,43.516,43.239,43.464,72254200,3140456548.8
2010-04-16,QQQ,43.308,43.456,42.658,42.944,127388000,5470550272.0
2010-04-19,QQQ,42.788,43.057,42.398,42.918,98251700,4216766460.6
2010-04-20,QQQ,43.152,43.248,42.857,43.135,69543700,2999767499.5
2010-04-21,QQQ,43.43,43.516,43.109,43.378,74748700,3242449108.6
2010-04-22,QQQ,42.961,43.664,42.71,43.62,110477200,4819015464.0
2010-04-23,QQQ,43.612,43.846,43.43,43.802,77205200,3381742170.4
2010-04-26,QQQ,43.846,43.915,43.612,43.707,67361000,2944147227.0
2010-04-27,QQQ,43.534,43.724,42.667,42.779,112608000,4817257632.0
2010-04-28,QQQ,43.005,43.031,42.467,42.805,130082100,5568164290.5
2010-04-29,QQQ,43.048,43.638,43.013,43.551,84180200,3666131890.2
2010-04-30,QQQ,43.534,43.603,42.658,42.693,110897000,4734525621.0
2010-05-03,QQQ,42.875,43.499,42.857,43.291,74169700,3210880482.7
2010-05-04,QQQ,42.762,42.762,41.687,41.99,141136500,5926321635.0
2010-05-05,QQQ,41.548,42.051,41.305,41.774,128560200,5370473794.8
2010-05-06,QQQ,41.487,41.895,36.97,40.378,274356800,11077978870.4
2010-05-07,QQQ,40.074,40.577,38.392,39.372,288200400,11347026148.8
2010-05-10,QQQ,41.123,41.444,41.019,41.418,136041600,5634570988.8
2010-05-11,QQQ,41.002,41.956,40.924,41.375,113016100,4676041137.5
2010-05-12,QQQ,41.6,42.19,41.531,42.155,85462400,3602667472.0
2010-05-13,QQQ,41.973,42.302,41.383,41.487,102844300,4266701474.1
2010-05-14,QQQ,41.175,41.201,40.213,40.69,147386100,5997140409.0
2010-05-17,QQQ,40.768,40.985,39.944,40.82,120969600,4937979072.0
2010-05-18,QQQ,41.167,41.253,40.074,40.256,153072100,6162070457.6
2010-05-19,QQQ,40.109,40.43,39.493,39.935,159000300,6349676980.5
2010-05-20,QQQ,39.155,39.259,38.366,38.453,189289800,7278760679.4
2010-05-21,QQQ,37.855,39.571,37.707,38.878,190631100,7411355905.8
2010-05-24,QQQ,38.86,39.303,38.704,38.722,113038000,4377057436.0
2010-05-25,QQQ,37.872,38.808,37.482,38.756,155643000,6032100108.0
2010-05-26,QQQ,39.025,39.511,38.253,38.323,140203200,5373007233.6
2010-05-27,QQQ,39.19,39.788,39.094,39.771,110671600,4401520203.6
2010-05-28,QQQ,39.84,39.875,39.19,39.537,128535300,5081900156.1
2010-06-01,QQQ,39.389,40.1,39.129,39.172,104242700,4083395044.4
2010-06-02,QQQ,39.398,40.126,39.129,40.1,97249300,3899696930.0
2010-06-03,QQQ,40.213,40.551,39.953,40.482,98928400,4004819488.8
2010-06-04,QQQ,39.623,40.135,38.964,39.094,112849900,4411753990.6
2010-06-07,QQQ,39.294,39.415,38.34,38.383,88436600,3394462017.8
2010-06-08,QQQ,38.453,38.566,37.794,38.314,133030100,5096915251.4
2010-06-09,QQQ,38.583,38.938,37.881,37.993,101949200,3873355955.6
2010-06-10,QQQ,38.461,39.12,38.357,39.077,76892300,3004720407.1
2010-06-11,QQQ,38.678,39.485,38.678,39.45,74346800,2932981260.0
2010-06-14,QQQ,39.814,40.092,39.372,39.441,68085000,2685340485.0
2010-06-15,QQQ,39.649,40.551,39.407,40.499,76332600,3091393967.4
2010-06-16,QQQ,40.386,40.872,40.317,40.664,78399700,3188045400.8
2010-06-17,QQQ,40.889,40.907,40.438,40.794,77111900,3145702848.6
2010-06-18,QQQ,40.871,41.123,40.706,40.828,75921400,3099718919.2
2010-06-21,QQQ,41.349,41.418,40.246,40.48,95488100,3865358288.0
2010-06-22,QQQ,40.654,40.949,40.089,40.168,94493400,3795610891.2
2010-06-23,QQQ,40.211,40.367,39.69,40.002,92397600,3696088795.2
2010-06-24,QQQ,39.829,39.95,39.264,39.394,114145900,4496663584.6
2010-06-25,QQQ,39.611,39.742,39.124,39.402,88740300,3496545300.6
2010-06-28,QQQ,39.402,39.646,39.002,39.263,71350000,2801415050.0
2010-06-29,QQQ,38.662,38.697,37.487,37.748,136384200,5148230781.6
2010-06-30,QQQ,37.627,38.01,37.113,37.174,101313200,3766216896.8
2010-07-01,QQQ,37.287,37.392,36.356,37.07,158695000,5882823650.0
2010-07-02,QQQ,37.131,37.27,36.634,36.965,78565300,2904166314.5
2010-07-06,QQQ,37.513,37.748,36.774,37.078,88591900,3284810468.2
2010-07-07,QQQ,37.2,38.306,37.165,38.262,72448400,2772020680.8
2010-07-08,QQQ,38.567,38.628,38.018,38.471,78264600,3010917426.6
2010-07-09,QQQ,38.453,38.845,38.366,38.836,47851200,1858349203.2
2010-07-12,QQQ,38.802,39.193,38.697,38.95,60927500,2373126125.0
2010-07-13,QQQ,39.289,39.602,38.993,39.454,93310500,3681472467.0
2010-07-14,QQQ,39.533,39.872,39.376,39.655,87687100,3477231950.5
2010-07-15,QQQ,39.576,39.811,39.159,39.689,95992500,3809846332.5
2010-07-16,QQQ,39.55,39.716,38.558,38.593,98831900,3814219516.7
2010-07-19,QQQ,38.706,39.002,38.384,38.923,81800800,3183932538.4
2010-07-20,QQQ,38.297,39.394,38.175,39.394,89061200,3508476912.8
2010-07-21,QQQ,39.811,39.829,38.784,38.854,83577000,3247300758.0
2010-07-22,QQQ,39.402,40.02,39.376,39.837,82890300,3302100881.1
2010-07-23,QQQ,39.568,40.125,39.498,40.09,81056100,3249539049.0
2010-07-26,QQQ,40.142,40.438,39.959,40.421,64850900,2621338228.9
2010-07-27,QQQ,40.595,40.664,40.22,40.403,67655600,2733489206.8
2010-07-28,QQQ,40.36,40.542,39.933,40.081,51988200,2083739044.2
2010-07-29,QQQ,40.316,40.394,39.385,39.785,85669500,3408361057.5
2010-07-30,QQQ,39.454,40.116,39.228,39.872,98958100,3945657363.2
2010-08-02,QQQ,40.377,40.725,40.22,40.621,68706800,2790938922.8
2010-08-03,QQQ,40.595,40.647,40.255,40.447,60856600,2461466900.2
2010-08-04,QQQ,40.629,40.899,40.473,40.856,43820600,1790334433.6
2010-08-05,QQQ,40.656,40.838,40.49,40.76,39150200,1595762152.0
2010-08-06,QQQ,40.316,40.777,40.081,40.699,71339200,2903434100.8
2010-08-09,QQQ,40.908,41.073,40.725,40.978,26927600,1103439192.8
2010-08-10,QQQ,40.647,40.864,40.281,40.621,86694500,3521617284.5
2010-08-11,QQQ,39.951,39.968,39.35,39.515,92219700,3644061445.5
2010-08-12,QQQ,38.758,39.376,38.688,39.202,66000200,2587339840.4
2010-08-13,QQQ,39.054,39.219,38.915,38.923,46387300,1805532877.9
2010-08-16,QQQ,38.732,39.263,38.558,38.993,55472900,2163054789.7
2010-08-17,QQQ,39.272,39.846,39.193,39.489,56927100,2247994251.9
2010-08-18,QQQ,39.411,39.881,39.263,39.646,61835400,2451526268.4
2010-08-19,QQQ,39.411,39.568,38.784,39.045,82969500,3239544127.5
2010-08-20,QQQ,38.984,39.193,38.767,39.098,65806700,2572910356.6
2010-08-23,QQQ,39.341,39.463,38.697,38.715,69612200,2695036323.0
2010-08-24,QQQ,38.271,38.401,37.836,37.992,79095800,3005007633.6
2010-08-25,QQQ,37.722,38.523,37.661,38.358,87247900,3346654948.2
2010-08-26,QQQ,38.488,38.575,37.862,37.896,91199000,3456077304.0
2010-08-27,QQQ,38.175,38.436,37.4,38.358,109568800,4202840030.4
2010-08-30,QQQ,38.175,38.514,37.949,37.957,49373200,1874058552.4
2010-08-31,QQQ,37.757,38.166,37.583,37.827,72066900,2726074626.3
2010-09-01,QQQ,38.384,39.089,38.358,38.958,83523100,3253892929.8
2010-09-02,QQQ,39.028,39.411,38.932,39.394,41816800,1647331019.2
2010-09-03,QQQ,39.829,40.055,39.646,40.046,64041100,2564589890.6
2010-09-07,QQQ,39.881,40.064,39.716,39.776,51195200,2036340275.2
2010-09-08,QQQ,39.89,40.429,39.881,40.255,66879800,2692246349.0
2010-09-09,QQQ,40.612,40.647,40.316,40.412,61476400,2484384276.8
2010-09-10,QQQ,40.455,40.621,40.255,40.56,66995700,2717345592.0
2010-09-13,QQQ,40.873,41.23,40.856,41.126,64523400,2653589348.4
2010-09-14,QQQ,41.073,41.517,40.978,41.3,91405800,3775059540.0
2010-09-15,QQQ,41.195,41.604,41.073,41.561,67108200,2789083900.2
2010-09-16,QQQ,41.482,41.761,41.378,41.726,66885800,2790876890.8
2010-09-17,QQQ,41.998,41.998,41.658,41.867,76372600,3197491644.2
2010-09-20,QQQ,42.025,42.688,41.972,42.6,84475000,3598635000.0
2010-09-21,QQQ,42.626,42.897,42.408,42.592,82272000,3504129024.0
2010-09-22,QQQ,42.417,42.766,42.243,42.478,88315900,3751482800.2
2010-09-23,QQQ,42.199,42.888,42.155,42.461,85040000,3610883440.0
2010-09-24,QQQ,42.941,43.351,42.879,43.324,79495900,3444080371.6
2010-09-27,QQQ,43.298,43.403,43.054,43.089,43859800,1889874922.2
2010-09-28,QQQ,43.194,43.22,42.391,43.071,104922900,4519134225.9
2010-09-29,QQQ,43.01,43.211,42.845,43.002,81679200,3512368958.4
2010-09-30,QQQ,43.22,43.481,42.531,42.81,122458600,5242452666.0
2010-10-01,QQQ,43.167,43.211,42.557,42.757,77675400,3321167077.8
2010-10-04,QQQ,42.635,42.792,42.051,42.295,71359900,3018166970.5
2010-10-05,QQQ,42.775,43.412,42.749,43.324,99301300,4302129521.2
2010-10-06,QQQ,43.272,43.368,42.67,42.949,81831200,3514568208.8
2010-10-07,QQQ,43.194,43.22,42.749,43.106,75693300,3262835389.8
2010-10-08,QQQ,43.124,43.508,42.818,43.403,83223900,3612166931.7
2010-10-11,QQQ,43.429,43.638,43.29,43.42,46880000,2035529600.0
2010-10-12,QQQ,43.351,43.804,42.975,43.717,88571700,3872089008.9
2010-10-13,QQQ,43.996,44.275,43.865,44.075,71122900,3134741817.5
2010-10-14,QQQ,44.101,44.179,43.769,43.987,68464000,3011525968.0
2010-10-15,QQQ,44.528,44.93,44.171,44.921,104654000,4701162334.0
2010-10-18,QQQ,44.93,45.122,44.755,44.755,72399400,3240235147.0
2010-10-19,QQQ,44.336,44.755,43.987,44.336,105739800,4688079772.8
2010-10-20,QQQ,44.459,44.991,44.38,44.659,80861400,3611189262.6
2010-10-21,QQQ,44.938,45.113,44.31,44.746,85885400,3843028108.4
2010-10-22,QQQ,44.755,45.095,44.677,45.052,47406900,2135775658.8
2010-10-25,QQQ,45.235,45.567,45.235,45.27,51413900,2327507253.0
2010-10-26,QQQ,45.043,45.497,44.86,45.392,60498300,2746138833.6
2010-10-27,QQQ,45.156,45.567,45.069,45.532,57483400,2617334168.8
2010-10-28,QQQ,45.724,45.758,45.226,45.628,61220000,2793346160.0
2010-10-29,QQQ,45.628,45.793,45.514,45.523,46668700,2124499230.1
2010-11-01,QQQ,45.689,46.02,45.348,45.558,60555600,2758792024.8
2010-11-02,QQQ,45.933,46.177,45.872,46.046,48137500,2216539325.0
2010-11-03,QQQ,46.09,46.273,45.68,46.256,126225800,5838700604.8
2010-11-04,QQQ,46.762,46.989,46.674,46.823,84201000,3942543423.0
2010-11-05,QQQ,46.849,46.945,46.683,46.823,77937100,3649248833.3
2010-11-08,QQQ,46.744,46.962,46.631,46.884,39623500,1857708174.0
2010-11-09,QQQ,47.067,47.146,46.422,46.631,66828700,3116289109.7
2010-11-10,QQQ,46.692,46.91,46.326,46.866,83553700,3915827704.2
2010-11-11,QQQ,46.16,46.657,45.942,46.57,85163600,3966068852.0
2010-11-12,QQQ,46.326,46.561,45.462,45.811,99164300,4542815747.3
2010-11-15,QQQ,46.046,46.134,45.619,45.636,56723400,2588629082.4
2010-11-16,QQQ,45.314,45.584,44.363,44.886,101097000,4537839942.0
2010-11-17,QQQ,44.912,45.252,44.799,45.017,77836200,3503952215.4
2010-11-18,QQQ,45.505,46.055,45.479,45.741,71488300,3269946330.3
2010-11-19,QQQ,45.68,45.881,45.488,45.776,54506100,2495071233.6
2010-11-22,QQQ,45.593,46.16,45.514,46.16,69918900,3227456424.0
2010-11-23,QQQ,45.689,45.758,45.165,45.427,76818300,3489624914.1
2010-11-24,QQQ,45.872,46.456,45.854,46.343,53444200,2476764560.6
2010-11-26,QQQ,46.046,46.352,45.95,46.038,23640300,1088352131.4
2010-11-29,QQQ,45.977,46.151,45.453,46.003,89269100,4106646407.3
2010-11-30,QQQ,45.523,46.011,45.261,45.444,118862100,5401569272.4
2010-12-01,QQQ,46.116,46.64,46.099,46.404,81758800,3793935355.2
2010-12-02,QQQ,46.474,46.945,46.422,46.875,56844600,2664590625.0
2010-12-03,QQQ,46.675,47.058,46.675,46.997,38014200,1786553357.4
2010-12-06,QQQ,47.006,47.067,46.832,46.98,39312000,1846877760.0
2010-12-07,QQQ,47.547,47.564,46.954,47.006,59067300,2776517503.8
2010-12-08,QQQ,47.128,47.242,46.84,47.18,48066900,2267796342.0
2010-12-09,QQQ,47.468,47.495,47.067,47.224,51679800,2440526875.2
2010-12-10,QQQ,47.364,47.591,47.189,47.538,44696200,2124767955.6
2010-12-13,QQQ,47.721,47.756,47.346,47.372,53110200,2515936394.4
2010-12-14,QQQ,47.495,47.652,47.311,47.46,69884800,3316732608.0
2010-12-15,QQQ,47.434,47.721,47.137,47.25,76951900,3635977275.0
2010-12-16,QQQ,47.294,47.687,47.163,47.617,65519400,3119837269.8
2010-12-17,QQQ,47.676,47.799,47.563,47.659,36844200,1755957727.8
2010-12-20,QQQ,47.746,47.868,47.344,47.694,48159600,2296923962.4
2010-12-21,QQQ,47.877,47.982,47.746,47.982,35775400,1716575242.8
2010-12-22,QQQ,47.965,48.043,47.895,47.973,35766500,1715826304.5
2010-12-23,QQQ,47.886,47.965,47.737,47.851,21664800,1036682344.8
2010-12-27,QQQ,47.711,47.956,47.388,47.877,29263700,1401058164.9
2010-12-28,QQQ,47.973,48.008,47.685,47.79,24160500,1154630295.0
2010-12-29,QQQ,47.921,47.991,47.842,47.895,24132700,1155835666.5
2010-12-30,QQQ,47.895,47.903,47.685,47.781,27553300,1316524227.3
2010-12-31,QQQ,47.72,47.746,47.388,47.606,38540100,1834740000.6
2011-01-03,QQQ,48.052,48.681,48.035,48.349,90994300,4399483410.7
2011-01-04,QQQ,48.524,48.559,48.008,48.314,43851500,2118641371.0
2011-01-05,QQQ,48.166,48.743,48.139,48.725,43787400,2133541065.0
2011-01-06,QQQ,48.778,48.917,48.673,48.882,46139600,2255395927.2
2011-01-07,QQQ,48.97,48.996,48.358,48.839,72261700,3529189166.3
2011-01-10,QQQ,48.734,49.11,48.585,49.022,55551800,2723260339.6
2011-01-11,QQQ,49.223,49.267,48.909,49.092,56663800,2781739269.6
2011-01-12,QQQ,49.328,49.442,49.127,49.442,51979300,2569960550.6
2011-01-13,QQQ,49.477,49.591,49.311,49.459,47364500,2342600805.5
2011-01-14,QQQ,49.477,49.844,49.355,49.827,43867400,2185780939.8
2011-01-18,QQQ,49.451,50.028,49.381,49.966,65805600,3288042609.6
2011-01-19,QQQ,50.054,50.054,49.232,49.398,67767200,3347564145.6
2011-01-20,QQQ,49.188,49.258,48.673,49.049,92357800,4530057732.2
2011-01-21,QQQ,49.293,49.381,48.646,48.673,59673300,2904478530.9
2011-01-24,QQQ,48.769,49.355,48.673,49.346,64103300,3163241441.8
2011-01-25,QQQ,49.101,49.433,48.996,49.416,55305100,2732956821.6
2011-01-26,QQQ,49.486,49.809,49.346,49.678,60547700,3007888640.6
2011-01-27,QQQ,49.835,50.133,49.757,49.984,53656100,2681946502.4
2011-01-28,QQQ,49.975,50.019,48.489,48.716,123359900,6009600888.4
2011-01-31,QQQ,48.786,49.092,48.419,48.952,70571300,3454606277.6
2011-02-01,QQQ,49.32,49.984,49.267,49.87,76952900,3837641123.0
2011-02-02,QQQ,49.765,49.975,49.687,49.792,48661000,2422928512.0
2011-02-03,QQQ,49.695,49.949,49.302,49.879,45341900,2261608630.1
2011-02-04,QQQ,49.87,50.194,49.739,50.159,47647800,2389966000.2
2011-02-07,QQQ,50.255,50.674,50.176,50.395,45627100,2299377704.5
2011-02-08,QQQ,50.412,50.762,50.316,50.727,38099900,1932693627.3
2011-02-09,QQQ,50.648,50.806,50.482,50.64,62540800,3167066112.0
2011-02-10,QQQ,50.307,50.788,50.255,50.718,70194700,3560134794.6
2011-02-11,QQQ,50.57,51.12,50.5,51.085,47853500,2444596047.5
2011-02-14,QQQ,51.085,51.278,51.033,51.208,48506100,2483900368.8
2011-02-15,QQQ,51.085,51.199,50.902,51.138,39723800,2031395684.4
2011-02-16,QQQ,51.269,51.61,51.251,51.47,53061700,2731085699.0
2011-02-17,QQQ,51.216,51.549,51.182,51.452,38361900,1973796478.8
2011-02-18,QQQ,51.452,51.549,51.147,51.339,44334300,2276078627.7
2011-02-22,QQQ,50.64,50.814,49.774,49.853,92598100,4616293079.3
2011-02-23,QQQ,49.853,50.028,49.066,49.442,97842900,4837548661.8
2011-02-24,QQQ,49.547,49.853,49.075,49.704,98716100,4906585034.4
2011-02-25,QQQ,49.984,50.456,49.931,50.395,54094600,2726097367.0
2011-02-28,QQQ,50.596,50.744,50.202,50.5,51402800,2595841400.0
2011-03-01,QQQ,50.718,50.718,49.564,49.687,91993900,4570900909.3
2011-03-02,QQQ,49.66,50.272,49.643,49.949,61552900,3074505802.1
2011-03-03,QQQ,50.412,51.024,50.412,50.937,64146600,3267435364.2
2011-03-04,QQQ,50.919,50.928,50.342,50.674,62328400,3158429341.6
2011-03-07,QQQ,50.884,50.928,49.538,49.993,98470000,4922810710.0
2011-03-08,QQQ,49.931,50.421,49.626,50.194,62399100,3132060425.4
2011-03-09,QQQ,50.01,50.063,49.582,49.853,84764200,4225749662.6
2011-03-10,QQQ,49.293,49.407,48.874,49.075,102894400,5049542680.0
2011-03-11,QQQ,48.795,49.529,48.795,49.381,81679400,4033410451.4
2011-03-14,QQQ,49.11,49.468,48.83,49.206,73565800,3619878754.8
2011-03-15,QQQ,47.764,48.795,47.615,48.507,101276500,4912619185.5
2011-03-16,QQQ,48.105,48.375,47.003,47.335,176507700,8354991979.5
2011-03-17,QQQ,48.087,48.288,47.318,47.772,94434500,4511324934.0
2011-03-18,QQQ,48.339,48.339,47.63,47.665,94887200,4522798388.0
2011-03-21,QQQ,48.391,48.829,47.708,48.584,57423000,2789839032.0
2011-03-22,QQQ,48.654,48.68,48.391,48.496,36162100,1753717201.6
2011-03-23,QQQ,48.321,48.908,47.989,48.768,60365100,2943885196.8
2011-03-24,QQQ,49.135,49.739,48.864,49.634,69502400,3449682121.6
2011-03-25,QQQ,49.792,50.089,49.661,49.757,74131100,3688541142.7
2011-03-28,QQQ,49.976,49.984,49.459,49.485,37824000,1871720640.0
2011-03-29,QQQ,49.372,49.967,49.223,49.967,47994800,2398156171.6
2011-03-30,QQQ,50.212,50.273,49.967,50.203,44935900,2255916987.7
2011-03-31,QQQ,50.116,50.317,50.028,50.273,50004300,2513866173.9
2011-04-01,QQQ,50.527,50.685,50.151,50.3,68031800,3421999540.0
2011-04-04,QQQ,50.44,50.492,49.914,50.133,48659100,2439426660.3
2011-04-05,QQQ,50.037,50.326,49.897,50.002,55349400,2767580698.8
2011-04-06,QQQ,50.387,50.536,49.836,50.124,49532100,2482746980.4
2011-04-07,QQQ,50.107,50.422,49.731,50.089,60697000,3040252033.0
2011-04-08,QQQ,50.317,50.396,49.59,49.853,42782200,2132821016.6
2011-04-11,QQQ,50.046,50.151,49.512,49.687,42451700,2109297617.9
2011-04-12,QQQ,49.459,49.582,49.153,49.345,50422800,2488113066.0
2011-04-13,QQQ,49.713,49.897,49.372,49.766,49979800,2487294726.8
2011-04-14,QQQ,49.424,49.748,49.223,49.678,53544100,2659963799.8
2011-04-15,QQQ,49.485,49.783,49.267,49.59,68530000,3398402700.0
2011-04-18,QQQ,49.092,49.258,48.426,49.24,69065000,3400760600.0
2011-04-19,QQQ,49.372,49.547,49.109,49.547,38608400,1912930394.8
2011-04-20,QQQ,50.422,50.72,50.361,50.667,67397500,3414829132.5
2011-04-21,QQQ,51.157,51.184,50.912,51.07,43666800,2230063476.0
2011-04-25,QQQ,51.114,51.227,51.017,51.201,25376800,1299317536.8
2011-04-26,QQQ,51.333,51.674,51.219,51.49,49400000,2543606000.0
2011-04-27,QQQ,51.586,51.902,51.35,51.84,56465500,2927171520.0
2011-04-28,QQQ,51.683,51.849,51.543,51.761,48100000,2489704100.0
2011-04-29,QQQ,51.665,51.902,51.63,51.718,44831200,2318580001.6
2011-05-02,QQQ,51.796,51.945,51.49,51.621,48149400,2485520177.4
2011-05-03,QQQ,51.595,51.648,51.061,51.376,38100000,1957425600.0
2011-05-04,QQQ,51.403,51.534,50.869,51.297,53097200,2723727068.4
2011-05-05,QQQ,51.044,51.621,50.842,51.017,72200000,3683427400.0
2011-05-06,QQQ,51.525,51.823,51.044,51.184,72507000,3711198288.0
2011-05-09,QQQ,51.271,51.578,51.07,51.376,40022000,2056170272.0
2011-05-10,QQQ,51.525,51.893,51.455,51.814,38053600,1971709230.4
2011-05-11,QQQ,51.735,51.919,51.087,51.438,61900000,3184012200.0
2011-05-12,QQQ,51.28,51.814,50.982,51.744,66100000,3420278400.0
2011-05-13,QQQ,51.621,51.709,51.114,51.131,63506600,3247155964.6
2011-05-16,QQQ,50.895,51.052,50.133,50.247,73115300,3673824479.1
2011-05-17,QQQ,49.984,50.396,49.879,50.387,63136000,3181233632.0
2011-05-18,QQQ,50.317,50.895,50.256,50.807,42351100,2151732337.7
2011-05-19,QQQ,50.965,51.07,50.641,50.956,35015800,1784265104.8
2011-05-20,QQQ,50.904,50.956,50.501,50.571,44703300,2260690584.3
2011-05-23,QQQ,49.879,50.028,49.59,49.827,43700000,2177439900.0
2011-05-24,QQQ,49.949,49.958,49.512,49.52,39314800,1946868896.0
2011-05-25,QQQ,49.459,49.949,49.433,49.713,41369000,2056577097.0
2011-05-26,QQQ,49.564,50.159,49.555,50.019,40564100,2028975717.9
2011-05-27,QQQ,50.107,50.326,50.063,50.273,30127200,1514584725.6
2011-05-31,QQQ,50.746,51.087,50.483,51.087,47590100,2431235438.7
2011-06-01,QQQ,50.965,51.087,49.932,49.976,51795000,2588506920.0
2011-06-02,QQQ,50.072,50.256,49.801,50.081,50198100,2513971046.1
2011-06-03,QQQ,49.503,49.888,49.258,49.328,57773700,2849861073.6
2011-06-06,QQQ,49.214,49.485,48.899,48.925,50175600,2454841230.0
2011-06-07,QQQ,49.057,49.249,48.803,48.838,46311100,2261741501.8
2011-06-08,QQQ,48.733,48.82,48.347,48.488,46426400,2251123283.2
2011-06-09,QQQ,48.505,48.811,48.347,48.575,45307500,2200811812.5
2011-06-10,QQQ,48.347,48.444,47.787,47.831,53740600,2570466638.6
2011-06-13,QQQ,47.857,48.085,47.665,47.831,37736800,1804988880.8
2011-06-14,QQQ,48.199,48.558,48.172,48.444,40565300,1965145393.2
2011-06-15,QQQ,47.98,48.277,47.428,47.525,59022400,2805039560.0
2011-06-16,QQQ,47.551,47.708,46.938,47.341,66316200,3139475224.2
2011-06-17,QQQ,47.728,47.903,47.052,47.192,70337000,3319343704.0
2011-06-20,QQQ,47.061,47.579,47.061,47.438,37402900,1774318770.2
2011-06-21,QQQ,47.605,48.509,47.403,48.456,55892800,2708341516.8
2011-06-22,QQQ,48.254,48.535,48.096,48.105,36833300,1771865896.5
2011-06-23,QQQ,47.587,48.579,47.429,48.552,80743300,3920248701.6
2011-06-24,QQQ,48.324,48.368,47.614,47.71,56298300,2685991893.0
2011-06-27,QQQ,47.763,48.719,47.657,48.473,49968900,2422142489.7
2011-06-28,QQQ,48.579,49.202,48.508,49.193,47028800,2313487758.4
2011-06-29,QQQ,49.307,49.491,49.044,49.395,65407300,3230793583.5
2011-06-30,QQQ,49.57,50.088,49.544,50.053,50347200,2520028401.6
2011-07-01,QQQ,50.079,50.877,49.939,50.807,53203900,2703130547.3
2011-07-05,QQQ,50.86,51.114,50.737,51.062,43128800,2202242785.6
2011-07-06,QQQ,51.0,51.316,50.833,51.228,49282700,2524654155.6
2011-07-07,QQQ,51.614,52.079,51.535,51.93,54799800,2845753614.0
2011-07-08,QQQ,51.483,51.799,51.211,51.79,69519500,3600414905.0
2011-07-11,QQQ,51.246,51.509,50.676,50.851,52080800,2648360760.8
2011-07-12,QQQ,50.842,50.948,50.412,50.465,84000700,4239095325.5
2011-07-13,QQQ,50.833,51.184,50.491,50.676,82378100,4174592595.6
2011-07-14,QQQ,50.807,51.044,49.895,50.088,98774200,4947402129.6
2011-07-15,QQQ,50.649,50.755,50.281,50.755,68281500,3465627532.5
2011-07-18,QQQ,50.474,50.702,49.991,50.483,59512200,3004354392.6
2011-07-19,QQQ,50.965,51.676,50.965,51.632,73904600,3815842307.2
2011-07-20,QQQ,51.921,51.93,51.325,51.413,57085500,2934936811.5
2011-07-21,QQQ,51.465,52.044,51.184,51.755,70148800,3630551144.0
2011-07-22,QQQ,51.728,52.378,51.693,52.29,43620400,2280910716.0
2011-07-25,QQQ,51.878,52.474,51.781,52.185,48916100,2552686678.5
2011-07-26,QQQ,52.149,52.492,52.044,52.316,40918900,2140713172.4
2011-07-27,QQQ,51.974,52.018,50.833,50.965,83969500,4279505567.5
2011-07-28,QQQ,50.991,51.702,50.79,51.053,61031900,3115861590.7
2011-07-29,QQQ,50.64,51.421,50.395,50.886,82860500,4216439403.0
2011-08-01,QQQ,51.5,51.606,50.035,50.649,85421100,4326493293.9
2011-08-02,QQQ,50.412,50.64,49.316,49.368,90853300,4485245714.4
2011-08-03,QQQ,49.43,49.903,48.561,49.842,103612300,5164244256.6
2011-08-04,QQQ,49.131,49.21,47.526,47.526,132830000,6312878580.0
2011-08-05,QQQ,48.008,48.28,45.903,47.228,214111800,10112072090.4
2011-08-08,QQQ,45.78,46.605,44.385,44.385,204804500,9090247732.5
2011-08-09,QQQ,45.052,46.57,43.806,46.526,193707100,9012416534.6
2011-08-10,QQQ,45.473,46.534,44.569,44.622,205917900,9188468533.8
2011-08-11,QQQ,45.262,47.105,45.043,46.587,143825300,6700389251.1
2011-08-12,QQQ,46.877,47.289,46.394,46.999,90483300,4252624616.7
2011-08-15,QQQ,47.192,47.693,46.964,47.693,73554300,3508025229.9
2011-08-16,QQQ,47.228,47.684,46.657,47.289,89219200,4219086748.8
2011-08-17,QQQ,47.35,47.745,46.517,47.008,84416600,3968255532.8
2011-08-18,QQQ,45.736,45.745,44.288,44.701,130019400,5811997199.4
2011-08-19,QQQ,44.236,45.333,43.859,43.894,96674600,4243434892.4
2011-08-22,QQQ,44.946,44.955,43.92,44.052,77107700,3396748400.4
2011-08-23,QQQ,44.35,45.868,44.166,45.868,75688400,3471675531.2
2011-08-24,QQQ,45.736,46.315,45.368,46.227,80197700,3707299077.9
2011-08-25,QQQ,46.201,46.412,45.315,45.473,93623700,4257350510.1
2011-08-26,QQQ,45.324,46.771,44.876,46.613,91573300,4268506232.9
2011-08-29,QQQ,47.078,47.965,47.061,47.912,45985800,2203271649.6
2011-08-30,QQQ,47.736,48.517,47.473,48.228,61617900,2971708081.2
2011-08-31,QQQ,48.517,48.903,47.903,48.307,60900400,2941915622.8
2011-09-01,QQQ,48.43,48.816,47.78,47.868,57158400,2736058291.2
2011-09-02,QQQ,47.008,47.912,46.491,46.745,58185700,2719890546.5
2011-09-06,QQQ,45.657,46.824,45.543,46.754,52992200,2477597318.8
2011-09-07,QQQ,47.421,47.947,47.289,47.938,48952200,2346670563.6
2011-09-08,QQQ,47.693,48.403,47.561,47.719,61422800,2931034593.2
2011-09-09,QQQ,47.386,47.587,46.368,46.657,63663500,2970347919.5
2011-09-12,QQQ,46.14,47.289,46.122,47.254,65973000,3117488142.0
2011-09-13,QQQ,47.429,47.982,47.201,47.886,59020000,2826231720.0
2011-09-14,QQQ,48.131,49.114,47.657,48.57,90757300,4408082061.0
2011-09-15,QQQ,49.096,49.377,48.596,49.289,83536100,4117410832.9
2011-09-16,QQQ,49.398,49.794,49.302,49.741,91902100,4571302356.1
2011-09-19,QQQ,49.126,50.022,48.722,49.759,73042900,3634541661.1
2011-09-20,QQQ,50.014,50.409,49.425,49.539,66570100,3297816183.9
2011-09-21,QQQ,49.794,50.04,48.669,48.678,79938000,3891221964.0
2011-09-22,QQQ,47.438,47.869,46.366,47.095,151885500,7153047622.5
2011-09-23,QQQ,46.7,47.799,46.665,47.596,85940600,4090428797.6
2011-09-26,QQQ,47.834,48.238,46.77,48.15,96261400,4634986410.0
2011-09-27,QQQ,48.968,49.398,48.326,48.651,81148600,3947960538.6
2011-09-28,QQQ,48.862,49.196,47.816,47.93,76757100,3678967803.0
2011-09-29,QQQ,48.66,48.722,46.559,47.359,116900200,5536276571.8
2011-09-30,QQQ,46.726,47.122,46.111,46.137,104870100,4838391803.7
2011-10-03,QQQ,45.724,46.454,44.924,44.951,99149500,4456869174.5
2011-10-04,QQQ,44.494,45.962,44.037,45.874,137013700,6285366473.8
2011-10-05,QQQ,45.759,47.183,45.408,47.051,108825700,5120358010.7
2011-10-06,QQQ,46.99,47.851,46.77,47.843,71939200,3441787145.6
2011-10-07,QQQ,47.816,48.045,47.218,47.526,72525200,3446832655.2
2011-10-10,QQQ,48.335,49.17,48.247,49.17,48230200,2371478934.0
2011-10-11,QQQ,49.038,49.627,48.959,49.504,66449100,3289496246.4
2011-10-12,QQQ,49.978,50.304,49.715,49.75,85627600,4259973100.0
2011-10-13,QQQ,49.653,50.269,49.6,50.207,63443700,3185317845.9
2011-10-14,QQQ,50.822,51.147,50.55,51.139,65643600,3356948060.4
2011-10-17,QQQ,50.901,51.06,50.075,50.348,65161300,3280741132.4
2011-10-18,QQQ,50.269,51.235,49.803,50.972,91434600,4660604431.2
2011-10-19,QQQ,50.69,50.849,49.82,49.987,67639400,3381090687.8
2011-10-20,QQQ,49.978,50.031,49.038,49.741,80378300,3998097020.3
2011-10-21,QQQ,50.269,50.682,49.908,50.365,60455800,3044856367.0
2011-10-24,QQQ,50.55,51.552,50.374,51.411,61449500,3159180244.5
2011-10-25,QQQ,51.244,51.262,50.295,50.4,65299200,3291079680.0
2011-10-26,QQQ,50.682,50.787,49.407,50.339,98193800,4942977698.2
2011-10-27,QQQ,51.543,52.035,51.007,51.728,104455500,5403274104.0
2011-10-28,QQQ,51.438,51.868,51.42,51.807,42950000,2225110650.0
2011-10-31,QQQ,51.358,51.543,50.901,50.937,60520200,3082717427.4
2011-11-01,QQQ,49.68,50.901,49.328,49.609,99933000,4957576197.0
2011-11-02,QQQ,50.128,50.242,49.557,50.031,65003800,3252205117.8
2011-11-03,QQQ,50.427,51.139,49.847,51.068,78994200,4034075805.6
2011-11-04,QQQ,50.822,51.024,50.295,50.805,61527800,3125919879.0
2011-11-07,QQQ,50.77,51.2,50.251,51.165,65559000,3354326235.0
2011-11-08,QQQ,51.534,51.842,50.954,51.754,62906900,3255683702.6
2011-11-09,QQQ,50.752,50.831,49.776,49.935,69539000,3472429965.0
2011-11-10,QQQ,50.427,50.471,49.425,49.908,66052400,3296543179.2
2011-11-11,QQQ,50.339,50.998,50.277,50.849,54471000,2769795879.0
2011-11-14,QQQ,50.708,50.989,50.348,50.532,44617600,2254616563.2
2011-11-15,QQQ,50.383,51.297,50.33,51.095,52203900,2667358270.5
2011-11-16,QQQ,50.726,51.121,50.154,50.251,68342800,3434294042.8
2011-11-17,QQQ,50.119,50.137,48.765,49.073,101706900,4991062703.7
2011-11-18,QQQ,49.082,49.135,48.607,48.695,60417000,2942005815.0
2011-11-21,QQQ,48.036,48.106,47.271,47.763,52283700,2497226363.1
2011-11-22,QQQ,47.64,48.062,47.35,47.922,51940100,2489073472.2
2011-11-23,QQQ,47.561,47.614,46.814,46.841,48437300,2268851569.3
2011-11-25,QQQ,46.638,47.175,46.471,46.48,25448100,1182827688.0
2011-11-28,QQQ,47.614,48.159,47.588,48.097,46710700,2246644537.9
2011-11-29,QQQ,48.071,48.431,47.658,47.799,52056700,2488258203.3
2011-11-30,QQQ,49.099,49.609,48.932,49.565,66918600,3316820409.0
2011-12-01,QQQ,49.557,50.04,49.53,49.908,45362200,2263936677.6
2011-12-02,QQQ,50.4,50.4,49.724,49.767,36938900,1838338236.3
2011-12-05,QQQ,50.515,50.646,50.031,50.312,40492200,2037243566.4
2011-12-06,QQQ,50.356,50.497,50.005,50.172,38670000,1940151240.0
2011-12-07,QQQ,50.031,50.4,49.53,50.172,44576200,2236477106.4
2011-12-08,QQQ,49.847,50.233,49.231,49.328,51692600,2549892572.8
2011-12-09,QQQ,49.451,50.269,49.433,50.119,55757900,2794530190.1
2011-12-12,QQQ,49.592,50.11,49.135,49.557,55411700,2746037616.9
2011-12-13,QQQ,49.882,50.084,48.809,49.012,68557700,3360149992.4
2011-12-14,QQQ,48.827,48.862,47.974,48.247,63682800,3072504051.6
2011-12-15,QQQ,48.66,48.713,48.045,48.115,58732900,2825933483.5
2011-12-16,QQQ,48.372,49.024,48.283,48.363,60978900,2949122540.7
2011-12-19,QQQ,48.548,48.662,47.754,47.887,46733900,2237946269.3
2011-12-20,QQQ,48.662,49.368,48.636,49.306,81758800,4031199392.8
2011-12-21,QQQ,49.015,49.05,48.037,48.601,78552300,3817720332.3
2011-12-22,QQQ,48.707,49.042,48.636,49.015,40334100,1976975911.5
2011-12-23,QQQ,49.112,49.438,48.997,49.438,26594600,1314783834.8
2011-12-27,QQQ,49.402,49.781,49.349,49.623,21443500,1064090800.5
2011-12-28,QQQ,49.561,49.64,48.917,49.049,38180100,1872695724.9
2011-12-29,QQQ,49.129,49.437,48.97,49.402,28077900,1387104415.8
2011-12-30,QQQ,49.296,49.517,49.252,49.261,21832400,1075485856.4
2012-01-03,QQQ,50.214,50.461,50.073,50.205,39514100,1983805390.5
2012-01-04,QQQ,50.126,50.487,49.905,50.417,29403400,1482431217.8
2012-01-05,QQQ,50.311,50.876,50.117,50.831,41260600,2097317558.6
2012-01-06,QQQ,50.84,51.123,50.646,51.008,46325200,2362955801.6
2012-01-09,QQQ,51.14,51.158,50.673,50.84,39195500,1992699220.0
2012-01-10,QQQ,51.379,51.529,50.858,51.211,35949900,1841030328.9
2012-01-11,QQQ,51.202,51.431,51.008,51.317,37144100,1906123779.7
2012-01-12,QQQ,51.431,51.59,51.052,51.52,26188300,1349221216.0
2012-01-13,QQQ,51.246,51.352,50.893,51.334,35980400,1847017853.6
2012-01-17,QQQ,51.784,52.023,51.608,51.802,41790800,2164847021.6
2012-01-18,QQQ,51.899,52.49,51.776,52.49,48692700,2555879823.0
2012-01-19,QQQ,52.729,52.914,52.631,52.817,47774500,2523305766.5
2012-01-20,QQQ,52.587,52.764,52.552,52.737,41041700,2164416132.9
2012-01-23,QQQ,52.746,53.126,52.446,52.755,40958300,2160755116.5
2012-01-24,QQQ,52.517,52.799,52.42,52.658,38440200,2024184051.6
2012-01-25,QQQ,53.17,53.452,52.79,53.32,61591800,3284074776.0
2012-01-26,QQQ,53.549,53.646,52.878,53.134,37852700,2011265361.8
2012-01-27,QQQ,53.02,53.39,52.993,53.293,45532300,2426552863.9
2012-01-30,QQQ,52.843,53.417,52.64,53.337,42797800,2282706258.6
2012-01-31,QQQ,53.602,53.699,53.064,53.408,51449600,2747820236.8
2012-02-01,QQQ,53.717,54.034,53.523,53.84,46146700,2484538328.0
2012-02-02,QQQ,54.017,54.184,53.796,54.008,46373600,2504545388.8
2012-02-03,QQQ,54.511,54.811,54.423,54.749,36453800,1995809096.2
2012-02-06,QQQ,54.546,54.723,54.405,54.705,28541300,1561351816.5
2012-02-07,QQQ,54.661,54.926,54.414,54.82,37935700,2079635074.0
2012-02-08,QQQ,54.828,55.111,54.626,55.111,41171100,2268980492.1
2012-02-09,QQQ,55.323,55.57,54.987,55.508,46856400,2600905051.2
2012-02-10,QQQ,55.111,55.27,54.926,55.12,58090500,3201948360.0
2012-02-13,QQQ,55.534,55.702,55.278,55.631,36810200,2047788236.2
2012-02-14,QQQ,55.508,55.781,55.314,55.773,51648200,2880575058.6
2012-02-15,QQQ,56.037,56.346,55.296,55.384,105709100,5854592794.4
2012-02-16,QQQ,55.402,56.205,55.261,56.143,83642300,4695929648.9
2012-02-17,QQQ,56.152,56.196,55.72,55.967,76112300,4259777094.1
2012-02-21,QQQ,56.028,56.373,55.773,56.126,38141300,2140718603.8
2012-02-22,QQQ,56.02,56.187,55.79,55.87,43174700,2412170489.0
2012-02-23,QQQ,55.94,56.302,55.667,56.24,54250000,3051020000.0
2012-02-24,QQQ,56.399,56.531,56.293,56.434,41364900,2334386766.6
2012-02-27,QQQ,56.125,56.699,55.878,56.514,42678500,2411932749.0
2012-02-28,QQQ,56.567,57.087,56.496,57.087,43717500,2495700922.5
2012-02-29,QQQ,57.131,57.317,56.646,56.831,59784400,3397607236.4
2012-03-01,QQQ,57.043,57.334,56.875,57.281,67558900,3869841350.9
2012-03-02,QQQ,57.202,57.423,57.052,57.237,33358200,1909323293.4
2012-03-05,QQQ,57.202,57.273,56.461,56.646,45788800,2593752364.8
2012-03-06,QQQ,56.09,56.223,55.79,56.09,54638600,3064679074.0
2012-03-07,QQQ,56.355,56.655,56.267,56.523,42741800,2415894761.4
2012-03-08,QQQ,56.858,57.299,56.734,57.131,43711100,2497258854.1
2012-03-09,QQQ,57.228,57.475,57.193,57.37,43117200,2473633764.0
2012-03-12,QQQ,57.352,57.449,57.105,57.396,32687300,1876120270.8
2012-03-13,QQQ,57.705,58.464,57.59,58.464,61559100,3598991222.4
2012-03-14,QQQ,58.525,58.887,58.305,58.667,59926900,3515731442.3
2012-03-15,QQQ,58.843,58.958,58.543,58.834,65531200,3855462620.8
2012-03-16,QQQ,58.925,58.925,58.651,58.793,53023100,3117387118.3
2012-03-19,QQQ,58.89,59.35,58.731,59.208,60966200,3609686769.6
2012-03-20,QQQ,58.899,59.376,58.74,59.314,47290600,2804994648.4
2012-03-21,QQQ,59.323,59.65,59.243,59.323,39648100,2352044236.3
2012-03-22,QQQ,58.97,59.341,58.934,59.199,56953900,3371613926.1
2012-03-23,QQQ,59.27,59.288,58.828,59.164,45541700,2694429138.8
2012-03-26,QQQ,59.562,60.198,59.509,60.198,40855300,2459407349.4
2012-03-27,QQQ,60.242,60.534,60.216,60.286,37278200,2247353565.2
2012-03-28,QQQ,60.322,60.552,59.694,60.048,44421900,2667446251.2
2012-03-29,QQQ,59.747,60.039,59.394,59.818,53975300,3228694495.4
2012-03-30,QQQ,60.083,60.118,59.464,59.703,39480900,2357128172.7
2012-04-02,QQQ,59.641,60.401,59.535,60.322,40031600,2414786175.2
2012-04-03,QQQ,60.375,60.587,59.968,60.304,45539900,2746238129.6
2012-04-04,QQQ,59.853,59.889,59.137,59.482,54088100,3217268364.2
2012-04-05,QQQ,59.376,59.906,59.332,59.853,42979900,2572475954.7
2012-04-09,QQQ,59.111,59.641,59.005,59.403,36908200,2192457804.6
2012-04-10,QQQ,59.376,59.606,58.262,58.448,69254200,4047769481.6
2012-04-11,QQQ,58.961,59.12,58.581,58.731,62950000,3697116450.0
2012-04-12,QQQ,58.846,59.464,58.757,59.403,57407400,3410171782.2
2012-04-13,QQQ,59.199,59.394,58.475,58.501,55227500,3230863977.5
2012-04-16,QQQ,58.793,58.828,57.661,57.847,57588000,3331293036.0
2012-04-17,QQQ,58.095,59.208,58.006,59.023,47362400,2795470935.2
2012-04-18,QQQ,58.855,59.217,58.696,58.872,42536100,2504185279.2
2012-04-19,QQQ,58.66,59.367,57.997,58.209,81110900,4721384378.1
2012-04-20,QQQ,58.528,58.784,57.962,58.05,59906900,3477595545.0
2012-04-23,QQQ,57.502,57.608,56.999,57.52,70514400,4055988288.0
2012-04-24,QQQ,57.414,57.653,56.963,57.211,49661500,2841184076.5
2012-04-25,QQQ,58.395,58.766,58.307,58.731,57526900,3378612363.9
2012-04-26,QQQ,58.722,59.208,58.642,59.076,41799500,2469347262.0
2012-04-27,QQQ,59.323,59.615,59.014,59.429,46003800,2733959830.2
2012-04-30,QQQ,59.252,59.367,58.961,59.005,37787700,2229663238.5
2012-05-01,QQQ,58.943,59.774,58.855,59.102,37643800,2224823867.6
2012-05-02,QQQ,58.81,59.314,58.669,59.27,38299300,2269999511.0
2012-05-03,QQQ,59.305,59.35,58.492,58.642,51297600,3008193859.2
2012-05-04,QQQ,58.103,58.642,57.175,57.184,107554000,6150367936.0
2012-05-07,QQQ,56.839,57.511,56.822,57.237,50267800,2877178068.6
2012-05-08,QQQ,56.875,57.22,56.106,57.025,72659700,4143419392.5
2012-05-09,QQQ,56.362,57.166,56.132,56.848,85715300,4872743374.4
2012-05-10,QQQ,57.105,57.122,56.521,56.733,49448900,2805384443.7
2012-05-11,QQQ,56.539,57.326,56.486,56.725,47099900,2671741827.5
2012-05-14,QQQ,56.238,56.636,56.106,56.194,46360000,2605153840.0
2012-05-15,QQQ,56.345,56.804,55.911,56.009,66908600,3747483777.4
2012-05-16,QQQ,56.203,56.371,55.514,55.629,52825900,2938651991.1
2012-05-17,QQQ,55.646,55.735,54.444,54.453,62253900,3389911616.7
2012-05-18,QQQ,54.621,54.762,53.702,53.746,79496500,4272618889.0
2012-05-21,QQQ,53.852,55.302,53.781,55.249,61473000,3396321777.0
2012-05-22,QQQ,55.408,55.637,54.789,55.187,62954800,3474286547.6
2012-05-23,QQQ,54.718,55.425,54.241,55.293,56951100,3148997172.3
2012-05-24,QQQ,55.372,55.425,54.524,54.93,83131200,4566396816.0
2012-05-25,QQQ,54.983,55.081,54.701,54.86,32078900,1759848454.0
2012-05-29,QQQ,55.372,55.814,55.045,55.558,44216700,2456591418.6
2012-05-30,QQQ,55.054,55.284,54.515,55.089,56431800,3108771430.2
2012-05-31,QQQ,55.019,55.16,54.435,54.851,55260100,3031071745.1
2012-06-01,QQQ,53.861,54.197,53.375,53.392,71430800,3813833273.6
2012-06-04,QQQ,53.543,53.879,53.065,53.799,74119500,3987554980.5
2012-06-05,QQQ,53.613,54.126,53.587,54.02,47916900,2588470938.0
2012-06-06,QQQ,54.427,55.302,54.374,55.257,58781800,3248105922.6
2012-06-07,QQQ,55.841,55.841,54.992,55.036,38414800,2114196932.8
2012-06-08,QQQ,54.948,55.637,54.762,55.567,39730800,2207721363.6
2012-06-11,QQQ,55.991,56.017,54.595,54.63,51008900,2786616207.0
2012-06-12,QQQ,54.886,55.319,54.515,55.293,48802600,2698442161.8
2012-06-13,QQQ,55.134,55.549,54.727,54.913,50840100,2791782411.3
2012-06-14,QQQ,54.904,55.337,54.621,55.116,65170600,3591942789.6
2012-06-15,QQQ,55.269,55.88,55.243,55.801,41536100,2317755916.1
2012-06-18,QQQ,55.57,56.465,55.482,56.323,32191200,1813104957.6
2012-06-19,QQQ,56.607,57.147,56.563,56.908,36476500,2075804662.0
2012-06-20,QQQ,57.032,57.2,56.527,56.952,51389700,2926746194.4
2012-06-21,QQQ,56.908,56.97,55.473,55.535,42492700,2359832094.5
2012-06-22,QQQ,55.721,56.191,55.57,56.12,29504200,1655775704.0
2012-06-25,QQQ,55.659,55.677,54.879,55.039,33136400,1823794319.6
2012-06-26,QQQ,55.225,55.544,54.977,55.384,30611100,1695365162.4
2012-06-27,QQQ,55.597,55.969,55.535,55.721,35705800,1989562881.8
2012-06-28,QQQ,55.305,55.34,54.516,55.101,49793400,2743666133.4
2012-06-29,QQQ,56.164,56.837,55.996,56.837,44761300,2544098008.1
2012-07-02,QQQ,56.917,57.032,56.58,57.006,33425600,1905459753.6
2012-07-03,QQQ,57.041,57.484,56.952,57.484,15895100,913713928.4
2012-07-05,QQQ,57.431,57.803,57.121,57.519,37016200,2129134807.8
2012-07-06,QQQ,57.254,57.307,56.385,56.802,40684100,2310938248.2
2012-07-09,QQQ,56.74,56.926,56.412,56.695,35628300,2019946468.5
2012-07-10,QQQ,57.006,57.147,55.916,56.137,47365700,2658968300.9
2012-07-11,QQQ,56.067,56.217,55.367,55.827,43432000,2424678264.0
2012-07-12,QQQ,55.384,55.535,54.8,55.305,57680400,3190014522.0
2012-07-13,QQQ,55.455,56.27,55.42,56.146,32357200,1816727351.2
2012-07-16,QQQ,56.022,56.27,55.765,55.987,27621400,1546439321.8
2012-07-17,QQQ,56.341,56.465,55.482,56.279,42467800,2390045316.2
2012-07-18,QQQ,56.173,57.209,56.155,57.041,44489700,2537736977.7
2012-07-19,QQQ,57.44,57.856,57.333,57.67,53017800,3057536526.0
2012-07-20,QQQ,57.652,57.67,56.882,56.908,40573100,2308933974.8
2012-07-23,QQQ,55.801,56.412,55.376,56.217,48657800,2735395542.6
2012-07-24,QQQ,56.315,56.394,55.411,55.774,57269700,3194160247.8
2012-07-25,QQQ,55.34,55.765,55.057,55.402,46264400,2563140288.8
2012-07-26,QQQ,56.199,56.456,55.783,56.137,41928200,2353723363.4
2012-07-27,QQQ,56.545,57.572,56.377,57.466,42621000,2449258386.0
2012-07-30,QQQ,57.608,57.856,57.227,57.422,37821300,2171774688.6
2012-07-31,QQQ,57.51,57.741,57.351,57.404,34588300,1985506773.2
2012-08-01,QQQ,57.812,57.829,57.006,57.236,30920200,1769748567.2
2012-08-02,QQQ,56.802,57.599,56.616,57.032,40534900,2311786416.8
2012-08-03,QQQ,57.953,58.361,57.75,58.113,42117400,2447568466.2
2012-08-06,QQQ,58.414,58.813,58.29,58.556,23523600,1377447921.6
2012-08-07,QQQ,58.804,59.282,58.715,59.043,28223300,1666388301.9
2012-08-08,QQQ,58.892,59.14,58.795,59.016,20723500,1223018076.0
2012-08-09,QQQ,59.008,59.273,58.901,59.194,20726200,1226866682.8
2012-08-10,QQQ,58.981,59.247,58.83,59.229,20312000,1203059448.0
2012-08-13,QQQ,59.211,59.38,58.91,59.371,19890300,1180907001.3
2012-08-14,QQQ,59.592,59.716,59.229,59.397,24218700,1438518123.9
2012-08-15,QQQ,59.353,59.637,59.344,59.548,29100400,1732870619.2
2012-08-16,QQQ,59.769,60.39,59.699,60.257,35699900,2151168874.3
2012-08-17,QQQ,60.39,60.531,60.248,60.522,22584800,1366877265.6
2012-08-20,QQQ,60.478,60.62,60.239,60.611,26924000,1631890564.0
2012-08-21,QQQ,60.77,61.018,60.133,60.372,41391000,2498857452.0
2012-08-22,QQQ,60.239,60.735,60.071,60.62,44555700,2700966534.0
2012-08-23,QQQ,60.345,60.54,59.964,60.124,28800400,1731595249.6
2012-08-24,QQQ,59.982,60.638,59.885,60.496,38384800,2322126860.8
2012-08-27,QQQ,60.753,60.832,60.46,60.593,20671400,1252542140.2
2012-08-28,QQQ,60.54,60.762,60.336,60.593,27337900,1656485374.7
2012-08-29,QQQ,60.593,60.744,60.336,60.593,26672400,1616160733.2
2012-08-30,QQQ,60.328,60.354,59.885,59.982,24425400,1465084342.8
2012-08-31,QQQ,60.416,60.638,59.769,60.381,42128000,2543730768.0
2012-09-04,QQQ,60.266,60.549,59.725,60.319,32017200,1931245486.8
2012-09-05,QQQ,60.292,60.549,60.097,60.257,26129300,1574473230.1
2012-09-06,QQQ,60.629,61.612,60.611,61.594,43100000,2654701400.0
2012-09-07,QQQ,61.453,61.612,61.329,61.506,32958600,2027151651.6
2012-09-10,QQQ,61.346,61.479,60.673,60.717,25490000,1547676330.0
2012-09-11,QQQ,60.726,60.965,60.522,60.62,29810100,1807088262.0
2012-09-12,QQQ,60.841,60.957,60.425,60.797,42203400,2565840109.8
2012-09-13,QQQ,60.85,61.887,60.788,61.621,45417800,2798690253.8
2012-09-14,QQQ,61.842,62.392,61.825,62.17,38880300,2417188251.0
2012-09-17,QQQ,62.206,62.223,61.975,62.197,31798400,1977765084.8
2012-09-18,QQQ,62.037,62.276,62.028,62.25,27169800,1691320050.0
2012-09-19,QQQ,62.241,62.524,62.064,62.365,36484600,2275362079.0
2012-09-20,QQQ,62.064,62.365,61.896,62.303,42520200,2649136020.6
2012-09-21,QQQ,62.614,62.667,62.259,62.321,23678500,1475667798.5
2012-09-24,QQQ,61.806,62.063,61.672,61.957,32341600,2003788511.2
2012-09-25,QQQ,62.116,62.259,61.059,61.086,41299600,2522827365.6
2012-09-26,QQQ,61.006,61.041,60.277,60.588,32770400,1985492995.2
2012-09-27,QQQ,60.739,61.566,60.633,61.424,25339500,1556453448.0
2012-09-28,QQQ,61.219,61.406,60.864,60.917,30112600,1834369254.2
2012-10-01,QQQ,61.21,61.592,60.633,60.828,37715300,2294146268.4
2012-10-02,QQQ,61.095,61.281,60.526,61.006,33254300,2028711825.8
2012-10-03,QQQ,61.175,61.512,60.935,61.397,38236000,2347575692.0
2012-10-04,QQQ,61.495,61.779,61.299,61.61,26128600,1609783046.0
2012-10-05,QQQ,61.921,62.01,61.121,61.281,25207900,1544765319.9
2012-10-08,QQQ,60.926,61.05,60.58,60.722,30911500,1877008103.0
2012-10-09,QQQ,60.562,60.713,59.611,59.753,67974000,4061650422.0
2012-10-10,QQQ,59.736,59.904,59.345,59.451,45134300,2683279269.3
2012-10-11,QQQ,59.895,59.94,59.229,59.265,30469400,1805768991.0
2012-10-12,QQQ,59.256,59.576,59.123,59.238,24891200,1474504905.6
2012-10-15,QQQ,59.46,59.753,59.105,59.673,22220100,1325940027.3
2012-10-16,QQQ,59.762,60.588,59.744,60.517,33960600,2055193630.2
2012-10-17,QQQ,60.206,60.677,60.126,60.482,33439400,2022481790.8
2012-10-18,QQQ,60.286,60.482,59.558,59.78,61707600,3688880328.0
2012-10-19,QQQ,59.709,59.762,58.279,58.35,75362600,4397407710.0
2012-10-22,QQQ,58.323,58.803,58.19,58.652,38621500,2265228218.0
2012-10-23,QQQ,58.172,58.59,57.914,58.092,52591200,3055127990.4
2012-10-24,QQQ,58.421,58.518,57.799,57.888,39872400,2308133491.2
2012-10-25,QQQ,58.287,58.385,57.719,57.888,52688700,3050043465.6
2012-10-26,QQQ,57.888,58.296,57.435,58.056,54213100,3147395733.6
2012-10-31,QQQ,57.985,58.092,57.506,57.701,38524500,2222902174.5
2012-11-01,QQQ,58.065,58.634,57.897,58.518,26945000,1576767510.0
2012-11-02,QQQ,58.785,58.821,57.843,57.897,44083000,2552273451.0
2012-11-05,QQQ,57.905,58.394,57.781,58.279,28094700,1637331021.3
2012-11-06,QQQ,58.376,58.785,58.154,58.385,29608400,1728686434.0
2012-11-07,QQQ,57.763,57.834,56.768,57.008,70737800,4032620502.4
2012-11-08,QQQ,57.168,57.301,56.111,56.111,58585800,3287307823.8
2012-11-09,QQQ,56.146,56.955,56.111,56.351,51542100,2904448877.1
2012-11-12,QQQ,56.679,56.742,56.191,56.342,32663700,1840338185.4
2012-11-13,QQQ,55.907,56.484,55.773,55.951,43288300,2422023673.3
2012-11-14,QQQ,56.226,56.289,55.205,55.294,82655300,4570342158.2
2012-11-15,QQQ,55.329,55.516,54.903,55.107,55124200,3037729289.4
2012-11-16,QQQ,55.151,55.507,54.467,55.347,70873100,3922613465.7
2012-11-19,QQQ,55.951,56.706,55.933,56.662,55306400,3133771236.8
2012-11-20,QQQ,56.644,56.759,56.138,56.679,52012700,2948027823.3
2012-11-21,QQQ,56.742,56.875,56.502,56.795,19611700,1113846501.5
2012-11-23,QQQ,57.115,57.675,57.079,57.657,16462900,949201425.3
2012-11-26,QQQ,57.515,57.941,57.337,57.905,26430900,1530481264.5
2012-11-27,QQQ,57.897,58.101,57.612,57.71,25828600,1490568506.0
2012-11-28,QQQ,57.435,58.252,57.079,58.208,37295800,2170913926.4
2012-11-29,QQQ,58.518,58.758,58.261,58.554,41136100,2408683199.4
2012-11-30,QQQ,58.563,58.607,58.287,58.456,33497400,1958124014.4
2012-12-03,QQQ,58.909,58.963,58.314,58.341,28240000,1647549840.0
2012-12-04,QQQ,58.367,58.43,57.923,58.305,49584500,2891024272.5
2012-12-05,QQQ,58.216,58.225,57.346,57.657,54076200,3117871463.4
2012-12-06,QQQ,57.479,58.172,57.328,58.03,47512300,2757138769.0
2012-12-07,QQQ,58.314,58.376,57.488,57.683,30089400,1735646860.2
2012-12-10,QQQ,57.523,58.154,57.523,57.852,33219600,1921820299.2
2012-12-11,QQQ,58.252,58.936,58.208,58.607,40750800,2388282135.6
2012-12-12,QQQ,58.918,58.918,58.323,58.483,45917700,2685404849.1
2012-12-13,QQQ,58.367,58.776,57.772,58.021,45467700,2638081421.7
2012-12-14,QQQ,57.63,57.817,57.275,57.47,39630300,2277553341.0
2012-12-17,QQQ,57.523,58.252,57.444,58.234,42302900,2463467078.6
2012-12-18,QQQ,58.527,59.211,58.367,59.123,55596000,3287002308.0
2012-12-19,QQQ,59.291,59.309,58.829,58.865,34832500,2050415112.5
2012-12-20,QQQ,58.972,58.998,58.572,58.865,40754300,2399001869.5
2012-12-21,QQQ,57.96,58.317,57.71,58.246,51152900,2979451813.4
2012-12-24,QQQ,58.094,58.192,57.996,58.13,11418300,663745779.0
2012-12-26,QQQ,58.174,58.228,57.433,57.621,21751300,1253331657.3
2012-12-27,QQQ,57.674,57.746,56.817,57.531,52933200,3045299929.2
2012-12-28,QQQ,57.093,57.558,56.951,56.977,33082100,1884918811.7
2012-12-31,QQQ,56.915,58.29,56.799,58.183,57544000,3348082552.0
2013-01-02,QQQ,59.613,60.059,59.389,60.033,70695900,4244086964.7
2013-01-03,QQQ,60.033,60.158,59.541,59.72,47366500,2828727380.0
2013-01-04,QQQ,59.747,59.747,59.38,59.523,33972500,2022145117.5
2013-01-07,QQQ,59.371,59.639,59.184,59.541,26766200,1593686314.2
2013-01-08,QQQ,59.532,59.693,59.112,59.425,28734900,1707571432.5
2013-01-09,QQQ,59.514,59.809,59.452,59.648,25600300,1527006694.4
2013-01-10,QQQ,60.059,60.095,59.452,60.006,37528000,2251905168.0
2013-01-11,QQQ,59.979,60.113,59.854,60.086,21158600,1271335639.6
2013-01-14,QQQ,59.782,59.988,59.559,59.818,36768500,2199418133.0
2013-01-15,QQQ,59.523,59.613,59.255,59.523,31675300,1885408881.9
2013-01-16,QQQ,59.604,59.97,59.497,59.765,33822300,2021389759.5
2013-01-17,QQQ,60.006,60.283,59.907,60.05,32024200,1923053210.0
2013-01-18,QQQ,59.872,59.979,59.648,59.916,31992000,1916832672.0
2013-01-22,QQQ,59.979,60.059,59.613,60.015,32123100,1927867846.5
2013-01-23,QQQ,60.354,60.56,60.265,60.381,31975700,1930724741.7
2013-01-24,QQQ,59.55,60.104,59.461,59.55,42596300,2536609665.0
2013-01-25,QQQ,59.738,60.024,59.622,59.854,39240100,2348676945.4
2013-01-28,QQQ,59.863,60.193,59.791,59.988,32926100,1975170886.8
2013-01-29,QQQ,59.916,60.131,59.523,59.997,35554700,2133175335.9
2013-01-30,QQQ,60.104,60.283,59.738,59.872,34445000,2062291040.0
2013-01-31,QQQ,59.845,60.167,59.684,59.738,34870500,2083093929.0
2013-02-01,QQQ,60.158,60.551,59.916,60.443,53120800,3210780514.4
2013-02-04,QQQ,60.095,60.265,59.371,59.389,48483700,2879398459.3
2013-02-05,QQQ,59.648,60.452,59.505,60.265,35120300,2116524879.5
2013-02-06,QQQ,60.068,60.345,59.89,60.068,43593200,2618556337.6
2013-02-07,QQQ,60.14,60.184,59.461,60.122,46017900,2766688183.8
2013-02-08,QQQ,60.426,60.863,60.417,60.738,39837200,2419631853.6
2013-02-11,QQQ,60.774,60.801,60.551,60.756,17650400,1072367702.4
2013-02-12,QQQ,60.676,60.792,60.443,60.506,22057900,1334635297.4
2013-02-13,QQQ,60.685,60.953,60.542,60.72,23494700,1426598184.0
2013-02-14,QQQ,60.443,60.792,60.408,60.703,24478800,1485936596.4
2013-02-15,QQQ,60.694,60.845,60.354,60.524,25333600,1533290806.4
2013-02-19,QQQ,60.64,60.979,60.622,60.962,23436500,1428735913.0
2013-02-20,QQQ,60.944,60.971,60.015,60.024,38200300,2292934807.2
2013-02-21,QQQ,59.8,59.863,59.166,59.38,45855600,2722905528.0
2013-02-22,QQQ,59.72,59.988,59.488,59.979,21968000,1317618672.0
2013-02-25,QQQ,60.363,60.577,59.184,59.237,40927600,2424428241.2
2013-02-26,QQQ,59.318,59.568,58.925,59.461,42088800,2502642136.8
2013-02-27,QQQ,59.461,60.435,59.38,60.068,36339500,2182841086.0
2013-02-28,QQQ,60.077,60.515,59.934,59.943,28557300,1711810233.9
2013-03-01,QQQ,59.738,60.301,59.443,60.193,31617200,1903134119.6
2013-03-04,QQQ,59.997,60.47,59.916,60.461,19380500,1171764410.5
2013-03-05,QQQ,60.819,61.435,60.819,61.355,35581900,2183127474.5
2013-03-06,QQQ,61.542,61.56,61.122,61.203,29071100,1779238533.3
2013-03-07,QQQ,61.274,61.462,61.149,61.364,21775900,1336256327.6
2013-03-08,QQQ,61.569,61.658,61.194,61.435,26159900,1607133456.5
2013-03-11,QQQ,61.355,61.632,61.167,61.614,23187900,1428699270.6
2013-03-12,QQQ,61.435,61.578,61.096,61.39,27575400,1692853806.0
2013-03-13,QQQ,61.471,61.542,61.096,61.31,34297300,2102767463.0
2013-03-14,QQQ,61.524,61.649,61.381,61.515,31530800,1939617162.0
2013-03-15,QQQ,61.559,61.595,61.192,61.344,30752600,1886487494.4
2013-03-18,QQQ,60.78,61.461,60.646,61.21,36163000,2213537230.0
2013-03-19,QQQ,61.398,61.515,60.548,61.094,33125100,2023744859.4
2013-03-20,QQQ,61.524,61.658,61.237,61.524,28035400,1724849949.6
2013-03-21,QQQ,60.959,61.112,60.682,60.825,30050800,1827839910.0
2013-03-22,QQQ,61.076,61.461,61.004,61.416,28837200,1771065475.2
2013-03-25,QQQ,61.613,61.747,60.897,61.192,24909800,1524280481.6
2013-03-26,QQQ,61.425,61.541,61.291,61.524,19725200,1213573204.8
2013-03-27,QQQ,61.103,61.649,61.013,61.604,22539500,1388523358.0
2013-03-28,QQQ,61.604,61.837,61.461,61.756,23662800,1461319876.8
2013-04-01,QQQ,61.801,61.864,61.165,61.336,28112800,1724326700.8
2013-04-02,QQQ,61.631,62.025,61.577,61.819,29431900,1819450626.1
2013-04-03,QQQ,61.855,61.944,61.103,61.255,35131200,2151961656.0
2013-04-04,QQQ,61.228,61.425,60.942,61.273,32287400,1978345860.2
2013-04-05,QQQ,60.306,60.852,60.163,60.762,55610800,3379023429.6
2013-04-08,QQQ,60.789,61.103,60.61,61.085,17891600,1092908386.0
2013-04-09,QQQ,61.246,61.747,60.968,61.497,30931400,1902188305.8
2013-04-10,QQQ,61.712,62.831,61.676,62.697,55271300,3465344696.1
2013-04-11,QQQ,62.544,62.813,62.473,62.67,37233600,2333429712.0
2013-04-12,QQQ,62.517,62.67,62.15,62.625,32783700,2053079212.5
2013-04-15,QQQ,62.392,62.491,61.318,61.389,48795800,2995525366.2
2013-04-16,QQQ,61.738,62.276,61.613,62.204,27682600,1721968450.4
2013-04-17,QQQ,61.667,61.685,60.628,60.986,60204800,3671649932.8
2013-04-18,QQQ,61.147,61.183,59.885,60.145,56798200,3416127739.0
2013-04-19,QQQ,60.261,61.094,60.171,60.968,43062800,2625452790.4
2013-04-22,QQQ,61.183,61.819,60.959,61.595,34412100,2119613299.5
2013-04-23,QQQ,61.944,62.41,61.622,62.186,53078300,3300727163.8
2013-04-24,QQQ,62.034,62.383,61.891,62.159,44500700,2766119011.3
2013-04-25,QQQ,62.32,62.723,62.311,62.491,26437100,1652080816.1
2013-04-26,QQQ,62.338,62.473,62.025,62.294,24079800,1500027061.2
2013-04-29,QQQ,62.491,63.108,62.464,62.867,31664000,1990620688.0
2013-04-30,QQQ,62.947,63.332,62.714,63.323,30135800,1908289263.4
2013-05-01,QQQ,63.341,63.44,62.902,63.028,28537200,1798642641.6
2013-05-02,QQQ,63.135,63.959,63.082,63.825,31744200,2026073565.0
2013-05-03,QQQ,64.443,64.774,64.389,64.577,34061700,2199602400.9
2013-05-06,QQQ,64.693,64.926,64.64,64.828,19244300,1247569480.4
2013-05-07,QQQ,64.935,64.98,64.55,64.792,25838100,1674102175.2
2013-05-08,QQQ,64.756,65.159,64.649,65.105,24252100,1578932970.5
2013-05-09,QQQ,64.98,65.454,64.89,65.016,29337200,1907387395.2
2013-05-10,QQQ,65.15,65.436,65.034,65.41,20663700,1351612617.0
2013-05-13,QQQ,65.302,65.651,65.239,65.49,29730100,1947024249.0
2013-05-14,QQQ,65.508,66.027,65.481,65.83,36009800,2370525134.0
2013-05-15,QQQ,65.705,66.027,65.544,65.965,27214400,1795197896.0
2013-05-16,QQQ,66.018,66.35,65.857,65.893,27253400,1795808286.2
2013-05-17,QQQ,66.233,66.556,66.019,66.529,31114500,2070016570.5
2013-05-20,QQQ,66.404,66.645,66.162,66.43,25132400,1669545332.0
2013-05-21,QQQ,66.395,66.744,66.162,66.502,25900000,1722401800.0
2013-05-22,QQQ,66.583,67.111,65.58,65.92,59843200,3944863744.0
2013-05-23,QQQ,65.338,65.992,65.213,65.768,48222100,3171471072.8
2013-05-24,QQQ,65.329,65.75,65.15,65.732,26430300,1737316479.6
2013-05-28,QQQ,66.502,66.744,65.956,66.162,27057100,1790151850.2
2013-05-29,QQQ,65.902,66.081,65.472,65.848,32090300,2113082074.4
2013-05-30,QQQ,65.875,66.511,65.857,66.198,32390500,2144186319.0
2013-05-31,QQQ,65.947,66.448,65.517,65.589,38347600,2515180736.4
2013-06-03,QQQ,65.598,65.723,64.854,65.705,47613100,3128418735.5
2013-06-04,QQQ,65.839,66.099,65.096,65.365,35251900,2304240443.5
2013-06-05,QQQ,65.15,65.401,64.46,64.514,48654200,3138877058.8
2013-06-06,QQQ,64.604,64.837,63.995,64.828,62524100,4053312354.8
2013-06-07,QQQ,65.096,65.786,64.935,65.714,31969800,2100863437.2
2013-06-10,QQQ,65.839,66.045,65.598,65.741,25390000,1669163990.0
2013-06-11,QQQ,65.087,65.669,64.863,65.087,40278900,2621632764.3
2013-06-12,QQQ,65.463,65.49,64.237,64.335,42081900,2707339036.5
2013-06-13,QQQ,64.246,65.293,64.067,65.15,28221500,1838630725.0
2013-06-14,QQQ,65.15,65.222,64.622,64.72,27690700,1792142104.0
2013-06-17,QQQ,65.231,65.723,65.007,65.347,32441900,2119980839.3
2013-06-18,QQQ,65.436,66.01,65.419,65.884,24853100,1637421640.4
2013-06-19,QQQ,65.902,65.974,65.078,65.15,43145100,2810903265.0
2013-06-20,QQQ,64.398,64.613,63.386,63.601,60908400,3873835148.4
2013-06-21,QQQ,63.578,63.748,62.733,63.263,51558900,3261770690.7
2013-06-24,QQQ,62.742,63.119,62.113,62.634,41492300,2598828718.2
2013-06-25,QQQ,63.236,63.344,62.706,63.092,28897400,1823194760.8
2013-06-26,QQQ,63.631,63.775,63.407,63.658,23742300,1511387333.4
2013-06-27,QQQ,63.991,64.332,63.892,63.928,23545000,1505184760.0
2013-06-28,QQQ,63.73,64.395,63.587,64.018,28301100,1811779819.8
2013-07-01,QQQ,64.449,64.943,64.35,64.413,24942800,1606640576.4
2013-07-02,QQQ,64.386,64.835,64.09,64.44,23067900,1486495476.0
2013-07-03,QQQ,64.206,65.006,64.152,64.7,18847500,1219433250.0
2013-07-05,QQQ,65.069,65.221,64.548,65.194,28795900,1877319904.6
2013-07-08,QQQ,65.536,65.563,65.015,65.257,20558500,1341586034.5
2013-07-09,QQQ,65.563,65.796,65.257,65.652,26108600,1714081807.2
2013-07-10,QQQ,65.59,66.129,65.554,66.03,25598900,1690295367.0
2013-07-11,QQQ,66.739,67.395,66.694,67.341,47768900,3216805494.9
2013-07-12,QQQ,67.386,67.683,67.206,67.638,31412600,2124685438.8
2013-07-15,QQQ,67.709,67.835,67.521,67.79,19783600,1341130244.0
2013-07-16,QQQ,67.844,67.898,67.53,67.7,31747100,2149278670.0
2013-07-17,QQQ,67.907,68.033,67.682,67.871,24631500,1671764536.5
2013-07-18,QQQ,67.862,68.033,67.593,67.7,36278800,2456074760.0
2013-07-19,QQQ,67.117,67.135,66.802,67.0,37732400,2528070800.0
2013-07-22,QQQ,67.251,67.35,66.991,67.197,21135900,1420269072.3
2013-07-23,QQQ,67.323,67.332,66.65,66.703,24739500,1650198868.5
2013-07-24,QQQ,67.359,67.386,66.766,66.919,24426900,1634623721.1
2013-07-25,QQQ,67.233,67.422,66.883,67.341,23162200,1559765710.2
2013-07-26,QQQ,67.072,67.709,66.964,67.7,20885600,1413955120.0
2013-07-29,QQQ,67.566,67.853,67.395,67.575,20958400,1416263880.0
2013-07-30,QQQ,67.817,68.221,67.682,67.934,24104600,1637521896.4
2013-07-31,QQQ,68.069,68.455,67.934,68.06,25007600,1702017256.0
2013-08-01,QQQ,68.527,68.85,68.455,68.751,16880000,1160516880.0
2013-08-02,QQQ,68.76,69.156,68.608,69.138,18105300,1251764231.4
2013-08-05,QQQ,69.102,69.236,68.967,69.183,15462800,1069762892.4
2013-08-06,QQQ,69.093,69.156,68.491,68.769,23675400,1628133582.6
2013-08-07,QQQ,68.572,68.778,68.15,68.644,20281200,1392182692.8
2013-08-08,QQQ,69.021,69.147,68.536,68.985,19994000,1379286090.0
2013-08-09,QQQ,68.868,69.111,68.509,68.706,18558500,1275080301.0
2013-08-12,QQQ,68.446,68.994,68.437,68.868,20515900,1412889001.2
2013-08-13,QQQ,68.958,69.407,68.464,69.254,23917000,1656347918.0
2013-08-14,QQQ,69.227,69.326,68.895,68.994,29921000,2064369474.0
2013-08-15,QQQ,68.221,68.257,67.629,67.826,39406600,2672792051.6
2013-08-16,QQQ,67.835,68.15,67.682,67.799,23825000,1615311175.0
2013-08-19,QQQ,67.808,68.383,67.665,67.682,29586900,2002500565.8
2013-08-20,QQQ,67.808,68.293,67.754,67.979,18842800,1280914701.2
2013-08-21,QQQ,67.763,68.347,67.494,67.745,30705100,2080116999.5
2013-08-22,QQQ,68.042,68.455,68.006,68.41,17269500,1181406495.0
2013-08-23,QQQ,68.895,68.958,68.626,68.868,20697300,1425381656.4
2013-08-26,QQQ,68.922,69.416,68.76,68.904,27525500,1896617052.0
2013-08-27,QQQ,68.087,68.428,67.332,67.494,40068900,2704410336.6
2013-08-28,QQQ,67.413,68.042,67.413,67.754,20490400,1388306561.6
2013-08-29,QQQ,67.736,68.572,67.638,68.23,27287900,1861853417.0
2013-08-30,QQQ,68.302,68.302,67.548,67.79,26228500,1778030015.0
2013-09-03,QQQ,68.347,68.662,67.853,68.177,27241500,1857243745.5
2013-09-04,QQQ,68.41,69.021,68.203,68.904,27142900,1870254381.6
2013-09-05,QQQ,68.949,69.218,68.922,69.021,17809700,1229243303.7
2013-09-06,QQQ,69.254,69.47,68.311,69.102,27715100,1915168840.2
2013-09-09,QQQ,69.398,70.027,69.371,69.91,25161900,1759068429.0
2013-09-10,QQQ,70.314,70.35,69.991,70.251,27619400,1940290469.4
2013-09-11,QQQ,69.784,70.162,69.695,70.117,28132900,1972594549.3
2013-09-12,QQQ,70.135,70.287,69.928,70.072,18332700,1284608954.4
2013-09-13,QQQ,70.144,70.189,69.739,70.117,16932500,1187256102.5
2013-09-16,QQQ,70.71,70.71,69.766,69.928,25704300,1797450290.4
2013-09-17,QQQ,70.081,70.485,70.045,70.395,27174300,1912934848.5
2013-09-18,QQQ,70.503,71.383,70.359,71.24,31714700,2259355228.0
2013-09-19,QQQ,71.464,71.581,71.284,71.41,26435700,1887773337.0
2013-09-20,QQQ,71.58,71.661,71.129,71.165,26328900,1873696168.5
2013-09-23,QQQ,71.462,71.544,70.688,71.021,30319400,2153314107.4
2013-09-24,QQQ,71.174,71.399,70.787,71.021,21871300,1553321597.3
2013-09-25,QQQ,71.075,71.174,70.634,70.778,22746400,1609944699.2
2013-09-26,QQQ,71.066,71.498,71.039,71.327,22421700,1599272595.9
2013-09-27,QQQ,70.913,71.363,70.805,71.237,25151600,1791724529.2
2013-09-30,QQQ,70.498,71.255,70.273,71.066,28031900,1992115005.4
2013-10-01,QQQ,71.075,71.823,71.039,71.787,33129700,2378281773.9
2013-10-02,QQQ,71.3,71.859,71.228,71.76,25503800,1830152688.0
2013-10-03,QQQ,71.67,71.823,70.543,70.922,42998200,3049518340.4
2013-10-04,QQQ,70.922,71.634,70.859,71.535,22852700,1634767894.5
2013-10-07,QQQ,70.904,71.489,70.877,70.94,20227100,1434910474.0
2013-10-08,QQQ,70.94,71.003,69.543,69.57,43660700,3037474899.0
2013-10-09,QQQ,69.733,69.769,68.787,69.354,64526700,4475184751.8
2013-10-10,QQQ,70.102,70.985,70.084,70.823,48062700,3403944602.1
2013-10-11,QQQ,70.643,71.435,70.634,71.381,25214100,1799807672.1
2013-10-14,QQQ,70.94,71.886,70.886,71.886,31471900,2262389003.4
2013-10-15,QQQ,71.832,72.174,71.517,71.607,38684000,2770045188.0
2013-10-16,QQQ,71.94,72.453,71.886,72.417,46735900,3384473670.3
2013-10-17,QQQ,72.093,72.859,72.03,72.832,32193500,2344716992.0
2013-10-18,QQQ,73.499,74.039,73.291,74.012,39628200,2932962338.4
2013-10-21,QQQ,74.183,74.363,73.94,74.174,31176900,2312515380.6
2013-10-22,QQQ,74.463,74.688,73.814,74.282,43944800,3264307633.6
2013-10-23,QQQ,73.922,74.057,73.472,73.832,38021300,2807188621.6
2013-10-24,QQQ,73.877,74.309,73.769,74.156,23155100,1717089595.6
2013-10-25,QQQ,74.85,75.03,74.327,74.688,35824500,2675660256.0
2013-10-28,QQQ,74.697,74.823,74.372,74.706,28618400,2137966190.4
2013-10-29,QQQ,74.958,75.012,74.508,74.832,36878100,2759661979.2
2013-10-30,QQQ,75.093,75.219,74.4,74.76,33535500,2507113980.0
2013-10-31,QQQ,74.571,75.048,74.309,74.589,31309900,2335374131.1
2013-11-01,QQQ,74.841,74.931,74.237,74.607,30867800,2302953954.6
2013-11-04,QQQ,74.832,74.841,74.454,74.715,16834000,1257752310.0
2013-11-05,QQQ,74.427,74.976,74.21,74.796,27975600,2092462977.6
2013-11-06,QQQ,75.111,75.138,74.535,74.778,25576800,1912581950.4
2013-11-07,QQQ,74.787,74.895,73.309,73.372,52173200,3828052030.4
2013-11-08,QQQ,73.643,74.381,73.435,74.363,31470500,2340240791.5
2013-11-11,QQQ,74.255,74.454,74.003,74.246,24822900,1843001033.4
2013-11-12,QQQ,74.021,74.472,73.985,74.363,20108500,1495328385.5
2013-11-13,QQQ,73.877,75.273,73.877,75.264,31345900,2359217817.6
2013-11-14,QQQ,75.066,75.553,74.904,75.499,31101200,2348109498.8
2013-11-15,QQQ,75.517,75.643,75.327,75.643,20511300,1551536265.9
2013-11-18,QQQ,75.625,75.778,74.76,74.904,31679600,2372928758.4
2013-11-19,QQQ,74.859,75.219,74.562,74.688,25545300,1907927366.4
2013-11-20,QQQ,74.886,75.165,74.291,74.508,32177400,2397473719.2
2013-11-21,QQQ,74.823,75.327,74.76,75.264,28125000,2116800000.0
2013-11-22,QQQ,75.391,75.697,75.337,75.67,25361300,1919089571.0
2013-11-25,QQQ,75.94,76.021,75.661,75.85,21695100,1645573335.0
2013-11-26,QQQ,75.868,76.436,75.706,76.246,26621000,2029744766.0
2013-11-27,QQQ,76.4,76.796,76.337,76.778,21638100,1661330041.8
2013-11-29,QQQ,77.084,77.337,77.003,77.237,16708900,1290545309.3
2013-12-02,QQQ,77.328,77.445,76.895,77.012,26354600,2029620455.2
2013-12-03,QQQ,76.958,77.156,76.652,76.949,37147000,2858424503.0
2013-12-04,QQQ,76.625,77.273,76.382,77.021,37193200,2864657457.2
2013-12-05,QQQ,77.084,77.174,76.733,76.922,39829300,3063749414.6
2013-12-06,QQQ,77.571,77.643,77.111,77.481,36842900,2854624734.9
2013-12-09,QQQ,77.796,77.958,77.661,77.796,22590000,1757411640.0
2013-12-10,QQQ,77.67,77.886,77.589,77.742,26965900,2096382997.8
2013-12-11,QQQ,77.733,77.841,76.634,76.742,36830600,2826453905.2
2013-12-12,QQQ,76.769,76.958,76.49,76.544,33662600,2576670054.4
2013-12-13,QQQ,76.904,76.94,76.319,76.445,34072000,2604634040.0
2013-12-16,QQQ,76.823,77.31,76.769,76.868,24902500,1914205370.0
2013-12-17,QQQ,76.868,77.057,76.571,76.715,24454900,1876057653.5
2013-12-18,QQQ,76.805,77.679,75.724,77.607,68387200,5307325430.4
2013-12-19,QQQ,77.481,77.49,77.048,77.391,44964100,3479816663.1
2013-12-20,QQQ,77.537,78.341,77.483,78.179,40475400,3164326296.6
2013-12-23,QQQ,78.82,79.001,78.585,79.001,28181800,2226390381.8
2013-12-24,QQQ,79.019,79.092,78.875,79.037,13852500,1094860042.5
2013-12-26,QQQ,79.182,79.363,79.028,79.299,15241100,1208603988.9
2013-12-27,QQQ,79.399,79.444,79.001,79.101,15827400,1251963167.4
2013-12-30,QQQ,78.983,79.092,78.757,78.983,18983700,1499389577.1
2013-12-31,QQQ,79.128,79.498,79.101,79.498,24890500,1978744969.0
2014-01-02,QQQ,79.128,79.155,78.649,78.875,29177500,2301375312.5
2014-01-03,QQQ,78.875,78.947,78.287,78.305,35723700,2797344328.5
2014-01-06,QQQ,78.323,78.414,77.727,78.016,32073100,2502214969.6
2014-01-07,QQQ,78.378,78.857,78.233,78.739,25860600,2036237783.4
2014-01-08,QQQ,78.757,79.128,78.585,78.911,27197400,2146174031.4
2014-01-09,QQQ,79.2,79.209,78.378,78.649,23674700,1861991480.3
2014-01-10,QQQ,78.839,78.992,78.251,78.902,38008900,2998978227.8
2014-01-13,QQQ,78.793,79.064,77.438,77.736,48842300,3796805032.8
2014-01-14,QQQ,77.998,79.281,77.998,79.218,37178900,2945238100.2
2014-01-15,QQQ,79.562,80.023,79.48,79.869,39835600,3181629536.4
2014-01-16,QQQ,79.806,79.995,79.679,79.878,31630100,2526549127.8
2014-01-17,QQQ,79.634,79.869,79.236,79.426,36895800,2930485810.8
2014-01-21,QQQ,79.932,80.068,79.363,80.032,26412700,2113861206.4
2014-01-22,QQQ,80.239,80.438,80.004,80.239,29376900,2357173079.1
2014-01-23,QQQ,79.995,80.004,79.408,79.968,35011900,2799831619.2
2014-01-24,QQQ,79.58,79.697,78.369,78.396,63974600,5015352741.6
2014-01-27,QQQ,78.396,78.531,77.049,77.636,63519300,4931384374.8
2014-01-28,QQQ,77.275,77.673,77.103,77.591,44378800,3443395470.8
2014-01-29,QQQ,76.922,77.492,76.606,76.76,51939300,3986860668.0
2014-01-30,QQQ,77.7,78.45,77.618,78.179,65833600,5146805014.4
2014-01-31,QQQ,77.311,78.341,77.23,77.971,45187000,3523275577.0
2014-02-03,QQQ,77.826,78.179,75.982,76.181,65596900,4997237438.9
2014-02-04,QQQ,76.57,77.049,76.335,76.742,37675500,2891293221.0
2014-02-05,QQQ,76.489,76.814,75.684,76.543,41721800,3193511737.4
2014-02-06,QQQ,76.769,77.618,76.751,77.519,32308600,2504530363.4
2014-02-07,QQQ,77.953,78.956,77.727,78.902,38359400,3026633378.8
2014-02-10,QQQ,78.875,79.39,78.82,79.354,30205400,2396919311.6
2014-02-11,QQQ,79.525,80.411,79.435,80.257,38635500,3100769323.5
2014-02-12,QQQ,80.42,80.592,80.167,80.411,32507200,2613936459.2
2014-02-13,QQQ,79.824,81.071,79.806,81.008,40454500,3277138136.0
2014-02-14,QQQ,80.981,81.351,80.737,81.17,33212400,2695850508.0
2014-02-18,QQQ,81.306,81.722,81.107,81.568,29546600,2410057068.8
2014-02-19,QQQ,81.414,81.604,80.845,81.008,41749900,3382075899.2
2014-02-20,QQQ,81.062,81.541,80.718,81.387,41814800,3403181127.6
2014-02-21,QQQ,81.649,81.767,81.179,81.279,31192200,2535270823.8
2014-02-24,QQQ,81.469,82.083,81.378,81.713,31500400,2573992185.2
2014-02-25,QQQ,81.83,81.993,81.36,81.622,26771700,2185159697.4
2014-02-26,QQQ,81.839,82.101,81.225,81.55,42953700,3502874235.0
2014-02-27,QQQ,81.562,82.161,81.435,82.079,28742400,2359147449.6
2014-02-28,QQQ,82.061,82.551,81.262,81.988,48609800,3985420282.4
2014-03-03,QQQ,81.217,81.598,80.654,81.38,38885700,3164518266.0
2014-03-04,QQQ,82.27,82.569,82.188,82.415,33189000,2735271435.0
2014-03-05,QQQ,82.551,82.787,82.379,82.642,27203300,2248135118.6
2014-03-06,QQQ,82.832,82.896,82.27,82.569,24063900,1986932159.1
2014-03-07,QQQ,82.832,82.914,81.743,82.161,31167800,2560777615.8
2014-03-10,QQQ,82.115,82.279,81.707,82.233,18131700,1491024086.1
2014-03-11,QQQ,82.433,82.642,81.634,81.879,27484300,2250386999.7
2014-03-12,QQQ,81.507,82.233,81.208,82.188,27977200,2299390113.6
2014-03-13,QQQ,82.497,82.524,80.654,81.026,48542000,3933164092.0
2014-03-14,QQQ,80.763,81.117,80.436,80.473,38732300,3116904377.9
2014-03-17,QQQ,80.99,81.598,80.945,81.181,28467200,2310995763.2
2014-03-18,QQQ,81.28,82.261,81.253,82.161,31250200,2567547682.2
2014-03-19,QQQ,82.188,82.279,81.181,81.716,40869400,3339683890.4
2014-03-20,QQQ,81.462,82.188,81.299,81.943,31634500,2592225833.5
2014-03-21,QQQ,82.412,82.458,80.802,80.957,62754000,5080375578.0
2014-03-24,QQQ,81.248,81.312,79.511,80.247,77735300,6238024619.1
2014-03-25,QQQ,80.666,81.184,79.838,80.511,41723300,3359184606.3
2014-03-26,QQQ,80.911,81.093,79.465,79.474,40930400,3252902609.6
2014-03-27,QQQ,79.365,79.72,78.592,79.028,64784500,5119789466.0
2014-03-28,QQQ,79.283,80.056,78.965,79.183,39895100,3159013703.3
2014-03-31,QQQ,79.802,80.284,79.702,79.747,33924300,2705361152.1
2014-04-01,QQQ,80.138,81.202,79.783,81.148,38683800,3139113002.4
2014-04-02,QQQ,81.494,81.575,80.993,81.357,34631600,2817523081.2
2014-04-03,QQQ,81.439,81.575,80.247,80.711,30319100,2447084880.1
2014-04-04,QQQ,81.248,81.33,78.355,78.565,131213200,10308765058.0
2014-04-07,QQQ,78.073,78.801,77.273,77.819,83995800,6536469160.2
2014-04-08,QQQ,77.91,78.646,77.637,78.537,51495700,4044317790.9
2014-04-09,QQQ,78.828,79.929,78.619,79.884,45685200,3649516516.8
2014-04-10,QQQ,79.938,79.938,77.191,77.409,73659600,5701915976.4
2014-04-11,QQQ,76.718,77.719,76.327,76.509,93657400,7165634016.6
2014-04-14,QQQ,77.182,77.518,76.4,77.109,46500700,3585622476.3
2014-04-15,QQQ,77.391,77.81,75.754,77.364,84631500,6547431366.0
2014-04-16,QQQ,78.037,78.392,77.4,78.392,46970900,3682142792.8
2014-04-17,QQQ,78.092,78.801,77.891,78.41,53719500,4212145995.0
2014-04-21,QQQ,78.592,78.992,78.228,78.992,25947900,2049676516.8
2014-04-22,QQQ,79.265,79.82,79.129,79.62,38593400,3072806508.0
2014-04-23,QQQ,79.62,79.647,78.874,78.919,34376700,2712974787.3
2014-04-24,QQQ,80.22,80.238,78.819,79.674,48926300,3898154026.2
2014-04-25,QQQ,79.201,79.292,78.21,78.401,44334000,3475829934.0
2014-04-28,QQQ,78.774,79.238,77.418,78.655,58623800,4611054989.0
2014-04-29,QQQ,78.892,79.429,78.51,79.283,36742700,2913071484.1
2014-04-30,QQQ,78.919,79.574,78.719,79.492,38689400,3075497784.8
2014-05-01,QQQ,79.62,80.184,79.42,79.729,37127200,2960114528.8
2014-05-02,QQQ,80.002,80.147,79.392,79.583,40074200,3189225058.6
2014-05-05,QQQ,79.11,80.02,78.919,80.002,27924400,2234007848.8
2014-05-06,QQQ,79.874,79.92,78.928,78.965,33698500,2661002052.5
2014-05-07,QQQ,79.128,79.21,77.8,78.737,67489100,5313889266.7
2014-05-08,QQQ,78.455,79.62,78.273,78.665,46556900,3662398538.5
2014-05-09,QQQ,78.619,79.01,78.092,78.956,35081500,2769894914.0
2014-05-12,QQQ,79.429,80.284,79.356,80.256,38951100,3126059481.6
2014-05-13,QQQ,80.329,80.602,80.156,80.311,30311900,2434379000.9
2014-05-14,QQQ,80.065,80.366,79.702,79.893,26483600,2115854254.8
2014-05-15,QQQ,79.874,80.011,78.756,79.265,59680300,4730558979.5
2014-05-16,QQQ,79.356,79.829,78.81,79.783,66804100,5329831510.3
2014-05-19,QQQ,79.547,80.466,79.41,80.338,32017000,2572181746.0
2014-05-20,QQQ,80.302,80.593,79.72,80.047,33716000,2698864652.0
2014-05-21,QQQ,80.193,80.857,80.147,80.811,36837700,2976891374.7
2014-05-22,QQQ,80.902,81.393,80.775,81.166,30617100,2485067538.6
2014-05-23,QQQ,81.248,81.775,81.066,81.757,22687300,1854845586.1
2014-05-27,QQQ,82.121,82.794,82.048,82.776,29725200,2460533155.2
2014-05-28,QQQ,82.749,82.867,82.458,82.521,30468100,2514258080.1
2014-05-29,QQQ,82.812,83.058,82.649,83.049,33036100,2743615068.9
2014-05-30,QQQ,83.067,83.185,82.621,83.058,29906400,2483965771.2
2014-06-02,QQQ,83.158,83.176,82.449,82.976,30409900,2523291862.4
2014-06-03,QQQ,82.703,83.076,82.594,82.94,21774500,1805977030.0
2014-06-04,QQQ,82.731,83.386,82.603,83.249,20118300,1674828356.7
2014-06-05,QQQ,83.322,84.104,83.04,83.95,35583100,2987201245.0
2014-06-06,QQQ,84.259,84.432,84.095,84.432,22680600,1914968419.2
2014-06-09,QQQ,84.45,84.577,84.141,84.368,23399500,1974169016.0
2014-06-10,QQQ,84.295,84.559,84.195,84.513,20626000,1743165138.0
2014-06-11,QQQ,84.222,84.614,84.141,84.495,22878200,1933093509.0
2014-06-12,QQQ,84.313,84.404,83.44,83.731,35275900,2953686382.9
2014-06-13,QQQ,84.095,84.186,83.613,83.977,39447100,3312649116.7
2014-06-16,QQQ,83.831,84.295,83.649,84.05,25212300,2119093815.0
2014-06-17,QQQ,83.986,84.322,83.849,84.095,19977900,1680041500.5
2014-06-18,QQQ,84.177,84.686,83.668,84.568,34514000,2918779952.0
2014-06-19,QQQ,84.695,84.75,84.131,84.513,38422200,3247175388.6
2014-06-20,QQQ,84.549,84.704,84.394,84.613,25897500,2191265167.5
2014-06-23,QQQ,84.604,84.659,84.376,84.631,20837900,1763532314.9
2014-06-24,QQQ,84.622,85.343,84.303,84.549,31945800,2700985444.2
2014-06-25,QQQ,84.358,85.233,84.348,85.087,32818600,2792436218.2
2014-06-26,QQQ,85.142,85.151,84.476,85.133,22563900,1920932498.7
2014-06-27,QQQ,85.023,85.525,84.996,85.507,22877800,1956212044.6
2014-06-30,QQQ,85.488,85.862,85.434,85.653,19751900,1691809490.7
2014-07-01,QQQ,85.954,86.82,85.917,86.592,31862500,2759037600.0
2014-07-02,QQQ,86.647,86.866,86.565,86.738,18777300,1628705447.4
2014-07-03,QQQ,87.021,87.285,86.784,87.285,15291700,1334736034.5
2014-07-07,QQQ,87.185,87.294,86.857,87.021,23266400,2024665394.4
2014-07-08,QQQ,86.857,86.92,85.616,85.972,40612400,3491529252.8
2014-07-09,QQQ,86.2,86.711,85.954,86.61,29919000,2591284590.0
2014-07-10,QQQ,85.498,86.692,85.397,86.337,44245300,3820006466.1
2014-07-11,QQQ,86.556,86.893,86.291,86.893,19566300,1700174505.9
2014-07-14,QQQ,87.285,87.614,87.139,87.413,19579000,1711459127.0
2014-07-15,QQQ,87.55,87.677,86.492,87.112,39467500,3438092860.0
2014-07-16,QQQ,87.741,87.833,87.367,87.459,22052600,1928698343.4
2014-07-17,QQQ,87.221,87.532,86.027,86.3,43111500,3720522450.0
2014-07-18,QQQ,86.747,87.714,86.647,87.668,36682200,3215855109.6
2014-07-21,QQQ,87.486,87.705,87.148,87.559,29750700,2604941541.3
2014-07-22,QQQ,87.969,88.252,87.878,88.115,25770400,2270758796.0
2014-07-23,QQQ,88.425,88.781,88.261,88.681,28947500,2567093247.5
2014-07-24,QQQ,88.836,88.936,88.453,88.58,24707200,2188563776.0
2014-07-25,QQQ,88.124,88.352,87.769,88.234,29898900,2638099542.6
2014-07-28,QQQ,88.325,88.489,87.577,88.261,25603400,2259781687.4
2014-07-29,QQQ,88.453,88.653,88.033,88.106,27022200,2380817953.2
2014-07-30,QQQ,88.599,88.763,88.106,88.453,35348500,3126680870.5
2014-07-31,QQQ,87.723,87.869,86.537,86.665,50047900,4337401253.5
2014-08-01,QQQ,86.483,86.957,85.771,86.346,60708000,5241892968.0
2014-08-04,QQQ,86.528,87.276,86.209,86.939,33230500,2889026439.5
2014-08-05,QQQ,86.592,86.838,85.872,86.273,50331100,4342214990.3
2014-08-06,QQQ,85.735,86.747,85.662,86.209,34431900,2968339667.1
2014-08-07,QQQ,86.61,86.775,85.634,85.935,33274700,2859461344.5
2014-08-08,QQQ,86.072,86.656,85.707,86.556,40236900,3482745116.4
2014-08-11,QQQ,86.893,87.34,86.829,87.066,28277500,2462008815.0
2014-08-12,QQQ,86.975,87.258,86.583,87.03,28152300,2450094669.0
2014-08-13,QQQ,87.386,87.988,87.34,87.951,27996500,2462320171.5
2014-08-14,QQQ,88.07,88.425,87.951,88.407,25006600,2210758486.2
2014-08-15,QQQ,88.918,89.046,87.997,88.836,55205500,4904235798.0
2014-08-18,QQQ,89.301,89.602,89.173,89.52,38938300,3485756616.0
2014-08-19,QQQ,89.73,90.076,89.675,90.022,21363400,1923175994.8
2014-08-20,QQQ,89.949,90.204,89.866,90.022,23435600,2109719583.2
2014-08-21,QQQ,90.067,90.249,89.93,90.204,19339500,1744500258.0
2014-08-22,QQQ,90.24,90.523,90.04,90.341,24692000,2230699972.0
2014-08-25,QQQ,90.769,90.915,90.441,90.66,24124700,2187145302.0
2014-08-26,QQQ,90.797,90.852,90.541,90.751,20100400,1824131400.4
2014-08-27,QQQ,90.779,90.879,90.578,90.769,15589100,1415007017.9
2014-08-28,QQQ,90.459,90.779,90.368,90.669,23563900,2136515249.1
2014-08-29,QQQ,90.87,91.125,90.541,91.007,17906300,1629598644.1
2014-09-02,QQQ,91.225,91.298,90.897,91.271,18326800,1672705362.8
2014-09-03,QQQ,91.517,91.517,90.569,90.733,25950700,2354584863.1
2014-09-04,QQQ,90.943,91.408,90.423,90.651,24663500,2235770938.5
2014-09-05,QQQ,90.788,91.162,90.322,91.107,30798200,2805931607.4
2014-09-08,QQQ,91.134,91.508,90.861,91.28,25571300,2334148264.0
2014-09-09,QQQ,91.289,91.627,90.35,90.523,36449200,3299490931.6
2014-09-10,QQQ,90.642,91.308,90.386,91.271,31080100,2836711807.1
2014-09-11,QQQ,90.879,91.244,90.514,91.198,28691900,2616643896.2
2014-09-12,QQQ,91.116,91.143,90.45,90.733,30444400,2762311745.2
2014-09-15,QQQ,90.833,90.842,89.584,89.857,32972200,2962782975.4
2014-09-16,QQQ,89.52,90.815,89.429,90.642,38166900,3459524149.8
2014-09-17,QQQ,90.623,91.207,90.231,90.779,37196500,3376661073.5
2014-09-18,QQQ,91.061,91.472,90.961,91.463,30196700,2761880772.1
2014-09-19,QQQ,91.845,91.936,91.04,91.406,46918000,4288586708.0
2014-09-22,QQQ,91.186,91.196,90.163,90.556,48658000,4406273848.0
2014-09-23,QQQ,90.19,90.711,90.126,90.309,33989600,3069566786.4
2014-09-24,QQQ,90.4,91.324,90.089,91.278,35959000,3282265602.0
2014-09-25,QQQ,90.985,91.104,89.321,89.358,68642500,6133756515.0
2014-09-26,QQQ,89.651,90.473,89.495,90.309,56106200,5066894815.8
2014-09-29,QQQ,89.413,90.437,89.367,90.19,33342700,3007178113.0
2014-09-30,QQQ,90.437,90.784,89.888,90.318,41834300,3778390307.4
2014-10-01,QQQ,90.062,90.153,88.59,88.873,58164900,5169289157.7
2014-10-02,QQQ,88.837,89.148,87.74,88.873,54501300,4843694034.9
2014-10-03,QQQ,89.395,90.117,89.084,89.751,41627800,3736136677.8
2014-10-06,QQQ,90.035,90.254,89.285,89.559,36038700,3227589933.3
2014-10-07,QQQ,89.139,89.395,88.279,88.288,45154000,3986556352.0
2014-10-08,QQQ,88.334,90.291,87.822,90.007,64931600,5844298521.2
2014-10-09,QQQ,89.888,90.117,88.416,88.553,62497100,5534305696.3
2014-10-10,QQQ,88.032,88.526,86.323,86.341,77579400,6698282975.4
2014-10-13,QQQ,86.186,86.844,84.915,84.988,80835900,6870081469.2
2014-10-14,QQQ,85.518,86.094,84.759,84.997,71814500,6104017056.5
2014-10-15,QQQ,83.717,84.805,82.501,84.449,108847800,9192087862.2
2014-10-16,QQQ,82.666,84.641,82.638,83.918,93165800,7818287604.4
2014-10-17,QQQ,85.024,85.838,84.531,85.024,69546700,5913138620.8
2014-10-20,QQQ,85.015,86.368,84.842,86.295,41479300,3579456193.5
2014-10-21,QQQ,87.365,88.563,87.146,88.563,53609800,4747844717.4
2014-10-22,QQQ,88.837,88.956,88.051,88.105,39178000,3451777690.0
2014-10-23,QQQ,88.992,89.925,88.837,89.431,48123800,4303759557.8
2014-10-24,QQQ,89.623,90.227,89.267,90.163,43157600,3891218688.8
2014-10-27,QQQ,89.989,90.391,89.614,90.227,29545700,2665819873.9
2014-10-28,QQQ,90.647,91.607,90.583,91.589,34495100,3159371713.9
2014-10-29,QQQ,91.287,91.534,90.601,91.25,40552800,3700443000.0
2014-10-30,QQQ,90.839,91.662,90.638,91.442,35935800,3286041423.6
2014-10-31,QQQ,92.96,93.024,92.402,92.704,54254100,5029572086.4
2014-11-03,QQQ,92.869,93.225,92.732,92.978,33481000,3112996418.0
2014-11-04,QQQ,92.686,92.905,92.037,92.668,22773300,2110356164.4
2014-11-05,QQQ,93.28,93.28,92.357,92.677,25818600,2392790392.2
2014-11-06,QQQ,92.668,92.997,92.265,92.969,24671900,2293721871.1
2014-11-07,QQQ,93.134,93.17,92.402,92.887,20931700,1944282817.9
2014-11-10,QQQ,92.933,93.335,92.686,93.216,20360000,1897877760.0
2014-11-11,QQQ,93.234,93.509,92.978,93.509,15454000,1445088086.0
2014-11-12,QQQ,93.134,93.774,93.134,93.673,22050300,2065517751.9
2014-11-13,QQQ,93.847,94.423,93.637,94.076,28027800,2636743312.8
2014-11-14,QQQ,94.048,94.368,93.737,94.368,19251300,1816706678.4
2014-11-17,QQQ,94.149,94.359,93.637,94.085,23361600,2197976136.0
2014-11-18,QQQ,94.167,94.917,94.158,94.789,26336800,2496438935.2
2014-11-19,QQQ,94.688,94.688,93.92,94.359,23760200,2241988711.8
2014-11-20,QQQ,93.957,94.862,93.883,94.779,22874000,2167974846.0
2014-11-21,QQQ,95.621,95.712,94.661,94.962,34049100,3233370634.2
2014-11-24,QQQ,95.218,95.749,95.136,95.703,17928300,1715792094.9
2014-11-25,QQQ,95.849,96.133,95.602,95.849,17526000,1679849574.0
2014-11-26,QQQ,95.941,96.526,95.84,96.471,18973800,1830421459.8
2014-11-28,QQQ,96.727,97.138,96.663,96.919,17360400,1682552607.6
2014-12-01,QQQ,96.654,96.836,95.465,95.822,35969500,3446669429.0
2014-12-02,QQQ,95.922,96.379,95.721,96.206,26031300,2504367247.8
2014-12-03,QQQ,96.352,96.516,95.776,96.379,32974300,3178030059.7
2014-12-04,QQQ,96.288,96.709,95.931,96.334,31008800,2987201739.2
2014-12-05,QQQ,96.489,96.635,96.133,96.343,25622200,2468519614.6
2014-12-08,QQQ,96.096,96.516,95.154,95.657,32685800,3126625570.6
2014-12-09,QQQ,94.542,96.032,94.203,95.959,46035100,4417482160.9
2014-12-10,QQQ,95.785,96.023,94.277,94.45,39330100,3714727945.0
2014-12-11,QQQ,94.725,96.032,94.706,94.898,47576000,4514867248.0
2014-12-12,QQQ,93.993,95.072,93.856,93.865,46889400,4401273531.0
2014-12-15,QQQ,94.35,94.697,92.631,92.896,52968400,4920552486.4
2014-12-16,QQQ,92.311,93.682,91.388,91.406,65348600,5973254131.6
2014-12-17,QQQ,91.47,93.335,91.351,93.07,79715300,7419102971.0
2014-12-18,QQQ,94.405,95.319,94.149,95.31,49840900,4750336179.0
2014-12-19,QQQ,95.408,96.114,95.169,95.729,51419900,4922375607.1
2014-12-22,QQQ,95.573,95.995,95.527,95.968,33869200,3250359385.6
2014-12-23,QQQ,96.316,96.326,95.518,95.628,30156900,2883844033.2
2014-12-24,QQQ,95.747,96.078,95.683,95.711,14291300,1367834614.3
2014-12-26,QQQ,95.986,96.592,95.958,96.39,13924300,1342163277.0
2014-12-29,QQQ,96.298,96.582,96.243,96.371,17073800,1645419179.8
2014-12-30,QQQ,96.096,96.316,95.601,95.729,18604000,1780942316.0
2014-12-31,QQQ,95.894,96.27,94.61,94.747,24367100,2308709623.7
2015-01-02,QQQ,95.215,95.619,94.004,94.463,31314600,2958071059.8
2015-01-05,QQQ,94.05,94.16,92.811,93.077,36521300,3399293040.1
2015-01-06,QQQ,93.215,93.371,91.416,91.829,66205500,6079584859.5
2015-01-07,QQQ,92.435,93.233,92.214,93.013,37577400,3495186706.2
2015-01-08,QQQ,93.802,94.977,93.701,94.793,40212600,3811872991.8
2015-01-09,QQQ,95.087,95.114,93.618,94.169,41410100,3899547706.9
2015-01-12,QQQ,94.353,94.454,92.949,93.187,34129800,3180453672.6
2015-01-13,QQQ,94.096,95.087,92.407,93.16,56162300,5232079868.0
2015-01-14,QQQ,92.224,93.123,91.829,92.646,51354200,4757761213.2
2015-01-15,QQQ,93.077,93.224,91.334,91.444,51005400,4664137797.6
2015-01-16,QQQ,91.324,92.637,91.178,92.517,35362200,3271604657.4
2015-01-20,QQQ,93.077,93.49,92.031,93.251,30964100,2887433289.1
2015-01-21,QQQ,92.976,94.169,92.646,93.729,40128800,3761232295.2
2015-01-22,QQQ,94.096,95.564,93.27,95.463,40887200,3903214773.6
2015-01-23,QQQ,95.454,95.968,95.178,95.674,34783000,3327828742.0
2015-01-26,QQQ,95.564,95.738,95.078,95.564,19960900,1907543447.6
2015-01-27,QQQ,94.059,94.114,92.774,93.086,45253200,4212439375.2
2015-01-28,QQQ,94.582,94.683,92.591,92.609,43591700,4036983745.3
2015-01-29,QQQ,92.536,93.674,91.728,93.499,46539700,4351415410.3
2015-01-30,QQQ,93.417,94.132,92.646,92.774,42927600,3982565162.4
2015-02-02,QQQ,92.985,93.664,91.535,93.582,43624700,4082486675.4
2015-02-03,QQQ,93.921,94.545,93.306,94.481,30750400,2905328542.4
2015-02-04,QQQ,94.096,95.022,93.885,94.398,34073200,3216441933.6
2015-02-05,QQQ,94.637,95.279,94.398,95.215,23605500,2247597682.5
2015-02-06,QQQ,95.362,95.591,94.298,94.637,34169300,3233680044.1
2015-02-09,QQQ,94.27,94.784,94.105,94.334,22604700,2132391769.8
2015-02-10,QQQ,94.857,95.931,94.71,95.802,23686500,2269214073.0
2015-02-11,QQQ,95.913,96.371,95.729,96.151,20303600,1952211443.6
2015-02-12,QQQ,96.775,97.307,96.628,97.271,22520300,2190572101.3
2015-02-13,QQQ,97.546,98.124,97.362,98.106,29030200,2848036801.2
2015-02-17,QQQ,98.106,98.262,97.858,98.198,17675300,1735679109.4
2015-02-18,QQQ,98.078,98.39,97.95,98.335,15149600,1489735916.0
2015-02-19,QQQ,98.271,98.886,98.243,98.822,19828100,1959452498.2
2015-02-20,QQQ,98.757,99.537,98.445,99.482,28336700,2818991589.4
2015-02-23,QQQ,99.427,99.611,99.207,99.583,17868000,1779349044.0
2015-02-24,QQQ,99.455,99.776,99.152,99.657,19745000,1967727465.0
2015-02-25,QQQ,99.51,99.895,99.189,99.409,19472300,1935721870.7
2015-02-26,QQQ,99.51,99.969,99.234,99.914,22255500,2223636027.0
2015-02-27,QQQ,99.877,99.941,99.317,99.473,27757600,2761131744.8
2015-03-02,QQQ,99.666,100.409,99.647,100.372,22988600,2307411759.2
2015-03-03,QQQ,100.07,100.17,99.271,99.904,20788900,2076894265.6
2015-03-04,QQQ,99.574,99.721,98.978,99.519,21007400,2090635440.6
2015-03-05,QQQ,99.776,99.996,99.28,99.693,15381000,1533378033.0
2015-03-06,QQQ,99.565,99.758,98.317,98.565,30990400,3054568776.0
2015-03-09,QQQ,98.766,99.097,98.363,98.849,26237100,2593511097.9
2015-03-10,QQQ,98.142,98.17,97.014,97.014,34234500,3321225783.0
2015-03-11,QQQ,97.161,97.28,96.417,96.454,25459700,2455689903.8
2015-03-12,QQQ,96.381,97.197,96.316,97.087,21473200,2084768568.4
2015-03-13,QQQ,96.995,97.381,96.059,96.665,42021100,4061969631.5
2015-03-16,QQQ,97.023,97.95,96.922,97.913,25674100,2513828153.3
2015-03-17,QQQ,97.647,98.225,97.418,98.069,19603800,1922525062.2
2015-03-18,QQQ,97.803,99.482,97.298,99.033,40622200,4022938332.6
2015-03-19,QQQ,99.134,99.455,98.987,99.179,31314000,3105691206.0
2015-03-20,QQQ,99.996,100.318,99.803,99.821,31761400,3170454709.4
2015-03-23,QQQ,99.766,100.042,99.591,99.628,17268500,1720426118.0
2015-03-24,QQQ,99.619,100.079,99.251,99.27,22445300,2228144931.0
2015-03-25,QQQ,99.426,99.518,96.961,96.998,41581400,4033312637.2
2015-03-26,QQQ,96.198,97.219,95.876,96.667,47846300,4625158282.1
2015-03-27,QQQ,96.648,97.283,96.501,97.053,33878400,3288000355.2
2015-03-30,QQQ,97.642,98.249,97.642,98.166,30570200,3000954253.2
2015-03-31,QQQ,97.89,98.092,97.099,97.127,30488100,2961217688.7
2015-04-01,QQQ,97.127,97.145,95.995,96.621,32970500,3185642680.5
2015-04-02,QQQ,96.713,96.998,96.372,96.685,19164200,1852890677.0
2015-04-06,QQQ,96.115,97.743,95.968,97.476,24451100,2383395423.6
2015-04-07,QQQ,97.421,98.138,97.31,97.31,19379400,1885809414.0
2015-04-08,QQQ,97.347,98.221,97.338,98.083,25866900,2537103152.7
2015-04-09,QQQ,98.037,98.736,97.706,98.699,23114700,2281397775.3
2015-04-10,QQQ,98.663,99.113,98.442,99.104,17164300,1701050787.2
2015-04-13,QQQ,99.178,99.683,98.745,98.856,17783500,1758005676.0
2015-04-14,QQQ,98.755,99.04,98.009,98.571,23755700,2341623104.7
2015-04-15,QQQ,98.828,99.398,98.709,99.187,21128600,2095682448.2
2015-04-16,QQQ,98.92,99.224,98.782,99.049,16195300,1604128269.7
2015-04-17,QQQ,98.101,98.368,97.081,97.504,46514000,4535301056.0
2015-04-20,QQQ,97.991,99.141,97.954,98.966,28945900,2864659939.4
2015-04-21,QQQ,99.536,99.711,99.27,99.389,22759800,2262073762.2
2015-04-22,QQQ,99.647,100.097,99.003,99.932,21429200,2141462814.4
2015-04-23,QQQ,99.591,100.76,99.573,100.309,29473200,2956427218.8
2015-04-24,QQQ,101.367,101.808,101.201,101.67,32508100,3305098527.0
2015-04-27,QQQ,102.047,102.24,101.192,101.413,31121300,3156104396.9
2015-04-28,QQQ,101.486,101.679,100.355,101.21,36849200,3729507532.0
2015-04-29,QQQ,100.649,101.238,100.024,100.576,34043900,3423999286.4
2015-04-30,QQQ,100.005,100.41,98.469,98.994,44080500,4363705017.0
2015-05-01,QQQ,99.38,100.364,99.362,100.3,32874300,3297292290.0
2015-05-04,QQQ,100.622,101.091,100.41,100.465,23507300,2361660894.5
2015-05-05,QQQ,100.07,100.254,98.782,98.828,47843300,4728257652.4
2015-05-06,QQQ,99.003,99.288,97.494,98.147,42687200,4189620618.4
2015-05-07,QQQ,98.12,99.012,98.046,98.736,29335800,2896499548.8
2015-05-08,QQQ,99.757,100.18,99.61,99.969,33023300,3301306277.7
2015-05-11,QQQ,100.033,100.235,99.509,99.582,19679300,1959704052.6
2015-05-12,QQQ,98.994,99.637,98.23,99.132,33665000,3337278780.0
2015-05-13,QQQ,99.564,100.079,99.187,99.334,20738400,2060028225.6
2015-05-14,QQQ,100.143,100.87,99.775,100.787,23904200,2409232605.4
2015-05-15,QQQ,101.045,101.183,100.539,100.787,23937400,2412578733.8
2015-05-18,QQQ,100.622,101.431,100.548,101.229,17631100,1784778621.9
2015-05-19,QQQ,101.339,101.495,100.953,101.118,14212900,1437180022.2
2015-05-20,QQQ,101.192,101.79,100.649,101.183,21131900,2138189037.7
2015-05-21,QQQ,101.008,101.845,100.861,101.707,16771800,1705809462.6
2015-05-22,QQQ,101.587,101.974,101.523,101.606,13543800,1376131342.8
2015-05-26,QQQ,101.385,101.523,100.033,100.438,25488400,2560003919.2
2015-05-27,QQQ,100.741,102.167,100.52,102.056,30572700,3120127471.2
2015-05-28,QQQ,101.863,102.102,101.514,101.827,17302400,1761851484.8
2015-05-29,QQQ,101.762,101.9,100.98,101.219,30383000,3075336877.0
2015-06-01,QQQ,101.762,101.836,100.732,101.56,24570200,2495349512.0
2015-06-02,QQQ,101.183,101.735,100.686,101.238,19449600,1969038604.8
2015-06-03,QQQ,101.698,101.918,101.293,101.541,20507200,2082321595.2
2015-06-04,QQQ,100.971,101.615,100.447,100.769,31374600,3161587067.4
2015-06-05,QQQ,100.649,100.888,99.913,100.53,22641700,2276170101.0
2015-06-08,QQQ,100.484,100.557,99.306,99.509,24549200,2442866342.8
2015-06-09,QQQ,99.27,99.702,98.598,99.343,27554600,2737356627.8
2015-06-10,QQQ,99.683,100.999,99.573,100.704,30297900,3051119721.6
2015-06-11,QQQ,101.045,101.311,100.677,100.852,17593500,1774339662.0
2015-06-12,QQQ,100.318,100.53,99.886,100.024,27201800,2720832843.2
2015-06-15,QQQ,99.279,99.683,98.699,99.527,31238800,3109104047.6
2015-06-16,QQQ,99.426,100.235,99.38,100.07,16456900,1646841983.0
2015-06-17,QQQ,100.235,100.668,99.729,100.346,23296700,2337730658.2
2015-06-18,QQQ,100.714,101.983,100.658,101.808,43032400,4381042579.2
2015-06-19,QQQ,101.858,101.941,101.231,101.305,27877600,2824140268.0
2015-06-22,QQQ,102.051,102.356,101.821,102.051,19120900,1951306965.9
2015-06-23,QQQ,102.162,102.227,101.71,102.134,18127900,1851474938.6
2015-06-24,QQQ,102.015,102.448,101.581,101.609,15815900,1607037783.1
2015-06-25,QQQ,102.005,102.107,101.24,101.406,18326700,1858437340.2
2015-06-26,QQQ,101.388,101.618,100.355,100.733,32311700,3254854476.1
2015-06-29,QQQ,99.618,100.171,98.309,98.355,50874900,5003800789.5
2015-06-30,QQQ,99.092,99.304,98.401,98.705,34809900,3435911179.5
2015-07-01,QQQ,99.682,99.885,99.028,99.489,21293000,2118419277.0
2015-07-02,QQQ,99.774,99.857,99.212,99.516,20499400,2040018290.4
2015-07-06,QQQ,98.889,99.857,98.677,99.286,24311000,2413741946.0
2015-07-07,QQQ,99.396,99.627,97.562,99.535,44230800,4402512678.0
2015-07-08,QQQ,98.825,98.945,97.617,97.802,39691500,3881908083.0
2015-07-09,QQQ,99.101,99.194,97.737,97.746,28381000,2774129226.0
2015-07-10,QQQ,99.046,99.609,98.687,99.24,26415800,2621503992.0
2015-07-13,QQQ,100.097,101.065,100.088,100.982,25780700,2603386647.4
2015-07-14,QQQ,101.12,101.922,101.065,101.646,21977200,2233894471.2
2015-07-15,QQQ,101.839,102.153,101.471,101.756,28631500,2913426914.0
2015-07-16,QQQ,102.595,103.213,102.393,103.195,29838900,3079225285.5
2015-07-17,QQQ,104.024,104.716,103.849,104.716,35926800,3762110788.8
2015-07-20,QQQ,104.937,105.453,104.614,105.075,26539000,2788585425.0
2015-07-21,QQQ,105.112,105.278,104.706,105.011,35468900,3724624657.9
2015-07-22,QQQ,103.407,104.328,103.407,103.821,35575000,3693432075.0
2015-07-23,QQQ,103.923,104.264,103.167,103.434,25698300,2658077962.2
2015-07-24,QQQ,103.987,104.172,102.264,102.42,30844700,3159114174.0
2015-07-27,QQQ,101.839,102.282,101.351,101.572,35994800,3656063825.6
2015-07-28,QQQ,102.024,102.651,101.213,102.448,33553500,3437488968.0
2015-07-29,QQQ,102.669,103.056,102.273,102.835,26714100,2747144473.5
2015-07-30,QQQ,102.595,103.499,101.978,103.324,25438100,2628366244.4
2015-07-31,QQQ,103.646,103.702,102.992,103.204,22081700,2278919766.8
2015-08-03,QQQ,103.222,103.508,102.199,102.881,25001800,2572210185.8
2015-08-04,QQQ,102.835,103.019,102.264,102.688,22132300,2272721622.4
2015-08-05,QQQ,103.259,104.172,103.139,103.48,28989900,2999874852.0
2015-08-06,QQQ,103.573,103.711,101.36,101.821,42125400,4289250353.4
2015-08-07,QQQ,101.572,101.932,100.853,101.692,30006800,3051451505.6
2015-08-10,QQQ,102.337,103.075,102.328,102.854,21500800,2211443283.2
2015-08-11,QQQ,102.31,102.706,100.973,101.535,36123300,3667779265.5
2015-08-12,QQQ,100.835,102.088,99.765,101.886,41889000,4267902654.0
2015-08-13,QQQ,101.987,102.476,101.498,101.72,22510500,2289768060.0
2015-08-14,QQQ,101.48,102.024,101.277,101.876,17924900,1826117112.4
2015-08-17,QQQ,101.627,102.752,101.369,102.724,21224900,2180306627.6
2015-08-18,QQQ,102.586,102.669,102.061,102.199,13984400,1429191695.6
2015-08-19,QQQ,101.886,102.429,100.936,101.526,42511400,4316012396.4
2015-08-20,QQQ,100.586,100.908,98.705,98.714,57747300,5700466972.2
2015-08-21,QQQ,97.322,98.152,94.4,94.4,97763400,9228864960.0
2015-08-24,QQQ,86.868,94.52,78.12,90.768,150829900,13690528363.2
2015-08-25,QQQ,94.096,94.713,90.353,90.427,75088300,6790009704.1
2015-08-26,QQQ,93.072,95.165,91.201,94.981,104103800,9887883027.8
2015-08-27,QQQ,96.354,97.451,95.211,97.387,69377700,6756486069.9
2015-08-28,QQQ,96.871,97.719,96.659,97.368,49919600,4860571612.8
2015-08-31,QQQ,96.824,97.359,95.921,96.161,39549400,3803109853.4
2015-09-01,QQQ,93.764,95.22,92.768,93.155,73155500,6814800602.5
2015-09-02,QQQ,94.842,95.801,93.755,95.783,43963600,4210965498.8
2015-09-03,QQQ,96.161,96.815,95.045,95.313,45131800,4301647253.4
2015-09-04,QQQ,94.004,94.815,93.653,94.179,49379600,4650521348.4
2015-09-08,QQQ,95.986,96.954,95.589,96.834,37343500,3616120479.0
2015-09-09,QQQ,97.977,98.004,95.497,95.746,47146700,4514107938.2
2015-09-10,QQQ,95.635,97.424,95.525,96.788,47686700,4615500319.6
2015-09-11,QQQ,96.345,97.322,96.068,97.322,29106100,2832663864.2
2015-09-14,QQQ,97.682,97.7,96.659,97.027,19718800,1913256007.6
2015-09-15,QQQ,97.258,98.475,96.898,98.17,30020200,2947083034.0
2015-09-16,QQQ,98.189,98.816,97.848,98.724,31329100,3092934068.4
2015-09-17,QQQ,98.622,100.235,98.309,98.76,56139800,5544366648.0
2015-09-18,QQQ,97.245,98.511,97.189,97.356,48384000,4710472704.0
2015-09-21,QQQ,97.892,98.465,96.783,97.661,35772600,3493587888.6
2015-09-22,QQQ,96.164,96.496,95.304,96.201,47359700,4556050499.7
2015-09-23,QQQ,96.459,96.718,95.775,96.275,21775100,2096397752.5
2015-09-24,QQQ,95.341,96.284,94.509,95.923,38284300,3672344908.9
2015-09-25,QQQ,96.949,97.042,94.519,95.11,44700000,4251417000.0
2015-09-28,QQQ,94.704,94.768,92.125,92.402,44077500,4072849155.0
2015-09-29,QQQ,92.634,93.576,91.257,91.922,49315500,4533179391.0
2015-09-30,QQQ,93.234,94.14,92.874,94.038,41411400,3894245233.2
2015-10-01,QQQ,94.204,94.472,92.957,94.463,39339100,3716089403.3
2015-10-02,QQQ,93.151,96.117,92.855,96.117,59370900,5706552795.3
2015-10-05,QQQ,96.829,97.753,96.616,97.494,32853500,3203019129.0
2015-10-06,QQQ,97.263,97.587,96.275,97.032,33051500,3207053148.0
2015-10-07,QQQ,97.642,97.827,96.376,97.614,37389300,3649719130.2
2015-10-08,QQQ,97.245,98.169,96.302,98.003,50188900,4918662766.7
2015-10-09,QQQ,98.049,98.631,97.781,98.446,23916200,2354454225.2
2015-10-12,QQQ,98.631,98.871,98.28,98.686,16162000,1594963132.0
2015-10-13,QQQ,98.123,99.121,97.956,98.049,26999600,2647283780.4
2015-10-14,QQQ,98.049,98.539,97.485,97.892,30902600,3025117319.2
2015-10-15,QQQ,98.252,99.509,98.123,99.5,38393800,3820183100.0
2015-10-16,QQQ,99.712,99.971,99.232,99.916,27091100,2706834347.6
2015-10-19,QQQ,99.786,100.553,99.564,100.488,23776300,2389232834.4
2015-10-20,QQQ,100.313,100.525,99.629,99.971,23404700,2339791263.7
2015-10-21,QQQ,100.479,100.581,99.324,99.361,30195200,3000225267.2
2015-10-22,QQQ,100.248,101.468,99.962,101.385,42778700,4337118499.5
2015-10-23,QQQ,104.111,104.647,103.566,104.222,53170900,5541577539.8
2015-10-26,QQQ,104.148,104.49,103.751,104.287,25918000,2702910466.0
2015-10-27,QQQ,104.009,104.647,103.982,104.499,31390500,3280275859.5
2015-10-28,QQQ,104.656,105.368,103.815,105.368,42221900,4448837159.2
2015-10-29,QQQ,104.887,105.377,104.776,105.201,24913300,2620904073.3
2015-10-30,QQQ,105.248,105.423,104.702,104.73,27199200,2848572216.0
2015-11-02,QQQ,105.007,106.042,104.786,105.913,22176900,2348822009.7
2015-11-03,QQQ,105.701,106.662,105.543,106.283,20418400,2170128807.2
2015-11-04,QQQ,106.634,106.708,105.848,106.292,28633000,3043458836.0
2015-11-05,QQQ,106.384,106.643,105.451,106.005,25004100,2650559620.5
2015-11-06,QQQ,105.802,106.2,105.128,106.079,29924900,3174403467.1
2015-11-09,QQQ,105.682,105.821,104.305,104.952,33479800,3513771969.6
2015-11-10,QQQ,104.398,104.786,104.083,104.684,35452100,3711267636.4
2015-11-11,QQQ,104.97,105.479,104.379,104.555,22748800,2378500784.0
2015-11-12,QQQ,104.13,104.638,103.464,103.538,31196900,3230064632.2
2015-11-13,QQQ,103.104,103.215,101.45,101.505,52836000,5363118180.0
2015-11-16,QQQ,101.403,102.984,101.172,102.965,33980600,3498812479.0
2015-11-17,QQQ,103.141,103.769,102.771,103.03,30579500,3150605885.0
2015-11-18,QQQ,103.446,105.109,103.344,105.007,32966500,3461713265.5
2015-11-19,QQQ,105.063,105.562,104.878,105.081,26188100,2751871736.1
2015-11-20,QQQ,105.58,105.876,105.479,105.793,22727600,2404420986.8
2015-11-23,QQQ,105.83,106.218,105.035,105.488,20696200,2183200745.6
2015-11-24,QQQ,104.804,105.645,104.277,105.396,26374400,2779756262.4
2015-11-25,QQQ,105.553,105.682,105.266,105.488,14159900,1493699531.2
2015-11-27,QQQ,105.719,105.848,105.275,105.636,8828000,932554608.0
2015-11-30,QQQ,105.95,105.95,105.026,105.368,25041600,2638583308.8
2015-12-01,QQQ,105.793,106.421,105.664,106.421,28639400,3047833587.4
2015-12-02,QQQ,106.505,106.967,105.608,105.765,22395500,2368660057.5
2015-12-03,QQQ,106.052,106.237,103.353,103.972,42754300,4445250079.6
2015-12-04,QQQ,104.287,106.578,104.074,106.403,40037300,4260088831.9
2015-12-07,QQQ,106.477,106.541,105.414,105.922,25892100,2742543016.2
2015-12-08,QQQ,104.813,106.273,104.776,105.932,30792600,3261921703.2
2015-12-09,QQQ,105.469,106.052,103.686,104.324,48509200,5060673780.8
2015-12-10,QQQ,104.564,105.497,104.25,104.795,30154600,3160051307.0
2015-12-11,QQQ,103.584,103.862,102.318,102.383,56022200,5735720902.6
2015-12-14,QQQ,102.522,103.205,101.08,103.159,53098500,5477588161.5
2015-12-15,QQQ,104.111,104.684,103.658,103.788,48428000,5026245264.0
2015-12-16,QQQ,104.49,105.506,103.399,105.331,44944100,4734006997.1
2015-12-17,QQQ,105.793,105.793,103.778,103.797,45668800,4740284433.6
2015-12-18,QQQ,103.474,103.706,101.806,101.806,53746100,5471675456.6
2015-12-21,QQQ,102.77,102.955,102.01,102.937,26432800,2720913133.6
2015-12-22,QQQ,103.484,103.762,102.937,103.613,26540300,2749920103.9
2015-12-23,QQQ,104.151,104.457,103.966,104.383,25656900,2678144192.7
2015-12-24,QQQ,104.383,104.651,104.318,104.364,11468600,1196908970.4
2015-12-28,QQQ,104.114,104.327,103.363,104.308,19183600,2001002948.8
2015-12-29,QQQ,104.93,106.181,104.865,105.949,27725700,2937510189.3
2015-12-30,QQQ,105.856,105.894,104.976,104.994,19520100,2049493379.4
2015-12-31,QQQ,104.624,104.818,103.669,103.687,29886800,3098872631.6
2016-01-04,QQQ,101.454,101.593,100.221,101.5,50807600,5156971400.0
2016-01-05,QQQ,102.0,102.13,100.851,101.324,38795200,3930884844.8
2016-01-06,QQQ,99.563,100.934,99.563,100.35,41891100,4203771885.0
2016-01-07,QQQ,98.209,99.451,97.153,97.208,61386300,5967239450.4
2016-01-08,QQQ,97.913,98.524,96.309,96.411,69344000,6685524384.0
2016-01-11,QQQ,97.097,97.384,95.224,96.708,50024100,4837730662.8
2016-01-12,QQQ,97.635,98.33,96.476,97.829,46734200,4571960051.8
2016-01-13,QQQ,98.228,98.469,94.307,94.455,69870700,6599636968.5
2016-01-14,QQQ,94.826,97.31,93.315,96.467,78445700,7567421341.9
2016-01-15,QQQ,93.269,94.492,92.24,93.473,91443900,8547535664.7
2016-01-19,QQQ,94.742,94.891,92.583,93.676,56563800,5298670528.8
2016-01-20,QQQ,92.203,94.39,90.145,93.389,86675000,8094491575.0
2016-01-21,QQQ,93.788,94.872,92.527,93.482,61660100,5764109468.2
2016-01-22,QQQ,95.364,96.226,95.039,96.188,42229800,4062000002.4
2016-01-25,QQQ,95.846,96.392,94.678,94.761,38881500,3684449821.5
2016-01-26,QQQ,95.16,96.022,94.325,95.614,36143900,3455862854.6
2016-01-27,QQQ,95.058,95.465,92.833,93.232,54524700,5083446830.4
2016-01-28,QQQ,94.78,94.817,92.935,94.548,47641500,4504408542.0
2016-01-29,QQQ,94.52,96.559,94.492,96.522,54245100,5235845542.2
2016-02-01,QQQ,96.059,97.143,95.688,96.782,32750300,3169639534.6
2016-02-02,QQQ,96.337,96.374,94.4,94.687,44928100,4254107004.7
2016-02-03,QQQ,95.317,95.317,92.583,94.233,61572900,5802199085.7
2016-02-04,QQQ,93.982,94.974,93.102,94.223,49321600,4647229116.8
2016-02-05,QQQ,93.89,93.927,90.581,90.951,70749900,6434774154.9
2016-02-08,QQQ,89.255,89.959,87.911,89.561,91673100,8210334509.1
2016-02-09,QQQ,88.365,90.636,88.226,89.283,73778400,6587156887.2
2016-02-10,QQQ,90.312,91.48,89.561,89.626,59421700,5325729284.2
2016-02-11,QQQ,88.486,90.21,88.235,89.496,76839200,6876801043.2
2016-02-12,QQQ,90.506,90.951,89.663,90.859,49186500,4469036203.5
2016-02-16,QQQ,92.203,92.907,91.628,92.907,40565900,3768856071.3
2016-02-17,QQQ,93.584,95.141,93.343,95.011,41766500,3968276931.5
2016-02-18,QQQ,95.308,95.326,93.806,93.927,38991500,3662354620.5
2016-02-19,QQQ,93.473,94.492,93.269,94.205,28257900,2662035469.5
2016-02-22,QQQ,95.085,95.827,94.993,95.734,23979100,2295615159.4
2016-02-23,QQQ,95.178,95.438,94.094,94.159,29869700,2812501082.3
2016-02-24,QQQ,93.055,95.178,92.481,95.058,40739100,3872577367.8
2016-02-25,QQQ,95.252,95.994,94.4,95.994,29389300,2821196464.2
2016-02-26,QQQ,96.726,96.745,95.642,95.873,30925000,2964872525.0
2016-02-29,QQQ,95.781,96.494,95.011,95.011,27553900,2617923592.9
2016-03-01,QQQ,95.92,98.061,95.623,98.061,37699800,3696880087.8
2016-03-02,QQQ,97.94,98.117,97.338,98.098,29209800,2865422960.4
2016-03-03,QQQ,97.996,98.024,97.208,97.913,25474600,2494294509.8
2016-03-04,QQQ,98.024,98.58,97.301,97.95,31655400,3100646430.0
2016-03-07,QQQ,97.449,98.015,96.652,97.347,25861200,2517510236.4
2016-03-08,QQQ,96.68,97.523,96.374,96.541,28898500,2789890088.5
2016-03-09,QQQ,96.902,97.18,96.365,97.162,31047400,3016627478.8
2016-03-10,QQQ,97.57,98.126,95.762,97.013,44236100,4291476769.3
2016-03-11,QQQ,98.061,98.71,97.755,98.71,31454000,3104824340.0
2016-03-14,QQQ,98.339,99.108,98.311,98.877,25374900,2508993987.3
2016-03-15,QQQ,98.524,98.951,98.209,98.84,26524600,2621691464.0
2016-03-16,QQQ,98.599,99.98,98.571,99.72,31693100,3160435932.0
2016-03-17,QQQ,99.433,99.896,99.062,99.665,29623700,2952446060.5
2016-03-18,QQQ,99.904,100.072,99.291,99.821,37682300,3761484868.3
2016-03-21,QQQ,99.644,100.304,99.588,100.211,17288600,1732507894.6
2016-03-22,QQQ,99.644,100.75,99.625,100.518,18840300,1893789275.4
2016-03-23,QQQ,100.323,100.397,99.467,99.691,20912900,2084827913.9
2016-03-24,QQQ,99.207,99.746,99.04,99.718,19017300,1896367121.4
2016-03-28,QQQ,99.997,100.016,99.402,99.579,13892300,1383381341.7
2016-03-29,QQQ,99.393,101.243,99.226,101.178,29963900,3031687474.2
2016-03-30,QQQ,101.782,102.303,101.457,101.671,23807200,2420501831.2
2016-03-31,QQQ,101.596,101.978,101.364,101.522,21447200,2177362638.4
2016-04-01,QQQ,100.908,102.638,100.769,102.601,26389000,2707537789.0
2016-04-04,QQQ,102.6,102.675,101.968,102.21,17163000,1754230230.0
2016-04-05,QQQ,101.42,101.801,101.094,101.225,20107900,2035422177.5
2016-04-06,QQQ,101.327,102.926,101.327,102.889,25056000,2577986784.0
2016-04-07,QQQ,102.294,102.48,100.974,101.41,28567200,2896999752.0
2016-04-08,QQQ,102.043,102.284,100.983,101.336,22898000,2320391728.0
2016-04-11,QQQ,101.773,102.284,100.955,100.964,25772100,2602054304.4
2016-04-12,QQQ,101.039,102.005,100.425,101.81,28564100,2908111021.0
2016-04-13,QQQ,102.591,103.27,102.461,103.112,25356700,2614580050.4
2016-04-14,QQQ,103.13,103.502,102.266,103.121,17199700,1773650263.7
2016-04-15,QQQ,103.037,103.251,102.6,102.861,21353300,2196421791.3
2016-04-18,QQQ,102.563,103.446,102.498,103.409,17126100,1770992874.9
2016-04-19,QQQ,103.605,103.605,102.154,102.777,42481400,4366110847.8
2016-04-20,QQQ,102.777,103.335,102.424,102.861,18078300,1859552016.3
2016-04-21,QQQ,102.805,103.242,102.405,102.87,20216000,2079619920.0
2016-04-22,QQQ,101.531,102.005,100.518,101.318,39074000,3958899532.0
2016-04-25,QQQ,101.011,101.327,100.825,101.318,14351900,1454105804.2
2016-04-26,QQQ,101.531,101.699,100.518,100.825,19118300,1927602597.5
2016-04-27,QQQ,99.793,100.248,99.189,100.016,33059800,3306508956.8
2016-04-28,QQQ,100.128,100.713,98.612,98.807,29818200,2946246887.4
2016-04-29,QQQ,98.807,99.012,97.506,98.287,67502800,6634647703.6
2016-05-02,QQQ,98.538,99.356,98.129,99.216,24813800,2461925980.8
2016-05-03,QQQ,98.51,98.956,98.036,98.296,38569400,3791217742.4
2016-05-04,QQQ,97.701,98.064,97.422,97.664,27474500,2683269568.0
2016-05-05,QQQ,98.017,98.231,97.441,97.636,20788100,2029666931.6
2016-05-06,QQQ,97.153,98.175,97.06,98.157,30758500,3019162084.5
2016-05-09,QQQ,98.166,98.891,98.119,98.435,19289600,1898771776.0
2016-05-10,QQQ,98.789,99.83,98.612,99.784,21178900,2113315357.6
2016-05-11,QQQ,99.635,99.932,98.854,98.882,20966300,2073189676.6
2016-05-12,QQQ,99.114,99.235,97.747,98.445,29196300,2874229753.5
2016-05-13,QQQ,98.361,98.965,97.887,98.082,21059300,2065538262.6
2016-05-16,QQQ,98.231,99.672,98.138,99.309,18311900,1818536477.1
2016-05-17,QQQ,99.226,99.514,97.803,98.064,29932700,2935320292.8
2016-05-18,QQQ,97.84,98.947,97.655,98.417,27524400,2708868874.8
2016-05-19,QQQ,98.036,98.277,97.19,97.906,27334600,2676221347.6
2016-05-20,QQQ,98.296,99.384,98.24,98.984,29549600,2924937606.4
2016-05-23,QQQ,99.096,99.449,98.761,98.854,15729800,1554953649.2
2016-05-24,QQQ,99.402,100.955,99.374,100.834,29931300,3018092704.2
2016-05-25,QQQ,101.215,101.866,101.039,101.559,37951700,3854336700.3
2016-05-26,QQQ,101.662,101.987,101.42,101.857,21885900,2229232116.3
2016-05-27,QQQ,101.922,102.396,101.903,102.387,19870000,2034429690.0
2016-05-31,QQQ,102.526,102.74,102.061,102.582,24366100,2499523270.2
2016-06-01,QQQ,102.266,102.824,102.182,102.591,19571500,2007859756.5
2016-06-02,QQQ,102.387,102.814,101.829,102.805,15696600,1613688963.0
2016-06-03,QQQ,102.61,102.656,101.652,102.322,20269900,2074056707.8
2016-06-06,QQQ,102.508,102.963,102.331,102.693,12502400,1283908963.2
2016-06-07,QQQ,102.749,102.851,102.387,102.433,12184300,1248074401.9
2016-06-08,QQQ,102.61,102.824,102.229,102.61,14568700,1494894307.0
2016-06-09,QQQ,102.191,102.554,101.996,102.442,17571600,1800069847.2
2016-06-10,QQQ,101.513,101.708,100.927,101.28,32965000,3338695200.0
2016-06-13,QQQ,100.704,101.271,100.304,100.434,25154700,2526387139.8
2016-06-14,QQQ,100.165,100.797,99.7,100.434,24588500,2469521409.0
2016-06-15,QQQ,100.676,100.815,99.979,100.146,24605700,2464162432.2
2016-06-16,QQQ,99.653,100.537,99.012,100.444,32079900,3222233475.6
2016-06-17,QQQ,100.236,100.376,99.033,99.266,29208800,2899440740.8
2016-06-20,QQQ,100.422,100.898,99.816,99.891,20562800,2054038654.8
2016-06-21,QQQ,100.021,100.413,99.835,100.208,22804100,2285153252.8
2016-06-22,QQQ,100.264,100.851,99.881,99.965,22724200,2271624653.0
2016-06-23,QQQ,100.739,101.41,100.32,101.392,18714200,1897470166.4
2016-06-24,QQQ,97.784,99.276,97.001,97.216,68012700,6611922643.2
2016-06-27,QQQ,96.572,96.572,94.848,95.286,48222600,4594938663.6
2016-06-28,QQQ,96.339,97.421,96.293,97.374,28260600,2751847664.4
2016-06-29,QQQ,98.138,99.304,98.092,99.098,31356700,3107386256.6
2016-06-30,QQQ,99.266,100.31,98.931,100.245,36300800,3638973696.0
2016-07-01,QQQ,100.198,101.121,100.161,100.748,19902800,2005167294.4
2016-07-05,QQQ,100.217,100.357,99.593,100.133,21167900,2119605330.7
2016-07-06,QQQ,99.658,101.0,99.341,100.954,24579300,2481378652.2
2016-07-07,QQQ,101.047,101.476,100.776,101.252,19161700,1940160448.4
2016-07-08,QQQ,101.792,102.874,101.625,102.818,29457900,3028802362.2
2016-07-11,QQQ,103.163,103.787,103.153,103.405,20218500,2090693992.5
2016-07-12,QQQ,104.039,104.207,103.787,103.927,21906100,2276635254.7
2016-07-13,QQQ,104.169,104.235,103.666,103.675,21107800,2188351165.0
2016-07-14,QQQ,104.365,104.58,104.123,104.384,20871000,2178598464.0
2016-07-15,QQQ,104.626,104.682,103.983,104.216,17999300,1875815048.8
2016-07-18,QQQ,104.281,105.092,104.263,104.906,20713900,2173012393.4
2016-07-19,QQQ,104.542,104.85,104.337,104.524,18936700,1979339630.8
2016-07-20,QQQ,105.092,105.941,104.962,105.745,24997900,2643402935.5
2016-07-21,QQQ,105.819,106.024,105.213,105.502,18885400,1992447470.8
2016-07-22,QQQ,105.577,106.062,105.251,105.941,20003400,2119180199.4
2016-07-25,QQQ,105.857,105.978,105.596,105.95,12968100,1373970195.0
2016-07-26,QQQ,105.913,106.453,105.54,106.071,21223800,2251229689.8
2016-07-27,QQQ,106.966,107.087,106.36,106.807,27646100,2952797002.7
2016-07-28,QQQ,106.975,107.302,106.64,107.18,16939700,1815597046.0
2016-07-29,QQQ,107.423,107.702,107.078,107.413,22385300,2404472228.9
2016-08-01,QQQ,107.488,108.252,107.357,107.982,13990100,1510678978.2
2016-08-02,QQQ,107.824,107.917,106.472,107.162,21278400,2280235900.8
2016-08-03,QQQ,107.078,107.525,107.013,107.516,15011300,1613954930.8
2016-08-04,QQQ,107.479,107.926,107.227,107.824,12835300,1383953387.2
2016-08-05,QQQ,108.374,109.101,108.252,108.858,23196600,2525135482.8
2016-08-08,QQQ,108.914,108.942,108.392,108.737,12358200,1343793593.4
2016-08-09,QQQ,108.821,109.334,108.756,108.989,13276500,1446992458.5
2016-08-10,QQQ,109.054,109.082,108.42,108.709,14688400,1596761275.6
2016-08-11,QQQ,109.082,109.408,108.858,109.175,12969800,1415977915.0
2016-08-12,QQQ,108.989,109.259,108.868,109.25,19379000,2117155750.0
2016-08-15,QQQ,109.39,109.968,109.352,109.716,11777800,1292213104.8
2016-08-16,QQQ,109.511,109.52,109.091,109.11,14161400,1545150354.0
2016-08-17,QQQ,109.138,109.343,108.532,109.306,15980300,1746742671.8
2016-08-18,QQQ,109.203,109.492,109.017,109.334,10036300,1097308824.2
2016-08-19,QQQ,109.138,109.548,108.84,109.306,18743000,2048722358.0
2016-08-22,QQQ,109.147,109.576,108.942,109.39,14500600,1586220634.0
2016-08-23,QQQ,109.818,110.005,109.539,109.585,11997900,1314789871.5
2016-08-24,QQQ,109.511,109.66,108.513,108.877,17728700,1930247669.9
2016-08-25,QQQ,108.597,109.035,108.467,108.7,24266300,2637746810.0
2016-08-26,QQQ,108.737,109.567,108.206,108.858,23896000,2601270768.0
2016-08-29,QQQ,108.886,109.296,108.868,109.007,11184900,1219232394.3
2016-08-30,QQQ,108.83,109.147,108.28,108.653,19843300,2156034074.9
2016-08-31,QQQ,108.485,108.653,108.085,108.541,16169800,1755086261.8
2016-09-01,QQQ,108.579,108.951,108.047,108.821,20944700,2279223198.7
2016-09-02,QQQ,109.362,109.585,108.765,109.175,18088200,1974779235.0
2016-09-06,QQQ,109.362,109.856,109.119,109.856,18525200,2035104371.2
2016-09-07,QQQ,109.958,110.107,109.501,109.921,17546900,1928772794.9
2016-09-08,QQQ,109.595,109.623,108.989,109.278,20125300,2199252533.4
2016-09-09,QQQ,108.364,108.607,106.509,106.528,50813300,5413039222.4
2016-09-12,QQQ,105.931,108.588,105.922,108.439,39646000,4299172594.0
2016-09-13,QQQ,107.898,108.215,106.947,107.469,45863900,4928947469.1
2016-09-14,QQQ,107.581,108.569,107.553,107.982,28221800,3047446407.6
2016-09-15,QQQ,108.01,109.828,108.001,109.66,38521400,4224256724.0
2016-09-16,QQQ,109.542,109.72,109.066,109.608,27596500,3024797172.0
2016-09-19,QQQ,109.888,110.224,108.916,109.131,16222900,1770421299.9
2016-09-20,QQQ,109.523,109.785,109.15,109.337,18078600,1976659888.2
2016-09-21,QQQ,109.804,110.57,109.159,110.411,31546800,3483113734.8
2016-09-22,QQQ,111.056,111.411,110.944,111.29,22614400,2516756576.0
2016-09-23,QQQ,111.206,111.206,110.421,110.579,22213400,2456335558.6
2016-09-26,QQQ,109.953,110.084,109.495,109.654,16403900,1798753250.6
2016-09-27,QQQ,109.58,110.794,109.477,110.738,20238400,2241159939.2
2016-09-28,QQQ,110.878,110.991,110.355,110.925,14794300,1641057727.5
2016-09-29,QQQ,110.738,110.944,109.645,110.122,27207500,2996144315.0
2016-09-30,QQQ,110.411,111.271,110.299,110.944,25543200,2833864780.8
2016-10-03,QQQ,110.804,110.925,110.355,110.785,19216400,2128888874.0
2016-10-04,QQQ,111.112,111.355,110.196,110.617,21239700,2349471894.9
2016-10-05,QQQ,110.944,111.364,110.897,111.009,14481300,1607554631.7
2016-10-06,QQQ,110.869,111.187,110.411,110.953,11987100,1330004706.3
2016-10-07,QQQ,111.056,111.215,110.168,110.71,19984200,2212450782.0
2016-10-10,QQQ,111.28,111.654,111.234,111.411,19687300,2193381780.3
2016-10-11,QQQ,111.318,111.336,109.337,109.823,27774400,3050267931.2
2016-10-12,QQQ,109.925,110.103,109.393,109.729,14267800,1565591426.2
2016-10-13,QQQ,108.981,109.636,108.346,109.337,22821000,2495179677.0
2016-10-14,QQQ,109.879,110.318,109.402,109.467,21313300,2333103011.1
2016-10-17,QQQ,109.374,109.617,109.028,109.168,14182700,1548296993.6
2016-10-18,QQQ,110.467,110.654,110.084,110.14,19276700,2123135738.0
2016-10-19,QQQ,110.056,110.29,109.935,110.131,13702900,1509114079.9
2016-10-20,QQQ,110.019,110.243,109.365,110.0,18132200,1994542000.0
2016-10-21,QQQ,110.084,110.477,109.72,110.411,15707800,1734313905.8
2016-10-24,QQQ,111.121,111.813,111.103,111.738,19143000,2139000534.0
2016-10-25,QQQ,111.804,111.822,111.215,111.383,20341800,2265730709.4
2016-10-26,QQQ,110.664,111.234,110.299,110.626,20463700,2263817276.2
2016-10-27,QQQ,111.103,111.196,109.963,110.122,19099800,2103308175.6
2016-10-28,QQQ,109.804,110.374,109.094,109.43,35369300,3870462499.0
2016-10-31,QQQ,109.832,109.832,109.271,109.327,18749400,2049815653.8
2016-11-01,QQQ,109.514,109.533,107.561,108.505,23498700,2549726443.5
2016-11-02,QQQ,108.43,108.682,107.365,107.636,26960100,2901877323.6
2016-11-03,QQQ,107.458,107.813,106.458,106.58,36205200,3858750216.0
2016-11-04,QQQ,106.318,107.038,106.019,106.206,26997500,2867296485.0
2016-11-07,QQQ,107.926,108.841,107.748,108.729,26591200,2891234584.8
2016-11-08,QQQ,108.617,109.935,108.365,109.439,20777900,2273912598.1
2016-11-09,QQQ,108.159,110.122,108.028,109.944,70234400,7721850873.6
2016-11-10,QQQ,110.477,110.626,106.72,108.168,72825400,7877377867.2
2016-11-11,QQQ,107.701,108.449,107.318,108.215,41115200,4449281368.0
2016-11-14,QQQ,108.243,108.346,106.561,107.122,35906000,3846322532.0
2016-11-15,QQQ,107.935,108.982,107.776,108.608,31796600,3453365132.8
2016-11-16,QQQ,108.094,109.327,108.094,109.252,16538100,1806820501.2
2016-11-17,QQQ,109.196,110.066,108.972,110.047,20598600,2266814134.2
2016-11-18,QQQ,110.178,110.365,109.533,109.636,16428700,1801176953.2
2016-11-21,QQQ,109.907,110.879,109.869,110.776,20268500,2245263356.0
2016-11-22,QQQ,111.215,111.383,110.841,111.112,18850600,2094527867.2
2016-11-23,QQQ,110.748,110.869,110.178,110.664,22926000,2537082864.0
2016-11-25,QQQ,110.794,111.065,110.664,111.019,7162800,795206893.2
2016-11-28,QQQ,110.879,111.28,110.654,110.766,13479000,1493014914.0
2016-11-29,QQQ,110.869,111.682,110.551,111.15,18553000,2062165950.0
2016-11-30,QQQ,111.29,111.327,109.766,109.804,30405300,3338623561.2
2016-12-01,QQQ,109.766,109.776,107.739,107.907,39796600,4294331716.2
2016-12-02,QQQ,107.972,108.552,107.673,108.122,32876800,3554705369.6
2016-12-05,QQQ,108.682,109.393,108.187,108.963,21419700,2333954771.1
2016-12-06,QQQ,109.271,109.411,108.767,109.224,27293300,2981083399.2
2016-12-07,QQQ,109.0,110.748,108.673,110.608,26622400,2944650419.2
2016-12-08,QQQ,110.654,111.084,110.439,110.804,18578400,2058561033.6
2016-12-09,QQQ,111.215,111.71,111.206,111.673,21863100,2441517966.3
2016-12-12,QQQ,111.178,111.402,110.71,111.168,23259300,2585689862.4
2016-12-13,QQQ,111.505,113.177,111.505,112.57,54477900,6132577203.0
2016-12-14,QQQ,112.71,113.075,112.009,112.336,28746000,3229210656.0
2016-12-15,QQQ,112.486,113.177,112.215,112.514,22762300,2561077422.2
2016-12-16,QQQ,112.79,113.015,111.872,112.097,26283900,2946346338.3
2016-12-19,QQQ,112.209,113.25,112.05,112.556,21138700,2379287517.2
2016-12-20,QQQ,112.912,113.193,112.781,112.987,11461800,1295034396.6
2016-12-21,QQQ,113.034,113.109,112.65,112.903,7079300,799274207.9
2016-12-22,QQQ,112.912,112.94,112.144,112.584,16645000,1873960680.0
2016-12-23,QQQ,112.397,112.706,112.294,112.659,9007500,1014775942.5
2016-12-27,QQQ,112.903,113.896,112.856,113.24,16110600,1824364344.0
2016-12-28,QQQ,113.484,113.587,112.284,112.359,17975200,2019675496.8
2016-12-29,QQQ,112.331,112.594,111.844,112.2,13267500,1488613500.0
2016-12-30,QQQ,112.415,112.425,110.728,111.047,41749000,4636101203.0
2017-01-03,QQQ,111.788,112.462,111.431,112.041,22307600,2499365811.6
2017-01-04,QQQ,112.162,112.856,112.153,112.65,19749100,2224736115.0
2017-01-05,QQQ,112.565,113.362,112.565,113.287,20644300,2338730814.1
2017-01-06,QQQ,113.409,114.581,113.118,114.281,24074300,2751235078.3
2017-01-09,QQQ,114.374,114.862,114.299,114.656,18909200,2168053235.2
2017-01-10,QQQ,114.702,115.255,114.44,114.909,16176600,1858836929.4
2017-01-11,QQQ,114.955,115.218,114.365,115.218,20686000,2383399548.0
2017-01-12,QQQ,114.806,115.115,113.971,115.04,19622500,2257372400.0
2017-01-13,QQQ,115.096,115.63,115.096,115.433,16930800,1954373036.4
2017-01-17,QQQ,115.134,115.312,114.749,115.087,14538500,1673192349.5
2017-01-18,QQQ,115.255,115.433,114.965,115.321,12499700,1441477903.7
2017-01-19,QQQ,115.49,115.893,115.021,115.265,12710700,1465098835.5
2017-01-20,QQQ,115.771,116.061,115.209,115.518,22091000,2551908138.0
2017-01-23,QQQ,115.443,115.78,114.88,115.612,17434200,2015602730.4
2017-01-24,QQQ,115.836,116.568,115.64,116.389,17640900,2053206710.1
2017-01-25,QQQ,117.121,117.589,117.017,117.561,15036200,1767670708.2
2017-01-26,QQQ,117.72,117.927,117.477,117.683,16052200,1889071052.6
2017-01-27,QQQ,117.936,118.02,117.524,117.908,15053000,1774869124.0
2017-01-30,QQQ,117.514,117.514,116.343,116.989,25006700,2925508826.3
2017-01-31,QQQ,116.577,116.783,116.08,116.755,19091100,2228981380.5
2017-02-01,QQQ,117.58,117.795,117.027,117.561,22861900,2687667825.9
2017-02-02,QQQ,117.355,117.814,117.027,117.458,15101400,1773780241.2
2017-02-03,QQQ,117.58,117.917,117.467,117.795,16957200,1997473374.0
2017-02-06,QQQ,117.599,117.955,117.486,117.936,11630100,1371607473.6
2017-02-07,QQQ,118.18,118.611,118.067,118.367,17541100,2076287383.7
2017-02-08,QQQ,118.208,118.733,117.983,118.564,12569100,1490242772.4
2017-02-09,QQQ,118.686,119.258,118.62,118.995,17542700,2087493586.5
2017-02-10,QQQ,119.257,119.557,119.051,119.389,13915700,1661381507.3
2017-02-13,QQQ,119.754,120.214,119.707,120.064,19120200,2295647692.8
2017-02-14,QQQ,120.11,120.476,119.726,120.467,16333500,1967647744.5
2017-02-15,QQQ,120.382,121.235,120.317,121.179,17891400,2168061960.6
2017-02-16,QQQ,121.254,121.498,120.832,121.141,15098300,1829023160.3
2017-02-17,QQQ,120.963,121.676,120.945,121.666,15563700,1893573124.2
2017-02-21,QQQ,121.901,122.341,121.835,122.266,18479600,2259426773.6
2017-02-22,QQQ,122.154,122.397,121.947,122.313,12110900,1481320511.7
2017-02-23,QQQ,122.5,122.5,121.366,121.854,17489000,2131104606.0
2017-02-24,QQQ,121.301,122.088,121.263,122.088,18624500,2273827956.0
2017-02-27,QQQ,121.863,122.247,121.657,122.238,12008700,1467919470.6
2017-02-28,QQQ,122.21,122.266,121.526,121.863,16598600,2022755191.8
2017-03-01,QQQ,122.641,123.419,122.407,123.194,25813800,3180105277.2
2017-03-02,QQQ,123.166,123.185,122.425,122.575,19951400,2445542855.0
2017-03-03,QQQ,122.491,122.838,122.163,122.8,13722700,1685147560.0
2017-03-06,QQQ,122.397,122.735,122.041,122.529,12026200,1473558259.8
2017-03-07,QQQ,122.285,122.857,122.107,122.322,15500900,1896101089.8
2017-03-08,QQQ,122.397,122.922,122.276,122.538,15776000,1933159488.0
2017-03-09,QQQ,122.51,122.8,121.976,122.632,20855300,2557527149.6
2017-03-10,QQQ,123.194,123.344,122.613,123.147,21922600,2699702422.2
2017-03-13,QQQ,123.1,123.381,123.035,123.353,10731600,1323775054.8
2017-03-14,QQQ,123.072,123.119,122.557,123.053,14019700,1725166144.1
2017-03-15,QQQ,123.306,124.103,122.913,123.813,22709100,2811681798.3
2017-03-16,QQQ,124.047,124.047,123.447,123.728,18457300,2283684814.4
2017-03-17,QQQ,123.882,124.014,123.619,123.685,21234500,2626389132.5
2017-03-20,QQQ,123.647,124.08,123.469,123.798,10105200,1251003549.6
2017-03-21,QQQ,124.267,124.38,121.844,121.919,35841900,4369808606.1
2017-03-22,QQQ,121.957,122.868,121.797,122.746,29177900,3581470513.4
2017-03-23,QQQ,122.586,122.924,122.229,122.436,20311700,2486883301.2
2017-03-24,QQQ,122.83,123.309,122.22,122.689,22967600,2817871876.4
2017-03-27,QQQ,121.816,123.103,121.534,122.887,18472400,2270017818.8
2017-03-28,QQQ,122.887,124.004,122.614,123.638,23721900,2932928272.2
2017-03-29,QQQ,123.723,124.258,123.591,124.211,13710000,1702932810.0
2017-03-30,QQQ,124.164,124.549,124.051,124.418,16092400,2002184223.2
2017-03-31,QQQ,124.239,124.671,124.098,124.333,19841400,2466940786.2
2017-04-03,QQQ,124.436,124.737,123.563,124.258,23700300,2944951877.4
2017-04-04,QQQ,123.901,124.474,123.854,124.455,13400000,1667697000.0
2017-04-05,QQQ,124.634,125.366,123.713,123.948,32011200,3967724217.6
2017-04-06,QQQ,124.07,124.343,123.694,124.014,18832200,2335456450.8
2017-04-07,QQQ,123.976,124.324,123.507,123.948,16743100,2075273758.8
2017-04-10,QQQ,124.07,124.512,123.657,123.995,15619300,1936715103.5
2017-04-11,QQQ,123.882,124.07,122.567,123.46,33778400,4170281264.0
2017-04-12,QQQ,123.441,123.544,122.83,122.962,15955200,1961883302.4
2017-04-13,QQQ,122.793,123.516,122.455,122.474,23683000,2900551742.0
2017-04-17,QQQ,122.821,123.507,122.774,123.488,13325500,1645539344.0
2017-04-18,QQQ,123.075,123.657,122.99,123.3,12841100,1583307630.0
2017-04-19,QQQ,123.835,124.249,123.328,123.497,17764800,2193899505.6
2017-04-20,QQQ,123.995,124.803,123.807,124.53,21977900,2736907887.0
2017-04-21,QQQ,124.643,124.69,124.183,124.502,22454900,2795679959.8
2017-04-24,QQQ,125.883,126.127,125.667,126.005,22469900,2831319749.5
2017-04-25,QQQ,126.418,127.141,126.305,126.916,19384400,2460190510.4
2017-04-26,QQQ,126.963,127.273,126.662,126.737,25398500,3218929694.5
2017-04-27,QQQ,127.047,127.498,126.972,127.498,16136500,2057371477.0
2017-04-28,QQQ,128.005,128.052,127.517,127.724,22771900,2908518155.6
2017-05-01,QQQ,128.146,129.029,128.09,128.86,24815500,3197725330.0
2017-05-02,QQQ,129.02,129.132,128.691,129.076,18345100,2367912127.6
2017-05-03,QQQ,128.785,128.832,128.315,128.663,23827600,3065730498.8
2017-05-04,QQQ,128.644,129.076,128.259,128.71,14630100,1883040171.0
2017-05-05,QQQ,129.039,129.179,128.56,129.179,19330700,2497120495.3
2017-05-08,QQQ,129.245,129.461,128.982,129.461,13279900,1719229133.9
2017-05-09,QQQ,129.658,130.203,129.546,129.912,28426100,3692891503.2
2017-05-10,QQQ,129.987,130.034,129.527,129.987,20499400,2664655507.8
2017-05-11,QQQ,129.63,129.921,129.029,129.884,27232100,3537014076.4
2017-05-12,QQQ,129.94,130.203,129.827,130.175,19738600,2569472255.0
2017-05-15,QQQ,130.231,130.663,130.109,130.588,20481300,2674612004.4
2017-05-16,QQQ,130.926,131.152,130.541,131.133,21786000,2856863538.0
2017-05-17,QQQ,130.09,130.335,127.78,127.799,55642200,7111017517.8
2017-05-18,QQQ,127.752,129.348,127.611,128.916,41319900,5326796228.4
2017-05-19,QQQ,129.377,130.006,129.292,129.461,36730100,4755115476.1
2017-05-22,QQQ,129.752,130.616,129.705,130.551,19509700,2547010844.7
2017-05-23,QQQ,130.936,130.945,130.344,130.682,19687500,2572801875.0
2017-05-24,QQQ,131.077,131.349,130.71,131.283,15891900,2086336307.7
2017-05-25,QQQ,131.781,132.739,131.499,132.401,23928600,3168170568.6
2017-05-26,QQQ,132.429,132.692,132.251,132.636,13851600,1837220817.6
2017-05-30,QQQ,132.57,132.908,132.485,132.748,20306400,2695633987.2
2017-05-31,QQQ,133.218,133.218,132.025,132.701,33229400,4409574609.4
2017-06-01,QQQ,132.974,133.274,132.41,133.218,20120700,2680439412.6
2017-06-02,QQQ,133.688,134.768,133.472,134.74,37222900,5015413546.0
2017-06-05,QQQ,134.73,134.946,134.524,134.711,15727500,2118667252.5
2017-06-06,QQQ,134.552,134.993,133.979,134.176,22393000,3004603168.0
2017-06-07,QQQ,134.552,134.815,133.932,134.702,18842400,2538108964.8
2017-06-08,QQQ,135.003,135.059,134.11,134.843,25417400,3427358468.2
2017-06-09,QQQ,135.003,135.153,129.715,131.471,109783700,14433372822.7
2017-06-12,QQQ,130.363,131.002,129.114,130.767,104454000,13659136218.0
2017-06-13,QQQ,131.499,132.016,130.814,131.828,51193000,6748670804.0
2017-06-14,QQQ,132.363,132.363,130.194,131.255,60093800,7887611719.0
2017-06-15,QQQ,129.931,130.814,129.132,130.673,55145200,7205988719.6
2017-06-16,QQQ,130.605,130.699,129.626,130.106,48087400,6256459264.4
2017-06-19,QQQ,131.368,132.404,131.17,132.281,39626500,5241833046.5
2017-06-20,QQQ,132.149,132.319,131.198,131.245,40935100,5372527199.5
2017-06-21,QQQ,131.547,132.611,131.462,132.545,35743400,4737608953.0
2017-06-22,QQQ,132.752,132.997,132.168,132.507,24099100,3193299443.7
2017-06-23,QQQ,132.357,133.185,131.989,133.016,21654300,2880368368.8
2017-06-26,QQQ,133.779,134.005,132.102,132.394,34411100,4555823173.4
2017-06-27,QQQ,131.895,132.055,129.983,129.993,65957800,8574052295.4
2017-06-28,QQQ,130.473,131.98,129.72,131.867,57427200,7572752582.4
2017-06-29,QQQ,131.321,131.321,128.317,129.578,88769400,11502561313.2
2017-06-30,QQQ,129.946,130.596,129.202,129.626,68898300,8931011035.8
2017-07-03,QQQ,130.219,130.37,128.175,128.26,32797000,4206543220.0
2017-07-05,QQQ,128.665,129.87,128.232,129.522,42116600,5455026265.2
2017-07-06,QQQ,128.533,129.079,127.893,128.354,48430500,6216248397.0
2017-07-07,QQQ,128.787,130.087,128.778,129.739,36970400,4796502725.6
2017-07-10,QQQ,129.823,130.897,129.494,130.586,24853500,3245519151.0
2017-07-11,QQQ,130.398,131.114,129.908,130.953,31517700,4127337368.1
2017-07-12,QQQ,132.074,132.658,131.81,132.507,36045800,4776320820.6
2017-07-13,QQQ,132.667,133.12,132.413,132.799,31073600,4126543006.4
2017-07-14,QQQ,133.393,134.014,132.969,133.845,34544800,4623648756.0
2017-07-17,QQQ,133.986,134.382,133.656,133.911,25343200,3393733255.2
2017-07-18,QQQ,133.816,134.834,133.393,134.805,25748500,3471026542.5
2017-07-19,QQQ,135.201,135.794,135.144,135.596,33752300,4576676870.8
2017-07-20,QQQ,135.945,136.03,135.163,135.775,36139400,4906827035.0
2017-07-21,QQQ,135.276,135.719,135.003,135.719,39697100,5387650714.9
2017-07-24,QQQ,135.7,136.435,135.54,136.34,26712700,3642009518.0
2017-07-25,QQQ,135.888,136.312,135.625,135.992,28120900,3824217432.8
2017-07-26,QQQ,136.331,136.51,136.114,136.435,18610600,2539137211.0
2017-07-27,QQQ,137.329,137.461,134.014,135.578,80665900,10936521390.2
2017-07-28,QQQ,134.768,135.691,134.551,135.465,38013200,5149458138.0
2017-07-31,QQQ,135.851,136.02,134.598,134.89,33848600,4565837654.0
2017-08-01,QQQ,135.352,135.389,134.786,135.201,20149400,2724219029.4
2017-08-02,QQQ,136.077,136.105,134.306,135.568,41769700,5662634689.6
2017-08-03,QQQ,135.7,135.775,134.796,135.041,27112800,3661339624.8
2017-08-04,QQQ,135.342,135.587,134.73,135.286,29472900,3987270749.4
2017-08-07,QQQ,135.531,136.143,135.342,136.143,17933900,2441574947.7
2017-08-08,QQQ,135.879,137.0,135.521,135.907,30810400,4187349032.8
2017-08-09,QQQ,134.786,135.794,134.476,135.728,36169500,4909213896.0
2017-08-10,QQQ,134.956,135.05,132.686,132.818,63331700,8411589730.6
2017-08-11,QQQ,132.997,134.118,132.696,133.826,45862500,6137594925.0
2017-08-14,QQQ,134.89,135.756,134.852,135.549,34161000,4630489389.0
2017-08-15,QQQ,135.888,135.898,135.276,135.643,25509200,3460144415.6
2017-08-16,QQQ,135.983,136.519,135.427,135.879,31913000,4336306527.0
2017-08-17,QQQ,135.352,135.559,133.101,133.101,70191000,9342492291.0
2017-08-18,QQQ,133.176,133.92,132.46,133.007,60751900,8080427963.3
2017-08-21,QQQ,132.997,133.289,132.018,132.837,37111500,4929780325.5
2017-08-22,QQQ,133.553,135.003,133.506,134.862,36294200,4894708400.4
2017-08-23,QQQ,134.184,134.683,134.09,134.382,25702300,3453926478.6
2017-08-24,QQQ,134.683,134.834,133.233,133.986,38160800,5113012948.8
2017-08-25,QQQ,134.504,134.843,133.524,133.703,26380400,3527138621.2
2017-08-28,QQQ,134.108,134.429,133.685,134.118,15362100,2060334127.8
2017-08-29,QQQ,132.969,134.871,132.846,134.645,24498300,3298573603.5
2017-08-30,QQQ,134.758,136.453,134.673,136.227,33642700,4583044092.9
2017-08-31,QQQ,136.614,137.697,136.538,137.687,38480700,5298292140.9
2017-09-01,QQQ,137.866,138.054,137.131,137.499,22293600,3065347706.4
2017-09-05,QQQ,137.094,137.386,135.239,136.265,44794300,6103895289.5
2017-09-06,QQQ,136.613,136.99,135.691,136.679,30722700,4199147913.3
2017-09-07,QQQ,136.934,137.348,136.5,137.0,22721100,3112790700.0
2017-09-08,QQQ,136.821,136.887,135.672,135.813,27890100,3787838151.3
2017-09-11,QQQ,136.877,137.612,136.84,137.376,27126300,3726502588.8
2017-09-12,QQQ,137.762,137.885,137.056,137.706,30256700,4166529130.2
2017-09-13,QQQ,137.47,137.913,137.244,137.894,28450900,3923208404.6
2017-09-14,QQQ,137.358,137.772,137.0,137.084,35296400,4838571697.6
2017-09-15,QQQ,137.056,138.054,136.83,137.555,46422400,6385633232.0
2017-09-18,QQQ,137.715,138.149,136.96,137.375,24858200,3414895225.0
2017-09-19,QQQ,137.62,137.809,137.148,137.611,20871200,2872106703.2
2017-09-20,QQQ,137.564,137.715,136.129,137.186,34236200,4696727333.2
2017-09-21,QQQ,137.092,137.101,135.865,136.346,28841800,3932464062.8
2017-09-22,QQQ,135.912,136.412,135.771,136.214,21702400,2956170713.6
2017-09-25,QQQ,135.676,135.752,134.119,134.779,54947700,7405796058.3
2017-09-26,QQQ,135.468,135.723,134.657,135.129,29628800,4003710115.2
2017-09-27,QQQ,135.846,136.856,135.506,136.346,33249400,4533422692.4
2017-09-28,QQQ,136.016,136.441,135.704,136.299,24149400,3291539070.6
2017-09-29,QQQ,136.573,137.384,136.214,137.281,43102400,5917140574.4
2017-10-02,QQQ,137.488,137.96,136.79,137.403,27351300,3758150673.9
2017-10-03,QQQ,137.583,137.856,137.281,137.696,19715200,2714704179.2
2017-10-04,QQQ,137.432,138.121,137.3,137.828,26381100,3636054250.8
2017-10-05,QQQ,138.328,139.253,138.187,139.178,31562400,4392791707.2
2017-10-06,QQQ,138.706,139.367,138.706,139.367,23561100,3283639823.7
2017-10-09,QQQ,139.546,139.697,139.027,139.206,13704800,1907790388.8
2017-10-10,QQQ,139.678,139.82,138.696,139.31,19223100,2677970061.0
2017-10-11,QQQ,139.244,139.753,139.064,139.725,12439100,1738053247.5
2017-10-12,QQQ,139.518,140.018,139.329,139.47,14513500,2024197845.0
2017-10-13,QQQ,140.037,140.169,139.48,140.008,18409900,2577533279.2
2017-10-16,QQQ,140.358,140.527,140.055,140.49,21809400,3064002606.0
2017-10-17,QQQ,140.442,140.688,140.225,140.669,13138200,1848137455.8
2017-10-18,QQQ,140.811,140.829,140.291,140.499,17218200,2419139881.8
2017-10-19,QQQ,139.678,139.999,138.998,139.98,27680300,3874688394.0
2017-10-20,QQQ,140.546,140.669,140.188,140.358,30173300,4235064041.4
2017-10-23,QQQ,140.65,140.66,139.244,139.442,29297100,4085246218.2
2017-10-24,QQQ,139.716,139.971,139.159,139.678,20289500,2833996781.0
2017-10-25,QQQ,139.404,139.857,138.111,139.149,36179100,5034285585.9
2017-10-26,QQQ,139.064,139.414,138.668,138.706,28230200,3915698121.2
2017-10-27,QQQ,141.037,143.01,140.82,142.745,60165100,8588267199.5
2017-10-30,QQQ,142.642,143.642,142.509,143.066,31733400,4539970604.4
2017-10-31,QQQ,143.529,143.812,143.114,143.604,26319300,3779556757.2
2017-11-01,QQQ,144.18,144.246,142.991,143.557,29481600,4232290051.2
2017-11-02,QQQ,143.397,143.453,142.302,143.283,31017400,4444266124.2
2017-11-03,QQQ,143.803,144.68,143.312,144.661,26199200,3790002471.2
2017-11-06,QQQ,144.548,145.209,144.501,145.152,28693900,4164976972.8
2017-11-07,QQQ,145.039,145.426,144.727,145.237,21333100,3098355444.7
2017-11-08,QQQ,145.162,145.86,144.992,145.822,17373500,2533438517.0
2017-11-09,QQQ,144.624,145.133,143.567,145.058,40594500,5888556981.0
2017-11-10,QQQ,144.718,145.162,144.463,145.048,20150800,2922833238.4
2017-11-13,QQQ,144.501,145.417,144.501,145.228,12522400,1818603107.2
2017-11-14,QQQ,144.718,144.879,144.001,144.699,25173800,3642623686.2
2017-11-15,QQQ,144.076,144.407,143.255,144.02,24808000,3572848160.0
2017-11-16,QQQ,144.746,146.19,144.718,145.86,34790600,5074556916.0
2017-11-17,QQQ,145.898,146.002,145.162,145.303,28725800,4173944917.4
2017-11-20,QQQ,145.407,145.539,144.982,145.19,21143900,3069882841.0
2017-11-21,QQQ,145.879,146.832,145.813,146.766,20147800,2957012014.8
2017-11-22,QQQ,146.898,147.087,146.615,146.945,17299000,2542001555.0
2017-11-24,QQQ,147.096,147.531,147.012,147.483,8280600,1221247729.8
2017-11-27,QQQ,147.436,147.767,147.078,147.417,22653400,3339496267.8
2017-11-28,QQQ,147.748,147.889,146.955,147.795,25227300,3728468803.5
2017-11-29,QQQ,147.625,147.663,144.52,145.218,71986300,10453706513.4
2017-11-30,QQQ,145.832,146.719,145.492,146.436,56595500,8287618638.0
2017-12-01,QQQ,145.539,146.521,143.708,145.813,59015800,8605270845.4
2017-12-04,QQQ,146.728,146.889,143.991,144.133,51319100,7396775840.3
2017-12-05,QQQ,144.105,145.87,143.557,144.227,40604200,5856221953.4
2017-12-06,QQQ,143.689,145.105,143.519,144.879,28647800,4150464616.2
2017-12-07,QQQ,144.869,145.785,144.718,145.369,32666200,4748652827.8
2017-12-08,QQQ,146.436,146.794,145.785,146.011,28081700,4100237098.7
2017-12-11,QQQ,146.077,147.191,146.068,147.144,20821500,3063758796.0
2017-12-12,QQQ,147.078,147.38,146.634,146.945,20310300,2984497033.5
2017-12-13,QQQ,147.54,147.701,147.012,147.229,24418500,3595111336.5
2017-12-14,QQQ,147.483,147.861,146.964,147.125,24594700,3618495237.5
2017-12-15,QQQ,147.701,148.956,147.455,148.795,49816200,7412401479.0
2017-12-18,QQQ,149.778,150.166,149.504,150.043,26844500,4027829313.5
2017-12-19,QQQ,149.759,149.911,148.738,149.154,31415000,4685672910.0
2017-12-20,QQQ,149.674,149.702,148.407,148.993,38972600,5806644591.8
2017-12-21,QQQ,149.201,149.674,148.842,149.012,18638700,2777389964.4
2017-12-22,QQQ,148.785,148.898,148.444,148.842,23330400,3472543396.8
2017-12-26,QQQ,148.009,148.227,147.499,148.038,21918700,3244800510.6
2017-12-27,QQQ,148.047,148.454,147.915,148.057,22388200,3314729727.4
2017-12-28,QQQ,148.53,148.558,148.057,148.236,25393800,3764275336.8
2017-12-29,QQQ,148.369,148.397,147.262,147.319,33186000,4888928334.0
2018-01-02,QQQ,148.076,149.939,147.707,149.901,32573300,4882770243.3
2018-01-03,QQQ,150.043,151.49,150.015,151.358,29383600,4447442928.8
2018-01-04,QQQ,151.878,152.076,151.405,151.622,24776100,3756601834.2
2018-01-05,QQQ,152.341,153.249,152.057,153.145,26992300,4133735783.5
2018-01-08,QQQ,153.145,153.817,153.088,153.741,23159100,3560503193.1
2018-01-09,QQQ,154.044,154.204,153.287,153.75,24782400,3810294000.0
2018-01-10,QQQ,153.069,153.419,152.389,153.391,34004000,5215907564.0
2018-01-11,QQQ,153.656,154.45,153.42,154.441,20473500,3161947813.5
2018-01-12,QQQ,154.309,155.737,154.11,155.576,37762700,5874969815.2
2018-01-16,QQQ,156.607,157.401,154.668,155.131,41231800,6396330365.8
2018-01-17,QQQ,155.869,157.042,155.112,156.805,33849900,5307833569.5
2018-01-18,QQQ,156.56,157.193,156.191,156.834,26432200,4145467654.8
2018-01-19,QQQ,157.297,157.581,156.569,157.326,38937600,6125896857.6
2018-01-22,QQQ,157.269,159.009,157.089,159.009,26081400,4147177332.6
2018-01-23,QQQ,159.501,160.466,159.425,160.324,37989700,6090660662.8
2018-01-24,QQQ,160.664,161.014,158.366,159.283,54287400,8647059934.2
2018-01-25,QQQ,160.381,160.437,158.716,159.227,28925000,4605640975.0
2018-01-26,QQQ,160.116,161.686,159.804,161.667,32038200,5179519679.4
2018-01-29,QQQ,161.326,161.648,160.541,160.882,37277800,5997327019.6
2018-01-30,QQQ,159.416,160.239,158.725,159.558,44987700,7178147436.6
2018-01-31,QQQ,160.456,160.778,159.217,160.22,42449200,6801210824.0
2018-02-01,QQQ,158.99,160.532,158.347,158.858,38037900,6042624718.2
2018-02-02,QQQ,158.234,158.612,155.557,155.689,68478100,10661286910.9
2018-02-05,QQQ,154.233,156.768,149.438,149.551,105372200,15758517882.2
2018-02-06,QQQ,147.366,153.703,146.695,153.514,118537900,18197227180.6
2018-02-07,QQQ,153.022,154.687,151.518,151.528,91028300,13793336242.4
2018-02-08,QQQ,151.916,152.086,145.134,145.134,94184800,13669416763.2
2018-02-09,QQQ,147.187,148.719,141.994,147.641,113836600,16806949460.6
2018-02-12,QQQ,149.154,151.282,147.981,150.26,63050600,9473983156.0
2018-02-13,QQQ,149.4,151.339,149.173,151.036,31785600,4800769881.6
2018-02-14,QQQ,150.147,154.1,149.438,153.864,52107400,8017452993.6
2018-02-15,QQQ,155.245,156.72,153.637,156.72,51633900,8092064808.0
2018-02-16,QQQ,156.21,157.723,155.756,156.02,62256300,9713227926.0
2018-02-20,QQQ,155.472,157.647,155.406,156.333,36785600,5750803204.8
2018-02-21,QQQ,157.099,158.631,155.793,155.888,41161800,6416630678.4
2018-02-22,QQQ,156.569,157.401,155.472,155.869,37074400,5778749653.6
2018-02-23,QQQ,157.127,159.056,156.484,159.056,50096900,7968212526.4
2018-02-26,QQQ,159.804,161.166,159.671,161.166,39266700,6328456972.2
2018-02-27,QQQ,161.213,161.478,159.094,159.17,42209900,6718549783.0
2018-02-28,QQQ,160.078,160.598,158.044,158.148,42936300,6790289972.4
2018-03-01,QQQ,158.234,158.962,154.167,155.566,76809900,11949008903.4
2018-03-02,QQQ,153.694,157.269,153.183,156.995,57445100,9018593474.5
2018-03-05,QQQ,156.257,159.142,155.67,158.735,38540200,6117678647.0
2018-03-06,QQQ,159.51,159.946,158.404,159.406,29480900,4699432345.4
2018-03-07,QQQ,158.186,159.908,157.912,159.775,34609400,5529716885.0
2018-03-08,QQQ,160.437,160.768,159.794,160.655,25828400,4149461602.0
2018-03-09,QQQ,161.799,163.776,161.563,163.776,38310500,6274340448.0
2018-03-12,QQQ,164.258,165.024,163.89,164.646,37635000,6196452210.0
2018-03-13,QQQ,165.025,165.715,161.988,162.405,55638900,9036035554.5
2018-03-14,QQQ,163.256,163.379,161.667,162.376,40536400,6582138486.4
2018-03-15,QQQ,162.49,163.18,161.639,162.234,28810400,4674026433.6
2018-03-16,QQQ,162.509,162.868,161.676,161.752,31176700,5042893578.4
2018-03-19,QQQ,160.196,160.309,156.918,158.301,71395100,11301915725.1
2018-03-20,QQQ,158.367,159.191,157.837,158.822,34075700,5411970825.4
2018-03-21,QQQ,158.405,159.873,157.439,158.13,43863500,6936135255.0
2018-03-22,QQQ,155.942,157.041,154.028,154.227,66607300,10272644057.1
2018-03-23,QQQ,154.047,154.701,150.087,150.163,80110400,12029617995.2
2018-03-26,QQQ,153.204,155.933,150.779,155.743,57481500,8952341254.5
2018-03-27,QQQ,156.899,156.899,149.377,150.703,78889100,11888824037.3
2018-03-28,QQQ,149.841,151.366,147.823,148.97,89369700,13313404209.0
2018-03-29,QQQ,149.775,153.195,148.382,151.698,68692600,10420530034.8
2018-04-02,QQQ,150.618,151.328,145.777,147.321,85549400,12603223157.4
2018-04-03,QQQ,148.61,149.604,146.308,148.979,64090000,9548064110.0
2018-04-04,QQQ,146.099,151.793,145.929,151.328,65768700,9952645833.6
2018-04-05,QQQ,152.835,153.072,151.082,152.19,43054900,6552525231.0
2018-04-06,QQQ,150.514,152.01,147.672,148.382,59870900,8883763883.8
2018-04-09,QQQ,149.661,152.408,149.169,149.424,41810400,6247477209.6
2018-04-10,QQQ,151.774,153.214,150.694,152.721,48296800,7375935592.8
2018-04-11,QQQ,151.764,153.469,151.669,151.84,41622100,6319899664.0
2018-04-12,QQQ,152.759,154.199,152.674,153.668,30467900,4681941257.2
2018-04-13,QQQ,154.436,154.663,152.209,152.873,44604900,6818884877.7
2018-04-16,QQQ,153.943,154.597,152.977,154.038,28180800,4340914070.4
2018-04-17,QQQ,155.591,157.695,155.279,157.354,35536100,5591747479.4
2018-04-18,QQQ,157.353,158.206,156.605,157.676,29573900,4663094256.4
2018-04-19,QQQ,156.88,157.249,155.686,156.226,34705700,5421932688.2
2018-04-20,QQQ,155.828,155.942,153.214,153.754,49197100,7564250913.4
2018-04-23,QQQ,154.502,155.108,152.541,153.365,33040600,5067271619.0
2018-04-24,QQQ,154.095,154.332,149.102,150.116,70256800,10546669788.8
2018-04-25,QQQ,150.381,150.921,148.231,150.296,52089300,7828813432.8
2018-04-26,QQQ,152.238,153.972,151.745,153.46,43005500,6599624030.0
2018-04-27,QQQ,155.715,155.753,152.683,153.555,51043400,7837969287.0
2018-04-30,QQQ,153.915,154.871,152.086,152.465,35615300,5430086714.5
2018-05-01,QQQ,152.067,154.227,151.707,154.208,36513500,5630673808.0
2018-05-02,QQQ,154.474,154.957,153.119,153.299,38646800,5924515793.2
2018-05-03,QQQ,152.522,153.848,150.836,153.28,60337100,9248470688.0
2018-05-04,QQQ,152.617,156.548,152.503,156.188,41543200,6488549321.6
2018-05-07,QQQ,156.918,157.998,156.795,157.486,32500200,5118326497.2
2018-05-08,QQQ,157.155,157.666,156.179,157.325,26040200,4096774465.0
2018-05-09,QQQ,157.609,159.153,157.05,159.04,29122700,4631674208.0
2018-05-10,QQQ,159.551,160.802,159.428,160.688,27067600,4349438508.8
2018-05-11,QQQ,160.499,160.915,159.836,160.537,24688800,3963465885.6
2018-05-14,QQQ,160.906,161.825,160.546,160.811,21821700,3509169398.7
2018-05-15,QQQ,159.542,159.627,158.187,159.03,49361600,7849975248.0
2018-05-16,QQQ,159.239,160.451,159.163,160.082,22941200,3672473178.4
2018-05-17,QQQ,159.523,160.679,158.689,159.466,27480200,4382157573.2
2018-05-18,QQQ,158.85,159.4,158.405,158.642,26217900,4159260091.8
2018-05-21,QQQ,159.873,160.574,158.85,159.532,22954600,3661993247.2
2018-05-22,QQQ,160.262,160.527,159.04,159.324,19477700,3103265074.8
2018-05-23,QQQ,158.111,160.688,158.092,160.669,26557800,4267015168.2
2018-05-24,QQQ,160.622,160.906,159.002,160.622,27696500,4448667223.0
2018-05-25,QQQ,160.603,161.361,160.3,160.783,27460500,4415181571.5
2018-05-29,QQQ,160.053,160.972,159.116,160.072,41220500,6598247876.0
2018-05-30,QQQ,160.65,161.503,160.309,161.219,22665800,3654157610.2
2018-05-31,QQQ,161.219,162.185,160.698,161.114,35670900,5747081382.6
2018-06-01,QQQ,161.92,163.739,161.872,163.644,45543300,7452887785.2
2018-06-04,QQQ,164.061,165.16,163.956,165.122,20459600,3378330071.2
2018-06-05,QQQ,165.51,165.908,164.904,165.633,24779300,4104269796.9
2018-06-06,QQQ,165.804,166.628,164.97,166.6,25036600,4171097560.0
2018-06-07,QQQ,166.628,166.666,164.411,165.245,39600300,6543751573.5
2018-06-08,QQQ,164.468,165.671,164.061,165.254,31780300,5251821696.2
2018-06-11,QQQ,165.131,166.107,165.103,165.7,22319700,3698374290.0
2018-06-12,QQQ,165.927,166.732,165.747,166.571,22511800,3749813037.8
2018-06-13,QQQ,166.827,167.812,166.192,166.562,37858600,6305804133.2
2018-06-14,QQQ,167.329,168.523,167.206,168.248,35916000,6042795168.0
2018-06-15,QQQ,167.613,167.992,166.836,167.661,49615700,8318617877.7
2018-06-18,QQQ,166.605,167.706,166.083,167.564,31633200,5300585524.8
2018-06-19,QQQ,165.447,167.127,164.915,167.089,38236000,6388815004.0
2018-06-20,QQQ,167.858,168.969,167.706,168.276,33038000,5559502488.0
2018-06-21,QQQ,168.703,168.874,166.491,166.814,43469400,7251304491.6
2018-06-22,QQQ,167.374,167.44,165.845,166.443,30073200,5005473627.6
2018-06-25,QQQ,164.934,165.181,161.212,162.693,77799700,12657466592.1
2018-06-26,QQQ,163.292,164.298,162.693,163.358,39008100,6372285199.8
2018-06-27,QQQ,164.051,164.792,161.023,161.137,52843500,8515043059.5
2018-06-28,QQQ,160.937,163.073,160.605,162.523,46407700,7542318627.1
2018-06-29,QQQ,163.301,164.165,162.722,162.959,36408500,5933092751.5
2018-07-02,QQQ,161.431,164.099,161.08,164.051,31770000,5211900270.0
2018-07-03,QQQ,164.668,164.668,161.991,162.152,25512700,4136935330.4
2018-07-05,QQQ,163.206,164.298,162.371,164.165,31626200,5191915123.0
2018-07-06,QQQ,164.545,166.842,164.241,166.719,37005600,6169536626.4
2018-07-09,QQQ,167.583,168.257,166.918,168.219,27362100,4602825099.9
2018-07-10,QQQ,168.532,168.722,167.763,168.342,23902500,4023794655.0
2018-07-11,QQQ,167.023,168.105,166.899,167.488,30280600,5071637132.8
2018-07-12,QQQ,168.228,170.374,168.114,170.374,27930100,4758562857.4
2018-07-13,QQQ,170.364,170.792,169.89,170.516,28049800,4782939696.8
2018-07-16,QQQ,170.554,170.839,169.823,170.108,21405300,3641212772.4
2018-07-17,QQQ,168.304,171.504,168.304,171.143,31034100,5311268976.3
2018-07-18,QQQ,171.162,171.304,170.298,170.82,23220800,3966577056.0
2018-07-19,QQQ,170.203,170.773,169.766,169.966,31094100,5284939800.6
2018-07-20,QQQ,170.478,171.048,169.738,169.928,35897300,6099956394.4
2018-07-23,QQQ,169.425,170.545,168.741,170.469,22184700,3781803624.3
2018-07-24,QQQ,172.225,172.833,170.469,171.171,36900300,6316261251.3
2018-07-25,QQQ,171.247,173.668,171.162,173.564,35026600,6079356802.4
2018-07-26,QQQ,171.209,171.76,170.706,170.934,40873500,6986670849.0
2018-07-27,QQQ,172.016,172.13,167.659,168.627,59456100,10025903774.7
2018-07-30,QQQ,168.637,168.731,165.447,166.244,60193000,10006725092.0
2018-07-31,QQQ,166.899,168.162,165.969,167.516,47285100,7921010811.6
2018-08-01,QQQ,167.906,168.656,167.184,168.152,37101900,6238758688.8
2018-08-02,QQQ,166.966,170.64,166.89,170.44,47178200,8041052408.0
2018-08-03,QQQ,170.763,170.972,170.013,170.962,28934400,4946682892.8
2018-08-06,QQQ,170.849,172.016,170.64,171.969,24808800,4266344527.2
2018-08-07,QQQ,172.453,172.918,172.083,172.595,29895700,5159848341.5
2018-08-08,QQQ,172.358,173.118,171.893,172.804,22680700,3919315682.8
2018-08-09,QQQ,172.7,173.383,172.444,172.7,18852900,3255895830.0
2018-08-10,QQQ,171.532,172.045,170.735,171.38,33818500,5795814530.0
2018-08-13,QQQ,171.694,172.795,171.114,171.19,26089200,4466210148.0
2018-08-14,QQQ,171.845,172.462,170.925,172.263,20913000,3602536119.0
2018-08-15,QQQ,170.896,171.437,169.102,170.156,58528000,9958890368.0
2018-08-16,QQQ,171.466,171.826,170.383,170.716,27711800,4730847648.8
2018-08-17,QQQ,170.269,171.181,169.244,170.754,36092600,6162955820.4
2018-08-20,QQQ,171.133,171.2,169.937,170.602,24939000,4254643278.0
2018-08-21,QQQ,171.114,172.254,171.01,171.228,26258700,4496224683.6
2018-08-22,QQQ,170.868,172.092,170.649,171.893,18042400,3101362263.2
2018-08-23,QQQ,171.589,172.833,171.361,171.646,25776200,4424381625.2
2018-08-24,QQQ,172.216,173.383,172.178,173.241,23136100,4008121100.1
2018-08-27,QQQ,174.114,175.007,173.839,175.007,29343600,5135335405.2
2018-08-28,QQQ,175.472,175.652,174.893,175.263,20277000,3553807851.0
2018-08-29,QQQ,175.567,177.38,175.501,177.285,29175600,5172396246.0
2018-08-30,QQQ,176.944,178.026,176.383,176.972,29315500,5188022666.0
2018-08-31,QQQ,176.754,177.703,176.564,177.2,28653200,5077347040.0
2018-09-04,QQQ,176.659,176.963,175.491,176.44,29063500,5127963940.0
2018-09-05,QQQ,176.127,176.156,173.564,174.162,42623300,7423359174.6
2018-09-06,QQQ,174.238,174.447,171.437,172.605,46091400,7955606097.0
2018-09-07,QQQ,171.361,173.421,171.304,171.94,46629500,8017476230.0
2018-09-10,QQQ,172.928,173.023,171.58,172.519,26132000,4508266508.0
2018-09-11,QQQ,171.826,174.133,171.38,173.849,30116500,5235723408.5
2018-09-12,QQQ,173.592,173.716,171.845,173.336,36204000,6275456544.0
2018-09-13,QQQ,174.418,175.519,174.342,175.187,31133200,5454131908.4
2018-09-14,QQQ,175.311,175.586,173.981,174.675,31224100,5454069667.5
2018-09-17,QQQ,174.38,174.504,171.997,172.159,33071200,5693504720.8
2018-09-18,QQQ,172.301,174.428,172.216,173.583,31877300,5533357365.9
2018-09-19,QQQ,173.611,174.019,172.32,173.45,31843400,5523237730.0
2018-09-20,QQQ,174.646,175.605,174.228,175.368,33295800,5839017854.4
2018-09-21,QQQ,175.842,176.089,174.19,174.409,38605400,6733129208.6
2018-09-24,QQQ,173.144,174.96,172.43,174.894,34945600,6111775766.4
2018-09-25,QQQ,174.818,175.265,174.218,175.132,25277500,4426899130.0
2018-09-26,QQQ,175.284,176.891,174.913,175.255,36210600,6346088703.0
2018-09-27,QQQ,175.968,177.367,175.873,176.739,33113300,5852411528.7
2018-09-28,QQQ,176.244,177.167,175.921,176.701,28076800,4961198636.8
2018-10-01,QQQ,177.728,178.356,176.615,177.062,27371300,4846417120.6
2018-10-02,QQQ,176.91,178.023,176.254,176.663,25618600,4525858731.8
2018-10-03,QQQ,177.405,177.823,176.577,176.853,29128700,5151497981.1
2018-10-04,QQQ,176.14,176.254,172.202,173.458,80557300,13973308143.4
2018-10-05,QQQ,173.439,174.019,169.701,171.337,83325600,14276758327.2
2018-10-08,QQQ,170.738,171.803,168.274,170.291,66864500,11386422569.5
2018-10-09,QQQ,170.414,172.164,170.005,170.842,49097900,8387983431.8
2018-10-10,QQQ,169.777,169.882,163.11,163.329,114471100,18696450291.9
2018-10-11,QQQ,162.653,164.917,159.6,161.303,143084500,23079959103.5
2018-10-12,QQQ,165.649,166.305,162.568,165.792,102078400,16923782092.8
2018-10-15,QQQ,165.212,165.526,163.167,163.785,64885300,10627238860.5
2018-10-16,QQQ,165.507,168.959,165.202,168.55,71979700,12132178435.0
2018-10-17,QQQ,169.368,169.539,166.886,168.617,66987600,11295248149.2
2018-10-18,QQQ,167.979,168.037,164.004,164.708,82486200,13586137029.6
2018-10-19,QQQ,166.039,167.456,163.956,164.556,82923700,13645592377.2
2018-10-22,QQQ,165.545,166.676,164.147,165.402,52909300,8751304038.6
2018-10-23,QQQ,162.292,165.611,160.561,164.793,77567000,12782498631.0
2018-10-24,QQQ,164.603,164.879,156.966,157.251,102997400,16196444147.4
2018-10-25,QQQ,159.696,163.662,158.982,162.691,83481100,13581623640.1
2018-10-26,QQQ,157.118,161.645,156.196,158.507,130970900,20759804446.3
2018-10-29,QQQ,160.932,161.55,152.258,155.244,111871900,17367441243.6
2018-10-30,QQQ,154.788,157.917,154.084,157.803,92584000,14610032952.0
2018-10-31,QQQ,160.371,162.872,160.295,161.512,73828600,11924204843.2
2018-11-01,QQQ,161.75,163.814,160.523,163.643,52706800,8625098872.4
2018-11-02,QQQ,163.138,164.108,159.99,161.094,75966800,12237795679.2
2018-11-05,QQQ,161.303,161.36,158.906,160.694,39573500,6359224009.0
2018-11-06,QQQ,160.704,162.815,160.466,161.912,34410400,5571456684.8
2018-11-07,QQQ,163.852,166.99,163.462,166.99,51169600,8544811504.0
2018-11-08,QQQ,166.21,166.724,165.136,165.925,40296500,6686196762.5
2018-11-09,QQQ,164.375,164.774,161.835,163.129,50602700,8254767848.3
2018-11-12,QQQ,161.988,162.292,158.05,158.193,62578400,9899464831.2
2018-11-13,QQQ,158.935,161.189,157.879,158.326,64128100,10153145560.6
2018-11-14,QQQ,159.895,160.447,156.215,157.118,75270700,11826381842.6
2018-11-15,QQQ,156.833,160.295,155.463,159.867,73254300,11710945178.1
2018-11-16,QQQ,158.307,160.076,157.67,159.306,65390700,10417130854.2
2018-11-19,QQQ,158.545,158.735,153.637,154.132,67280500,10370078026.0
2018-11-20,QQQ,150.622,153.485,149.443,151.374,102652800,15538964947.2
2018-11-21,QQQ,153.456,154.046,151.44,152.524,42965800,6553315679.2
2018-11-23,QQQ,151.307,152.971,151.307,151.421,23503700,3558953757.7
2018-11-26,QQQ,153.542,154.997,152.895,154.921,42012600,6508634004.6
2018-11-27,QQQ,154.075,155.834,153.295,155.444,36608100,5690509496.4
2018-11-28,QQQ,156.566,160.447,155.473,160.447,70141000,11253913027.0
2018-11-29,QQQ,159.772,160.979,158.659,159.924,44885700,7178300686.8
2018-11-30,QQQ,160.143,161.179,159.344,161.084,36722800,5915455515.2
2018-12-03,QQQ,164.641,164.831,161.217,163.899,50771700,8321430858.3
2018-12-04,QQQ,163.043,163.5,157.422,157.613,70594700,11126642451.1
2018-12-06,QQQ,154.436,158.744,153.856,158.725,71715500,11383042737.5
2018-12-07,QQQ,158.031,158.944,152.99,153.485,80432200,12345136217.0
2018-12-10,QQQ,153.2,155.768,151.611,155.092,73960800,11470728393.6
2018-12-11,QQQ,157.622,157.66,154.293,155.606,59058300,9189825829.8
2018-12-12,QQQ,157.879,159.401,156.89,156.975,53780000,8442115500.0
2018-12-13,QQQ,158.003,158.659,156.005,157.023,46378500,7282491205.5
2018-12-14,QQQ,155.225,155.796,152.838,153.2,56547400,8663061680.0
2018-12-17,QQQ,152.543,153.761,148.53,149.728,74834100,11204760124.8
2018-12-18,QQQ,150.888,152.125,149.357,150.67,63642100,9588955207.0
2018-12-19,QQQ,150.442,152.857,145.838,146.97,81856500,12030449805.0
2018-12-20,QQQ,146.609,148.245,143.033,144.84,99002100,14339464164.0
2018-12-21,QQQ,145.563,146.552,139.542,140.351,141129400,19807652419.4
2018-12-24,QQQ,139.331,141.143,136.832,136.87,56163300,7687070871.0
2018-12-26,QQQ,138.377,145.493,137.433,145.416,98982100,14393581053.6
2018-12-27,QQQ,143.423,146.103,140.285,145.979,85824300,12528545489.7
2018-12-28,QQQ,147.028,148.402,144.71,145.903,77856600,11359511509.8
2018-12-31,QQQ,147.333,147.82,145.655,147.133,53015300,7800300134.9
2019-01-02,QQQ,144.014,148.554,143.909,147.724,58576700,8653184430.8
2019-01-03,QQQ,145.55,146.179,142.583,142.898,74820200,10691656939.6
2019-01-04,QQQ,145.302,149.746,144.729,149.012,74709300,11132582211.6
2019-01-07,QQQ,149.384,151.521,148.898,150.786,52059300,7849813609.8
2019-01-08,QQQ,152.169,152.713,149.937,152.15,49388700,7514490705.0
2019-01-09,QQQ,152.741,154.058,152.102,153.39,46491700,7131361863.0
2019-01-10,QQQ,152.226,153.915,151.368,153.829,38943400,5990624278.6
2019-01-11,QQQ,152.923,153.428,152.408,153.266,30176600,4625046775.6
2019-01-14,QQQ,151.969,152.57,151.263,151.912,30710200,4665247902.4
2019-01-15,QQQ,152.608,155.088,152.522,154.878,40874200,6330514347.6
2019-01-16,QQQ,155.135,156.213,154.792,154.849,33812200,5235785357.8
2019-01-17,QQQ,154.353,156.766,154.105,156.07,39329000,6138077030.0
2019-01-18,QQQ,157.167,158.35,156.251,157.615,57183200,9012930068.0
2019-01-22,QQQ,156.48,156.557,153.333,154.458,56711700,8759575758.6
2019-01-23,QQQ,155.25,155.956,152.913,154.659,38106100,5893451319.9
2019-01-24,QQQ,155.164,155.889,154.573,155.66,32417800,5046154748.0
2019-01-25,QQQ,156.91,157.997,156.375,157.52,36515900,5751984568.0
2019-01-28,QQQ,155.488,155.584,154.277,155.574,33491200,5210359948.8
2019-01-29,QQQ,155.66,155.698,153.552,154.105,30784200,4743999141.0
2019-01-30,QQQ,155.851,158.598,155.364,158.025,41346500,6533780662.5
2019-01-31,QQQ,158.998,161.183,158.779,160.391,37258400,5975912034.4
2019-02-01,QQQ,159.599,160.81,159.275,159.714,32143700,5133798901.8
2019-02-04,QQQ,159.742,161.698,159.599,161.698,26718800,4320376522.4
2019-02-05,QQQ,161.917,163.319,161.85,163.128,28156400,4593097219.2
2019-02-06,QQQ,163.166,163.453,161.907,162.642,27970000,4549096740.0
2019-02-07,QQQ,161.221,161.621,159.237,160.458,42036200,6745044579.6
2019-02-08,QQQ,159.055,160.801,158.874,160.772,29020700,4665715980.4
2019-02-11,QQQ,161.354,161.745,160.219,160.62,21434100,3442745142.0
2019-02-12,QQQ,161.793,163.233,161.507,162.995,29722100,4844553689.5
2019-02-13,QQQ,163.72,164.206,162.928,163.109,26094100,4256182556.9
2019-02-14,QQQ,162.527,163.891,161.984,163.309,30326800,4952639381.2
2019-02-15,QQQ,164.549,164.588,163.233,163.996,32521700,5333428713.2
2019-02-19,QQQ,163.491,164.816,163.462,164.321,19487700,3202238351.7
2019-02-20,QQQ,164.435,165.084,163.405,164.292,32593000,5354769156.0
2019-02-21,QQQ,163.853,164.301,162.823,163.691,25207400,4126224513.4
2019-02-22,QQQ,164.044,165.017,163.958,164.902,27735400,4573622930.8
2019-02-25,QQQ,166.161,166.591,165.389,165.503,32608800,5396854226.4
2019-02-26,QQQ,165.103,166.2,164.826,165.675,21939700,3634859797.5
2019-02-27,QQQ,164.912,165.77,163.825,165.57,25162000,4166072340.0
2019-02-28,QQQ,165.055,165.78,164.721,165.189,25085500,4143848659.5
2019-03-01,QQQ,166.381,166.581,165.179,166.333,31431200,5228045789.6
2019-03-04,QQQ,167.43,167.668,164.502,166.362,38063500,6332319987.0
2019-03-05,QQQ,166.486,167.001,165.665,166.486,22319900,3715950871.4
2019-03-06,QQQ,166.648,166.676,165.274,165.541,27194600,4501821278.6
2019-03-07,QQQ,165.122,165.179,162.899,163.51,39407400,6443503974.0
2019-03-08,QQQ,161.678,163.348,161.516,163.262,39303200,6416719038.4
2019-03-11,QQQ,163.939,166.772,163.91,166.657,30518400,5086104988.8
2019-03-12,QQQ,167.096,168.002,166.695,167.573,33953500,5689689855.5
2019-03-13,QQQ,168.441,169.709,168.202,168.832,42426100,7162883315.2
2019-03-14,QQQ,168.946,169.147,168.498,168.546,23751500,4003220319.0
2019-03-15,QQQ,169.204,170.616,169.089,170.11,38192000,6496841120.0
2019-03-18,QQQ,170.037,171.031,169.693,170.515,32935100,5615928576.5
2019-03-19,QQQ,171.213,171.996,170.362,171.089,36893300,6312037803.7
2019-03-20,QQQ,171.098,172.818,170.315,171.767,50105000,8606385535.0
2019-03-21,QQQ,171.251,174.7,171.232,174.452,42428500,7401736682.0
2019-03-22,QQQ,173.697,174.165,170.439,170.62,70794500,12078957590.0
2019-03-25,QQQ,169.999,170.888,169.063,170.295,46336500,7890874267.5
2019-03-26,QQQ,171.614,172.656,170.219,171.089,33248100,5688384180.9
2019-03-27,QQQ,171.347,171.729,168.748,169.99,37096700,6306068033.0
2019-03-28,QQQ,170.429,171.022,169.359,170.381,30368200,5174164284.2
2019-03-29,QQQ,171.7,171.834,170.649,171.671,35205500,6043763390.5
2019-04-01,QQQ,173.439,174.156,172.732,173.946,30969500,5387020647.0
2019-04-02,QQQ,174.137,174.777,173.697,174.605,22645200,3953965146.0
2019-04-03,QQQ,175.589,176.698,175.064,175.608,31633500,5555095668.0
2019-04-04,QQQ,175.656,176.296,174.529,175.541,28530800,5008325162.8
2019-04-05,QQQ,176.048,176.554,175.838,176.449,25674700,4530275140.3
2019-04-08,QQQ,176.162,177.042,175.465,176.898,22697500,4015142355.0
2019-04-09,QQQ,176.296,176.879,175.904,176.277,25631900,4518314436.3
2019-04-10,QQQ,176.506,177.28,176.315,177.223,24563000,4353128549.0
2019-04-11,QQQ,177.519,177.519,176.478,176.803,20654100,3651706842.3
2019-04-12,QQQ,177.586,177.682,176.831,177.567,24989100,4437239519.7
2019-04-15,QQQ,177.577,177.796,176.411,177.596,21073000,3742480508.0
2019-04-16,QQQ,178.246,178.599,177.663,178.207,27195700,4846464109.9
2019-04-17,QQQ,179.402,179.574,178.303,178.828,29651600,5302536324.8
2019-04-18,QQQ,179.125,179.44,178.007,179.058,28580900,5117638792.2
2019-04-22,QQQ,178.274,179.631,178.14,179.564,17936000,3220659904.0
2019-04-23,QQQ,180.023,182.068,179.765,181.848,33665600,6122022028.8
2019-04-24,QQQ,182.001,182.23,181.217,181.275,24977100,4527723802.5
2019-04-25,QQQ,182.631,182.717,181.026,182.01,29517500,5372480175.0
2019-04-26,QQQ,181.724,182.211,180.204,182.173,26359500,4801989193.5
2019-04-29,QQQ,182.173,182.813,181.876,182.526,21716200,3963771121.2
2019-04-30,QQQ,181.055,181.408,179.841,181.112,31495300,5704176773.6
2019-05-01,QQQ,182.297,182.813,180.405,180.529,34797100,6281885665.9
2019-05-02,QQQ,180.472,181.408,178.561,179.746,44110100,7928614034.6
2019-05-03,QQQ,181.236,182.746,180.911,182.612,30386200,5548884754.4
2019-05-06,QQQ,178.733,181.743,178.456,181.494,38371800,6964251469.2
2019-05-07,QQQ,179.516,180.281,176.306,177.959,58818100,10467210257.9
2019-05-08,QQQ,177.376,178.847,176.736,177.51,37165300,6597212403.0
2019-05-09,QQQ,175.532,177.166,173.993,176.554,55351700,9772564041.8
2019-05-10,QQQ,175.924,177.624,172.98,176.774,58526400,10345945833.6
2019-05-13,QQQ,172.273,173.2,170.143,170.639,67185800,11464517726.2
2019-05-14,QQQ,171.538,173.554,170.907,172.512,43360600,7480223827.2
2019-05-15,QQQ,171.375,175.388,171.337,174.949,40944500,7163199330.5
2019-05-16,QQQ,175.025,177.796,174.815,176.707,39281200,6941263008.4
2019-05-17,QQQ,174.958,177.328,174.748,174.901,44702300,7818476972.3
2019-05-20,QQQ,172.465,173.124,171.366,171.949,38608300,6638658576.7
2019-05-21,QQQ,173.43,174.223,172.875,173.745,31613800,5492739681.0
2019-05-22,QQQ,172.78,173.974,172.713,172.971,24332600,4208834154.6
2019-05-23,QQQ,170.983,171.06,169.263,170.324,45351300,7724414821.2
2019-05-24,QQQ,171.241,171.853,170.028,170.238,25903300,4409725985.4
2019-05-28,QQQ,170.716,171.671,169.579,169.598,24763800,4199890952.4
2019-05-29,QQQ,168.547,169.13,167.305,168.203,42178800,7094600696.4
2019-05-30,QQQ,168.652,169.388,167.954,168.91,30354800,5127229268.0
2019-05-31,QQQ,166.922,167.496,166.139,166.215,45446200,7553840133.0
2019-06-03,QQQ,165.766,166.215,161.743,162.556,75842300,12328620918.8
2019-06-04,QQQ,164.381,167.19,163.75,167.133,47797800,7988589707.4
2019-06-05,QQQ,168.728,168.757,166.626,168.375,34412700,5794238362.5
2019-06-06,QQQ,168.661,170.123,167.916,169.713,29913200,5076658911.6
2019-06-07,QQQ,170.62,173.688,170.401,172.99,45888300,7938217017.0
2019-06-10,QQQ,174.146,176.631,174.108,175.006,41385300,7242675811.8
2019-06-11,QQQ,176.831,177.156,174.653,175.245,41260300,7230661273.5
2019-06-12,QQQ,174.767,175.13,173.907,174.232,27758100,4836349279.2
2019-06-13,QQQ,174.958,175.694,174.614,175.264,23715800,4156525971.2
2019-06-14,QQQ,174.366,174.968,173.85,174.519,22844100,3986729487.9
2019-06-17,QQQ,174.901,176.057,174.71,175.57,20379500,3578028815.0
2019-06-18,QQQ,177.644,179.373,177.185,178.121,48177300,8581388853.3
2019-06-19,QQQ,178.36,179.191,177.319,178.79,31672900,5662797791.0
2019-06-20,QQQ,181.284,181.322,178.838,180.453,40922000,7384497666.0
2019-06-21,QQQ,180.243,181.332,179.803,180.185,39980400,7203868374.0
2019-06-24,QQQ,180.545,180.727,180.095,180.191,19375200,3491236663.2
2019-06-25,QQQ,180.067,180.172,176.83,177.098,33921100,6007358967.8
2019-06-26,QQQ,178.276,179.396,177.634,177.921,22595700,4020249539.7
2019-06-27,QQQ,178.563,179.023,178.113,178.601,19709200,3520082829.2
2019-06-28,QQQ,179.032,179.224,178.19,178.831,21179200,3787497515.2
2019-07-01,QQQ,182.26,182.499,180.402,181.244,31025600,5623203846.4
2019-07-02,QQQ,181.187,181.982,180.67,181.963,18035800,3281848275.4
2019-07-03,QQQ,182.422,183.332,182.231,183.332,15792100,2895197277.2
2019-07-05,QQQ,182.078,183.294,181.369,182.959,21415600,3918176760.4
2019-07-08,QQQ,181.771,181.829,180.928,181.675,17598800,3197261990.0
2019-07-09,QQQ,180.813,182.815,180.66,182.585,19193500,3504445197.5
2019-07-10,QQQ,183.696,184.912,183.361,184.405,28374500,5232399672.5
2019-07-11,QQQ,184.682,185.152,183.686,184.271,23736100,4373874883.1
2019-07-12,QQQ,184.472,185.343,184.299,185.334,20211900,3745952274.6
2019-07-15,QQQ,185.765,185.966,185.247,185.927,15606100,2901595354.7
2019-07-16,QQQ,185.697,185.87,184.405,184.97,20190900,3734710773.0
2019-07-17,QQQ,184.97,185.295,184.041,184.06,16765100,3085784306.0
2019-07-18,QQQ,183.188,184.625,182.614,184.271,28877000,5321193667.0
2019-07-19,QQQ,185.535,185.621,182.729,182.92,29387900,5375634668.0
2019-07-22,QQQ,183.332,184.769,183.332,184.376,18954900,3494828642.4
2019-07-23,QQQ,185.381,185.602,184.146,185.583,23786700,4414407146.1
2019-07-24,QQQ,184.874,186.894,184.855,186.885,20422900,3816733666.5
2019-07-25,QQQ,186.253,186.282,184.759,185.113,23434700,4338067621.1
2019-07-26,QQQ,186.291,187.268,186.195,187.019,20431200,3821022592.8
2019-07-29,QQQ,186.847,186.914,185.199,186.377,20451700,3811726490.9
2019-07-30,QQQ,184.951,186.301,184.816,185.573,18705000,3471142965.0
2019-07-31,QQQ,186.071,186.195,181.302,183.006,41627500,7618082265.0
2019-08-01,QQQ,183.322,186.722,181.216,182.097,63251600,11517926605.2
2019-08-02,QQQ,180.727,180.986,178.324,179.415,55214000,9906219810.0
2019-08-05,QQQ,175.661,175.738,171.61,173.076,75040000,12987623040.0
2019-08-06,QQQ,174.675,176.016,173.401,175.498,41897200,7352874805.6
2019-08-07,QQQ,173.593,176.696,172.271,176.447,49990600,8820691398.2
2019-08-08,QQQ,177.241,180.344,176.753,180.287,38418100,6926283994.7
2019-08-09,QQQ,179.425,180.038,177.194,178.592,33608900,6002280668.8
2019-08-12,QQQ,177.49,178.027,175.728,176.542,24642900,4350506851.8
2019-08-13,QQQ,176.389,181.647,176.226,180.411,40241900,7260081420.9
2019-08-14,QQQ,177.51,178.075,174.694,175.02,51000500,8926107510.0
2019-08-15,QQQ,175.25,175.815,173.487,174.819,36685000,6413235015.0
2019-08-16,QQQ,176.408,178.075,176.303,177.624,32781400,5822763393.6
2019-08-19,QQQ,180.191,180.833,179.559,180.45,22494100,4059060345.0
2019-08-20,QQQ,179.999,180.651,179.003,179.051,19902900,3563634147.9
2019-08-21,QQQ,180.622,181.216,179.999,180.641,20418500,3688418258.5
2019-08-22,QQQ,180.976,181.436,178.64,180.057,24243700,4365247890.9
2019-08-23,QQQ,178.831,180.469,173.87,174.359,55372400,9654676291.6
2019-08-26,QQQ,176.341,177.04,175.326,176.992,27598900,4884784508.8
2019-08-27,QQQ,178.228,178.525,175.929,176.619,28012800,4947592723.2
2019-08-28,QQQ,176.044,177.548,175.163,177.251,21792400,3862724692.4
2019-08-29,QQQ,179.454,180.478,178.774,179.961,25358900,4563613002.9
2019-08-30,QQQ,180.928,180.967,178.515,179.53,26319800,4725193694.0
2019-09-03,QQQ,178.333,179.252,177.193,177.787,27964200,4971671225.4
2019-09-04,QQQ,179.501,180.507,178.984,180.354,21592100,3894221603.4
2019-09-05,QQQ,182.346,184.184,182.279,183.658,33932600,6231993450.8
2019-09-06,QQQ,183.964,184.031,183.074,183.476,19487800,3575543592.8
2019-09-09,QQQ,184.05,184.127,182.164,183.093,24407600,4468860706.8
2019-09-10,QQQ,182.106,182.662,180.909,182.566,23744700,4334974900.2
2019-09-11,QQQ,182.911,184.376,182.489,184.28,25063600,4618720208.0
2019-09-12,QQQ,185.41,186.464,184.797,185.046,28689900,5308951235.4
2019-09-13,QQQ,184.778,185.209,184.146,184.385,27669800,5101896073.0
2019-09-16,QQQ,183.198,183.945,183.016,183.562,20319000,3729796278.0
2019-09-17,QQQ,183.581,184.443,183.188,184.443,20953400,3864707956.2
2019-09-18,QQQ,184.06,184.443,182.058,184.366,29781300,5490659155.8
2019-09-19,QQQ,184.692,185.822,184.318,184.673,26039400,4808774116.2
2019-09-20,QQQ,184.931,185.123,182.106,182.719,29086100,5314583105.9
2019-09-23,QQQ,182.665,183.347,182.051,182.8,22485900,4110422520.0
2019-09-24,QQQ,183.635,184.038,179.585,180.372,40820700,7362911300.4
2019-09-25,QQQ,180.19,182.877,178.683,182.397,34704900,6330069645.3
2019-09-26,QQQ,182.157,182.32,180.382,181.725,26826000,4874954850.0
2019-09-27,QQQ,182.061,182.157,178.242,179.47,40773500,7317620045.0
2019-09-30,QQQ,180.199,181.466,179.825,181.178,26307700,4766376470.6
2019-10-01,QQQ,181.84,182.886,179.403,179.7,32367600,5816457720.0
2019-10-02,QQQ,178.482,178.51,175.622,176.611,48544300,8573457367.3
2019-10-03,QQQ,176.591,178.683,174.471,178.549,39392500,7033491482.5
2019-10-04,QQQ,179.518,181.437,179.326,181.178,31887600,5777331592.8
2019-10-07,QQQ,180.66,182.071,180.314,180.631,21216000,3832267296.0
2019-10-08,QQQ,179.499,180.267,177.781,177.925,32379300,5761086952.5
2019-10-09,QQQ,179.432,180.478,178.894,179.662,20147400,3619722178.8
2019-10-10,QQQ,179.71,181.773,179.556,181.053,25177700,4558498118.1
2019-10-11,QQQ,183.116,184.844,183.011,183.385,40976700,7514512129.5
2019-10-14,QQQ,183.126,183.951,182.944,183.366,14975000,2745905850.0
2019-10-15,QQQ,183.932,186.13,183.817,185.698,23234200,4314544471.6
2019-10-16,QQQ,185.064,185.707,184.652,185.237,20457100,3789411832.7
2019-10-17,QQQ,186.35,186.638,185.016,185.726,19045200,3537188815.2
2019-10-18,QQQ,185.391,185.842,183.001,183.942,27700800,5095340553.6
2019-10-21,QQQ,184.92,185.698,184.373,185.573,15801200,2932276087.6
2019-10-22,QQQ,186.302,186.561,184.038,184.095,22392300,4122310468.5
2019-10-23,QQQ,183.721,184.489,183.424,184.45,14828400,2735098380.0
2019-10-24,QQQ,185.765,186.36,184.949,186.245,18998500,3538375632.5
2019-10-25,QQQ,185.285,187.828,185.247,187.732,21507100,4037570897.2
2019-10-28,QQQ,188.605,189.833,188.605,189.584,18818700,3567724420.8
2019-10-29,QQQ,189.267,189.555,188.087,188.116,18569700,3493257685.2
2019-10-30,QQQ,188.48,189.344,187.396,189.027,21764300,4114040336.1
2019-10-31,QQQ,189.574,189.661,188.02,189.114,26801800,5068595605.2
2019-11-01,QQQ,189.929,190.841,189.642,190.831,22131900,4223452608.9
2019-11-04,QQQ,192.098,192.424,190.831,192.012,19015900,3651280990.8
2019-11-05,QQQ,192.252,192.444,191.484,192.117,15048900,2891149521.3
2019-11-06,QQQ,191.897,191.916,190.755,191.685,19725500,3781082467.5
2019-11-07,QQQ,192.645,193.566,191.772,192.328,17832400,3429669827.2
2019-11-08,QQQ,191.983,193.115,191.474,193.096,15258800,2946413244.8
2019-11-11,QQQ,192.117,192.914,191.858,192.837,10147600,1956832741.2
2019-11-12,QQQ,193.0,194.036,192.703,193.394,14778300,2858034550.2
2019-11-13,QQQ,192.722,193.624,192.597,193.442,15774600,3051470173.2
2019-11-14,QQQ,192.712,193.413,192.127,193.288,16945400,3275342475.2
2019-11-15,QQQ,194.459,194.708,193.835,194.708,18427900,3588059553.2
2019-11-18,QQQ,194.401,195.169,193.614,194.862,18365900,3578816005.8
2019-11-19,QQQ,195.601,195.601,194.401,195.15,16923300,3302581995.0
2019-11-20,QQQ,194.641,195.226,192.511,193.979,36629000,7105256791.0
2019-11-21,QQQ,193.768,193.902,192.943,193.547,17883600,3461317129.2
2019-11-22,QQQ,194.027,194.142,192.626,193.672,17189600,3329144211.2
2019-11-25,QQQ,194.507,196.004,194.478,195.965,17752800,3478927452.0
2019-11-26,QQQ,196.09,196.589,195.802,196.339,14780600,2902008223.4
2019-11-27,QQQ,196.848,197.721,196.608,197.712,16963100,3353808427.2
2019-11-29,QQQ,197.213,197.51,196.714,196.81,9854600,1939483826.0
2019-12-02,QQQ,196.819,196.886,193.624,194.794,28007000,5455595558.0
2019-12-03,QQQ,192.117,193.346,191.177,193.269,31104100,6011458302.9
2019-12-04,QQQ,194.257,194.708,193.969,194.248,15300100,2972013824.8
2019-12-05,QQQ,194.938,194.938,193.681,194.631,14962300,2912127411.3
2019-12-06,QQQ,196.052,196.858,195.898,196.714,16555300,3256659284.2
2019-12-09,QQQ,196.359,197.28,195.735,195.821,13984100,2738380446.1
2019-12-10,QQQ,195.917,196.599,195.217,195.658,21799800,4265305268.4
2019-12-11,QQQ,196.1,196.896,195.792,196.694,18780800,3694070675.2
2019-12-12,QQQ,196.493,198.94,196.224,198.163,32612000,6462491756.0
2019-12-13,QQQ,198.057,199.506,197.635,198.815,32519400,6465344511.0
2019-12-16,QQQ,200.12,201.061,200.053,200.811,21296600,4276591542.6
2019-12-17,QQQ,201.07,201.233,200.59,200.926,15996100,3214032388.6
2019-12-18,QQQ,201.099,201.636,200.869,201.08,15443300,3105338764.0
2019-12-19,QQQ,201.166,202.404,201.147,202.337,17865900,3614932608.3
2019-12-20,QQQ,203.296,203.93,202.73,203.152,27672600,5621744035.2
2019-12-23,QQQ,203.872,204.016,203.516,203.689,23774700,4842644868.3
2019-12-24,QQQ,203.872,203.958,203.333,203.795,7089000,1444702755.0
2019-12-26,QQQ,204.122,205.612,204.093,205.593,17067500,3508958527.5
2019-12-27,QQQ,206.314,206.334,204.872,205.42,18134100,3725106822.0
2019-12-30,QQQ,205.314,205.439,203.064,204.074,21815500,4451976347.0
2019-12-31,QQQ,203.42,204.603,203.102,204.458,18170900,3715185872.2
2020-01-02,QQQ,206.18,207.872,205.776,207.872,30969400,6437671116.8
2020-01-03,QQQ,205.122,207.209,205.103,205.968,27518900,5668012795.2
2020-01-06,QQQ,204.353,207.324,204.103,207.295,21655300,4489035413.5
2020-01-07,QQQ,207.372,207.853,206.612,207.266,22139300,4588724153.8
2020-01-08,QQQ,207.238,209.776,206.911,208.824,26397300,5512389775.2
2020-01-09,QQQ,210.546,210.998,209.363,210.594,23547000,4958856918.0
2020-01-10,QQQ,211.421,211.44,209.68,210.055,21898500,4599889417.5
2020-01-13,QQQ,210.921,212.508,210.584,212.479,22756900,4835363355.1
2020-01-14,QQQ,212.373,212.729,211.315,211.642,24418100,5167895520.2
2020-01-15,QQQ,211.757,212.719,211.036,211.729,25742100,5450349090.9
2020-01-16,QQQ,212.786,213.796,212.334,213.758,18805000,4019719190.0
2020-01-17,QQQ,214.719,214.989,213.604,214.815,24325200,5225417838.0
2020-01-21,QQQ,214.219,215.258,214.123,214.719,21146300,4540512389.7
2020-01-22,QQQ,215.806,216.518,215.017,215.287,20736400,4464277346.8
2020-01-23,QQQ,215.162,216.075,214.161,215.979,26496100,5722601181.9
2020-01-24,QQQ,216.989,217.22,213.171,214.161,37436500,8017438276.5
2020-01-27,QQQ,209.324,210.873,208.853,209.738,42264400,8864450727.2
2020-01-28,QQQ,211.219,213.45,210.661,212.959,26731900,5692798692.1
2020-01-29,QQQ,214.142,214.383,212.363,213.306,28924500,6169769397.0
2020-01-30,QQQ,211.93,214.162,211.267,214.065,39568100,8470145326.5
2020-01-31,QQQ,214.96,214.989,209.921,210.671,52015800,10958220601.8
2020-02-03,QQQ,211.7,214.344,211.555,213.854,25408600,5433730744.4
2020-02-04,QQQ,216.777,219.124,216.037,218.749,30691200,6713669308.8
2020-02-05,QQQ,221.384,221.422,218.152,219.47,38534800,8457232556.0
2020-02-06,QQQ,220.018,221.422,219.239,221.364,22467100,4973407124.4
2020-02-07,QQQ,220.374,221.605,219.778,220.412,25884900,5705342578.8
2020-02-10,QQQ,219.681,223.086,219.624,223.076,21478900,4791427096.4
2020-02-11,QQQ,224.307,225.048,222.528,223.115,30198000,6737626770.0
2020-02-12,QQQ,224.432,225.394,223.874,225.288,24471300,5513090234.4
2020-02-13,QQQ,223.72,225.923,223.451,224.999,22773200,5123947226.8
2020-02-14,QQQ,225.355,225.855,224.596,225.644,23438500,5288756894.0
2020-02-18,QQQ,224.547,226.153,224.307,225.73,24394500,5506570485.0
2020-02-19,QQQ,227.077,228.365,226.807,227.894,22230500,5066197567.0
2020-02-20,QQQ,227.394,227.865,222.99,225.778,42604000,9619045912.0
2020-02-21,QQQ,224.653,225.038,220.528,221.441,66017200,14618914785.2
2020-02-24,QQQ,213.181,215.652,211.815,212.902,84522600,17995030585.2
2020-02-25,QQQ,214.69,215.402,206.507,207.113,97743000,20243845959.0
2020-02-26,QQQ,208.401,211.834,206.661,208.18,79537700,16558158386.0
2020-02-27,QQQ,202.814,208.122,197.621,197.756,121822600,24091150085.6
2020-02-28,QQQ,191.024,199.227,190.572,197.91,148173700,29325056967.0
2020-03-02,QQQ,200.871,208.267,198.044,208.122,112933900,23504029135.8
2020-03-03,QQQ,208.786,211.19,199.66,201.448,131953500,26581768668.0
2020-03-04,QQQ,205.141,209.959,203.266,209.853,73086200,15337358328.6
2020-03-05,QQQ,204.535,208.065,202.045,203.477,78705500,16014759023.5
2020-03-06,QQQ,196.823,201.131,195.13,200.044,89828400,17969632449.6
2020-03-09,QQQ,186.062,193.447,184.744,186.148,116424000,21672094752.0
2020-03-10,QQQ,193.399,196.467,186.254,196.284,100599200,19746013372.8
2020-03-11,QQQ,191.707,193.053,185.341,187.735,89168800,16740104668.0
2020-03-12,QQQ,175.109,183.465,170.156,170.521,137820700,23501323584.7
2020-03-13,QQQ,179.898,187.024,171.3,184.966,134882000,24948584012.0
2020-03-16,QQQ,167.473,177.599,162.674,162.809,92054400,14987284809.6
2020-03-17,QQQ,168.742,177.32,163.27,175.157,121257100,21239029864.7
2020-03-18,QQQ,165.03,172.349,160.405,169.829,114156300,19387050272.7
2020-03-19,QQQ,168.954,176.455,165.05,170.848,120896500,20654925232.0
2020-03-20,QQQ,174.772,175.859,163.578,164.155,118983900,19531802104.5
2020-03-23,QQQ,164.717,167.888,158.944,164.274,124639800,20475078505.2
2020-03-24,QQQ,173.381,177.159,171.492,176.995,94881800,16793604191.0
2020-03-25,QQQ,177.727,182.632,173.448,175.684,88754900,15592815851.6
2020-03-26,QQQ,177.197,185.726,176.947,184.936,79887600,14774093193.6
2020-03-27,QQQ,180.146,183.596,177.958,178.575,58845000,10508245875.0
2020-03-30,QQQ,180.271,185.504,179.577,185.071,49356900,9134530839.9
2020-03-31,QQQ,184.762,188.164,182.334,183.49,62659300,11497354957.0
2020-04-01,QQQ,178.064,180.85,174.296,175.694,53715400,9437473487.6
2020-04-02,QQQ,174.663,183.201,174.402,179.259,56465300,10121913212.7
2020-04-03,QQQ,178.816,180.281,174.711,176.715,47487600,8391771234.0
2020-04-06,QQQ,183.567,190.477,182.324,189.349,64763500,12262903961.5
2020-04-07,QQQ,195.026,195.305,188.887,189.272,69904500,13230964524.0
2020-04-08,QQQ,190.959,193.869,189.051,193.291,45940400,8879865856.4
2020-04-09,QQQ,195.006,195.845,191.807,193.57,68252600,13211655782.0
2020-04-13,QQQ,192.742,196.038,191.537,195.662,42853900,8384879781.8
2020-04-14,QQQ,199.709,204.788,198.929,204.171,63959600,13058695491.6
2020-04-15,QQQ,200.914,204.142,199.603,201.829,47036000,9493228844.0
2020-04-16,QQQ,204.007,206.59,202.08,205.511,64657400,13287806931.4
2020-04-17,QQQ,208.325,208.653,204.383,207.477,62863200,13042668146.4
2020-04-20,QQQ,205.617,208.045,204.856,205.019,38249100,7841792232.9
2020-04-21,QQQ,202.957,203.497,196.24,197.454,72932800,14400873091.2
2020-04-22,QQQ,201.511,204.644,200.769,203.314,40089100,8150675277.4
2020-04-23,QQQ,204.104,206.658,202.475,202.88,43278500,8780342080.0
2020-04-24,QQQ,203.314,206.523,201.897,206.079,34231900,7054475720.1
2020-04-27,QQQ,208.344,208.768,206.715,207.737,36451700,7572366802.9
2020-04-28,QQQ,209.433,209.433,203.545,203.824,46862800,9551763347.2
2020-04-29,QQQ,208.344,211.987,207.332,211.052,48716400,10281693652.8
2020-04-30,QQQ,211.968,212.054,209.462,210.965,43359500,9147336917.5
2020-05-01,QQQ,206.715,208.807,203.998,205.019,48795000,10003902105.0
2020-05-04,QQQ,203.786,207.631,203.458,207.409,32841000,6811518969.0
2020-05-05,QQQ,209.549,212.151,208.98,209.761,37783100,7925420839.1
2020-05-06,QQQ,211.438,213.018,210.194,211.052,36455200,7693942870.4
2020-05-07,QQQ,213.77,214.647,212.421,213.77,38624800,8256823496.0
2020-05-08,QQQ,215.437,216.834,214.406,216.699,31852300,6902361557.7
2020-05-11,QQQ,215.379,219.658,215.148,218.637,35714100,7808423681.7
2020-05-12,QQQ,219.234,219.822,214.03,214.059,41054100,8787999591.9
2020-05-13,QQQ,214.579,216.459,208.845,211.38,65521200,13849871256.0
2020-05-14,QQQ,210.06,213.818,208.151,213.779,51549300,11020157804.7
2020-05-15,QQQ,210.84,215.225,210.406,215.167,55747200,11994957782.4
2020-05-18,QQQ,218.068,220.381,217.287,219.176,42398100,9292645965.6
2020-05-19,QQQ,219.436,221.508,218.482,218.627,36237300,7922452187.1
2020-05-20,QQQ,221.171,223.349,221.152,222.993,37417000,8343729081.0
2020-05-21,QQQ,223.041,223.715,220.053,220.564,43642900,9626052595.6
2020-05-22,QQQ,220.159,221.528,219.244,221.325,28762400,6365838180.0
2020-05-26,QQQ,224.891,225.093,220.487,220.728,33055300,7296230258.4
2020-05-27,QQQ,220.391,222.048,215.813,221.932,55665600,12353977939.2
2020-05-28,QQQ,220.795,224.997,220.737,221.643,42784300,9482840604.9
2020-05-29,QQQ,222.019,225.122,220.458,224.891,50691800,11400129593.8
2020-06-01,QQQ,224.024,225.941,223.58,225.566,25776000,5814189216.0
2020-06-02,QQQ,225.99,227.136,223.59,227.079,33383400,7580669088.6
2020-06-03,QQQ,227.686,228.852,226.809,228.1,37228700,8491866470.0
2020-06-04,QQQ,227.753,229.16,225.199,226.5,38716100,8769196650.0
2020-06-05,QQQ,227.647,231.579,227.079,230.991,47365600,10941027309.6
2020-06-08,QQQ,230.847,232.909,229.276,232.784,32937300,7667276443.2
2020-06-09,QQQ,231.926,235.318,231.743,234.47,35046300,8217305961.0
2020-06-10,QQQ,236.157,238.826,235.636,237.284,58084400,13782498769.6
2020-06-11,QQQ,233.372,234.75,225.469,225.527,72919400,16445293523.8
2020-06-12,QQQ,230.413,231.676,223.33,227.32,72034800,16374950736.0
2020-06-15,QQQ,224.004,230.76,223.07,230.085,45307400,10424553129.0
2020-06-16,QQQ,234.933,235.521,230.423,234.037,48890100,11442092333.7
2020-06-17,QQQ,235.53,236.59,233.921,234.779,34749300,8158405904.7
2020-06-18,QQQ,234.461,235.656,233.69,235.415,30578600,7198661119.0
2020-06-19,QQQ,237.776,238.036,233.651,235.376,49422100,11632776209.6
2020-06-22,QQQ,235.245,238.324,234.955,238.199,24068700,5733140271.3
2020-06-23,QQQ,239.792,242.456,239.242,240.226,32767400,7871581432.4
2020-06-24,QQQ,239.473,240.699,233.778,235.274,46032400,10830226877.6
2020-06-25,QQQ,235.361,237.813,232.793,237.514,36940800,8773957171.2
2020-06-26,QQQ,237.272,237.446,231.383,231.905,52824600,12250288863.0
2020-06-29,QQQ,231.663,234.444,229.134,234.434,34377800,8059325165.2
2020-06-30,QQQ,234.366,239.57,234.183,239.029,38909200,9300427166.8
2020-07-01,QQQ,239.068,242.814,238.527,241.819,34689200,8388507654.8
2020-07-02,QQQ,244.262,245.468,242.997,243.46,31956500,7780129490.0
2020-07-06,QQQ,246.607,249.967,246.588,249.446,34589000,8628087694.0
2020-07-07,QQQ,249.195,251.85,247.428,247.727,36578200,9061407751.4
2020-07-08,QQQ,249.05,251.019,247.621,250.99,30426300,7636697037.0
2020-07-09,QQQ,252.902,253.771,248.712,253.105,40312900,10203396554.5
2020-07-10,QQQ,252.96,255.084,250.286,254.833,32885300,8380259654.9
2020-07-13,QQQ,257.671,260.451,248.77,249.591,64108100,16000804787.1
2020-07-14,QQQ,247.071,251.763,244.011,251.357,72230500,18155641788.5
2020-07-15,QQQ,252.767,253.597,248.577,251.869,54523900,13732880169.1
2020-07-16,QQQ,249.088,250.788,246.772,250.15,47594100,11905664115.0
2020-07-17,QQQ,250.604,251.299,248.268,250.44,35137900,8799935676.0
2020-07-20,QQQ,251.077,258.173,249.832,257.545,40610100,10458928204.5
2020-07-21,QQQ,259.109,259.119,254.022,254.861,43243800,11021158111.8
2020-07-22,QQQ,255.354,256.686,253.462,255.759,29865500,7638370414.5
2020-07-23,QQQ,255.354,256.059,247.669,249.079,51363500,12793569216.5
2020-07-24,QQQ,245.246,248.036,242.62,246.714,54054500,13336001913.0
2020-07-27,QQQ,248.355,251.502,247.573,251.116,36445700,9152098401.2
2020-07-28,QQQ,250.334,250.855,247.631,247.92,31302400,7760491008.0
2020-07-29,QQQ,249.455,251.637,248.982,250.778,27556900,6910664268.2
2020-07-30,QQQ,248.818,252.651,247.669,252.091,41774500,10530975479.5
2020-07-31,QQQ,256.705,256.744,251.821,256.59,53686300,13775367717.0
2020-08-03,QQQ,258.723,260.799,258.598,260.055,32081600,8342980488.0
2020-08-04,QQQ,259.553,261.117,258.81,261.021,24911300,6502372437.3
2020-08-05,QQQ,261.503,262.121,260.615,261.667,21612100,5655173370.7
2020-08-06,QQQ,261.474,265.461,260.837,265.133,28048200,7436503410.6
2020-08-07,QQQ,264.593,265.365,259.93,262.073,44969400,11785265566.2
2020-08-10,QQQ,262.363,262.565,257.439,260.953,35088400,9156423245.2
2020-08-11,QQQ,259.795,261.079,255.47,256.01,43104300,11035131843.0
2020-08-12,QQQ,258.163,263.395,258.115,262.449,38773400,10176040056.6
2020-08-13,QQQ,263.222,265.317,262.112,263.048,31895700,8390100093.6
2020-08-14,QQQ,263.666,263.936,261.349,262.739,30799500,8092229830.5
2020-08-17,QQQ,264.448,266.292,262.778,265.79,24803000,6592389370.0
2020-08-18,QQQ,266.852,268.821,265.394,268.348,23529500,6314094266.0
2020-08-19,QQQ,268.309,269.362,266.031,266.543,31999400,8529216074.2
2020-08-20,QQQ,265.751,270.723,265.346,270.24,27723400,7491971616.0
2020-08-21,QQQ,270.433,272.567,269.786,272.113,34748900,9455627425.7
2020-08-24,QQQ,275.376,276.1,271.534,273.812,36418500,9971822322.0
2020-08-25,QQQ,273.04,276.158,272.596,275.965,34866600,9621961269.0
2020-08-26,QQQ,277.21,282.105,275.936,281.854,42216700,11898945761.8
2020-08-27,QQQ,282.829,283.678,278.716,280.975,49482700,13903401632.5
2020-08-28,QQQ,282.211,283.031,280.859,282.404,28021000,7913242484.0
2020-08-31,QQQ,282.925,286.478,282.491,284.673,36321000,10339608033.0
2020-09-01,QQQ,287.318,289.654,285.551,289.538,36216200,10485966115.6
2020-09-02,QQQ,292.782,292.994,286.613,292.28,50836800,14858579904.0
2020-09-03,QQQ,287.781,288.283,274.565,277.461,110083300,30543822501.3
2020-09-04,QQQ,275.675,278.928,262.391,273.764,123959000,33935511676.0
2020-09-08,QQQ,262.797,268.589,260.326,260.606,99568600,25948174571.6
2020-09-09,QQQ,266.098,270.356,263.55,268.261,64837900,17393479891.9
2020-09-10,QQQ,271.215,272.431,261.194,262.913,69667500,18316491427.5
2020-09-11,QQQ,264.66,265.693,257.661,261.088,71809000,18748468192.0
2020-09-14,QQQ,264.863,267.624,263.511,265.635,38525200,10233641502.0
2020-09-15,QQQ,269.371,270.742,265.606,269.4,41849900,11274363060.0
2020-09-16,QQQ,270.192,270.655,264.757,265.104,42321000,11219466384.0
2020-09-17,QQQ,258.289,264.902,257.449,260.963,81570800,21286960680.4
2020-09-18,QQQ,262.382,262.671,253.539,257.632,86251100,22221043395.2
2020-09-21,QQQ,253.384,258.385,251.106,258.25,57168600,14763790950.0
2020-09-22,QQQ,260.644,263.627,257.314,263.048,41128900,10818874887.2
2020-09-23,QQQ,262.729,262.913,254.138,255.016,48837300,12454292896.8
2020-09-24,QQQ,252.342,259.399,252.178,256.203,70631700,18096053435.1
2020-09-25,QQQ,256.705,262.971,255.151,262.16,55242400,14482347584.0
2020-09-28,QQQ,267.006,267.605,262.266,267.605,58438300,15638381271.5
2020-09-29,QQQ,267.045,268.097,265.838,266.398,27050000,7206065900.0
2020-09-30,QQQ,266.591,271.36,266.321,268.222,49380800,13245016937.6
2020-10-01,QQQ,272.036,273.088,270.153,272.48,50020200,13629504096.0
2020-10-02,QQQ,266.465,272.47,263.975,264.815,75497400,19992843981.0
2020-10-05,QQQ,266.774,270.781,266.668,270.462,28184600,7622863285.2
2020-10-06,QQQ,269.777,271.457,264.757,265.635,49704200,13203175167.0
2020-10-07,QQQ,268.271,271.022,267.682,270.23,27539700,7442053131.0
2020-10-08,QQQ,272.625,272.692,270.607,271.669,25443300,6912155867.7
2020-10-09,QQQ,273.31,275.897,272.924,275.82,30201100,8330067402.0
2020-10-12,QQQ,280.492,287.163,279.45,284.335,79370700,22567867984.5
2020-10-13,QQQ,286.13,286.767,282.964,284.325,64240000,18265038000.0
2020-10-14,QQQ,285.126,286.092,280.212,281.95,36949100,10417798745.0
2020-10-15,QQQ,277.258,280.647,276.621,280.058,42514200,11906441823.6
2020-10-16,QQQ,281.699,283.118,278.176,278.523,40570700,11299873076.1
2020-10-19,QQQ,280.435,281.39,273.001,273.976,36756800,10070481036.8
2020-10-20,QQQ,274.71,277.664,273.156,274.565,32195400,8839730001.0
2020-10-21,QQQ,274.816,277.374,273.87,274.353,29306100,8040216453.3
2020-10-22,QQQ,275.183,276.081,271.099,274.343,32196200,8832802096.6
2020-10-23,QQQ,274.913,275.048,272.026,274.884,24658500,6778227114.0
2020-10-26,QQQ,272.605,275.424,267.18,270.761,38421100,10402935457.1
2020-10-27,QQQ,271.756,273.696,270.501,272.876,30559100,8338844971.6
2020-10-28,QQQ,268.387,268.995,261.986,262.237,53413500,14006995999.5
2020-10-29,QQQ,263.55,269.815,263.087,266.823,43246300,11539107504.9
2020-10-30,QQQ,264.844,265.712,257.825,260.055,65838300,17121579106.5
2020-11-02,QQQ,262.44,264.052,257.729,260.635,39987400,10422115999.0
2020-11-03,QQQ,262.546,267.238,261.465,265.143,43604100,11561321886.3
2020-11-04,QQQ,273.773,278.774,272.113,276.979,75728200,20975121107.8
2020-11-05,QQQ,283.369,285.165,281.892,284.2,52054200,14793803640.0
2020-11-06,QQQ,283.543,285.136,279.797,284.412,40959800,11649458637.6
2020-11-09,QQQ,287.347,288.785,278.147,278.6,86537100,24109236060.0
2020-11-10,QQQ,275.299,276.737,270.906,273.609,69024900,18885833864.1
2020-11-11,QQQ,276.129,280.203,273.571,279.73,36102900,10099064217.0
2020-11-12,QQQ,280.695,281.96,277.307,278.417,34414600,9581609688.2
2020-11-13,QQQ,280.126,281.477,277.905,280.859,24806900,6967241127.1
2020-11-16,QQQ,280.56,283.35,279.952,283.051,30168400,8539195788.4
2020-11-17,QQQ,283.244,283.572,281.516,282.153,21843500,6163209055.5
2020-11-18,QQQ,281.603,283.215,279.981,280.068,28069600,7861396732.8
2020-11-19,QQQ,279.517,282.568,278.851,282.259,22718400,6412472865.6
2020-11-20,QQQ,282.182,282.925,280.241,280.328,25907300,7262541594.4
2020-11-23,QQQ,281.323,282.616,278.098,280.338,26875600,7534251952.8
2020-11-24,QQQ,281.4,284.769,279.604,284.277,24516800,6969562353.6
2020-11-25,QQQ,285.339,286.661,284.393,286.024,23326800,6672024643.2
2020-11-27,QQQ,287.984,289.779,287.588,288.66,17163100,4954300446.0
2020-11-30,QQQ,288.978,289.586,284.576,289.248,27836200,8051565177.6
2020-12-01,QQQ,291.517,294.577,290.417,292.956,27521300,8062529962.8
2020-12-02,QQQ,291.787,293.67,289.953,293.332,23620000,6928501840.0
2020-12-03,QQQ,293.641,295.292,293.023,293.747,22828700,6705862138.9
2020-12-04,QQQ,293.795,295.089,293.12,294.944,19332100,5701886902.4
2020-12-07,QQQ,295.128,296.981,294.944,296.614,20851000,6184698514.0
2020-12-08,QQQ,296.141,297.918,294.394,297.618,18341500,5458760547.0
2020-12-09,QQQ,297.406,297.686,289.818,290.88,48839300,14206375584.0
2020-12-10,QQQ,288.853,293.168,287.771,292.048,27519500,8037014936.0
2020-12-11,QQQ,290.397,291.527,288.138,291.401,26760400,7798007320.4
2020-12-14,QQQ,292.589,295.456,292.521,293.516,28804800,8454669676.8
2020-12-15,QQQ,295.765,296.653,293.583,296.653,25709000,7626651977.0
2020-12-16,QQQ,297.049,299.066,296.006,298.284,25461900,7594877379.6
2020-12-17,QQQ,299.877,300.466,298.68,300.235,23730500,7124726667.5
2020-12-18,QQQ,300.872,301.181,296.962,299.327,41173400,12324310301.8
2020-12-21,QQQ,296.388,299.299,293.622,298.767,37095500,11082911248.5
2020-12-22,QQQ,299.667,300.498,296.765,299.58,26176300,7841895954.0
2020-12-23,QQQ,299.628,299.986,297.916,298.071,21201300,6319492692.3
2020-12-24,QQQ,298.332,299.831,298.255,299.386,16785000,5025194010.0
2020-12-28,QQQ,301.988,302.877,300.16,302.404,22497700,6803394470.8
2020-12-29,QQQ,303.728,304.347,301.775,302.674,25871900,7830751460.6
2020-12-30,QQQ,303.835,304.154,302.065,302.684,18138100,5490112660.4
2020-12-31,QQQ,302.587,303.912,301.514,303.429,21611400,6557525490.6
2021-01-04,QQQ,304.754,304.928,295.15,299.144,45305900,13552988149.6
2021-01-05,QQQ,298.158,301.881,298.158,301.61,29323400,8844230674.0
2021-01-06,QQQ,296.91,301.63,295.924,297.432,52809600,15707264947.2
2021-01-07,QQQ,300.082,305.46,300.053,304.628,30394800,9259107134.4
2021-01-08,QQQ,306.91,308.893,304.725,308.545,33955800,10476892311.0
2021-01-11,QQQ,305.595,306.765,303.438,304.086,32746400,9957721790.4
2021-01-12,QQQ,304.125,305.208,300.972,303.603,29266800,8885488280.4
2021-01-13,QQQ,303.864,306.446,303.264,305.653,22898400,6998964655.2
2021-01-14,QQQ,306.098,307.094,303.545,304.019,23500100,7144476901.9
2021-01-15,QQQ,303.806,304.763,300.373,301.61,35118700,10592151107.0
2021-01-19,QQQ,303.922,306.514,302.829,306.011,24537000,7508591907.0
2021-01-20,QQQ,309.618,314.067,306.108,313.129,30728100,9621859224.9
2021-01-21,QQQ,314.464,316.379,313.09,315.634,25130600,7932071800.4
2021-01-22,QQQ,314.599,315.731,314.038,314.725,21609400,6801018415.0
2021-01-25,QQQ,318.1,319.464,310.847,317.326,39080600,12401290475.6
2021-01-26,QQQ,318.042,318.922,316.466,317.791,25498100,8103066697.1
2021-01-27,QQQ,315.537,315.547,306.93,308.932,55264000,17072818048.0
2021-01-28,QQQ,310.131,315.692,309.512,310.76,42836300,13311808588.0
2021-01-29,QQQ,309.077,310.179,302.481,304.222,55259000,16811003498.0
2021-02-01,QQQ,307.655,312.907,305.634,311.823,35646000,11115242658.0
2021-02-02,QQQ,314.783,318.062,314.619,316.911,33930800,10753043758.8
2021-02-03,QQQ,318.98,319.348,315.595,315.653,24824500,7835927898.5
2021-02-04,QQQ,317.046,319.473,315.731,319.386,22350900,7138564547.4
2021-02-05,QQQ,320.334,321.475,318.7,320.47,22732000,7284924040.0
2021-02-08,QQQ,322.152,322.771,320.518,322.617,20462800,6601647147.6
2021-02-09,QQQ,321.688,323.806,321.679,322.549,17597500,5676056027.5
2021-02-10,QQQ,323.98,324.435,318.671,321.814,28068700,9032900621.8
2021-02-11,QQQ,323.342,323.99,321.205,323.584,22046100,7133765222.4
2021-02-12,QQQ,322.742,325.557,321.698,325.392,20346800,6620685945.6
2021-02-16,QQQ,326.185,327.075,323.352,324.512,27080800,8788044569.6
2021-02-17,QQQ,321.543,324.628,319.319,322.955,31360300,10127965686.5
2021-02-18,QQQ,319.377,322.897,317.568,321.543,32236200,10365324456.6
2021-02-19,QQQ,322.887,323.013,319.125,320.141,39157700,12535985235.7
2021-02-22,QQQ,315.769,317.027,311.64,311.843,47256900,14736733466.7
2021-02-23,QQQ,306.582,312.578,300.779,310.914,97241900,30233868096.6
2021-02-24,QQQ,308.264,313.787,305.576,313.477,58206300,18246336305.1
2021-02-25,QQQ,310.827,313.38,301.011,302.549,110182600,33335635447.4
2021-02-26,QQQ,305.469,308.622,300.663,303.816,104739800,31821627076.8
2021-03-01,QQQ,308.777,313.294,307.491,312.955,49164500,15386276097.5
2021-03-02,QQQ,313.593,313.671,307.684,307.936,48370000,14894864320.0
2021-03-03,QQQ,306.843,307.781,298.941,298.999,86301100,25803942598.9
2021-03-04,QQQ,298.632,301.785,290.247,294.105,139131600,40919299218.0
2021-03-05,QQQ,296.717,299.434,287.674,298.535,121523700,36279077779.5
2021-03-08,QQQ,297.993,299.87,289.666,290.082,88409800,25646091603.6
2021-03-09,QQQ,297.365,303.419,296.833,301.523,80391100,24239765645.3
2021-03-10,QQQ,305.769,306.069,299.976,300.663,76798100,23090347140.3
2021-03-11,QQQ,305.392,309.348,304.502,307.587,53484800,16451229177.6
2021-03-12,QQQ,303.545,307.771,301.156,305.092,69315600,21147635035.2
2021-03-15,QQQ,305.411,308.516,303.777,308.351,42955700,13245433050.7
2021-03-16,QQQ,310.537,313.545,308.613,310.044,54925900,17029445739.6
2021-03-17,QQQ,307.017,313.207,305.305,311.321,78258700,24363576742.7
2021-03-18,QQQ,306.456,307.433,301.33,301.785,82718100,24963081808.5
2021-03-19,QQQ,301.62,304.386,299.483,302.848,78446200,23757274777.6
2021-03-22,QQQ,305.235,310.59,305.235,308.528,56194800,17337669254.4
2021-03-23,QQQ,309.612,310.929,306.368,307.182,53455400,16420536682.8
2021-03-24,QQQ,308.547,308.586,301.856,302.001,64803700,19570782203.7
2021-03-25,QQQ,300.161,302.989,297.663,301.478,78729000,23735061462.0
2021-03-26,QQQ,301.265,306.32,299.871,306.0,63519600,19436997600.0
2021-03-29,QQQ,305.468,306.959,302.582,305.913,54608000,16705297104.0
2021-03-30,QQQ,303.957,304.945,301.682,304.374,44635700,13585946551.8
2021-03-31,QQQ,306.155,310.59,305.816,309.031,55032500,17006748507.5
2021-04-01,QQQ,312.847,314.435,312.595,314.299,55685600,17501928394.4
2021-04-05,QQQ,316.778,321.339,316.536,320.574,42172500,13519407015.0
2021-04-06,QQQ,320.264,322.298,319.577,320.352,33537200,10743709094.4
2021-04-07,QQQ,319.877,321.959,318.947,321.126,32046400,10290932246.4
2021-04-08,QQQ,323.973,324.661,323.179,324.477,29940800,9715100961.6
2021-04-09,QQQ,323.121,326.646,322.385,326.442,36664900,11968963285.8
2021-04-12,QQQ,325.406,326.433,324.138,326.016,25833000,8421971328.0
2021-04-13,QQQ,327.537,330.287,327.324,329.822,30374000,10018013428.0
2021-04-14,QQQ,330.064,330.19,325.048,325.861,42564300,13870045362.3
2021-04-15,QQQ,328.728,331.187,325.581,330.8,36342800,12022198240.0
2021-04-16,QQQ,331.323,331.4,329.318,331.187,40860100,13532333938.7
2021-04-19,QQQ,329.619,330.771,326.239,328.156,34533100,11332243963.6
2021-04-20,QQQ,327.498,328.776,323.799,325.764,38081800,12405679495.2
2021-04-21,QQQ,324.486,328.737,323.402,328.553,36598100,12024415549.3
2021-04-22,QQQ,328.166,329.144,323.441,324.593,45936100,14910536507.3
2021-04-23,QQQ,325.222,329.987,325.222,328.679,36381900,11957966510.1
2021-04-26,QQQ,328.921,331.1,328.176,330.819,30812000,10193195028.0
2021-04-27,QQQ,331.11,331.323,328.437,329.386,33187200,10931399059.2
2021-04-28,QQQ,329.057,330.064,327.624,328.273,33615700,11035126686.1
2021-04-29,QQQ,331.536,331.952,326.239,329.454,37708900,12423347940.6
2021-04-30,QQQ,327.014,329.493,326.384,327.295,38263400,12523419503.0
2021-05-03,QQQ,328.495,329.241,325.106,325.552,29729700,9678563294.4
2021-05-04,QQQ,323.005,323.324,315.887,319.693,65147000,20827039871.0
2021-05-05,QQQ,321.736,322.598,317.843,318.618,46219300,14726300927.4
2021-05-06,QQQ,318.357,321.175,316.12,321.02,46814300,15028326586.0
2021-05-07,QQQ,323.789,325.997,321.194,323.625,53324500,17257141312.5
2021-05-10,QQQ,322.249,322.424,315.248,315.452,60700500,19148094126.0
2021-05-11,QQQ,309.583,315.81,308.925,315.016,71963600,22669685417.6
2021-05-12,QQQ,310.097,312.411,306.0,306.862,91164900,27975043543.8
2021-05-13,QQQ,309.796,312.198,306.872,309.235,69877800,21608661483.0
2021-05-14,QQQ,312.392,316.972,311.888,316.062,44370000,14023670940.0
2021-05-17,QQQ,314.357,316.042,311.278,314.144,39395000,12375702880.0
2021-05-18,QQQ,315.093,316.313,311.752,312.024,36528500,11397768684.0
2021-05-19,QQQ,306.639,312.682,306.291,312.382,66319100,20716893096.2
2021-05-20,QQQ,313.863,319.277,313.641,318.424,46466100,14795921426.4
2021-05-21,QQQ,319.974,320.39,316.304,316.662,50330400,15937725124.8
2021-05-24,QQQ,318.947,323.111,316.555,321.988,32475800,10456817890.4
2021-05-25,QQQ,323.499,324.215,321.262,322.433,31280300,10085800969.9
2021-05-26,QQQ,323.102,324.022,322.414,323.557,25444900,8232875509.3
2021-05-27,QQQ,323.111,323.954,322.143,322.346,27931700,9003671768.2
2021-05-28,QQQ,323.547,324.951,323.043,323.363,29927400,9677413846.2
2021-06-01,QQQ,324.69,325.164,320.942,322.288,31145400,10037788675.2
2021-06-02,QQQ,322.705,323.76,321.204,322.918,22047900,7119663772.2
2021-06-03,QQQ,320.09,321.359,317.892,319.557,37057800,11842079394.6
2021-06-04,QQQ,321.349,325.426,321.281,324.98,38736500,12588587770.0
2021-06-07,QQQ,324.448,326.007,323.76,325.949,32611900,10629816193.1
2021-06-08,QQQ,327.692,328.553,324.428,326.103,27282800,8897002928.4
2021-06-09,QQQ,327.469,328.244,325.997,326.181,21485300,7008096639.3
2021-06-10,QQQ,326.52,329.686,326.074,329.58,33702100,11107538118.0
2021-06-11,QQQ,329.59,330.451,328.941,330.442,21222800,7012904477.6
2021-06-14,QQQ,330.868,333.618,329.686,333.608,27827700,9283543341.6
2021-06-15,QQQ,333.26,333.57,330.713,331.43,35963800,11919482234.0
2021-06-16,QQQ,331.894,332.96,326.772,330.219,55399500,18293967490.5
2021-06-17,QQQ,329.212,335.419,329.164,334.412,59722700,19971987552.4
2021-06-18,QQQ,332.756,333.899,331.042,331.788,55414900,18385998841.2
2021-06-21,QQQ,331.979,334.17,329.768,333.85,32992600,11014579510.0
2021-06-22,QQQ,333.646,337.408,333.346,336.962,28941600,9752219419.2
2021-06-23,QQQ,336.904,338.271,336.293,337.127,27188500,9165977439.5
2021-06-24,QQQ,339.056,340.733,338.513,339.211,32581600,11052037117.6
2021-06-25,QQQ,339.773,340.016,338.193,338.794,28682800,9717560543.2
2021-06-28,QQQ,340.074,343.05,340.016,342.914,39130300,13418327694.2
2021-06-29,QQQ,342.74,344.184,341.906,344.155,29426000,10127105030.0
2021-06-30,QQQ,344.0,344.388,343.031,343.612,32724000,11244359088.0
2021-07-01,QQQ,343.263,344.252,341.916,343.748,29290000,10068378920.0
2021-07-02,QQQ,345.639,348.014,345.406,347.694,32727200,11379051076.8
2021-07-06,QQQ,348.295,349.478,345.61,349.197,38842400,13563649552.8
2021-07-07,QQQ,351.388,351.688,347.985,349.934,35265200,12340492496.8
2021-07-08,QQQ,344.882,348.673,343.603,347.82,50890000,17700559800.0
2021-07-09,QQQ,347.238,350.467,346.657,349.992,35184500,12314293524.0
2021-07-12,QQQ,351.388,351.814,349.817,351.359,25717700,9036145354.3
2021-07-13,QQQ,350.981,354.316,350.506,351.359,39723000,13957033557.0
2021-07-14,QQQ,353.695,354.335,351.165,351.989,35336400,12438024099.6
2021-07-15,QQQ,351.902,352.105,347.519,349.517,53391600,18661271857.2
2021-07-16,QQQ,350.37,351.349,346.337,346.686,47262000,16385073732.0
2021-07-19,QQQ,343.244,344.34,341.295,343.845,64404600,22145199687.0
2021-07-20,QQQ,344.776,349.284,343.002,347.839,42183700,14673136024.3
2021-07-21,QQQ,347.413,350.525,347.19,350.525,30259900,10606851447.5
2021-07-22,QQQ,350.728,352.852,350.728,352.842,30252200,10674246752.4
2021-07-23,QQQ,354.16,357.243,352.813,356.962,31960800,11408791089.6
2021-07-26,QQQ,356.274,357.631,355.411,357.243,28438100,10159312158.3
2021-07-27,QQQ,356.982,356.982,349.168,353.307,57933100,20468169761.7
2021-07-28,QQQ,354.441,356.235,352.154,354.664,42066200,14919366756.8
2021-07-29,QQQ,354.102,356.458,354.102,355.295,25672500,9121310887.5
2021-07-30,QQQ,351.378,354.025,351.349,353.443,36484600,12895226477.8
2021-08-02,QQQ,355.101,355.682,352.764,353.472,27334100,9661838995.2
2021-08-03,QQQ,354.131,355.731,350.951,355.615,35558500,12645135977.5
2021-08-04,QQQ,355.576,357.079,354.471,356.128,29602200,10542172281.6
2021-08-05,QQQ,356.943,358.62,356.235,358.387,21443900,7685214989.3
2021-08-06,QQQ,357.127,358.096,355.712,356.817,33332100,11893459925.7
2021-08-09,QQQ,357.272,358.0,356.177,357.476,25960200,9280148455.2
2021-08-10,QQQ,357.99,358.281,354.461,355.644,35130800,12494058235.2
2021-08-11,QQQ,356.904,357.398,353.705,355.033,34249800,12159809243.4
2021-08-12,QQQ,354.529,356.671,353.181,356.313,25969200,9253163559.6
2021-08-13,QQQ,356.662,357.893,356.167,357.563,19336200,6913909680.6
2021-08-16,QQQ,356.448,357.757,352.6,357.718,34856900,12468940554.2
2021-08-17,QQQ,354.975,355.944,352.144,354.568,44793900,15882483535.2
2021-08-18,QQQ,354.034,355.43,350.825,351.155,38541900,13534180894.5
2021-08-19,QQQ,349.226,354.519,348.974,352.852,48499400,17113110288.8
2021-08-20,QQQ,353.918,356.904,353.608,356.507,39486000,14077035402.0
2021-08-23,QQQ,357.544,362.527,357.534,361.839,34034700,12315081813.3
2021-08-24,QQQ,362.43,363.545,361.965,362.944,21732900,7887825657.6
2021-08-25,QQQ,363.196,363.933,362.449,363.361,20441900,7427789225.9
2021-08-26,QQQ,362.508,363.186,360.617,361.053,29133300,10518665364.9
2021-08-27,QQQ,361.683,365.067,361.199,364.563,27104700,9881370746.1
2021-08-30,QQQ,365.348,369.139,365.329,368.654,27295700,10062668987.8
2021-08-31,QQQ,368.897,368.964,366.812,368.354,29628200,10913665982.8
2021-09-01,QQQ,369.41,371.029,368.761,368.964,28138300,10382019721.2
2021-09-02,QQQ,370.312,370.641,367.578,368.79,25453400,9386959386.0
2021-09-03,QQQ,367.646,370.322,367.626,369.924,24605400,9102127989.6
2021-09-07,QQQ,370.031,371.097,368.877,370.448,23970200,8879712649.6
2021-09-08,QQQ,370.273,370.273,366.899,369.158,32949200,12163460773.6
2021-09-09,QQQ,369.381,370.486,367.646,367.888,29399000,10815539312.0
2021-09-10,QQQ,369.595,370.312,364.767,365.096,40249400,14694894942.4
2021-09-13,QQQ,367.423,367.849,362.798,364.844,48741800,17783153279.2
2021-09-14,QQQ,366.327,367.054,362.857,363.807,41826600,15216809866.2
2021-09-15,QQQ,364.262,366.861,361.974,366.512,34097900,12497289524.8
2021-09-16,QQQ,365.183,367.336,363.264,366.764,35193100,12907562128.4
2021-09-17,QQQ,366.289,366.337,361.383,362.42,60912300,22075835766.0
2021-09-20,QQQ,356.64,358.377,350.302,354.932,76203200,27046954182.4
2021-09-21,QQQ,356.756,357.95,354.243,355.368,41927500,14899691820.0
2021-09-22,QQQ,356.281,360.143,355.184,358.688,46972900,16848615555.2
2021-09-23,QQQ,359.843,363.026,359.202,361.997,44652000,16163890044.0
2021-09-24,QQQ,359.736,362.754,359.367,362.337,36056800,13064712741.6
2021-09-27,QQQ,359.299,360.318,356.902,359.445,43338100,15577663354.5
2021-09-28,QQQ,354.902,359.396,348.769,349.273,97701600,34124530936.8
2021-09-29,QQQ,350.535,352.67,348.079,348.701,58076600,20251368496.6
2021-09-30,QQQ,350.341,352.0,346.585,347.419,61384600,21326176347.4
2021-10-01,QQQ,348.041,350.613,343.945,349.574,56375500,19707409037.0
2021-10-04,QQQ,347.963,348.293,340.004,342.237,76766000,26272165542.0
2021-10-05,QQQ,343.295,349.099,343.072,346.857,47232900,16383061995.3
2021-10-06,QQQ,343.654,349.351,342.751,349.079,56806500,19829956213.5
2021-10-07,QQQ,352.117,354.922,351.583,352.282,39411200,13883856358.4
2021-10-08,QQQ,353.359,353.592,349.992,350.525,41822300,14659761707.5
2021-10-11,QQQ,348.992,352.505,347.749,347.837,34847200,12121145506.4
2021-10-12,QQQ,349.283,349.72,345.983,346.624,43905100,15218561382.4
2021-10-13,QQQ,348.924,350.069,346.905,349.399,40120800,14018167399.2
2021-10-14,QQQ,352.981,356.048,352.321,355.834,43433900,15455258372.6
2021-10-15,QQQ,357.047,358.193,356.019,358.076,40419900,14473396112.4
2021-10-18,QQQ,356.785,361.891,356.184,361.677,34513500,12482739139.5
2021-10-19,QQQ,362.745,364.462,361.725,364.414,29091000,10601167674.0
2021-10-20,QQQ,364.87,365.481,362.463,363.938,31390300,11424123001.4
2021-10-21,QQQ,363.143,366.355,362.842,366.161,25469300,9325864357.3
2021-10-22,QQQ,364.909,365.87,361.425,363.084,36275800,13171162567.2
2021-10-25,QQQ,364.501,367.714,362.56,366.801,32597800,11956905637.8
2021-10-26,QQQ,369.034,371.441,366.782,367.956,47191300,17364321982.8
2021-10-27,QQQ,368.403,371.868,368.141,368.811,45760500,16876975765.5
2021-10-28,QQQ,370.703,373.159,369.936,372.906,38007000,14173038342.0
2021-10-29,QQQ,369.839,374.906,369.49,374.741,37310100,13981624184.1
2021-11-01,QQQ,375.177,376.148,373.1,376.022,30765300,11568429636.6
2021-11-02,QQQ,375.41,378.07,375.362,377.594,25135300,9490938468.2
2021-11-03,QQQ,378.079,382.02,377.041,381.602,33748900,12878647737.8
2021-11-04,QQQ,382.864,387.445,382.321,386.494,40265300,15562296858.2
2021-11-05,QQQ,388.26,389.182,385.465,386.863,43383800,16783587019.4
2021-11-08,QQQ,386.834,387.853,385.698,386.339,29256300,11302849685.7
2021-11-09,QQQ,387.406,387.804,382.321,383.679,50490700,19372221285.3
2021-11-10,QQQ,380.913,383.718,376.119,378.04,54937400,20768534696.0
2021-11-11,QQQ,381.01,381.185,378.749,379.089,32243000,12222966627.0
2021-11-12,QQQ,380.234,383.611,378.642,383.078,34730600,13304528786.8
2021-11-15,QQQ,384.252,384.572,380.554,382.99,33716900,12913235531.0
2021-11-16,QQQ,382.262,386.212,382.068,385.718,27872900,10751079242.2
2021-11-17,QQQ,386.038,387.95,384.96,385.921,28703300,11077206239.3
2021-11-18,QQQ,387.96,390.425,385.747,389.92,45721500,17827727280.0
2021-11-19,QQQ,391.551,393.366,390.726,392.094,45191700,17719394419.8
2021-11-22,QQQ,393.628,396.675,387.435,387.542,61715400,23917309546.8
2021-11-23,QQQ,386.387,388.445,381.35,385.776,70098700,27042396091.2
2021-11-24,QQQ,383.301,387.3,380.981,387.018,46954400,18172197979.2
2021-11-26,QQQ,384.446,385.834,378.293,379.681,51533300,19566214877.3
2021-11-29,QQQ,384.233,388.93,383.505,387.921,54447100,21121173479.1
2021-11-30,QQQ,387.037,389.376,380.214,382.224,81332700,31087309924.8
2021-12-01,QQQ,386.552,388.687,375.255,375.721,77766500,29218507146.5
2021-12-02,QQQ,374.44,380.205,373.023,378.429,84416600,31945689521.4
2021-12-03,QQQ,379.787,380.787,367.743,371.848,105349100,39173852136.8
2021-12-06,QQQ,372.334,376.187,368.131,374.828,67588800,25334174726.4
2021-12-07,QQQ,381.457,386.727,381.418,386.115,56005300,21624486409.5
2021-12-08,QQQ,386.446,388.047,384.553,387.843,39204000,15204996972.0
2021-12-09,QQQ,386.62,388.416,381.942,382.136,49973700,19096749823.2
2021-12-10,QQQ,384.941,386.552,381.777,386.29,52545800,20297917082.0
2021-12-13,QQQ,386.281,386.601,380.341,380.71,50166400,19098850144.0
2021-12-14,QQQ,375.896,378.603,372.334,376.769,75199200,28332727384.8
2021-12-15,QQQ,376.517,385.718,372.576,385.358,73858000,28461771164.0
2021-12-16,QQQ,386.319,386.746,373.867,375.449,82591400,31008858538.6
2021-12-17,QQQ,372.042,377.73,370.528,373.576,80492500,30070066180.0
2021-12-20,QQQ,368.864,370.739,366.823,369.952,65336800,24171479833.6
2021-12-21,QQQ,373.217,378.543,369.476,378.232,48899500,18495355684.0
2021-12-22,QQQ,377.94,383.042,377.279,382.838,37042200,14181161763.6
2021-12-23,QQQ,383.188,387.192,383.023,385.724,29595500,11415694642.0
2021-12-27,QQQ,387.017,392.099,386.988,392.099,32820700,12868963649.3
2021-12-28,QQQ,392.993,393.168,389.407,390.282,33113700,12923681063.4
2021-12-29,QQQ,390.418,391.681,387.853,390.224,32248500,12584138664.0
2021-12-30,QQQ,390.01,392.187,388.474,389.058,23850100,9279072205.8
2021-12-31,QQQ,388.387,389.748,386.132,386.628,34752900,13436444221.2
2022-01-03,QQQ,387.794,390.603,385.685,390.35,40575900,15838802565.0
2022-01-04,QQQ,390.894,390.933,382.197,385.287,58027200,22357125806.4
2022-01-05,QQQ,383.606,384.723,373.198,373.451,75739800,28285104049.8
2022-01-06,QQQ,371.633,376.424,369.408,373.188,70814300,26427046988.4
2022-01-07,QQQ,373.198,374.879,367.377,369.145,72652300,26819233283.5
2022-01-10,QQQ,364.248,369.904,358.893,369.388,91770500,33898921454.0
2022-01-11,QQQ,368.66,375.103,366.58,374.937,68295700,25606584870.9
2022-01-12,QQQ,377.503,379.194,374.15,376.424,54576400,20543866793.6
2022-01-13,QQQ,377.804,378.484,366.075,367.008,77994000,28624421952.0
2022-01-14,QQQ,364.491,369.622,364.287,369.291,80121200,29588038069.2
2022-01-18,QQQ,363.49,365.608,359.34,360.098,75450900,27169718188.2
2022-01-19,QQQ,361.653,364.121,355.88,356.143,81791500,29129470184.5
2022-01-20,QQQ,359.36,363.324,350.983,351.517,88610700,31148167431.9
2022-01-21,QQQ,349.331,351.964,341.488,341.77,143388900,49006024353.0
2022-01-24,QQQ,336.153,343.996,324.725,343.335,198685800,68215789143.0
2022-01-25,QQQ,336.892,341.129,332.042,335.376,124398400,41720237798.4
2022-01-26,QQQ,342.956,346.814,331.168,334.851,146559500,49075595134.5
2022-01-27,QQQ,339.545,341.362,330.458,331.479,95255700,31575264180.3
2022-01-28,QQQ,333.354,342.091,328.418,341.877,108167900,36980117148.3
2022-01-31,QQQ,343.238,353.393,341.605,352.81,94326400,33279297184.0
2022-02-01,QQQ,354.151,355.861,349.01,355.21,74433000,26439345930.0
2022-02-02,QQQ,359.33,359.661,354.015,358.096,78777100,28209764401.6
2022-02-03,QQQ,348.417,351.721,342.518,343.578,95384800,32772118814.4
2022-02-04,QQQ,344.093,351.206,342.042,347.912,86318300,30031172389.6
2022-02-07,QQQ,348.505,350.866,343.859,345.113,58198100,20084920885.3
2022-02-08,QQQ,343.976,350.079,342.849,348.991,64720900,22587011611.9
2022-02-09,QQQ,353.5,356.464,351.906,356.386,55766400,19874364230.4
2022-02-10,QQQ,349.379,356.153,346.483,348.32,112468500,39175027920.0
2022-02-11,QQQ,348.32,349.914,336.046,337.271,101569100,34256311926.1
2022-02-14,QQQ,336.717,341.08,334.19,337.689,80254400,27101028081.6
2022-02-15,QQQ,342.956,346.318,341.896,346.085,55128800,19079250748.0
2022-02-16,QQQ,343.84,347.018,340.818,345.997,58947100,20395519758.7
2022-02-17,QQQ,342.79,343.49,335.288,335.706,61801400,20747100788.4
2022-02-18,QQQ,336.639,337.028,329.574,331.877,80001500,26550657815.5
2022-02-22,QQQ,328.942,334.336,324.919,328.544,85967100,28243974902.4
2022-02-23,QQQ,331.693,332.528,319.817,320.128,86215400,27599963571.2
2022-02-24,QQQ,309.847,331.421,309.283,330.886,130614100,43218377092.6
2022-02-25,QQQ,331.683,336.221,327.873,336.017,78842100,26492285915.7
2022-02-28,QQQ,332.849,338.709,331.693,337.018,77515500,26124118779.0
2022-03-01,QQQ,335.998,338.262,329.341,331.858,67407000,22369552206.0
2022-03-02,QQQ,333.403,338.758,330.643,337.426,70609000,23825312434.0
2022-03-03,QQQ,340.06,340.167,330.75,332.606,71089400,23644760976.4
2022-03-04,QQQ,330.254,331.683,325.473,327.786,76936300,25218642031.8
2022-03-07,QQQ,327.776,328.933,315.493,315.697,89933800,28391830858.6
2022-03-08,QQQ,314.91,323.811,310.916,314.229,116153900,36498923843.1
2022-03-09,QQQ,322.392,326.892,319.807,325.541,64723400,21070120359.4
2022-03-10,QQQ,321.489,323.131,317.495,321.926,69362700,22329656560.2
2022-03-11,QQQ,324.89,325.201,314.764,315.25,66228400,20878503100.0
2022-03-14,QQQ,314.016,317.378,308.496,309.196,79802600,24674644709.6
2022-03-15,QQQ,311.829,319.672,310.226,318.894,76471000,24386143074.0
2022-03-16,QQQ,322.801,330.837,319.137,330.721,105243000,34806070203.0
2022-03-17,QQQ,328.826,334.783,327.533,334.725,67810000,22697702250.0
2022-03-18,QQQ,333.072,341.867,331.916,341.576,85446300,29186405368.8
2022-03-21,QQQ,340.743,342.961,336.248,340.626,73799100,25137892236.6
2022-03-22,QQQ,341.122,348.186,340.743,347.32,63345900,22001297988.0
2022-03-23,QQQ,344.45,348.001,342.27,342.329,70615500,24173733499.5
2022-03-24,QQQ,344.246,349.986,342.095,349.938,53555300,18741034571.4
2022-03-25,QQQ,349.879,350.93,345.355,349.646,57584200,20134085193.2
2022-03-28,QQQ,349.636,355.153,348.4,355.056,56833900,20179217198.4
2022-03-29,QQQ,358.938,361.789,356.175,361.166,68073000,24585653118.0
2022-03-30,QQQ,359.308,360.962,355.698,357.177,68757700,24558669012.9
2022-03-31,QQQ,357.323,357.673,351.913,352.75,67011400,23638271350.0
2022-04-01,QQQ,353.012,353.791,348.906,352.078,54527800,19198038768.4
2022-04-04,QQQ,352.915,359.337,352.652,359.327,45950200,16511147515.4
2022-04-05,QQQ,357.877,358.588,350.21,351.349,62738700,22043179506.3
2022-04-06,QQQ,346.046,347.145,341.093,343.72,90077100,30961300812.0
2022-04-07,QQQ,342.728,346.727,339.274,344.538,63777400,21973737841.2
2022-04-08,QQQ,342.806,343.555,339.089,339.721,61956100,21047788248.1
2022-04-11,QQQ,335.498,336.413,331.344,331.684,66107400,21926766861.6
2022-04-12,QQQ,336.423,338.301,328.911,330.283,72790200,24041365626.6
2022-04-13,QQQ,330.624,338.048,329.904,336.997,61367800,20680764496.6
2022-04-14,QQQ,337.084,337.6,329.077,329.291,73519400,24209276745.4
2022-04-18,QQQ,328.24,331.83,326.722,329.544,58560600,19298294366.4
2022-04-19,QQQ,328.902,337.483,327.88,336.909,56515700,19040647971.3
2022-04-20,QQQ,337.717,338.174,330.779,331.996,65500000,21745738000.0
2022-04-21,QQQ,335.868,338.476,324.202,325.126,75801000,24644875926.0
2022-04-22,QQQ,325.282,326.498,316.184,316.613,82562100,26140234167.3
2022-04-25,QQQ,314.988,320.991,313.723,320.68,101755900,32631082012.0
2022-04-26,QQQ,318.627,318.811,308.303,308.576,105819600,32653388889.6
2022-04-27,QQQ,308.673,314.161,306.493,308.206,111204200,34273801665.2
2022-04-28,QQQ,313.158,320.981,308.945,319.152,99450000,31739666400.0
2022-04-29,QQQ,314.959,318.393,304.158,304.791,91977900,28034036118.9
2022-05-02,QQQ,304.382,310.113,301.288,309.879,115511800,35794681072.2
2022-05-03,QQQ,309.899,312.497,307.447,310.21,78185500,24253923955.0
2022-05-04,QQQ,310.687,321.371,305.413,320.699,116083400,37227830296.6
2022-05-05,QQQ,316.389,316.467,301.259,304.547,154607400,47085219847.8
2022-05-06,QQQ,302.553,306.581,296.87,300.899,139572800,41997315947.2
2022-05-09,QQQ,295.285,300.996,287.734,289.125,113387300,32783103112.5
2022-05-10,QQQ,296.287,297.503,288.561,292.638,124124600,36323574694.8
2022-05-11,QQQ,290.381,295.878,283.093,283.959,140326100,39846859029.9
2022-05-12,QQQ,279.687,287.763,277.245,283.287,120910900,34252486128.3
2022-05-13,QQQ,287.734,294.817,286.138,293.786,83684900,24585452031.4
2022-05-16,QQQ,292.044,294.097,289.106,290.381,59190400,17187767542.4
2022-05-17,QQQ,296.228,298.281,292.434,297.902,62715300,18683013300.6
2022-05-18,QQQ,293.397,294.088,282.023,283.278,79477100,22514113933.8
2022-05-19,QQQ,281.478,286.44,279.814,281.76,79920700,22518456432.0
2022-05-20,QQQ,285.214,285.866,272.643,280.884,91764200,25775095552.8
2022-05-23,QQQ,281.925,285.934,279.532,285.555,63648400,18175118862.0
2022-05-24,QQQ,280.349,281.059,274.628,279.483,73491100,20539513101.3
2022-05-25,QQQ,277.994,285.467,277.79,283.395,67144500,19028415577.5
2022-05-26,QQQ,282.597,292.794,282.314,291.247,59462200,17318187363.4
2022-05-27,QQQ,294.37,300.899,294.253,300.753,66985600,20146120156.8
2022-05-31,QQQ,300.724,302.923,296.112,299.955,60968300,18287746426.5
2022-06-01,QQQ,302.086,304.207,295.528,297.737,65341700,19454641732.9
2022-06-02,QQQ,296.618,306.065,295.207,305.89,59291300,18136615757.0
2022-06-03,QQQ,300.685,302.086,296.686,297.931,60914700,18148377485.7
2022-06-06,QQQ,302.358,303.915,297.367,298.923,51785000,15479727555.0
2022-06-07,QQQ,295.606,302.28,294.516,301.502,44900300,13537530250.6
2022-06-08,QQQ,300.704,303.302,298.486,299.332,38342100,11477017477.2
2022-06-09,QQQ,297.649,300.704,291.149,291.315,55900500,16284654157.5
2022-06-10,QQQ,285.72,286.907,280.592,281.04,85963500,24159182040.0
2022-06-13,QQQ,272.195,274.715,267.116,267.973,94442000,25307906066.0
2022-06-14,QQQ,270.162,271.135,265.958,268.459,64697500,17368626152.5
2022-06-15,QQQ,271.874,279.084,269.14,275.163,86051400,23678161378.2
2022-06-16,QQQ,268.148,268.605,262.008,264.061,81910300,21629315728.3
2022-06-17,QQQ,264.83,269.704,263.205,267.272,82703400,22104303124.8
2022-06-21,QQQ,271.744,276.326,271.636,274.015,51633700,14148408305.5
2022-06-22,QQQ,271.52,278.012,270.925,273.616,67472900,18461665006.4
2022-06-23,QQQ,276.092,278.538,273.264,277.69,57457800,15955456482.0
2022-06-24,QQQ,280.508,287.624,280.274,287.205,58422300,16779176671.5
2022-06-27,QQQ,288.56,289.126,283.969,285.099,54151500,15438538498.5
2022-06-28,QQQ,285.636,288.219,276.228,276.413,61609800,17029749647.4
2022-06-29,QQQ,276.277,278.168,273.781,276.667,57302700,15853766100.9
2022-06-30,QQQ,273.693,276.803,268.848,273.235,79313600,21671251496.0
2022-07-01,QQQ,271.939,275.429,270.067,275.039,56675100,15587862828.9
2022-07-05,QQQ,271.315,279.864,269.794,279.747,61829300,17296561187.1
2022-07-06,QQQ,280.128,283.637,278.412,281.541,63194700,17791899032.7
2022-07-07,QQQ,282.35,288.268,282.35,287.566,56620100,16282015676.6
2022-07-08,QQQ,284.739,289.291,283.803,287.927,59895500,17245531628.5
2022-07-11,QQQ,285.519,285.743,280.898,281.775,55273900,15574803172.5
2022-07-12,QQQ,283.023,284.934,277.456,279.045,55797100,15569901769.5
2022-07-13,QQQ,273.547,280.81,272.982,278.47,73939400,20589904718.0
2022-07-14,QQQ,275.877,280.332,272.767,279.465,63741800,17813602137.0
2022-07-15,QQQ,282.448,284.641,280.839,284.534,63818100,18158419265.4
2022-07-18,QQQ,287.312,288.716,280.956,282.126,59519600,16792026669.6
2022-07-19,QQQ,285.743,291.095,284.144,290.802,55172600,16044302425.2
2022-07-20,QQQ,291.222,296.593,290.442,295.413,67769400,20019961762.2
2022-07-21,QQQ,295.872,299.713,293.22,299.654,55049400,16495772907.6
2022-07-22,QQQ,298.728,300.795,292.577,294.4,57127700,16818394880.0
2022-07-25,QQQ,294.429,294.897,290.724,292.723,40582400,11879401875.2
2022-07-26,QQQ,291.027,291.28,286.162,286.971,50074100,14369814551.1
2022-07-27,QQQ,291.524,300.785,290.958,299.098,69304400,20728807431.2
2022-07-28,QQQ,298.884,302.598,295.14,302.023,55139900,16653518017.7
2022-07-29,QQQ,303.563,308.438,302.14,307.531,57501000,17683340031.0
2022-08-01,QQQ,305.766,310.797,304.675,307.346,46358800,14248191744.8
2022-08-02,QQQ,305.055,310.543,304.002,306.429,48676500,14915891218.5
2022-08-03,QQQ,308.106,315.593,308.048,314.774,53735700,16914601231.8
2022-08-04,QQQ,314.852,316.558,312.708,316.246,38973700,12325276730.2
2022-08-05,QQQ,311.167,315.691,310.387,313.663,53894000,16904553722.0
2022-08-08,QQQ,314.579,318.264,311.187,312.649,43878500,13718569146.5
2022-08-09,QQQ,310.758,311.011,307.492,309.11,39764200,12291511862.0
2022-08-10,QQQ,316.432,318.03,313.965,317.738,51459600,16350670384.8
2022-08-11,QQQ,320.058,322.057,315.232,315.934,45897700,14500643951.8
2022-08-12,QQQ,317.982,322.281,316.929,322.086,40928400,13182464642.4
2022-08-15,QQQ,321.14,325.186,321.121,324.689,38266600,12424744087.4
2022-08-16,QQQ,323.714,326.015,320.887,323.928,41186900,13341590143.2
2022-08-17,QQQ,320.799,323.1,318.157,320.234,47842200,15320699074.8
2022-08-18,QQQ,320.185,322.183,318.576,321.004,41937200,13462008948.8
2022-08-19,QQQ,317.972,318.625,313.985,314.745,51770600,16294537497.0
2022-08-22,QQQ,310.495,310.729,305.65,306.459,51098900,15659717795.1
2022-08-23,QQQ,306.225,309.032,305.455,306.205,39497100,12094209505.5
2022-08-24,QQQ,305.728,308.906,305.123,307.092,38057100,11687030953.2
2022-08-25,QQQ,308.867,312.542,307.823,312.522,38098300,11906556912.6
2022-08-26,QQQ,312.23,313.429,299.625,299.713,69047700,20694493310.1
2022-08-29,QQQ,296.964,299.498,295.657,296.759,48321900,14339958722.1
2022-08-30,QQQ,298.406,299.02,290.939,293.454,51184500,15020296263.0
2022-08-31,QQQ,296.349,297.246,291.641,291.748,50044000,14600236912.0
2022-09-01,QQQ,289.262,292.245,285.587,291.875,57990700,16926035562.5
2022-09-02,QQQ,294.741,296.115,286.142,287.751,64666800,18607936366.8
2022-09-06,QQQ,288.229,289.145,283.559,285.684,57005400,16285530693.6
2022-09-07,QQQ,286.162,292.45,285.899,291.455,49260400,14357189882.0
2022-09-08,QQQ,289.389,294.283,288.024,292.967,55649800,16303554956.6
2022-09-09,QQQ,295.218,299.869,292.966,299.371,56125200,16802257249.2
2022-09-12,QQQ,300.746,303.261,300.434,302.93,45905700,13906213701.0
2022-09-13,QQQ,294.214,295.404,285.431,286.318,79562200,22780089979.6
2022-09-14,QQQ,287.459,289.467,285.694,288.589,54907200,15845613940.8
2022-09-15,QQQ,286.679,289.077,282.185,283.783,65299400,18530859630.2
2022-09-16,QQQ,280.488,282.438,278.441,282.048,79920400,22541388979.2
2022-09-19,QQQ,279.41,284.401,279.352,284.244,52613800,14955156967.2
2022-09-20,QQQ,281.744,284.264,279.684,281.979,51271100,14457373506.9
2022-09-21,QQQ,282.819,287.077,276.793,276.93,82931000,22966081830.0
2022-09-22,QQQ,275.406,276.412,272.3,273.521,62757100,17165384749.1
2022-09-23,QQQ,271.06,271.353,265.659,269.068,74815200,20130376233.6
2022-09-26,QQQ,268.599,272.955,267.163,267.954,71176700,19072081471.8
2022-09-27,QQQ,271.314,273.658,265.747,268.062,69780100,18705393166.2
2022-09-28,QQQ,268.042,274.674,266.568,273.394,79652100,21776406227.4
2022-09-29,QQQ,269.41,269.791,262.554,265.513,81216000,21563903808.0
2022-09-30,QQQ,264.693,268.755,260.854,261.011,78482400,20484769706.4
2022-10-03,QQQ,262.778,268.726,261.274,267.134,61267400,16366605631.6
2022-10-04,QQQ,272.466,276.236,272.466,275.533,66696900,18377196947.7
2022-10-05,QQQ,271.773,277.174,268.98,275.387,55766300,15357314058.1
2022-10-06,QQQ,274.39,277.535,272.896,273.218,53489400,14614266889.2
2022-10-07,QQQ,268.589,268.716,261.479,262.808,71354700,18752585997.6
2022-10-10,QQQ,263.003,263.394,257.475,260.181,60393000,15713111133.0
2022-10-11,QQQ,258.511,261.372,254.926,256.606,66522500,17070072635.0
2022-10-12,QQQ,257.241,259.155,255.825,256.518,50580200,12974731743.6
2022-10-13,QQQ,249.194,263.853,248.315,262.534,112894100,29638539649.4
2022-10-14,QQQ,264.859,265.454,254.057,254.643,77244300,19669720284.9
2022-10-17,QQQ,260.601,263.921,260.503,263.052,64576500,16986977478.0
2022-10-18,QQQ,270.064,270.728,262.456,265.132,69781000,18501176092.0
2022-10-19,QQQ,263.618,267.281,261.802,264.165,53115400,14031229641.0
2022-10-20,QQQ,263.276,268.413,261.655,262.817,60605500,15928155693.5
2022-10-21,QQQ,261.714,269.517,260.581,268.98,77897700,20952923346.0
2022-10-24,QQQ,269.244,272.867,265.611,271.939,63963600,17394197420.4
2022-10-25,QQQ,272.877,277.945,271.402,277.564,59014500,16380300678.0
2022-10-26,QQQ,271.949,277.34,270.943,271.431,63492400,17233805624.4
2022-10-27,QQQ,270.318,271.773,265.972,266.49,57760300,15392542347.0
2022-10-28,QQQ,265.865,275.113,265.698,274.644,62651300,17206803637.2
2022-10-31,QQQ,272.398,273.218,269.537,271.451,47742000,12959613642.0
2022-11-01,QQQ,274.918,275.474,268.316,268.677,45895900,12331172724.3
2022-11-02,QQQ,268.648,271.705,259.399,259.468,79803100,20706350750.8
2022-11-03,QQQ,256.86,258.315,254.018,254.399,70038900,17817826121.1
2022-11-04,QQQ,259.321,260.376,253.022,258.491,78313200,20243257381.2
2022-11-07,QQQ,259.536,261.87,257.407,261.333,47333800,12369883955.4
2022-11-08,QQQ,262.847,266.47,259.311,263.237,63213800,16640211070.6
2022-11-09,QQQ,261.499,262.28,256.88,257.163,64862100,16680132222.3
2022-11-10,QQQ,269.556,276.432,267.447,276.139,99256700,27408645881.3
2022-11-11,QQQ,275.953,281.891,274.615,281.227,66961800,18831466128.6
2022-11-14,QQQ,279.176,282.447,277.789,278.766,55290700,15413167276.2
2022-11-15,QQQ,285.377,286.403,279.283,282.623,73985400,20909975704.2
2022-11-16,QQQ,280.67,282.711,277.945,278.766,48859800,13620451006.8
2022-11-17,QQQ,274.312,279.625,274.156,278.15,55462100,15426783115.0
2022-11-18,QQQ,281.158,281.256,275.719,278.16,53588600,14906204976.0
2022-11-21,QQQ,276.773,277.926,274.468,275.299,40083500,11034947466.5
2022-11-22,QQQ,276.031,279.42,273.902,279.264,41873400,11693733177.6
2022-11-23,QQQ,279.283,282.692,279.107,282.067,46390000,13085088130.0
2022-11-25,QQQ,280.475,281.178,279.723,280.211,15498800,4342934246.8
2022-11-28,QQQ,278.238,280.25,275.172,276.099,38714200,10688951905.8
2022-11-29,QQQ,276.324,276.725,272.642,274.01,35618900,9759934789.0
2022-11-30,QQQ,274.273,286.608,273.424,286.5,74718100,21406735650.0
2022-12-01,QQQ,286.823,288.835,284.078,286.852,51547300,14786446099.6
2022-12-02,QQQ,281.793,286.588,281.617,285.709,53583200,15309202488.8
2022-12-05,QQQ,283.59,284.86,279.459,280.914,41482100,11652902639.4
2022-12-06,QQQ,280.758,280.895,273.707,275.094,53937600,14837910134.4
2022-12-07,QQQ,273.912,275.963,272.261,273.97,45614300,12496949771.0
2022-12-08,QQQ,275.318,278.18,273.248,277.213,42594900,11807860013.7
2022-12-09,QQQ,276.197,278.961,275.006,275.445,47860500,13182935422.5
2022-12-12,QQQ,275.621,278.961,274.586,278.902,35732500,9965865715.0
2022-12-13,QQQ,289.713,289.938,279.225,281.901,80667700,22740305297.7
2022-12-14,QQQ,281.315,284.596,276.568,279.811,64984400,18183349948.4
2022-12-15,QQQ,275.728,276.392,269.224,270.416,60554100,16374797505.6
2022-12-16,QQQ,269.742,271.275,266.236,267.837,68300400,18293374234.8
2022-12-19,QQQ,268.106,268.195,262.84,264.073,44167900,11663549856.7
2022-12-20,QQQ,262.908,265.61,261.332,263.868,51064200,13474208325.6
2022-12-21,QQQ,264.905,268.997,264.063,267.695,46394700,12419629216.5
2022-12-22,QQQ,264.69,264.817,256.937,261.146,60278400,15741463046.4
2022-12-23,QQQ,259.883,262.399,257.984,261.734,39373600,10305409822.4
2022-12-27,QQQ,261.127,261.234,257.495,258.033,38009000,9807576297.0
2022-12-28,QQQ,257.632,259.883,254.264,254.626,47139000,12002815014.0
2022-12-29,QQQ,257.426,261.773,256.731,260.833,45893600,11970565368.8
2022-12-30,QQQ,258.072,260.803,256.77,260.676,37858300,9868750210.8
2023-01-03,QQQ,262.996,264.465,256.614,258.914,42335300,10961201864.2
2023-01-04,QQQ,261.029,261.822,257.005,260.148,47754900,12423341725.2
2023-01-05,QQQ,258.483,258.65,255.762,256.075,45396700,11624959952.5
2023-01-06,QQQ,257.808,264.259,254.861,263.143,54659700,14383317437.1
2023-01-09,QQQ,265.13,269.497,264.24,264.847,45568700,12068733488.9
2023-01-10,QQQ,263.819,267.196,263.31,267.088,35247800,9414264406.4
2023-01-11,QQQ,268.155,271.817,267.372,271.709,44077000,11976117593.0
2023-01-12,QQQ,272.267,274.205,267.979,273.178,60600000,16554586800.0
2023-01-13,QQQ,270.681,275.302,270.348,275.057,44802900,12323351265.3
2023-01-17,QQQ,274.861,276.898,273.696,275.615,36269700,9996473365.5
2023-01-18,QQQ,277.152,278.699,271.827,272.032,47754500,12990752144.0
2023-01-19,QQQ,270.407,271.543,268.126,269.36,44150400,11892351744.0
2023-01-20,QQQ,270.965,277.064,269.908,276.731,60613600,16773662141.6
2023-01-23,QQQ,277.573,284.103,276.78,282.879,52799900,14935982912.1
2023-01-24,QQQ,281.264,283.456,280.745,282.301,44875100,12668285605.1
2023-01-25,QQQ,277.798,282.292,275.263,281.675,50872000,14329370600.0
2023-01-26,QQQ,285.091,287.343,282.448,287.167,51596300,14816754682.1
2023-01-27,QQQ,285.855,291.983,285.737,290.025,56441900,16369562047.5
2023-01-30,QQQ,286.765,288.185,283.789,284.161,49405800,14039201533.8
2023-01-31,QQQ,284.201,288.518,284.093,288.42,46705100,13470684942.0
2023-02-01,QQQ,288.214,297.044,286.149,294.587,67562200,19902945811.4
2023-02-02,QQQ,301.097,307.079,300.275,305.16,83070600,25349824296.0
2023-02-03,QQQ,298.523,305.816,298.131,299.737,76170800,22831207079.6
2023-02-06,QQQ,297.123,299.472,295.86,297.201,40802300,12126484362.3
2023-02-07,QQQ,297.074,304.484,295.958,303.359,67584000,20502214656.0
2023-02-08,QQQ,302.047,302.987,297.279,297.965,56720900,16900842968.5
2023-02-09,QQQ,302.341,302.487,293.882,295.331,49137800,14511915611.8
2023-02-10,QQQ,293.178,295.224,290.995,293.393,50050100,14684348989.3
2023-02-13,QQQ,294.793,298.679,293.618,298.092,39636700,11815383176.4
2023-02-14,QQQ,296.516,301.244,294.577,300.295,64079100,19242633334.5
2023-02-15,QQQ,298.483,302.761,297.798,302.595,43100600,13042026057.0
2023-02-16,QQQ,297.974,301.939,296.77,296.917,59498600,17666145816.2
2023-02-17,QQQ,294.734,295.576,291.827,294.822,58230700,17167691435.4
2023-02-21,QQQ,291.004,292.443,287.705,287.842,46526700,13392338381.4
2023-02-22,QQQ,288.42,290.123,286.403,288.058,51389200,14803070173.6
2023-02-23,QQQ,291.699,291.856,286.393,290.573,69294400,20135081691.2
2023-02-24,QQQ,285.62,286.805,283.946,285.708,74332000,21237247056.0
2023-02-27,QQQ,288.86,290.25,287.167,287.754,48995000,14098507230.0
2023-02-28,QQQ,287.128,289.888,286.795,287.382,48243100,13864198564.2
2023-03-01,QQQ,287.089,287.744,284.093,285.072,58287000,16615991664.0
2023-03-02,QQQ,282.585,288.234,282.301,287.431,53565900,15396500202.9
2023-03-03,QQQ,289.174,293.608,288.665,293.373,60511500,17752440289.5
2023-03-06,QQQ,294.607,297.602,293.51,293.706,56736300,16663791727.8
2023-03-07,QQQ,293.755,294.675,289.497,290.104,65955800,19134041403.2
2023-03-08,QQQ,290.525,292.15,288.674,291.553,50876300,14833137893.9
2023-03-09,QQQ,292.052,294.646,285.688,286.501,71456700,20472416006.7
2023-03-10,QQQ,286.667,288.155,281.332,282.478,98593600,27850522940.8
2023-03-13,QQQ,280.696,288.273,279.188,284.573,97123600,27638754222.8
2023-03-14,QQQ,288.116,291.66,287.274,291.112,73602500,21426570980.0
2023-03-15,QQQ,288.508,292.972,287.069,292.639,83631500,24473838528.5
2023-03-16,QQQ,291.729,300.715,290.936,300.353,98198100,29494093929.3
2023-03-17,QQQ,300.265,302.644,296.986,298.934,89923700,26881251335.8
2023-03-20,QQQ,298.318,300.318,296.112,299.995,56359500,16907568202.5
2023-03-21,QQQ,301.926,304.73,300.416,304.279,49757000,15140010203.0
2023-03-22,QQQ,304.211,309.093,299.975,300.142,75791900,22748332449.8
2023-03-23,QQQ,303.868,308.015,301.014,303.701,74576000,22648805776.0
2023-03-24,QQQ,303.279,304.917,300.956,304.819,57195200,17434183668.8
2023-03-27,QQQ,305.515,306.593,301.877,302.73,50287400,15223504602.0
2023-03-28,QQQ,302.152,302.181,298.818,301.122,48585900,14630283379.8
2023-03-29,QQQ,304.809,307.231,303.995,306.613,53274300,16334592945.9
2023-03-30,QQQ,309.084,310.143,306.701,309.515,58354800,18061685922.0
2023-03-31,QQQ,309.741,314.898,309.437,314.663,62138100,19552560960.3
2023-04-03,QQQ,312.545,314.162,311.221,313.898,47126800,14793008266.4
2023-04-04,QQQ,314.339,315.349,311.623,312.839,45875400,14351614260.6
2023-04-05,QQQ,311.888,312.829,307.936,309.75,62795700,19450968075.0
2023-04-06,QQQ,308.103,312.329,306.711,311.839,46916500,14630394443.5
2023-04-10,QQQ,308.917,311.711,307.132,311.662,45134700,14066770871.4
2023-04-11,QQQ,311.623,311.682,309.152,309.662,40113600,12421657603.2
2023-04-12,QQQ,311.613,312.202,306.466,306.927,62813300,19279097729.1
2023-04-13,QQQ,308.682,313.407,307.505,312.937,54613800,17090678730.6
2023-04-14,QQQ,311.388,314.104,309.446,312.349,56278300,17578470726.7
2023-04-17,QQQ,311.937,312.966,309.868,312.613,43007000,13444547291.0
2023-04-18,QQQ,314.721,315.143,311.437,312.633,46746900,14614623587.7
2023-04-19,QQQ,310.231,313.545,310.103,312.486,38960100,12174485808.6
2023-04-20,QQQ,309.525,313.035,308.819,310.103,62462100,19369684596.3
2023-04-21,QQQ,309.741,311.201,307.966,310.427,59002300,18315906982.1
2023-04-24,QQQ,310.201,311.535,307.613,309.78,44043100,13643671518.0
2023-04-25,QQQ,308.152,308.819,303.838,303.936,57121600,17361310617.6
2023-04-26,QQQ,307.319,308.79,305.26,305.779,55400500,16940309489.5
2023-04-27,QQQ,309.535,314.594,308.897,314.094,65430400,20551296057.6
2023-04-28,QQQ,313.859,316.349,312.731,316.261,59712600,18884766588.6
2023-05-01,QQQ,315.8,317.31,314.819,315.898,41013400,12956051033.2
2023-05-02,QQQ,315.829,316.153,311.407,313.143,56519400,17698654474.2
2023-05-03,QQQ,313.506,316.172,310.986,311.094,59882100,18628962017.4
2023-05-04,QQQ,310.868,312.015,308.966,309.996,50224500,15569394102.0
2023-05-05,QQQ,312.251,317.437,310.035,316.584,51806100,16400982362.4
2023-05-08,QQQ,316.123,317.712,315.045,317.369,36465800,11573114480.2
2023-05-09,QQQ,315.712,316.574,315.045,315.359,31768800,10018576999.2
2023-05-10,QQQ,317.79,319.643,315.319,318.79,60446600,19269771614.0
2023-05-11,QQQ,319.339,320.369,317.79,319.83,44278500,14161592655.0
2023-05-12,QQQ,320.359,320.781,316.633,318.682,48432800,15434661569.6
2023-05-15,QQQ,319.153,320.643,317.633,320.408,33375600,10693809244.8
2023-05-16,QQQ,319.692,322.477,319.653,320.771,40019200,12836998803.2
2023-05-17,QQQ,321.83,325.232,320.653,324.654,47486100,15416552309.4
2023-05-18,QQQ,325.046,330.899,325.026,330.683,64213500,21234312820.5
2023-05-19,QQQ,330.899,331.605,328.879,329.938,61554900,20309300596.2
2023-05-22,QQQ,329.683,332.056,329.673,331.046,43015900,14240241631.4
2023-05-23,QQQ,329.33,330.477,326.497,326.85,48216700,15759628395.0
2023-05-24,QQQ,324.899,326.409,323.124,325.173,62891200,20450520177.6
2023-05-25,QQQ,332.517,334.35,330.095,333.086,66862800,22271062600.8
2023-05-26,QQQ,334.105,342.429,334.007,341.596,63007000,21522939172.0
2023-05-30,QQQ,345.822,347.018,341.724,343.145,72652200,24930239169.0
2023-05-31,QQQ,341.567,343.753,339.743,341.194,65105400,22213571847.6
2023-06-01,QQQ,340.939,346.459,339.89,345.135,50488600,17425382961.0
2023-06-02,QQQ,346.891,348.881,345.136,347.724,53372100,18558760100.4
2023-06-05,QQQ,347.508,350.518,346.94,347.969,47266200,16447172347.8
2023-06-06,QQQ,347.361,348.871,346.038,347.91,41390400,14400134064.0
2023-06-07,QQQ,348.195,350.146,341.38,342.008,69225900,23675811607.2
2023-06-08,QQQ,342.302,346.714,342.077,346.253,47153900,16327179336.7
2023-06-09,QQQ,347.704,350.675,346.136,347.577,53196900,18490018911.3
2023-06-12,QQQ,349.234,353.548,348.263,353.45,44606500,15766167425.0
2023-06-13,QQQ,356.195,356.999,352.999,356.166,57097800,20336295034.8
2023-06-14,QQQ,356.176,359.039,353.381,358.754,69525600,24942587102.4
2023-06-15,QQQ,357.489,364.51,356.872,363.029,71138800,25825447425.2
2023-06-16,QQQ,365.441,365.569,360.303,360.745,80932000,29195814340.0
2023-06-20,QQQ,359.296,361.622,357.273,360.228,49204700,17724910671.6
2023-06-21,QQQ,359.089,359.521,354.396,355.319,53378300,18966324177.7
2023-06-22,QQQ,354.072,359.669,353.67,359.512,47603000,17113849736.0
2023-06-23,QQQ,355.623,358.245,354.259,355.948,48922900,17414008409.2
2023-06-26,QQQ,355.417,358.206,351.087,351.176,52685500,18501883148.0
2023-06-27,QQQ,352.717,357.941,351.991,357.214,49428100,17656409313.4
2023-06-28,QQQ,355.398,359.855,355.319,357.911,46498000,16642145678.0
2023-06-29,QQQ,357.617,358.255,355.555,357.194,46151000,16484860294.0
2023-06-30,QQQ,360.866,363.753,360.552,362.702,58712500,21295141175.0
2023-07-03,QQQ,363.341,364.185,362.261,363.557,19432900,7064966825.3
2023-07-05,QQQ,361.995,365.245,361.956,363.547,34460900,12528156812.3
2023-07-06,QQQ,359.845,361.22,357.891,360.778,49374700,17813305516.6
2023-07-07,QQQ,360.552,363.743,359.354,359.58,47133700,16948335846.0
2023-07-10,QQQ,359.305,360.375,356.802,359.698,48498800,17444921362.4
2023-07-11,QQQ,360.12,361.927,357.99,361.475,38214100,13813441797.5
2023-07-12,QQQ,365.569,367.386,363.566,366.041,61975400,22685537391.4
2023-07-13,QQQ,369.212,373.08,368.633,372.255,46960000,17481094800.0
2023-07-14,QQQ,372.687,375.898,371.303,372.177,55148500,20525003284.5
2023-07-17,QQQ,372.894,376.526,372.413,375.653,40868900,15352524891.7
2023-07-18,QQQ,375.014,380.09,373.09,378.726,55262000,20929156212.0
2023-07-19,QQQ,379.786,380.925,377.312,378.637,54093000,20481611241.0
2023-07-20,QQQ,375.653,377.115,368.888,369.909,71941700,26611882305.3
2023-07-21,QQQ,372.285,373.011,368.367,368.799,60499600,22312191980.4
2023-07-24,QQQ,369.771,370.714,367.533,369.389,40380100,14915964758.9
2023-07-25,QQQ,370.095,373.551,370.076,371.892,38894400,14464516204.8
2023-07-26,QQQ,370.851,372.344,368.358,370.655,47075700,17448843583.5
2023-07-27,QQQ,376.104,377.714,368.485,369.771,63940200,23643231694.2
2023-07-28,QQQ,373.817,377.528,373.306,376.507,56902900,21424340170.3
2023-07-31,QQQ,376.811,377.881,375.387,376.703,44019900,16582428389.7
2023-08-01,QQQ,375.358,376.585,373.767,375.829,41060600,15431764237.4
2023-08-02,QQQ,372.364,372.364,366.345,367.582,72687100,26718469592.2
2023-08-03,QQQ,365.177,369.114,365.01,366.993,47666400,17493235135.2
2023-08-04,QQQ,368.917,371.225,364.774,365.275,61702800,22538490270.0
2023-08-07,QQQ,367.081,368.466,364.754,368.367,37230400,13714450756.8
2023-08-08,QQQ,365.864,365.883,362.113,365.235,44726500,16335683227.5
2023-08-09,QQQ,365.52,365.677,360.464,361.22,51150900,18476728098.0
2023-08-10,QQQ,364.224,367.553,360.366,361.888,72035300,26068710646.4
2023-08-11,QQQ,359.335,361.308,358.058,359.58,48707200,17514134976.0
2023-08-14,QQQ,358.785,363.733,358.068,363.616,42130800,15319432972.8
2023-08-15,QQQ,362.643,363.439,359.089,359.757,45539900,16383297804.3
2023-08-16,QQQ,359.217,360.749,355.849,355.948,53190500,18933052094.0
2023-08-17,QQQ,357.342,357.685,351.647,352.06,62604300,22040469858.0
2023-08-18,QQQ,348.8,352.874,348.26,351.618,61191400,21515997685.2
2023-08-21,QQQ,353.081,357.96,352.619,357.283,50696500,18112997609.5
2023-08-22,QQQ,359.884,359.894,356.085,356.772,44530200,15887128514.4
2023-08-23,QQQ,357.95,363.488,357.734,362.398,51770600,18761561898.8
2023-08-24,QQQ,365.864,365.962,354.445,354.651,66842500,23705759467.5
2023-08-25,QQQ,355.486,359.089,352.059,357.401,69960500,25003952660.5
2023-08-28,QQQ,360.317,361.024,357.626,360.091,40910000,14731322810.0
2023-08-29,QQQ,359.894,368.309,359.57,367.955,58492400,21522571042.0
2023-08-30,QQQ,368.063,370.586,367.062,370.007,41731500,15440947120.5
2023-08-31,QQQ,370.086,372.815,370.017,371.117,35730700,13260270191.9
2023-09-01,QQQ,373.483,373.905,369.241,370.724,39801200,14755260068.8
2023-09-05,QQQ,369.919,372.413,368.996,371.195,32344200,12006005319.0
2023-09-06,QQQ,370.419,370.763,365.923,367.926,42998700,15820339696.2
2023-09-07,QQQ,363.478,366.07,362.437,365.294,52060700,19017461345.8
2023-09-08,QQQ,365.245,368.034,364.843,365.805,35800100,13095855580.5
2023-09-11,QQQ,368.829,370.626,366.865,370.115,39936600,14781134709.0
2023-09-12,QQQ,368.446,370.095,365.726,366.011,41391000,15149561301.0
2023-09-13,QQQ,366.247,369.006,365.118,367.405,46300700,17011108683.5
2023-09-14,QQQ,369.153,371.391,367.091,370.41,48039400,17794274154.0
2023-09-15,QQQ,369.074,369.477,363.134,364.067,69811200,25415954150.4
2023-09-18,QQQ,363.129,365.558,362.844,364.447,36903500,13449369864.5
2023-09-19,QQQ,363.129,364.466,360.651,363.67,37621700,13681883639.0
2023-09-20,QQQ,364.732,365.086,358.351,358.429,45514200,16313609191.8
2023-09-21,QQQ,354.752,355.539,351.694,351.861,69734800,24536956462.8
2023-09-22,QQQ,353.602,355.735,351.596,351.91,51589700,18154931327.0
2023-09-25,QQQ,350.947,353.67,349.964,353.582,39168000,13849099776.0
2023-09-26,QQQ,351.006,351.547,347.289,348.272,53657700,18687474494.4
2023-09-27,QQQ,349.423,350.996,345.47,349.088,56066000,19571967808.0
2023-09-28,QQQ,348.174,354.133,347.319,352.009,56453300,19872069679.7
2023-09-29,QQQ,355.479,356.866,351.035,352.264,64829600,22837134214.4
2023-10-02,QQQ,352.53,356.6,351.92,355.204,51625100,18337442020.4
2023-10-03,QQQ,352.766,354.958,347.358,348.971,60478500,21105242623.5
2023-10-04,QQQ,349.806,354.565,349.344,353.72,54786700,19379151524.0
2023-10-05,QQQ,353.71,354.113,349.187,352.677,45897400,16186957339.8
2023-10-06,QQQ,349.688,359.776,348.902,358.587,75049100,26911631621.7
2023-10-09,QQQ,356.227,360.956,354.732,360.415,45304800,16328529492.0
2023-10-10,QQQ,360.75,365.056,360.248,362.411,46968800,17022009776.8
2023-10-11,QQQ,363.739,365.184,362.018,364.997,38215100,13948396854.7
2023-10-12,QQQ,365.499,367.475,361.34,363.729,49587900,18036557279.1
2023-10-13,QQQ,364.358,364.938,357.761,359.157,52469900,18844931874.3
2023-10-16,QQQ,360.474,364.27,360.327,363.218,44201100,16054635139.8
2023-10-17,QQQ,359.678,363.719,357.564,362.028,50999100,18463102174.8
2023-10-18,QQQ,359.54,361.743,355.952,357.279,54280500,19393282759.5
2023-10-19,QQQ,358.695,359.884,353.139,353.936,72274200,25580441251.2
2023-10-20,QQQ,353.434,354.005,348.43,348.656,72559700,25298374763.2
2023-10-23,QQQ,347.338,353.238,345.234,349.708,60665200,21215105761.6
2023-10-24,QQQ,351.517,353.877,349.826,353.11,47082100,16625160331.0
2023-10-25,QQQ,350.721,350.898,343.887,344.467,71190500,24522777963.5
2023-10-26,QQQ,343.268,344.202,336.611,337.899,78621400,26566092438.6
2023-10-27,QQQ,340.623,342.992,338.312,339.522,63476700,21551736137.4
2023-10-30,QQQ,341.999,344.664,340.642,343.346,55298500,18986518781.0
2023-10-31,QQQ,343.376,345.362,340.81,344.988,47671900,16446233437.2
2023-11-01,QQQ,345.824,351.537,345.726,350.976,58992700,20705021875.2
2023-11-02,QQQ,355.48,357.584,354.26,357.348,58162400,20784217315.2
2023-11-03,QQQ,358.636,362.834,358.41,361.546,53280500,19263351653.0
2023-11-06,QQQ,362.313,363.581,360.759,363.021,38848700,14102893922.7
2023-11-07,QQQ,364.063,367.318,362.864,366.452,50777400,18607479784.8
2023-11-08,QQQ,366.826,367.524,364.407,366.688,35663400,13077340819.2
2023-11-09,QQQ,367.377,368.517,363.375,363.867,53859400,19597658299.8
2023-11-10,QQQ,365.587,372.195,365.056,372.047,58309800,21693986160.6
2023-11-13,QQQ,370.474,371.939,368.95,370.887,40733500,15107525614.5
2023-11-14,QQQ,377.278,379.785,376.757,378.871,67792600,25684650154.6
2023-11-15,QQQ,380.759,381.25,377.799,379.156,54141400,20528036658.4
2023-11-16,QQQ,378.389,379.716,377.13,379.48,45343500,17206951380.0
2023-11-17,QQQ,378.753,380.582,377.848,379.569,46571900,17677249511.1
2023-11-20,QQQ,379.579,384.849,379.579,384.19,44429600,17069408024.0
2023-11-21,QQQ,382.489,382.705,380.218,381.958,43337000,16552913846.0
2023-11-22,QQQ,384.023,386.481,382.519,383.521,44121000,16921330041.0
2023-11-24,QQQ,383.118,383.708,381.988,382.981,15718800,6020001742.8
2023-11-27,QQQ,382.489,384.593,381.771,382.646,34139700,13063419646.2
2023-11-28,QQQ,381.899,384.229,381.545,383.649,35491100,13616125023.9
2023-11-29,QQQ,386.107,387.533,382.931,383.276,38811700,14875593129.2
2023-11-30,QQQ,383.541,384.003,379.352,382.312,52834400,20199225132.8
2023-12-01,QQQ,381.25,383.993,379.598,383.403,40490100,15524025810.3
2023-12-04,QQQ,379.618,380.119,376.245,379.844,51186900,19443036843.6
2023-12-05,QQQ,377.946,381.988,377.769,380.798,42933000,16348800534.0
2023-12-06,QQQ,383.728,383.826,378.251,378.595,41994100,15898756289.5
2023-12-07,QQQ,381.565,384.711,380.473,383.885,49593500,19038200747.5
2023-12-08,QQQ,382.155,386.039,381.968,385.596,46687500,18002513250.0
2023-12-11,QQQ,385.173,389.155,384.967,388.89,41198000,16021490220.0
2023-12-12,QQQ,388.929,392.105,387.799,391.987,39221200,15374200524.4
2023-12-13,QQQ,392.921,397.582,392.154,396.972,55408100,21995464273.2
2023-12-14,QQQ,398.191,399.489,393.629,396.628,55447800,21992150018.4
2023-12-15,QQQ,397.405,399.725,396.805,398.545,62896600,25067125447.0
2023-12-18,QQQ,398.937,401.952,398.612,401.056,46610000,18693220160.0
2023-12-19,QQQ,401.509,403.223,401.322,403.105,35711900,14395645449.5
2023-12-20,QQQ,402.307,404.395,396.938,397.115,54042400,21461047676.0
2023-12-21,QQQ,401.036,402.1,398.484,401.735,45568900,18306622041.5
2023-12-22,QQQ,402.947,403.903,400.465,402.336,34314000,13805757504.0
2023-12-26,QQQ,403.194,405.469,403.095,404.799,22722500,9198045277.5
2023-12-27,QQQ,405.081,405.909,404.224,405.623,31980500,12972026351.5
2023-12-28,QQQ,406.777,407.023,405.071,405.426,27029200,10958340439.2
2023-12-29,QQQ,405.407,405.761,401.759,403.672,42662100,17221495231.2
2024-01-02,QQQ,400.044,400.291,394.524,396.841,58026900,23027453022.9
2024-01-03,QQQ,394.219,395.273,392.208,392.641,47002800,18455226394.8
2024-01-04,QQQ,390.779,393.884,390.404,390.621,39432800,15403279768.8
2024-01-05,QQQ,390.788,393.854,389.694,391.084,44922800,17568588315.2
2024-01-08,QQQ,392.306,399.453,392.158,399.167,42473800,16954139324.6
2024-01-09,QQQ,396.17,400.882,395.973,399.956,39132900,15651438152.4
2024-01-10,QQQ,400.271,403.672,399.384,402.666,33962800,13675664824.8
2024-01-11,QQQ,403.938,405.328,398.467,403.504,54536200,22005574844.8
2024-01-12,QQQ,404.539,405.377,402.321,403.711,39595000,15984937045.0
2024-01-16,QQQ,402.479,405.249,401.02,403.672,43903000,17722411816.0
2024-01-17,QQQ,400.37,401.769,397.166,401.395,54386000,21830268470.0
2024-01-18,QQQ,404.657,407.674,403.317,407.092,59562500,24247417250.0
2024-01-19,QQQ,409.29,415.323,408.709,415.165,70325100,29196520141.5
2024-01-22,QQQ,417.363,418.665,415.106,415.707,44880600,18657179584.2
2024-01-23,QQQ,416.397,417.649,414.564,417.432,33003800,13776842241.6
2024-01-24,QQQ,421.336,423.711,419.256,419.749,46948000,19706376052.0
2024-01-25,QQQ,422.243,422.913,417.925,420.261,44367200,18645803839.2
2024-01-26,QQQ,418.379,420.123,417.107,417.758,37137000,15514278846.0
2024-01-29,QQQ,418.211,422.233,417.56,422.036,38694700,16330556409.2
2024-01-30,QQQ,421.001,421.572,418.32,419.226,36739000,15401944014.0
2024-01-31,QQQ,414.84,416.831,410.838,411.015,64010600,26309316759.0
2024-02-01,QQQ,412.809,416.348,411.843,415.855,51008600,21212181353.0
2024-02-02,QQQ,417.748,424.096,416.752,422.883,59602400,25204841719.2
2024-02-05,QQQ,422.943,423.475,418.931,422.331,39889200,16846445725.2
2024-02-06,QQQ,423.475,424.076,419.147,421.484,35846100,15108557612.4
2024-02-07,QQQ,424.263,426.649,422.962,425.821,37712700,16058859626.7
2024-02-08,QQQ,425.939,427.368,425.259,426.609,29889900,12751300349.1
2024-02-09,QQQ,427.743,431.597,426.954,430.809,36943900,15915764615.1
2024-02-12,QQQ,430.7,432.869,428.443,429.123,33203300,14248299705.9
2024-02-13,QQQ,421.178,425.111,419.256,422.43,64491700,27243228831.0
2024-02-14,QQQ,425.101,427.457,422.755,427.033,45092700,19256070959.1
2024-02-15,QQQ,427.723,428.768,425.17,428.305,38796100,16616563610.5
2024-02-16,QQQ,428.679,428.778,423.711,424.421,53716500,22798410646.5
2024-02-20,QQQ,422.43,423.938,417.452,421.217,53999500,22745507391.5
2024-02-21,QQQ,418.487,419.621,415.609,419.532,49779000,20883883428.0
2024-02-22,QQQ,428.285,432.849,427.516,431.814,53887800,23269506469.2
2024-02-23,QQQ,433.371,434.298,429.567,430.542,39853900,17158777813.8
2024-02-26,QQQ,431.351,432.336,430.128,430.316,33043200,14219017651.2
2024-02-27,QQQ,431.42,431.735,428.817,431.351,33713200,14542222533.2
2024-02-28,QQQ,429.212,430.434,428.098,429.054,32938800,14132523895.2
2024-02-29,QQQ,431.972,433.805,428.808,432.731,42495200,18388990391.2
2024-03-01,QQQ,433.618,440.202,433.559,439.246,43853000,19262254838.0
2024-03-04,QQQ,439.246,439.67,437.433,437.679,34325700,15023638050.3
2024-03-05,QQQ,434.643,434.653,427.457,429.823,57917100,24894101673.3
2024-03-06,QQQ,434.032,435.678,430.651,432.524,46234500,19997530878.0
2024-03-07,QQQ,436.102,440.34,434.564,439.089,44526700,19551184176.3
2024-03-08,QQQ,439.443,442.233,432.08,432.75,72096000,31199544000.0
2024-03-11,QQQ,431.262,432.396,429.222,431.144,45860000,19772263840.0
2024-03-12,QQQ,433.45,437.679,430.227,437.324,55300900,24184410791.6
2024-03-13,QQQ,436.329,436.348,432.849,433.963,37928700,16459652438.1
2024-03-14,QQQ,435.195,435.717,430.158,432.869,52195200,22593684028.8
2024-03-15,QQQ,429.843,432.603,426.56,427.723,73069800,31253634065.4
2024-03-18,QQQ,433.036,435.316,431.566,431.803,47323800,20434558811.4
2024-03-19,QQQ,429.799,433.283,427.706,432.878,43004100,18615528799.8
2024-03-20,QQQ,434.073,438.347,432.375,438.011,43653500,19120713188.5
2024-03-21,QQQ,443.055,443.509,439.886,440.084,39345700,17315413038.8
2024-03-22,QQQ,439.571,441.683,438.722,440.587,28253900,12448301039.3
2024-03-25,QQQ,437.794,440.469,436.797,438.988,27789200,12199125329.6
2024-03-26,QQQ,440.508,441.426,437.34,437.567,34142000,14939412514.0
2024-03-27,QQQ,440.646,440.745,436.195,439.057,41359200,18159046274.4
2024-03-28,QQQ,439.008,439.857,437.893,438.248,36839600,16144881020.8
2024-04-01,QQQ,439.195,441.722,437.271,439.176,38729000,17008847304.0
2024-04-02,QQQ,434.369,435.701,432.346,435.386,44259700,19270053744.2
2024-04-03,QQQ,433.263,438.238,433.254,436.363,39949800,17432614577.4
2024-04-04,QQQ,440.538,441.15,429.463,429.69,57267700,24607358013.0
2024-04-05,QQQ,431.112,437.419,430.302,434.754,54744600,23800433828.4
2024-04-08,QQQ,435.682,436.758,433.5,434.882,28144900,12239710401.8
2024-04-09,QQQ,437.211,437.488,431.763,436.491,39443600,17216776407.6
2024-04-10,QQQ,431.329,433.54,430.618,432.681,61502200,26610833398.2
2024-04-11,QQQ,434.547,440.538,432.276,439.59,45474600,19990179414.0
2024-04-12,QQQ,435.376,436.501,431.21,432.582,53665000,23214513030.0
2024-04-15,QQQ,436.323,436.412,424.627,425.466,63453600,26997349377.6
2024-04-16,QQQ,425.308,428.131,424.124,425.505,47619000,20262122595.0
2024-04-17,QQQ,427.479,427.499,419.386,420.314,56880500,23907670477.0
2024-04-18,QQQ,420.955,422.683,417.343,417.915,46549400,19453692501.0
2024-04-19,QQQ,416.741,417.264,407.709,409.269,75231000,30789716139.0
2024-04-22,QQQ,411.894,415.714,408.568,413.385,47807700,19762986064.5
2024-04-23,QQQ,415.309,420.748,413.434,419.554,44384700,18621778423.8
2024-04-24,QQQ,422.643,424.153,418.695,420.975,48440300,20392155292.5
2024-04-25,QQQ,413.799,419.8,412.714,418.942,57392200,24044003052.4
2024-04-26,QQQ,422.071,426.937,421.38,425.407,41874900,17813875584.3
2024-04-29,QQQ,427.509,428.131,424.4,427.134,30022200,12823502374.8
2024-04-30,QQQ,425.555,426.947,419.001,419.08,43665900,18299505372.0
2024-05-01,QQQ,417.659,424.558,415.201,416.05,52251700,21739319785.0
2024-05-02,QQQ,419.781,422.258,415.171,421.36,36559000,15404500240.0
2024-05-03,QQQ,428.802,430.816,427.006,429.829,48515300,20853282883.7
2024-05-06,QQQ,431.625,434.626,430.855,434.537,30227200,13134836806.4
2024-05-07,QQQ,434.981,436.234,433.875,434.606,30996100,13471091036.6
2024-05-08,QQQ,431.99,435.751,431.872,434.349,24896700,10813856748.3
2024-05-09,QQQ,434.616,435.869,432.77,435.297,24580100,10699643789.7
2024-05-10,QQQ,436.797,438.544,434.783,436.323,27116600,11831596261.8
2024-05-13,QQQ,438.228,438.327,435.919,437.33,22994200,10056053486.0
2024-05-14,QQQ,436.906,440.676,436.718,440.143,34478300,15175382396.9
2024-05-15,QQQ,442.61,447.269,441.1,447.022,41464700,18535633123.4
2024-05-16,QQQ,446.835,448.789,445.947,446.114,34780400,15516023365.6
2024-05-17,QQQ,446.243,446.845,443.706,445.897,35803700,15964762418.9
2024-05-20,QQQ,446.114,449.668,445.927,449.006,24474200,10989062645.2
2024-05-21,QQQ,447.161,450.072,446.963,449.885,23167700,10422800714.5
2024-05-22,QQQ,450.141,450.892,447.2,449.796,25120000,11298875520.0
2024-05-23,QQQ,454.573,454.603,445.986,447.773,40899200,18313557481.6
2024-05-24,QQQ,449.382,453.27,447.684,452.007,29669500,13410821686.5
2024-05-28,QQQ,453.221,453.774,450.763,453.715,26216800,11894955412.0
2024-05-29,QQQ,449.569,452.293,449.431,450.517,29739200,13398015166.4
2024-05-30,QQQ,449.589,449.727,444.367,445.69,30536800,13609946392.0
2024-05-31,QQQ,445.917,446.608,437.31,444.861,55941300,24886102659.3
2024-06-03,QQQ,448.671,449.668,442.087,447.25,32997500,14758131875.0
2024-06-04,QQQ,446.993,449.668,445.275,448.473,23767400,10659037180.2
2024-06-05,QQQ,452.037,457.594,448.513,457.515,33817400,15471967761.0
2024-06-06,QQQ,458.196,458.511,456.192,457.357,21966800,10046669747.6
2024-06-07,QQQ,456.991,459.696,455.847,456.952,25829700,11802933074.4
2024-06-10,QQQ,455.827,459.153,455.541,458.798,20660800,9479133718.4
2024-06-11,QQQ,457.524,462.065,456.034,461.946,22053300,10187433721.8
2024-06-12,QQQ,465.865,470.316,465.174,467.997,34532600,16161153202.2
2024-06-13,QQQ,471.52,472.182,468.263,470.533,25859000,12167512847.0
2024-06-14,QQQ,470.336,473.04,469.872,472.971,23372600,11054561994.6
2024-06-17,QQQ,473.238,480.542,471.935,478.765,37054500,17740397692.5
2024-06-18,QQQ,478.716,479.594,477.156,478.913,24438600,11703963241.8
2024-06-20,QQQ,480.108,480.522,473.396,475.222,33918700,16118912451.4
2024-06-21,QQQ,474.945,476.278,472.458,473.949,37456800,17752612903.2
2024-06-24,QQQ,472.725,474.455,468.414,468.553,37751000,17688344303.0
2024-06-25,QQQ,470.639,474.207,469.7,473.911,29014700,13750385491.7
2024-06-26,QQQ,473.09,475.433,472.675,474.89,22737100,10797621419.0
2024-06-27,QQQ,474.642,477.588,473.832,476.115,26222100,12484735141.5
2024-06-28,QQQ,476.906,481.642,473.001,473.644,34881600,16521460550.4
2024-07-01,QQQ,474.563,476.985,470.827,476.422,24898300,11862097882.6
2024-07-02,QQQ,474.929,481.484,474.801,481.424,26723600,12865382406.4
2024-07-03,QQQ,480.673,485.566,480.673,485.438,18064900,8769388926.2
2024-07-05,QQQ,486.278,490.935,485.982,490.5,28495900,13977238950.0
2024-07-08,QQQ,490.865,492.22,489.847,491.666,22109400,10870440260.4
2024-07-09,QQQ,493.179,494.296,490.579,492.091,25614500,12604664919.5
2024-07-10,QQQ,494.009,497.776,492.704,497.222,28046900,13945535711.8
2024-07-11,QQQ,497.331,497.538,485.131,486.318,49966600,24299656978.8
2024-07-12,QQQ,486.891,493.92,486.426,489.175,37109400,18152990745.0
2024-07-15,QQQ,490.944,495.294,488.453,490.49,31151400,15279450186.0
2024-07-16,QQQ,491.943,492.753,487.524,490.677,25950600,12733362556.2
2024-07-17,QQQ,482.709,483.223,476.204,476.274,56268800,26799366451.2
2024-07-18,QQQ,479.991,480.169,470.836,474.02,49347400,23391654548.0
2024-07-19,QQQ,473.684,476.195,468.533,469.818,42042900,19752511192.2
2024-07-22,QQQ,475.671,477.836,472.26,476.817,40300000,19215725100.0
2024-07-23,QQQ,475.918,478.903,474.662,475.137,23282500,11062377202.5
2024-07-24,QQQ,468.414,468.78,457.233,458.093,58818600,26944388929.8
2024-07-25,QQQ,458.43,462.601,450.432,453.042,59256800,26845819185.6
2024-07-26,QQQ,457.372,460.614,454.525,457.688,39992100,18303904264.8
2024-07-29,QQQ,460.397,462.572,456.354,458.608,28218500,12941229848.0
2024-07-30,QQQ,460.535,461.237,448.969,452.31,41317200,18688182732.0
2024-07-31,QQQ,462.532,467.396,461.089,465.696,44552100,20747734761.6
2024-08-01,QQQ,466.378,470.125,450.778,454.416,56653900,25744438622.4
2024-08-02,QQQ,445.746,448.395,439.399,443.63,66323200,29422961216.0
2024-08-05,QQQ,419.865,437.244,418.619,430.403,87483500,37653160850.5
2024-08-06,QQQ,432.242,441.97,429.602,434.516,63164400,27445942430.4
2024-08-07,QQQ,441.396,443.878,429.414,429.81,54929200,23609119452.0
2024-08-08,QQQ,436.028,443.868,432.163,442.958,47890100,21213302915.8
2024-08-09,QQQ,441.643,446.903,440.526,445.271,33574000,14949528554.0
2024-08-12,QQQ,446.24,449.186,443.433,446.23,27795000,12402962850.0
2024-08-13,QQQ,450.62,457.57,450.481,457.303,40084500,18330762103.5
2024-08-14,QQQ,458.222,459.804,453.17,457.451,34733700,15888965798.7
2024-08-15,QQQ,463.412,469.403,463.036,469.008,38280600,17953907644.8
2024-08-16,QQQ,467.228,470.975,466.269,469.611,38383600,18025360779.6
2024-08-19,QQQ,469.749,475.819,467.969,475.779,23737700,11293899168.3
2024-08-20,QQQ,474.87,477.43,473.09,474.781,29209300,13868020663.3
2024-08-21,QQQ,475.562,478.844,473.852,476.995,25658800,12239119306.0
2024-08-22,QQQ,479.309,480.001,468.404,469.433,37739600,17716213646.8
2024-08-23,QQQ,473.773,477.233,469.858,474.524,36061500,17112047226.0
2024-08-26,QQQ,473.98,474.9,467.841,469.917,27452600,12900443434.2
2024-08-27,QQQ,468.286,472.388,466.328,471.321,27510000,12966040710.0
2024-08-28,QQQ,470.856,471.578,462.552,465.973,37372400,17414529345.2
2024-08-29,QQQ,467.881,472.477,464.015,465.29,41081500,19114811135.0
2024-08-30,QQQ,469.62,471.459,465.142,470.836,33466500,15757232994.0
2024-09-03,QQQ,467.801,467.93,454.169,456.541,44985200,20537588193.2
2024-09-04,QQQ,453.437,459.151,452.508,455.355,32505100,14801359810.5
2024-09-05,QQQ,453.734,460.051,452.716,455.78,34452400,15702714872.0
2024-09-06,QQQ,455.078,455.958,443.077,443.571,50624400,22455515732.4
2024-09-09,QQQ,447.891,450.264,444.688,449.275,32981200,14817628630.0
2024-09-10,QQQ,451.035,453.931,447.071,453.427,29680300,13457849388.1
2024-09-11,QQQ,454.663,464.015,446.131,463.274,57843000,26797157982.0
2024-09-12,QQQ,463.303,468.632,461.524,467.821,40067800,18744558263.8
2024-09-13,QQQ,467.09,471.094,466.862,469.917,29111800,13680129720.6
2024-09-16,QQQ,467.792,468.454,464.529,467.841,22585600,10566469689.6
2024-09-17,QQQ,470.856,472.151,465.597,468.088,30084400,14082146627.2
2024-09-18,QQQ,469.284,473.367,465.458,466.062,39909200,18600161570.4
2024-09-19,QQQ,477.104,480.683,475.008,477.846,52782500,25221906495.0
2024-09-20,QQQ,476.985,478.172,472.843,476.936,34577700,16491349927.2
2024-09-23,QQQ,478.111,479.289,476.775,478.2,24843000,11879922600.0
2024-09-24,QQQ,479.606,481.457,475.359,480.507,25952600,12470405968.2
2024-09-25,QQQ,479.883,482.903,479.705,480.952,26549900,12769227504.8
2024-09-26,QQQ,488.427,488.753,480.933,484.566,32020200,15515900233.2
2024-09-27,QQQ,485.586,485.724,480.695,481.873,22851100,11011328110.3
2024-09-30,QQQ,480.913,483.516,478.081,483.18,30281100,14631221898.0
2024-10-01,QQQ,482.814,483.111,472.617,476.448,42735400,20361195859.2
2024-10-02,QQQ,475.547,479.032,472.934,477.121,23744000,11328761024.0
2024-10-03,QQQ,474.933,479.695,474.191,476.765,25337200,12079890158.0
2024-10-04,QQQ,482.566,482.992,477.557,482.437,30686600,14804351244.2
2024-10-07,QQQ,480.527,481.695,476.052,477.27,24975100,11919865977.0
2024-10-08,QQQ,479.804,485.081,479.002,484.397,28272000,13694871984.0
2024-10-09,QQQ,484.1,488.783,483.061,488.209,24995000,12202783955.0
2024-10-10,QQQ,485.932,489.516,484.625,487.655,25750400,12557311312.0
2024-10-11,QQQ,485.823,489.437,485.259,488.417,20644500,10083124756.5
2024-10-14,QQQ,490.803,493.832,490.298,492.515,26060100,12834990151.5
2024-10-15,QQQ,492.842,493.505,483.784,485.932,34784500,16902901654.0
2024-10-16,QQQ,486.259,486.764,482.685,485.991,22996800,11176237828.8
2024-10-17,QQQ,491.466,491.515,486.269,486.328,27210700,13233325309.6
2024-10-18,QQQ,489.11,490.605,488.357,489.516,25335000,12401887860.0
2024-10-21,QQQ,488.308,491.258,486.387,490.456,30336500,14878718444.0
2024-10-22,QQQ,487.793,492.466,487.041,490.991,26685800,13102487627.8
2024-10-23,QQQ,488.644,489.298,480.19,483.467,39346600,19022782662.2
2024-10-24,QQQ,487.179,488.06,484.536,487.387,22024900,10734649936.3
2024-10-25,QQQ,490.179,495.268,489.476,490.357,38762100,19007267069.7
2024-10-28,QQQ,493.466,493.525,490.139,490.436,20477800,10043050320.8
2024-10-29,QQQ,490.753,496.327,488.902,495.149,28014100,13871153600.9
2024-10-30,QQQ,494.386,495.337,490.922,491.407,29756000,14622306692.0
2024-10-31,QQQ,487.447,487.496,478.903,479.002,41245200,19756533290.4
2024-11-01,QQQ,480.636,485.833,480.339,482.546,33655800,16240471666.8
2024-11-04,QQQ,481.942,484.477,479.398,481.14,23291600,11206520424.0
2024-11-05,QQQ,482.724,487.942,482.635,487.278,24353600,11866973500.8
2024-11-06,QQQ,495.545,501.336,494.594,500.514,43082200,21563244250.8
2024-11-07,QQQ,503.306,509.177,503.247,508.395,32853100,16702351774.5
2024-11-08,QQQ,507.9,509.761,507.276,508.989,22924500,11668318330.5
2024-11-11,QQQ,510.206,510.414,505.801,508.692,24167500,12293813910.0
2024-11-12,QQQ,508.622,509.503,504.722,507.771,25835300,13118416116.3
2024-11-13,QQQ,507.266,509.82,504.841,507.118,24567400,12458570753.2
2024-11-14,QQQ,506.781,507.652,502.682,503.593,28679500,14442795443.5
2024-11-15,QQQ,497.901,498.287,489.535,491.595,51461100,25298019454.5
2024-11-18,QQQ,493.139,497.109,491.753,495.01,27080800,13405266808.0
2024-11-19,QQQ,492.436,498.901,492.1,498.416,24523000,12222655568.0
2024-11-20,QQQ,498.119,498.435,491.585,498.129,29565500,14727432949.5
2024-11-21,QQQ,501.168,501.881,492.575,499.92,34526700,17260587864.0
2024-11-22,QQQ,499.366,501.455,497.742,500.722,23826600,11930502805.2
2024-11-25,QQQ,504.791,506.326,499.208,501.514,26375200,13227532052.8
2024-11-26,QQQ,502.989,505.029,502.148,504.207,26557100,13390275719.7
2024-11-27,QQQ,503.078,503.148,496.901,500.237,24957400,12484614903.8
2024-11-29,QQQ,500.861,505.227,500.247,504.633,15334000,7738042422.0
2024-12-02,QQQ,505.89,511.087,505.504,510.127,25147200,12828265694.4
2024-12-03,QQQ,508.8,511.968,508.226,511.691,18597900,9516378048.9
2024-12-04,QQQ,515.107,518.275,514.394,518.017,26086200,13513095065.4
2024-12-05,QQQ,518.067,518.789,516.196,516.582,18169600,9386088307.2
2024-12-06,QQQ,517.245,521.443,517.116,521.205,23762600,12385185933.0
2024-12-09,QQQ,520.284,521.076,515.998,517.146,20674400,10691683262.4
2024-12-10,QQQ,518.374,520.116,513.958,515.384,24350000,12549600400.0
2024-12-11,QQQ,519.74,525.294,519.334,524.61,32168600,16875969246.0
2024-12-12,QQQ,522.393,523.66,520.75,521.225,23577500,12289182437.5
2024-12-13,QQQ,525.145,527.828,522.017,525.214,28780400,15115869005.6
2024-12-16,QQQ,527.739,533.748,527.66,532.778,31979900,17038187162.2
2024-12-17,QQQ,530.986,532.095,528.778,530.432,28579100,15159269171.2
2024-12-18,QQQ,529.788,531.501,509.85,511.295,54703200,27969472644.0
2024-12-19,QQQ,515.968,516.532,508.682,509.018,46441800,23639712152.4
2024-12-20,QQQ,505.326,519.562,504.187,513.463,60530000,31079915390.0
2024-12-23,QQQ,515.174,518.843,511.783,518.466,29672800,15384337924.8
2024-12-24,QQQ,520.409,525.585,519.775,525.496,17558200,9226763867.2
2024-12-26,QQQ,523.87,526.765,521.877,525.139,19090500,10025166079.5
2024-12-27,QQQ,521.579,522.016,513.498,518.158,33839600,17534259456.8
2024-12-30,QQQ,511.168,514.985,507.519,511.267,34584000,17681657928.0
2024-12-31,QQQ,512.546,513.3,505.962,506.924,29117000,14760106108.0
2025-01-02,QQQ,509.968,512.288,501.45,505.932,36389800,18410764293.6
2025-01-03,QQQ,509.026,515.273,508.213,514.212,29059500,14942743614.0
2025-01-06,QQQ,519.606,523.473,517.633,520.122,36109700,18781449383.4
2025-01-07,QQQ,521.163,521.56,508.957,510.841,36690300,18742909542.3
2025-01-08,QQQ,510.741,512.566,506.269,510.93,30777800,15725301354.0
2025-01-10,QQQ,507.172,507.271,499.675,502.918,40532500,20384523835.0
2025-01-13,QQQ,496.978,501.758,495.491,501.302,31694200,15888365848.4
2025-01-14,QQQ,504.455,505.863,497.365,500.826,33737200,16896466927.2
2025-01-15,QQQ,508.709,513.488,507.152,512.348,34957600,17910456444.8
2025-01-16,QQQ,514.609,514.688,508.629,508.758,28229000,14361729582.0
2025-01-17,QQQ,518.446,519.656,508.788,517.345,51837900,26818078375.5
2025-01-21,QQQ,520.062,521.54,515.68,520.38,23628000,12295538640.0
2025-01-22,QQQ,525.109,529.324,524.802,527.033,33593000,17704619569.0
2025-01-23,QQQ,524.584,528.273,523.999,528.154,23096600,12198561676.4
2025-01-24,QQQ,528.53,529.294,523.701,525.169,19878300,10439466932.7
2025-01-27,QQQ,506.696,513.627,505.853,509.879,60771700,30986213624.3
2025-01-28,QQQ,510.88,518.595,507.469,517.415,33194200,17175176993.0
2025-01-29,QQQ,518.059,518.188,512.546,516.443,26649000,13762689507.0
2025-01-30,QQQ,519.299,521.669,513.845,518.644,27431300,14227079157.2
2025-01-31,QQQ,522.482,527.043,516.8,517.891,38755200,20070969283.2
2025-02-03,QQQ,509.145,516.463,506.745,513.746,40580800,20848223676.8
2025-02-04,QQQ,514.262,520.687,513.865,520.052,26046800,13545690433.6
2025-02-05,QQQ,517.425,522.571,516.235,522.412,21134100,11040707449.2
2025-02-06,QQQ,522.918,525.347,521.312,525.139,19434500,10205813895.5
2025-02-07,QQQ,525.675,527.618,517.791,518.515,29605500,15350895832.5
2025-02-10,QQQ,522.779,525.893,522.313,524.792,20852800,10943382617.6
2025-02-11,QQQ,521.53,525.456,521.401,523.543,19325500,10117730246.5
2025-02-12,QQQ,517.901,524.733,517.554,523.85,25009400,13101174190.0
2025-02-13,QQQ,525.516,531.703,524.733,531.386,28714800,15258642712.8
2025-02-14,QQQ,531.495,534.301,531.158,533.617,17862600,9531787024.2
2025-02-18,QQQ,535.184,535.452,531.525,534.827,20565000,10998717255.0
2025-02-19,QQQ,534.034,536.255,531.941,534.976,19666900,10521319494.4
2025-02-20,QQQ,534.192,534.559,527.975,532.705,26550800,14143743914.0
2025-02-21,QQQ,533.845,533.865,521.282,521.649,47093800,24566433676.2
2025-02-24,QQQ,523.434,524.614,515.154,515.491,39268400,20242506784.4
2025-02-25,QQQ,514.866,514.946,505.149,508.996,48940000,24910264240.0
2025-02-26,QQQ,511.188,515.283,507.063,510.226,34457600,17581163417.6
2025-02-27,QQQ,513.766,514.698,495.838,496.056,52448000,26017145088.0
2025-02-28,QQQ,495.917,504.494,492.744,503.89,47654000,24012374060.0
2025-03-03,QQQ,507.211,508.719,489.423,492.863,44587200,21975381153.6
2025-03-04,QQQ,490.017,499.497,483.632,491.376,67875400,33352342550.4
2025-03-05,QQQ,492.02,499.388,487.122,497.782,46323700,23059104033.4
2025-03-06,QQQ,489.532,494.38,482.105,484.088,57574300,27871027738.4
2025-03-07,QQQ,483.057,489.125,476.483,487.648,54714700,26681514025.6
2025-03-10,QQQ,479.378,479.893,464.712,468.748,76668000,35937971664.0
2025-03-11,QQQ,468.371,474.777,463.076,467.628,68760800,32154475382.4
2025-03-12,QQQ,475.124,477.008,467.816,472.903,46971100,22212774103.3
2025-03-13,QQQ,472.239,472.268,462.501,464.395,46563300,21623763703.5
2025-03-14,QQQ,469.74,476.512,469.135,475.62,43563000,20719434060.0
2025-03-17,QQQ,475.57,481.748,473.775,478.704,41744400,19983211257.6
2025-03-18,QQQ,475.372,475.57,468.431,470.543,39072300,18385197258.9
2025-03-19,QQQ,472.794,481.242,470.87,476.839,40430300,19278743821.7
2025-03-20,QQQ,472.863,480.469,472.169,475.223,36780500,17478939551.5
2025-03-21,QQQ,470.087,477.553,468.927,476.79,42234900,20137177971.0
2025-03-24,QQQ,484.353,488.097,481.036,487.253,34567200,16842971901.6
2025-03-25,QQQ,487.978,490.192,487.014,490.033,26035200,12758107161.6
2025-03-26,QQQ,488.881,489.735,479.467,481.016,34627100,16656189133.6
2025-03-27,QQQ,479.06,483.201,476.915,478.275,33469800,16007768595.0
2025-03-28,QQQ,476.478,477.183,464.8,465.684,46363800,21590879839.2
2025-03-31,QQQ,458.712,466.597,454.154,465.664,53000300,24680331699.2
2025-04-01,QQQ,464.055,470.341,461.195,469.417,41156200,19319419935.4
2025-04-02,QQQ,462.883,476.23,462.625,472.843,49894500,23592265063.5
2025-04-03,QQQ,453.27,456.875,447.014,447.53,70456300,31531307939.0
2025-04-04,QQQ,435.097,437.312,419.735,419.735,117088400,49146099574.0
2025-04-07,QQQ,405.822,440.063,399.596,420.748,161557000,67974784636.0
2025-04-08,QQQ,435.117,440.063,406.944,413.171,101248100,41832778725.1
2025-04-09,QQQ,412.684,464.581,412.545,462.764,142876900,66118285751.6
2025-04-10,QQQ,450.41,452.426,429.626,443.082,108384100,48023043796.2
2025-04-11,QQQ,441.562,452.625,438.265,451.245,52483800,23683052331.0
2025-04-14,QQQ,461.235,461.821,449.487,454.303,43941200,19962618983.6
2025-04-15,QQQ,455.356,459.169,452.982,454.81,35404200,16102184202.0
2025-04-16,QQQ,445.912,449.477,434.72,441.095,48980600,21605097757.0
2025-04-17,QQQ,444.065,444.641,438.295,441.016,44837000,19773834392.0
2025-04-21,QQQ,435.187,436.031,424.958,430.102,44149300,18988702228.6
2025-04-22,QQQ,435.773,444.472,434.581,441.393,52304400,23086796029.2
2025-04-23,QQQ,454.988,460.162,449.735,451.403,55801100,25188783943.3
2025-04-24,QQQ,453.31,464.412,452.665,464.105,45956100,21328455790.5
2025-04-25,QQQ,463.727,469.805,462.158,469.278,38697100,18159697693.8
2025-04-28,QQQ,469.745,471.513,462.794,469.129,33550800,15739653253.2
2025-04-29,QQQ,466.905,473.112,466.329,472.228,30613100,14456362986.8
2025-04-30,QQQ,463.886,473.886,459.219,472.168,46810600,22102467380.8
2025-05-01,QQQ,480.053,483.797,477.402,478.335,43316500,20719798027.5
2025-05-02,QQQ,483.161,487.501,481.463,485.435,39218100,19037838373.5
2025-05-05,QQQ,481.235,485.634,480.738,482.556,28309500,13660919082.0
2025-05-06,QQQ,476.23,481.682,474.869,478.067,32786300,15674048082.1
2025-05-07,QQQ,478.732,482.426,473.469,479.944,38006300,18240895647.2
2025-05-08,QQQ,485.137,489.279,480.808,484.899,39577600,19191138662.4
2025-05-09,QQQ,486.806,488.127,482.824,484.581,27767400,13455554459.4
2025-05-12,QQQ,503.469,504.363,497.998,504.323,45090600,22740226663.8
2025-05-13,QQQ,505.624,513.797,504.889,512.01,53269600,27274567896.0
2025-05-14,QQQ,513.181,515.624,512.168,515.078,47014500,24216134631.0
2025-05-15,QQQ,512.933,518.306,511.592,515.644,50153300,25861248225.2
2025-05-16,QQQ,517.044,518.077,513.509,517.888,48394600,25062982604.8
2025-05-19,QQQ,510.669,518.901,510.669,518.385,52536200,27233978037.0
2025-05-20,QQQ,515.863,517.312,513.072,516.657,42517600,21967015663.2
2025-05-21,QQQ,512.685,519.368,507.69,509.477,71292800,36322041865.6
2025-05-22,QQQ,510.093,514.115,508.742,510.431,55607200,28383638703.2
2025-05-23,QQQ,502.665,508.286,502.069,505.704,58368100,29516981642.4
2025-05-27,QQQ,512.566,518.087,511.017,517.6,47226300,24444332880.0
2025-05-28,QQQ,518.554,520.043,514.79,515.306,46637200,24032428983.2
2025-05-29,QQQ,522.675,522.824,513.728,516.319,58513300,30211528542.7
2025-05-30,QQQ,515.833,517.064,508.375,515.505,67662800,34880511714.0
2025-06-02,QQQ,513.648,519.815,512.387,519.577,44762800,23257721335.6
2025-06-03,QQQ,519.924,525.068,519.06,523.638,44070300,23076883751.4
2025-06-04,QQQ,524.343,526.161,522.317,525.098,41359300,21717685711.4
2025-06-05,QQQ,526.498,529.348,519.03,521.146,61031200,31806165755.2
2025-06-06,QQQ,526.319,528.107,524.542,526.24,42467000,22347834080.0
2025-06-09,QQQ,526.458,528.653,525.336,527.015,33688700,17754450230.5
2025-06-10,QQQ,527.481,531.185,525.217,530.5,40664800,21572676400.0
2025-06-11,QQQ,531.9,533.052,526.429,528.713,53701000,28392416813.0
2025-06-12,QQQ,527.402,530.927,527.154,529.954,34104900,18074028174.6
2025-06-13,QQQ,524.016,528.176,522.079,523.301,55814400,29207731334.4
2025-06-16,QQQ,526.816,531.652,526.766,530.58,37622100,19961533818.0
2025-06-17,QQQ,528.018,529.626,524.244,525.406,42180900,22162097945.4
2025-06-18,QQQ,526.419,528.852,523.738,525.317,43983500,23105280269.5
2025-06-20,QQQ,528.564,529.855,521.235,523.172,61643500,32250153182.0
2025-06-23,QQQ,523.739,529.068,520.598,528.551,50666100,26779617821.1
2025-06-24,QQQ,533.76,537.548,533.144,536.634,45442000,24385722228.0
2025-06-25,QQQ,538.9,540.143,536.236,538.005,44804200,24104883621.0
2025-06-26,QQQ,540.183,543.483,538.363,543.036,43811400,23791167410.4
2025-06-27,QQQ,544.07,546.784,541.366,544.895,57577100,31373473904.5
2025-06-30,QQQ,548.047,549.578,545.81,548.424,45548700,24980000248.8
2025-07-01,QQQ,546.526,547.5,541.485,543.802,56166700,30543563793.4
2025-07-02,QQQ,542.976,547.788,542.937,547.589,36538300,20007971158.7
2025-07-03,QQQ,549.955,553.952,549.955,552.978,26443500,14622673743.0
2025-07-07,QQQ,550.293,551.109,546.376,548.812,45349300,24888240031.6
2025-07-08,QQQ,550.154,550.781,547.888,549.12,36153300,19852500096.0
2025-07-09,QQQ,551.248,554.38,549.876,553.008,43045500,23804505864.0
2025-07-10,QQQ,553.644,554.051,549.528,552.212,34710900,19167775510.8
2025-07-11,QQQ,550.075,552.55,548.832,550.969,39618600,21828620423.4
2025-07-14,QQQ,550.761,553.703,548.414,552.968,36453300,20157508394.4
2025-07-15,QQQ,556.984,557.531,553.415,553.475,43277700,23953125007.5
2025-07-16,QQQ,554.032,556.945,548.345,554.042,52314700,28984541017.4
2025-07-17,QQQ,554.767,559.032,553.962,558.525,40423800,22577702895.0
2025-07-18,QQQ,559.838,561.438,556.716,557.988,50484700,28169856783.6
2025-07-21,QQQ,558.814,562.76,558.784,560.881,39595200,22208195371.2
2025-07-22,QQQ,561.011,561.06,555.354,557.978,43270600,24144042846.8
2025-07-23,QQQ,559.062,560.563,556.318,560.523,40215300,22541600601.9
2025-07-24,QQQ,561.836,562.939,560.006,561.716,42275500,23746824758.0
2025-07-25,QQQ,561.637,564.391,560.981,563.069,30630800,17247253925.2
2025-07-28,QQQ,564.431,565.723,563.566,564.828,31498700,17791347723.6
2025-07-29,QQQ,567.433,568.775,563.228,563.953,45463300,25639164424.9
2025-07-30,QQQ,564.868,567.294,561.756,564.709,43433800,24527457764.2
2025-07-31,QQQ,571.191,571.28,560.583,561.716,64613600,36294492937.6
2025-08-01,QQQ,555.573,555.761,548.464,550.651,69400800,38215619920.8
2025-08-04,QQQ,555.791,561.031,555.692,560.812,47669800,26733795877.6
2025-08-05,QQQ,562.094,563.257,556.467,557.004,48666600,27107490866.4
2025-08-06,QQQ,557.839,564.45,557.362,564.013,41823700,23589110508.1
2025-08-07,QQQ,568.338,569.978,561.816,565.922,44463000,25162589886.0
2025-08-08,QQQ,567.125,571.42,566.827,571.201,35255500,20137976855.5
2025-08-11,QQQ,571.34,573.438,568.238,569.511,33112900,18858160791.9
2025-08-12,QQQ,571.807,576.967,569.153,576.669,42143300,24302734667.7
2025-08-13,QQQ,579.363,579.92,575.565,576.957,41209300,23775994100.1
2025-08-14,QQQ,574.909,578.488,574.541,576.51,45425000,26187966750.0
2025-08-15,QQQ,576.42,576.46,572.215,573.975,49480200,28400397795.0
2025-08-18,QQQ,573.08,574.402,571.887,573.746,29831000,17115416926.0
2025-08-19,QQQ,573.03,573.199,564.938,565.962,53752600,30421929001.2
2025-08-20,QQQ,565.017,565.137,555.583,562.601,76781100,43197123641.1
2025-08-21,QQQ,561.06,563.188,557.71,559.997,46436900,26004524689.3
2025-08-22,QQQ,561.379,570.644,559.987,568.636,51502100,29285948135.6
2025-08-25,QQQ,567.075,569.948,565.842,566.996,34044700,19303208721.2
2025-08-26,QQQ,566.508,569.58,565.484,569.272,34103000,19413883016.0
2025-08-27,QQQ,568.258,571.062,567.045,570.147,36927100,21053875283.7
2025-08-28,QQQ,570.763,574.631,569.123,573.716,46787900,26842966836.4
2025-08-29,QQQ,571.31,571.678,565.226,567.075,56030400,31773439080.0
2025-09-02,QQQ,558.038,562.671,556.278,562.323,65876800,37044039806.4
2025-09-03,QQQ,565.912,568.368,563.427,566.747,54230200,30734803159.4
2025-09-04,QQQ,567.413,572.245,565.713,571.877,47526300,27179197865.1
2025-09-05,QQQ,577.106,577.733,568.199,572.702,68342500,39139886435.0
2025-09-08,QQQ,574.999,577.454,574.402,575.496,46371400,26686555214.4
2025-09-09,QQQ,576.291,577.554,573.676,577.126,44007600,25397930157.6
2025-09-10,QQQ,580.337,580.367,575.178,577.315,49308000,28466248020.0
2025-09-11,QQQ,579.84,581.471,578.23,580.675,44745800,25982767415.0
2025-09-12,QQQ,581.63,584.433,580.695,583.24,50745900,29597038716.0
2025-09-15,QQQ,585.01,588.34,584.861,588.231,44360300,26094103629.3
2025-09-16,QQQ,589.156,589.404,587.048,587.734,36942100,21712128201.4
2025-09-17,QQQ,587.654,588.301,580.964,586.561,69384800,40698417672.8
2025-09-18,QQQ,591.442,594.653,589.504,591.85,61069300,36143865205.0
2025-09-19,QQQ,593.848,596.552,592.377,595.856,58196100,34676495361.6
2025-09-22,QQQ,594.945,600.051,594.925,599.384,57154800,34257672643.2
2025-09-23,QQQ,599.553,599.752,594.188,595.403,64635500,38484170606.5
2025-09-24,QQQ,596.776,597.095,590.585,593.312,49850300,29576781193.6
2025-09-25,QQQ,589.431,592.337,585.748,590.754,70920200,41896391830.8
2025-09-26,QQQ,591.571,593.511,588.296,593.183,54337400,32232021944.2
2025-09-29,QQQ,596.308,599.235,594.616,595.93,48332900,28803025097.0
2025-09-30,QQQ,595.631,597.901,593.312,597.562,46533800,27806830595.6
2025-10-01,QQQ,594.377,600.966,593.551,600.429,46899600,28159879928.4
2025-10-02,QQQ,604.221,604.321,600.11,602.897,43765400,26386028363.8
2025-10-03,QQQ,603.674,604.49,598.578,600.359,46482100,27905947073.9
2025-10-06,QQQ,605.605,606.51,603.136,604.868,41962100,25381531502.8
2025-10-07,QQQ,606.172,606.859,600.21,601.683,58209500,35023666588.5
2025-10-08,QQQ,602.579,608.889,602.429,608.581,50629800,30812334313.8
2025-10-09,QQQ,608.62,608.75,604.639,607.844,45551000,27687902044.0
2025-10-10,QQQ,608.541,610.312,586.295,586.743,97614800,57274800596.4
2025-10-13,QQQ,596.876,600.13,594.437,599.195,65872600,39470532557.0
2025-10-14,QQQ,592.526,599.871,587.37,595.203,69203200,41189952249.6
2025-10-15,QQQ,601.185,603.863,593.143,599.404,62805500,37645867922.0
2025-10-16,QQQ,602.28,605.465,592.715,597.184,70982000,42389314688.0
2025-10-17,QQQ,595.154,602.678,593.581,601.106,72024900,43294599539.4
2025-10-20,QQQ,604.301,609.934,604.231,608.68,45761700,27854231556.0
2025-10-21,QQQ,608.78,609.855,606.471,608.521,44538200,27102430002.2
2025-10-22,QQQ,607.963,608.551,596.935,602.658,61478800,37050690650.4
2025-10-23,QQQ,602.081,608.511,601.693,607.725,42844300,26037552217.5
2025-10-24,QQQ,613.109,615.528,612.253,614.214,47632500,29256548355.0
2025-10-27,QQQ,621.599,625.611,621.112,625.153,54098600,33819902085.8
2025-10-28,QQQ,627.412,631.712,626.307,629.96,61195700,38550843172.0
2025-10-29,QQQ,632.618,634.031,627.303,632.797,67422800,42664945571.6
2025-10-30,QQQ,629.214,630.537,623.013,623.122,61628600,38402136489.2
2025-10-31,QQQ,631.204,631.234,623.759,626.128,66305100,41515479652.8
2025-11-03,QQQ,632.14,632.847,626.904,629.124,37154300,23374661833.2
2025-11-04,QQQ,620.365,624.018,615.568,616.354,63830800,39342368903.2
2025-11-05,QQQ,615.598,623.67,614.324,620.365,48688500,30204641302.5
2025-11-06,QQQ,618.882,619.131,607.446,608.81,72115100,43904394031.0
2025-11-07,QQQ,605.465,607.097,595.87,606.888,81835400,49664922235.2
2025-11-10,QQQ,616.026,621.39,614.005,620.315,55919900,34687952768.5
2025-11-11,QQQ,617.668,619.808,614.632,618.663,44868800,27758666414.4
2025-11-12,QQQ,621.918,621.938,614.921,618.175,47444400,29328941970.0
2025-11-13,QQQ,614.652,615.229,603.246,605.555,71333600,43196418148.0
2025-11-14,QQQ,596.746,610.482,594.377,606.013,80087300,48533944934.9
2025-11-17,QQQ,603.465,609.616,597.065,600.837,63850400,38363682784.8
2025-11-18,QQQ,596.816,599.493,588.575,593.521,83327300,49456502423.3
2025-11-19,QQQ,594.278,603.325,591.809,597.065,73111500,43652317747.5
2025-11-20,QQQ,608.76,611.158,582.015,582.931,117743200,68636161319.2
2025-11-21,QQQ,584.723,594.188,578.024,587.31,103344200,60695082102.0
2025-11-24,QQQ,592.496,603.843,592.377,602.33,60168100,36241051673.0
2025-11-25,QQQ,600.688,607.406,594.527,606.042,57560900,34884322957.8
2025-11-26,QQQ,609.646,613.308,607.535,611.397,42393600,25919319859.2
2025-11-28,QQQ,613.229,616.424,612.542,616.354,23034400,14197344577.6
2025-12-01,QQQ,610.76,616.543,609.656,614.284,40957600,25159598358.4
2025-12-02,QQQ,616.563,620.833,614.702,619.091,54541800,33766337503.8
2025-12-03,QQQ,616.722,621.301,615.14,620.604,47841600,29690688326.4
2025-12-04,QQQ,622.007,622.017,616.643,620.027,47067800,29183306830.6
2025-12-05,QQQ,621.46,625.979,620.793,622.555,53614200,33377788281.0
2025-12-08,QQQ,624.277,625.899,618.783,621.361,43462400,27005840326.4
2025-12-09,QQQ,620.097,622.943,618.096,622.127,37156000,23115750812.0
2025-12-10,QQQ,620.933,626.267,618.086,624.675,55031400,34376739795.0
2025-12-11,QQQ,620.903,622.854,614.831,622.655,58272800,36283850284.0
2025-12-12,QQQ,619.171,620.624,608.501,610.75,75158700,45903176025.0
2025-12-15,QQQ,615.478,615.528,606.471,607.685,49538200,30103621067.0
2025-12-16,QQQ,605.415,610.641,604.072,608.889,55152800,33581933239.2
2025-12-17,QQQ,610.193,610.78,597.473,597.602,70654300,42223150988.6
2025-12-18,QQQ,606.948,610.064,604.082,606.261,78875800,47819321383.8
2025-12-19,QQQ,609.088,614.732,609.009,614.164,60369800,37076957847.2
2025-12-22,QQQ,619.241,619.54,615.673,617.108,43703100,26969532634.8
2025-12-23,QQQ,616.102,620.297,615.683,619.998,41120400,25494565759.2
2025-12-24,QQQ,619.879,622.161,619.61,621.812,18468700,11484059284.4
2025-12-26,QQQ,622.54,623.397,621.025,621.772,28959800,18006392765.6
2025-12-29,QQQ,617.995,620.666,616.63,618.763,32458300,20083995082.9
2025-12-30,QQQ,617.736,620.068,617.118,617.328,31226800,19277177990.4
2025-12-31,QQQ,617.547,617.856,611.966,612.225,40746500,24946025962.5
2026-01-02,QQQ,617.955,620.736,608.079,611.039,61859200,37798383708.8
2026-01-05,QQQ,617.218,618.703,614.627,615.892,46828400,28841236932.8
2026-01-06,QQQ,617.128,621.902,616.441,621.304,43137500,26801501300.0
2026-01-07,QQQ,620.925,625.809,620.447,621.902,44880300,27911148330.6
2026-01-08,QQQ,620.915,621.304,615.703,618.364,50435900,31187744867.6
2026-01-09,QQQ,619.301,625.759,616.959,624.523,49688700,31031735990.1
2026-01-12,QQQ,620.198,626.716,620.148,625.041,37388700,23369470436.7
2026-01-13,QQQ,625.141,627.334,621.583,624.115,44481400,27761508961.0
2026-01-14,QQQ,620.128,621.334,612.474,617.447,72598700,44825849518.9
2026-01-15,QQQ,624.473,627.862,618.643,619.67,53934900,33421839483.0
2026-01-16,QQQ,623.377,623.955,616.779,619.151,61058100,37804183673.1
2026-01-20,QQQ,608.458,612.972,604.99,605.996,81988900,49684945444.4
2026-01-21,QQQ,607.401,618.314,605.797,614.188,79837900,49035480125.2
2026-01-22,QQQ,620.238,620.347,615.683,618.653,42254800,26141058784.4
2026-01-23,QQQ,617.627,623.277,616.55,620.606,43645800,27086845354.8
2026-01-26,QQQ,621.095,625.48,620.008,623.337,35983000,22429535271.0
2026-01-27,QQQ,626.775,629.895,625.211,628.988,38997200,24528770833.6
2026-01-28,QQQ,633.303,634.439,629.666,631.071,50691700,31990061810.7
2026-01-29,QQQ,630.503,631.519,616.171,627.294,79944000,50148391536.0
2026-01-30,QQQ,623.586,626.128,617.198,619.759,65650700,40687612181.3
2026-02-02,QQQ,616.6,626.357,616.56,624.015,49020300,30589402504.5
2026-02-03,QQQ,626.167,627.842,608.886,614.427,81234000,49912362918.0
2026-02-04,QQQ,612.933,613.012,598.432,603.694,81850700,49412776485.8
2026-02-05,QQQ,598.173,602.757,592.741,595.004,89354500,53166284918.0
2026-02-06,QQQ,598.153,609.335,596.738,607.581,78019300,47403044313.3
2026-02-09,QQQ,605.478,614.368,603.016,612.235,56797600,34773478636.0
2026-02-10,QQQ,613.222,614.926,608.936,609.395,53938900,32870095965.5
2026-02-11,QQQ,614.288,615.424,605.627,611.029,58575100,35791084777.9
2026-02-12,QQQ,612.624,613.72,597.535,598.601,81378900,48713490918.9
2026-02-13,QQQ,598.392,604.421,594.396,599.877,69237500,41533983787.5
2026-02-17,QQQ,596.349,601.9,591.326,599.259,69013800,41357140774.2
2026-02-18,QQQ,600.066,607.7,598.681,603.734,64250700,38790332113.8
2026-02-19,QQQ,600.764,603.764,598.711,601.422,60960800,36663166257.6
2026-02-20,QQQ,598.083,608.278,597.196,606.744,74127300,44976294511.2
2026-02-23,QQQ,604.551,605.946,597.017,599.369,63859100,38275164907.9
2026-02-24,QQQ,600.355,606.923,597.694,605.807,55023700,33333742625.9
2026-02-25,QQQ,608.996,614.736,608.926,614.587,55710700,34239071980.9
2026-02-26,QQQ,613.501,613.501,601.93,607.172,96178900,58397135070.8
2026-02-27,QQQ,600.933,606.255,600.146,605.229,68125200,41231346670.8
2026-03-02,QQQ,596.827,607.85,595.96,606.026,75264600,45612304479.6
2026-03-03,QQQ,594.306,601.91,589.861,599.538,97015500,58164478839.0
2026-03-04,QQQ,602.109,610.8,601.382,608.677,70943900,43181920220.3
2026-03-05,QQQ,605.338,610.68,600.216,606.843,89602400,54374589223.2
2026-03-06,QQQ,598.272,603.943,596.299,597.714,86302300,51584092942.2
2026-03-09,QQQ,592.213,607.202,589.323,605.697,93068200,56371129535.4
2026-03-10,QQQ,605.717,611.208,603.365,605.707,64078900,38813038282.3
2026-03-11,QQQ,606.883,610.351,602.976,605.627,60114800,36407145979.6
2026-03-12,QQQ,600.714,602.089,595.023,595.233,71836600,42759514927.8
2026-03-13,QQQ,597.694,601.551,590.559,591.705,63145500,37363508077.5
2026-03-16,QQQ,598.003,601.81,597.077,598.342,49077200,29364950002.4
2026-03-17,QQQ,601.093,603.844,599.827,601.262,47106600,28323408529.2
2026-03-18,QQQ,599.448,601.113,592.542,592.881,56128000,33277224768.0
2026-03-19,QQQ,587.509,593.778,585.087,591.007,75597600,44678710783.2
2026-03-20,QQQ,589.054,589.163,576.576,580.084,91964700,53347251034.8
2026-03-23,QQQ,589.258,593.808,584.708,586.743,89936100,52769377122.3
2026-03-24,QQQ,583.56,586.673,580.686,582.732,57750900,33653297458.8
2026-03-25,QQQ,587.881,590.106,584.438,586.564,60475500,35472751182.0
2026-03-26,QQQ,581.355,583.38,572.204,572.563,81492100,46659361252.3
2026-03-27,QQQ,569.59,569.799,560.37,561.377,82702200,46427112929.4
2026-03-30,QQQ,566.167,566.836,554.412,557.087,70602600,39331790626.2
2026-03-31,QQQ,563.084,577.403,563.004,575.946,95878000,55220550588.0
2026-04-01,QQQ,580.237,586.484,579.179,583.061,79435100,46315508841.1
2026-04-02,QQQ,572.743,584.797,570.697,583.73,50941700,29736198541.0
2026-04-06,QQQ,584.977,589.348,583.44,587.242,35108500,20617185757.0
2026-04-07,QQQ,584.388,587.721,577.164,587.332,49948200,29336176202.4
2026-04-08,QQQ,607.409,608.596,600.833,604.794,63086000,38154034284.0
2026-04-09,QQQ,604.635,609.195,601.741,608.886,37837500,23038724025.0
2026-04-10,QQQ,610.532,612.358,608.277,609.764,34038500,20755451914.0
2026-04-13,QQQ,608.177,625.4,606.81,616.07,32972100,20313121647.0
2026-04-14,QQQ,618.894,627.256,618.774,627.256,49921100,31313309501.6
2026-04-15,QQQ,627.735,636.467,626.857,636.038,50102400,31867030291.2
2026-04-16,QQQ,637.844,640.807,633.902,639.101,42320600,27047137780.6
2026-04-17,QQQ,644.21,648.611,642.693,647.463,53488900,34632083660.7
2026-04-20,QQQ,646.655,647.373,641.147,645.407,37138500,23969447869.5
2026-04-21,QQQ,647.024,648.81,640.837,642.953,39580500,25448401216.5
2026-04-22,QQQ,648.76,653.929,647.134,653.71,37368400,24428096764.0
2026-04-23,QQQ,652.153,655.516,644.14,650.028,40099800,26065992794.4
2026-04-24,QQQ,657.102,663.09,655.127,662.461,45563100,30183776789.1
2026-04-27,QQQ,661.982,663.01,659.278,662.81,32717000,21685154770.0
2026-04-28,QQQ,656.005,658.23,652.412,656.144,34147900,22405939697.6
2026-04-29,QQQ,657.222,660.306,655.187,660.156,31724900,20943383084.4
2026-04-30,QQQ,663.928,667.47,656.154,666.313,40622200,27067099948.6
2026-05-01,QQQ,667.73,674.525,667.37,672.709,39172600,26351760573.4
2026-05-04,QQQ,673.218,675.283,667.47,671.442,34542000,23192949564.0
2026-05-05,QQQ,676.511,681.311,676.062,680.153,37101100,25234424468.3
2026-05-06,QQQ,686.31,694.442,685.013,694.283,38778500,26923253315.5
2026-05-07,QQQ,695.091,699.741,690.291,693.455,43779100,30358835790.5
2026-05-08,QQQ,698.424,709.71,698.005,709.71,44320400,31454631084.0
2026-05-11,QQQ,708.842,713.063,707.395,711.765,36019100,25637134711.5
2026-05-12,QQQ,706.706,708.662,695.151,705.728,45873000,32373860544.0
2026-05-13,QQQ,708.442,715.118,703.323,713.182,40012500,28536194775.0
2026-05-14,QQQ,713.092,720.487,712.693,718.251,33327500,23937510202.5
2026-05-15,QQQ,708.622,713.601,704.042,707.415,51792700,36638932870.5
2026-05-18,QQQ,710.019,710.548,697.356,704.371,49834500,35101976599.5
2026-05-19,QQQ,698.314,704.98,693.764,700.031,46827500,32780701652.5
2026-05-20,QQQ,703.782,711.626,702.286,711.626,36779200,26173034979.2
2026-05-21,QQQ,707.475,715.587,705.259,712.983,36415400,25963561138.2
2026-05-22,QQQ,716.535,720.576,714.42,716.006,33118600,23713116311.6
2026-05-26,QQQ,724.408,729.607,722.612,728.719,34254700,24962050729.3
2026-05-27,QQQ,731.393,731.752,723.889,727.891,35148700,25584422391.7
2026-05-28,QQQ,728.17,735.026,724.857,734.028,32840000,24105479520.0
2026-05-29,QQQ,736.263,740.045,733.678,736.732,37541700,27658171724.4
2026-06-01,QQQ,735.465,744.056,734.417,741.152,33890600,25118085971.2
2026-06-02,QQQ,740.813,744.844,737.65,744.565,30085200,22400386938.0
2026-06-03,QQQ,745.713,747.05,739.426,742.619,40270200,29905415653.8
2026-06-04,QQQ,733.908,741.911,731.054,739.027,40782600,30139442530.2
2026-06-05,QQQ,728.499,730.126,702.814,703.553,99606600,70078522249.8
2026-06-08,QQQ,716.276,721.485,711.546,714.539,47401500,33870220408.5
2026-06-09,QQQ,721.435,724.109,684.903,706.317,91932200,64933275707.4
2026-06-10,QQQ,700.16,709.76,691.449,692.207,65334300,45224859800.1
2026-06-11,QQQ,697.795,716.834,693.514,715.587,71798900,51378359454.3
2026-06-12,QQQ,716.076,722.462,709.76,719.798,51168400,36830911983.2
2026-06-15,QQQ,736.522,743.168,735.804,742.41,46710200,34678119582.0
2026-06-16,QQQ,740.663,742.629,728.08,728.3,45348700,33027458210.0
2026-06-17,QQQ,733.619,734.107,719.309,720.966,51669300,37251808543.8
2026-06-18,QQQ,735.624,740.234,730.944,739.037,50154600,37066105120.2
2026-06-22,QQQ,741.248,744.674,733.626,737.182,43518600,32081128585.2
2026-06-23,QQQ,714.995,722.857,711.369,712.907,53354200,38036582659.4
2026-06-24,QQQ,714.625,719.181,703.717,709.88,52480400,37254786352.0
2026-06-25,QQQ,725.144,726.073,704.566,715.634,49668000,35544109512.0
2026-06-26,QQQ,706.394,714.815,702.078,705.785,47081800,33229628213.0
2026-06-29,QQQ,713.247,723.826,704.436,723.326,44939100,32505619446.6
2026-06-30,QQQ,723.426,736.852,723.156,735.633,42121800,30986186099.4
2026-07-01,QQQ,728.431,731.158,723.846,724.415,40803800,29558884777.0
2026-07-02,QQQ,724.825,730.069,706.823,711.858,50959800,36276141308.4
2026-07-06,QQQ,719.181,725.324,717.702,722.068,30220400,21821183787.2
2026-07-07,QQQ,713.427,715.604,704.166,708.692,42483100,30107433105.2
2026-07-08,QQQ,704.216,711.519,700.18,710.699,35603200,25303158636.8
2026-07-09,QQQ,717.582,723.476,714.386,722.527,33654700,24316429426.9
2026-07-10,QQQ,719.95,725.634,716.254,724.755,26415900,19145055604.5
2026-07-13,QQQ,716.973,717.992,709.341,710.999,36552400,25988719847.6
2026-07-14,QQQ,719.47,721.538,713.596,718.941,29448100,21171446462.1
2026-07-15,QQQ,723.096,723.606,709.491,716.993,32627600,23393760806.8
2026-07-16,QQQ,711.269,712.857,701.879,705.205,39402000,27786487410.0
2026-07-17,QQQ,690.93,701.569,686.045,694.606,54109300,37584644435.8
2026-07-20,QQQ,701.429,705.065,694.786,695.335,29687600,20642827346.0
2026-07-21,QQQ,705.835,709.311,702.068,708.232,33728300,23887461365.6
2026-07-22,QQQ,702.888,708.911,702.888,704.616,23692200,16693903195.2
2026-07-23,QQQ,693.947,697.933,687.074,691.24,44028600,30434329464.0
2026-07-24,QQQ,689.691,691.909,681.77,683.518,42876700,29306996230.6
2026-07-27,QQQ,690.96,691.579,675.246,681.41,42681500,29083600915.0
2026-07-28,QQQ,675.526,678.693,667.185,674.787,51398700,34683174576.9
2026-07-29,QQQ,674.807,679.342,660.452,661.041,57233300,37833557865.3
2026-07-30,QQQ,674.058,684.407,672.599,682.838,66753700,45581963000.6
2026-07-31,QQQ,691.39,695.046,679.342,687.274,50540500,34735171597.0
2026-08-03,QQQ,687.584,700.86,685.106,699.341,44965100,31445937999.1
2026-08-04,QQQ,707.423,724.905,706.794,723.096,59778600,43225666545.6
2026-08-05,QQQ,725.494,727.782,716.174,716.553,33540200,24033330930.6
2026-08-06,QQQ,710.08,718.571,707.763,713.906,33035900,23584527225.4
2026-08-07,QQQ,719.4,722.877,715.764,722.277,31070400,22441435300.8
2026-08-10,QQQ,721.638,723.916,719.58,720.12,26243200,18898253184.0
2026-08-11,QQQ,722.537,722.597,714.755,717.702,29286100,21018692542.2
2026-08-12,QQQ,726.323,726.493,722.167,722.947,29066000,21013177502.0
2026-08-13,QQQ,724.395,733.196,723.276,731.308,31599700,23109113407.6
2026-08-14,QQQ,732.647,733.626,727.562,730.309,23790600,17374489295.4
2026-08-17,QQQ,732.187,733.815,728.511,729.11,26452600,19286855186.0
2026-08-18,QQQ,719.46,721.378,715.175,716.763,48997200,35119380063.6
2026-08-19,QQQ,719.64,720.749,711.868,715.335,35801700,25610209069.5
2026-08-20,QQQ,711.349,714.196,707.782,710.19,33396400,23717789316.0
2026-08-21,QQQ,714.486,714.925,708.462,712.697,33399400,23803652181.8
2026-08-24,QQQ,708.921,709.051,701.969,705.585,37443100,26419289713.5
2026-08-25,QQQ,710.48,713.297,706.714,709.98,23869600,16946938608.0
2026-08-26,QQQ,707.673,712.278,707.233,710.63,20392400,14491451212.0
2026-08-27,QQQ,716.184,720.599,713.786,720.359,28723500,20691231736.5
2026-08-28,QQQ,718.991,723.376,714.346,715.684,34105400,24408689093.6
2026-08-31,QQQ,714.426,716.833,712.418,716.014,32237200,23082286520.8
2026-09-01,QQQ,706.654,711.559,703.926,706.903,35236100,24908504798.3
2026-09-02,QQQ,706.364,709.061,704.366,708.502,23476200,16632934652.4
2026-09-03,QQQ,710.11,718.172,708.951,716.923,29449800,21113238965.4
2026-09-04,QQQ,718.601,721.109,715.814,718.212,32871100,23608418473.2
2026-09-08,QQQ,720.16,721.139,714.825,717.612,28341400,20338128736.8
2026-09-09,QQQ,715.654,718.951,713.277,715.564,26763400,19150925557.6
2026-09-10,QQQ,706.814,711.319,706.124,707.952,31414400,22239887308.8
2026-09-11,QQQ,714.935,716.883,712.887,714.136,26649100,19031081677.6
2026-09-14,QQQ,702.598,712.208,702.008,708.442,35219000,24950618798.0
2026-09-15,QQQ,708.062,708.791,702.908,703.807,26631700,18743576881.9
2026-09-16,QQQ,707.263,711.139,699.271,703.986,35688000,25123852368.0
2026-09-17,QQQ,715.205,717.293,712.577,716.174,37270300,26692019832.2
2026-09-18,QQQ,718.082,720.979,714.336,720.699,48478700,34938550611.3
2026-09-21,QQQ,727.89,743.22,727.81,741.47,46730600,34649337982.0
2026-09-23,QQQ,746.99,747.12,738.191,740.74,26063489,19306268841.86
