date,symbol,open,high,low,close,volume,quote_volume
2007-07-26,VEA,27.21,27.316,26.66,26.884,101000,2715284.0
2007-07-27,VEA,26.817,26.963,26.463,26.474,579000,15328446.0
2007-07-30,VEA,26.867,27.019,26.749,26.918,298400,8032331.2
2007-07-31,VEA,27.226,27.316,26.884,26.884,210400,5656393.6
2007-08-01,VEA,26.761,27.501,26.514,26.996,353900,9553884.4
2007-08-02,VEA,26.895,27.019,26.749,26.918,251800,6777952.4
2007-08-03,VEA,26.839,26.839,26.457,26.474,309600,8196350.4
2007-08-06,VEA,26.542,26.884,26.519,26.878,232100,6238383.8
2007-08-07,VEA,26.603,27.075,26.603,26.918,181800,4893692.4
2007-08-08,VEA,27.165,27.445,27.153,27.322,135700,3707595.4
2007-08-09,VEA,26.637,26.856,26.491,26.502,195800,5189091.6
2007-08-10,VEA,26.519,26.519,25.924,26.149,291300,7617203.7
2007-08-13,VEA,26.396,26.441,26.194,26.194,133700,3502137.8
2007-08-14,VEA,26.328,26.328,25.846,25.857,64200,1660019.4
2007-08-15,VEA,25.531,25.812,25.24,25.245,345800,8729721.0
2007-08-16,VEA,25.105,25.139,24.521,25.127,552000,13870104.0
2007-08-17,VEA,25.649,25.649,25.189,25.481,403200,10273939.2
2007-08-20,VEA,25.61,25.61,25.256,25.515,672200,17151183.0
2007-08-21,VEA,25.442,25.61,25.442,25.509,41200,1050970.8
2007-08-22,VEA,25.919,26.149,25.919,26.149,96800,2531223.2
2007-08-23,VEA,26.351,26.385,26.098,26.261,329600,8655625.6
2007-08-24,VEA,26.272,26.682,26.261,26.682,112700,3007061.4
2007-08-27,VEA,26.547,26.547,26.418,26.418,111200,2937681.6
2007-08-28,VEA,26.244,26.244,25.762,25.773,256100,6600465.3
2007-08-29,VEA,26.126,26.463,26.025,26.457,177400,4693471.8
2007-08-30,VEA,26.059,26.452,26.059,26.267,173300,4552071.1
2007-08-31,VEA,26.805,26.929,26.676,26.862,684900,18397783.8
2007-09-04,VEA,26.727,27.041,26.643,26.991,136700,3689669.7
2007-09-05,VEA,26.575,26.609,26.452,26.525,90600,2403165.0
2007-09-06,VEA,26.598,26.749,26.486,26.682,278000,7417596.0
2007-09-07,VEA,26.385,26.418,26.233,26.312,197200,5188726.4
2007-09-10,VEA,26.379,26.401,26.02,26.205,176800,4633044.0
2007-09-11,VEA,26.469,26.682,26.469,26.676,685900,18297068.4
2007-09-12,VEA,26.547,26.755,26.519,26.654,56200,1497954.8
2007-09-13,VEA,26.789,26.89,26.744,26.8,137700,3690360.0
2007-09-14,VEA,26.536,26.733,26.508,26.676,164700,4393537.2
2007-09-17,VEA,26.452,26.486,26.211,26.3,99400,2614220.0
2007-09-18,VEA,26.446,27.21,26.413,27.137,147200,3994566.4
2007-09-19,VEA,27.406,27.574,27.372,27.423,115100,3156387.3
2007-09-20,VEA,27.44,27.558,27.356,27.367,378600,10361146.2
2007-09-21,VEA,27.574,27.653,27.496,27.563,212800,5865406.4
2007-09-24,VEA,27.692,27.692,27.507,27.535,165400,4554289.0
2007-09-25,VEA,27.468,27.67,27.44,27.67,56100,1552287.0
2007-09-26,VEA,27.805,27.833,27.692,27.771,94000,2610474.0
2007-09-27,VEA,28.096,28.108,27.967,28.102,191900,5392773.8
2007-09-28,VEA,28.141,28.237,28.001,28.141,258000,7260378.0
2007-10-01,VEA,28.141,28.573,28.141,28.545,640000,18268800.0
2007-10-02,VEA,28.495,28.5,28.332,28.456,375000,10671000.0
2007-10-03,VEA,28.411,28.427,28.282,28.298,581100,16443967.8
2007-10-04,VEA,28.416,28.467,28.298,28.422,815600,23180983.2
2007-10-05,VEA,28.545,28.764,28.54,28.697,405800,11645242.6
2007-10-08,VEA,28.506,28.512,28.371,28.422,245200,6969074.4
2007-10-09,VEA,28.489,28.775,28.489,28.775,183200,5271580.0
2007-10-10,VEA,28.646,28.731,28.579,28.691,202700,5815665.7
2007-10-11,VEA,29.006,29.14,28.781,28.832,154000,4440128.0
2007-10-12,VEA,28.792,28.978,28.747,28.916,180400,5216446.4
2007-10-15,VEA,28.91,28.916,28.59,28.669,299500,8586365.5
2007-10-16,VEA,28.383,28.411,28.237,28.276,476200,13465031.2
2007-10-17,VEA,28.646,28.663,28.383,28.568,266400,7610515.2
2007-10-18,VEA,28.54,28.691,28.506,28.635,165100,4727638.5
2007-10-19,VEA,28.478,28.484,28.018,28.035,365600,10249596.0
2007-10-22,VEA,27.81,27.95,27.72,27.939,493200,13779514.8
2007-10-23,VEA,28.326,28.405,28.158,28.399,408300,11595311.7
2007-10-24,VEA,28.276,28.321,27.911,28.31,197500,5591225.0
2007-10-25,VEA,28.332,28.439,28.214,28.411,513000,14574843.0
2007-10-26,VEA,28.77,28.972,28.731,28.944,79500,2301048.0
2007-10-29,VEA,29.017,29.213,29.017,29.208,135500,3957684.0
2007-10-30,VEA,29.0,29.079,28.983,28.994,126000,3653244.0
2007-10-31,VEA,29.146,29.522,29.073,29.387,247300,7267405.1
2007-11-01,VEA,28.933,28.933,28.652,28.652,514500,14741454.0
2007-11-02,VEA,28.686,28.854,28.545,28.82,390400,11251328.0
2007-11-05,VEA,28.36,28.545,28.326,28.489,268000,7635052.0
2007-11-06,VEA,28.787,28.893,28.652,28.893,191100,5521452.3
2007-11-07,VEA,28.719,28.809,28.304,28.338,634900,17991796.2
2007-11-08,VEA,28.489,28.568,28.175,28.529,358900,10239058.1
2007-11-09,VEA,28.427,28.427,27.805,27.861,221900,6182355.9
2007-11-12,VEA,27.631,27.793,27.384,27.417,254500,6977626.5
2007-11-13,VEA,27.883,28.237,27.872,28.225,346200,9771495.0
2007-11-14,VEA,28.635,28.635,28.063,28.124,118900,3343943.6
2007-11-15,VEA,27.782,27.883,27.44,27.614,363100,10026643.4
2007-11-16,VEA,27.799,27.799,27.501,27.72,518900,14383908.0
2007-11-19,VEA,27.782,27.782,26.895,27.024,341900,9239505.6
2007-11-20,VEA,27.445,27.67,27.288,27.58,321100,8855938.0
2007-11-21,VEA,27.569,27.569,26.834,27.019,212800,5749643.2
2007-11-23,VEA,27.125,28.613,27.103,27.602,137500,3795275.0
2007-11-26,VEA,27.849,27.849,27.182,27.182,352100,9570782.2
2007-11-27,VEA,27.49,27.647,27.333,27.642,254800,7043181.6
2007-11-28,VEA,27.726,28.399,27.726,28.36,280400,7952144.0
2007-11-29,VEA,28.152,28.298,28.029,28.181,177000,4988037.0
2007-11-30,VEA,28.298,28.725,28.186,28.282,346200,9791228.4
2007-12-03,VEA,28.315,28.315,28.164,28.175,245800,6925415.0
2007-12-04,VEA,28.175,28.332,27.962,27.978,319400,8936173.2
2007-12-05,VEA,28.265,28.456,28.254,28.371,214700,6091253.7
2007-12-06,VEA,28.085,28.635,28.085,28.635,375500,10752442.5
2007-12-07,VEA,28.545,28.568,28.467,28.523,533500,15217020.5
2007-12-10,VEA,28.646,28.82,28.641,28.798,230500,6637939.0
2007-12-11,VEA,28.804,28.843,28.023,28.096,212500,5970400.0
2007-12-12,VEA,28.921,28.921,28.343,28.54,511500,14598210.0
2007-12-13,VEA,28.051,28.175,27.776,28.057,512600,14382018.2
2007-12-14,VEA,28.046,28.046,27.277,27.299,399900,10916870.1
2007-12-17,VEA,27.406,27.406,26.699,26.71,349100,9324461.0
2007-12-18,VEA,27.125,27.142,26.66,27.002,462100,12477624.2
2007-12-19,VEA,27.193,27.193,26.66,26.817,387800,10399632.6
2007-12-20,VEA,26.94,26.968,26.766,26.906,284100,7643994.6
2007-12-21,VEA,27.221,27.35,27.193,27.35,743100,20323785.0
2007-12-24,VEA,28.294,28.294,27.387,27.508,307400,8455959.2
2007-12-26,VEA,27.685,28.11,27.467,27.663,219900,6083093.7
2007-12-27,VEA,28.913,28.913,27.404,27.41,387000,10607670.0
2007-12-28,VEA,27.726,27.743,27.605,27.703,388500,10762615.5
2007-12-31,VEA,27.754,27.766,27.393,27.49,528900,14539461.0
2008-01-02,VEA,27.691,27.76,27.072,27.427,688200,18875261.4
2008-01-03,VEA,27.479,27.548,27.404,27.473,225300,6189666.9
2008-01-04,VEA,27.272,27.278,26.796,26.871,411100,11046668.1
2008-01-07,VEA,26.963,26.98,26.745,26.905,759900,20445109.5
2008-01-08,VEA,27.175,27.249,26.664,26.687,368600,9836828.2
2008-01-09,VEA,26.877,26.922,26.555,26.859,229400,6161454.6
2008-01-10,VEA,26.791,27.496,26.538,26.831,388200,10415794.2
2008-01-11,VEA,26.756,26.756,26.274,26.366,207700,5476218.2
2008-01-14,VEA,26.825,26.836,26.647,26.791,172700,4626805.7
2008-01-15,VEA,26.641,26.641,25.901,25.947,322000,8354934.0
2008-01-16,VEA,25.855,25.896,24.788,25.414,545800,13870961.2
2008-01-17,VEA,25.775,25.775,24.903,24.983,484400,12101765.2
2008-01-18,VEA,25.494,25.563,24.938,25.075,428600,10747145.0
2008-01-22,VEA,24.094,32.189,23.486,24.364,461800,11251295.2
2008-01-23,VEA,23.572,24.576,23.033,24.312,708800,17232345.6
2008-01-24,VEA,24.553,25.035,24.547,24.989,365500,9133479.5
2008-01-25,VEA,26.55,28.139,24.708,24.88,508200,12644016.0
2008-01-28,VEA,24.926,25.087,24.496,25.075,311600,7813370.0
2008-01-29,VEA,25.465,25.465,25.012,25.253,433300,10942124.9
2008-01-30,VEA,25.437,25.649,24.915,25.087,192900,4839282.3
2008-01-31,VEA,24.852,25.592,24.685,25.46,348100,8862626.0
2008-02-01,VEA,26.045,26.045,25.517,25.815,451700,11660635.5
2008-02-04,VEA,25.626,25.746,25.546,25.551,241700,6175676.7
2008-02-05,VEA,25.351,25.689,24.461,24.53,494000,12117820.0
2008-02-06,VEA,24.783,24.806,24.433,24.467,724600,17728788.2
2008-02-07,VEA,24.433,24.45,24.077,24.295,761900,18510360.5
2008-02-08,VEA,24.45,24.45,23.894,24.06,254200,6116052.0
2008-02-11,VEA,23.871,24.215,23.871,24.146,329100,7946448.6
2008-02-12,VEA,24.53,24.857,24.484,24.616,280400,6902326.4
2008-02-13,VEA,24.932,24.932,24.536,24.76,212900,5271404.0
2008-02-14,VEA,25.345,25.345,24.697,24.737,360800,8925109.6
2008-02-15,VEA,24.765,24.788,24.588,24.771,220800,5469436.8
2008-02-19,VEA,25.333,25.351,24.966,25.121,426900,10724154.9
2008-02-20,VEA,25.041,25.041,24.547,24.892,315100,7843469.2
2008-02-21,VEA,25.138,25.207,24.88,24.932,291000,7255212.0
2008-02-22,VEA,25.156,25.196,24.777,25.196,338800,8536404.8
2008-02-25,VEA,25.339,25.597,25.156,25.569,469100,11994417.9
2008-02-26,VEA,25.741,26.102,25.551,26.005,385800,10032729.0
2008-02-27,VEA,26.016,26.182,25.81,26.045,414500,10795652.5
2008-02-28,VEA,25.896,25.976,25.729,25.838,371700,9603984.6
2008-02-29,VEA,25.718,25.718,25.133,25.201,408000,10282008.0
2008-03-03,VEA,25.196,25.247,25.012,25.207,504400,12714410.8
2008-03-04,VEA,24.829,24.989,24.582,24.88,306900,7635672.0
2008-03-05,VEA,25.11,25.322,24.955,25.133,280100,7039753.3
2008-03-06,VEA,25.196,25.224,24.8,24.874,411400,10233163.6
2008-03-07,VEA,24.662,24.846,24.427,24.542,501600,12310267.2
2008-03-10,VEA,24.697,24.697,24.255,24.301,411700,10004721.7
2008-03-11,VEA,24.691,25.087,24.639,25.081,303700,7617099.7
2008-03-12,VEA,25.262,25.303,25.044,25.107,366300,9196694.1
2008-03-13,VEA,24.889,25.268,24.39,25.13,341900,8591947.0
2008-03-14,VEA,25.222,25.228,24.402,24.579,406900,10001195.1
2008-03-17,VEA,24.327,24.396,23.862,24.195,608000,14710560.0
2008-03-18,VEA,24.625,24.935,24.562,24.935,164700,4106794.5
2008-03-19,VEA,24.666,24.82,24.017,24.017,300700,7221911.9
2008-03-20,VEA,24.149,24.379,23.822,24.264,382400,9278553.6
2008-03-24,VEA,24.683,24.878,24.528,24.752,405300,10031985.6
2008-03-25,VEA,25.125,25.222,24.878,25.176,255700,6437503.2
2008-03-26,VEA,25.354,25.36,25.067,25.153,244700,6154939.1
2008-03-27,VEA,25.75,25.785,25.171,25.193,175300,4416332.9
2008-03-28,VEA,25.348,25.394,25.113,25.142,180200,4530588.4
2008-03-31,VEA,25.911,25.911,25.148,25.297,818100,20695475.7
2008-04-01,VEA,25.463,26.037,25.463,26.031,250300,6515559.3
2008-04-02,VEA,26.238,26.249,25.911,26.117,251100,6557978.7
2008-04-03,VEA,25.825,26.261,25.79,26.186,190200,4980577.2
2008-04-04,VEA,26.278,26.387,26.112,26.307,340900,8968056.3
2008-04-07,VEA,26.731,26.731,26.399,26.41,172100,4545161.0
2008-04-08,VEA,26.267,26.267,26.031,26.181,170000,4450770.0
2008-04-09,VEA,26.14,26.186,25.917,26.014,715200,18605212.8
2008-04-10,VEA,25.888,26.094,25.727,25.905,155200,4020456.0
2008-04-11,VEA,25.595,25.819,25.521,25.567,240000,6136080.0
2008-04-14,VEA,25.894,25.894,25.509,25.584,103900,2658177.6
2008-04-15,VEA,25.785,25.785,25.601,25.733,185300,4768324.9
2008-04-16,VEA,26.215,26.617,26.175,26.617,473200,12595164.4
2008-04-17,VEA,26.404,26.404,26.129,26.336,245100,6454953.6
2008-04-18,VEA,26.921,26.921,26.37,26.496,300500,7962048.0
2008-04-21,VEA,26.651,26.703,26.479,26.703,210000,5607630.0
2008-04-22,VEA,26.754,26.754,26.278,26.404,526200,13893784.8
2008-04-23,VEA,26.473,26.588,26.272,26.502,399700,10592849.4
2008-04-24,VEA,26.697,26.697,26.14,26.37,370900,9780633.0
2008-04-25,VEA,26.743,26.743,26.536,26.668,429600,11456572.8
2008-04-28,VEA,27.059,27.059,26.737,26.777,478200,12804761.4
2008-04-29,VEA,26.869,26.869,26.496,26.525,764300,20273057.5
2008-04-30,VEA,27.277,27.277,26.605,26.657,495000,13195215.0
2008-05-01,VEA,26.72,26.869,26.468,26.869,206200,5540387.8
2008-05-02,VEA,27.082,27.082,26.806,26.938,547800,14756636.4
2008-05-05,VEA,27.139,27.139,26.909,26.978,417100,11252523.8
2008-05-06,VEA,27.076,27.162,26.829,27.082,290900,7878153.8
2008-05-07,VEA,27.001,27.013,26.594,26.651,329400,8778839.4
2008-05-08,VEA,26.875,27.001,26.806,26.812,184400,4944132.8
2008-05-09,VEA,26.697,26.772,26.594,26.72,208100,5560432.0
2008-05-12,VEA,26.674,26.995,26.674,26.973,201300,5429664.9
2008-05-13,VEA,27.001,27.001,26.76,26.875,288600,7756125.0
2008-05-14,VEA,27.242,27.242,26.875,26.892,138700,3729920.4
2008-05-15,VEA,27.053,27.334,27.041,27.294,167500,4571745.0
2008-05-16,VEA,27.472,27.621,27.386,27.621,259500,7167649.5
2008-05-19,VEA,27.587,27.713,27.489,27.575,204100,5628057.5
2008-05-20,VEA,27.489,27.489,27.219,27.323,195500,5341646.5
2008-05-21,VEA,27.397,27.397,26.955,27.018,236200,6381651.6
2008-05-22,VEA,27.191,27.546,27.191,27.277,233400,6366451.8
2008-05-23,VEA,27.42,27.42,26.915,26.915,176400,4747806.0
2008-05-27,VEA,26.863,26.886,26.709,26.886,240200,6458017.2
2008-05-28,VEA,27.018,27.018,26.703,26.927,559800,15073734.6
2008-05-29,VEA,27.047,27.047,26.686,26.841,251700,6755879.7
2008-05-30,VEA,27.024,27.03,26.904,26.978,209600,5654588.8
2008-06-02,VEA,27.69,27.69,26.617,26.726,303600,8114013.6
2008-06-03,VEA,27.013,27.013,26.513,26.634,222500,5926065.0
2008-06-04,VEA,26.628,26.634,26.422,26.502,294200,7796888.4
2008-06-05,VEA,26.955,26.955,26.49,26.915,240300,6467674.5
2008-06-06,VEA,26.68,26.68,26.14,26.158,765600,20026564.8
2008-06-09,VEA,26.445,26.445,25.98,26.14,199800,5222772.0
2008-06-10,VEA,25.693,25.825,25.612,25.67,188800,4846496.0
2008-06-11,VEA,25.773,25.773,25.297,25.32,293500,7431420.0
2008-06-12,VEA,25.257,25.354,25.125,25.216,232300,5857676.8
2008-06-13,VEA,25.211,25.463,25.171,25.423,189300,4812573.9
2008-06-16,VEA,25.452,25.63,25.394,25.549,198800,5079141.2
2008-06-17,VEA,25.567,25.842,25.567,25.641,198800,5097430.8
2008-06-18,VEA,25.538,25.538,25.325,25.412,139000,3532268.0
2008-06-19,VEA,25.446,25.446,25.211,25.343,191200,4845581.6
2008-06-20,VEA,25.325,25.325,24.746,24.803,402800,9990648.4
2008-06-23,VEA,24.935,24.935,24.706,24.763,214200,5304234.6
2008-06-24,VEA,24.757,24.849,24.556,24.7,352600,8709220.0
2008-06-25,VEA,24.757,25.165,24.757,24.981,359300,8975673.3
2008-06-26,VEA,24.889,24.889,24.315,24.361,802000,19537522.0
2008-06-27,VEA,24.252,24.608,24.252,24.482,332500,8140265.0
2008-06-30,VEA,24.763,24.763,24.585,24.637,602000,14831474.0
2008-07-01,VEA,24.224,24.402,24.0,24.39,7577400,184812786.0
2008-07-02,VEA,24.539,24.7,23.914,23.977,954200,22878853.4
2008-07-03,VEA,24.229,24.247,23.925,24.12,682600,16464312.0
2008-07-07,VEA,23.753,24.62,23.753,23.914,1786500,42722361.0
2008-07-08,VEA,23.897,24.057,23.667,24.04,677100,16277484.0
2008-07-09,VEA,24.138,24.201,23.782,23.828,1206700,28753247.6
2008-07-10,VEA,23.816,24.006,23.713,23.96,918400,22004864.0
2008-07-11,VEA,23.724,23.724,23.317,23.518,507500,11935385.0
2008-07-14,VEA,23.81,23.948,23.437,23.478,408300,9586067.4
2008-07-15,VEA,23.414,23.414,22.996,23.087,451800,10430706.6
2008-07-16,VEA,23.093,23.587,22.996,23.535,899900,21179146.5
2008-07-17,VEA,23.908,24.097,23.742,23.874,444300,10607218.2
2008-07-18,VEA,23.799,24.057,23.799,24.057,301200,7245968.4
2008-07-21,VEA,24.201,24.264,24.086,24.229,229200,5553286.8
2008-07-22,VEA,24.0,24.235,23.816,24.224,745900,18068681.6
2008-07-23,VEA,24.367,24.465,24.304,24.373,327600,7984594.8
2008-07-24,VEA,24.585,24.591,23.908,23.954,457200,10951768.8
2008-07-25,VEA,23.931,24.063,23.845,23.954,561900,13459752.6
2008-07-28,VEA,23.822,23.994,23.564,23.638,815200,19269697.6
2008-07-29,VEA,23.575,23.845,23.575,23.828,280200,6676605.6
2008-07-30,VEA,24.092,24.27,23.839,24.092,431100,10386061.2
2008-07-31,VEA,23.845,24.017,23.73,23.782,362900,8630487.8
2008-08-01,VEA,23.742,23.742,23.409,23.472,588700,13817966.4
2008-08-04,VEA,23.443,23.443,23.219,23.254,486700,11317721.8
2008-08-05,VEA,23.466,23.833,23.466,23.822,277200,6603458.4
2008-08-06,VEA,23.879,23.879,23.615,23.833,278100,6627957.3
2008-08-07,VEA,23.678,23.868,23.317,23.369,361200,8440882.8
2008-08-08,VEA,23.214,23.512,23.024,23.443,315300,7391577.9
2008-08-11,VEA,23.529,23.581,23.386,23.46,207400,4865604.0
2008-08-12,VEA,23.449,23.472,23.237,23.351,2245900,52444010.9
2008-08-13,VEA,22.978,23.041,22.76,22.927,346800,7951083.6
2008-08-14,VEA,22.823,22.944,22.703,22.829,554000,12647266.0
2008-08-15,VEA,22.772,22.772,22.588,22.668,618700,14024691.6
2008-08-18,VEA,22.921,22.921,22.496,22.548,1126500,25400322.0
2008-08-19,VEA,22.353,22.353,22.095,22.295,2743000,61155185.0
2008-08-20,VEA,22.313,22.468,22.232,22.41,1957500,43867575.0
2008-08-21,VEA,22.324,22.594,22.324,22.548,845300,19059824.4
2008-08-22,VEA,22.525,22.663,22.496,22.645,693400,15702043.0
2008-08-25,VEA,22.594,22.64,22.209,22.272,470300,10474521.6
2008-08-26,VEA,22.209,22.479,22.192,22.381,710500,15901700.5
2008-08-27,VEA,22.422,22.611,22.416,22.611,343400,7764617.4
2008-08-28,VEA,22.795,22.915,22.795,22.875,632500,14468437.5
2008-08-29,VEA,22.99,23.018,22.783,22.829,260200,5940105.8
2008-09-02,VEA,23.082,23.082,22.427,22.485,576300,12958105.5
2008-09-03,VEA,22.502,22.502,22.261,22.376,505600,11313305.6
2008-09-04,VEA,22.14,22.14,21.383,21.383,1293700,27663187.1
2008-09-05,VEA,21.331,21.394,21.039,21.366,874500,18684567.0
2008-09-08,VEA,21.951,22.02,21.486,21.773,649400,14139386.2
2008-09-09,VEA,21.618,21.716,21.102,21.153,551900,11674340.7
2008-09-10,VEA,21.446,21.446,21.194,21.262,707700,15047117.4
2008-09-11,VEA,20.798,21.216,20.7,21.216,726200,15407059.2
2008-09-12,VEA,21.062,21.653,21.062,21.653,479000,10371787.0
2008-09-15,VEA,20.666,20.993,20.602,20.729,581600,12055986.4
2008-09-16,VEA,20.161,20.654,20.092,20.62,684200,14108204.0
2008-09-17,VEA,20.275,20.338,19.656,19.902,781600,15555403.2
2008-09-18,VEA,20.138,20.815,19.81,20.66,641900,13261654.0
2008-09-19,VEA,22.129,22.955,21.297,22.031,541100,11920974.1
2008-09-22,VEA,22.02,22.129,21.498,21.693,765700,16610330.1
2008-09-23,VEA,21.796,21.796,21.033,21.199,623100,13209096.9
2008-09-24,VEA,21.32,21.567,21.079,21.211,513700,10896090.7
2008-09-25,VEA,21.32,21.716,21.32,21.635,549500,11888432.5
2008-09-26,VEA,21.159,21.463,21.09,21.463,587400,12607366.2
2008-09-29,VEA,20.361,20.367,18.812,19.334,1273600,24623782.4
2008-09-30,VEA,19.833,20.183,19.684,20.183,1891300,38172107.9
2008-10-01,VEA,19.965,20.212,19.696,20.08,669500,13443560.0
2008-10-02,VEA,19.736,19.742,19.099,19.219,875200,16820468.8
2008-10-03,VEA,19.231,19.868,19.082,19.168,789100,15125468.8
2008-10-06,VEA,18.261,18.404,17.274,18.06,860400,15538824.0
2008-10-07,VEA,18.347,18.462,17.199,17.257,784500,13538116.5
2008-10-08,VEA,16.918,17.48,16.574,16.803,780000,13106340.0
2008-10-09,VEA,17.303,17.314,15.627,15.839,885900,14031770.1
2008-10-10,VEA,14.818,15.679,14.399,15.346,1627000,24967942.0
2008-10-13,VEA,16.396,17.699,16.218,17.699,1478800,26173281.2
2008-10-14,VEA,18.267,18.399,16.964,17.331,2294000,39757314.0
2008-10-15,VEA,16.884,16.975,15.42,15.42,1289300,19881006.0
2008-10-16,VEA,15.805,16.224,14.932,16.212,1373900,22273666.8
2008-10-17,VEA,15.638,16.591,15.478,15.954,908500,14494209.0
2008-10-20,VEA,16.407,16.74,16.264,16.74,2216500,37104210.0
2008-10-21,VEA,16.379,16.511,15.902,16.04,781500,12535260.0
2008-10-22,VEA,15.42,15.501,14.41,14.72,1390400,20466688.0
2008-10-23,VEA,14.783,15.225,14.336,15.019,1260400,18929947.6
2008-10-24,VEA,13.618,14.536,13.618,14.204,863400,12263733.6
2008-10-27,VEA,13.745,14.1,13.486,13.561,1143100,15501579.1
2008-10-28,VEA,14.221,15.231,13.767,14.582,1025600,14955299.2
2008-10-29,VEA,14.984,15.891,14.921,15.403,1042000,16049926.0
2008-10-30,VEA,16.12,16.224,15.512,15.868,1476400,23427515.2
2008-10-31,VEA,15.518,16.184,15.42,16.034,1030900,16529450.6
2008-11-03,VEA,15.931,16.126,15.856,16.029,1182900,18960704.1
2008-11-04,VEA,16.557,17.171,16.459,17.165,1415000,24288475.0
2008-11-05,VEA,16.849,17.09,16.241,16.304,1272000,20738688.0
2008-11-06,VEA,16.086,16.178,15.03,15.122,1070400,16186588.8
2008-11-07,VEA,15.661,16.046,15.644,16.046,1358500,21798491.0
2008-11-10,VEA,16.287,16.316,15.569,15.833,1086100,17196221.3
2008-11-11,VEA,15.437,15.472,14.973,15.237,1387400,21139813.8
2008-11-12,VEA,14.909,14.955,14.41,14.439,994200,14355253.8
2008-11-13,VEA,14.651,15.575,14.066,15.529,3193700,49594967.3
2008-11-14,VEA,14.927,15.351,14.6,14.737,1428800,21056225.6
2008-11-17,VEA,14.514,14.864,14.33,14.502,808700,11727767.4
2008-11-18,VEA,14.341,14.686,14.129,14.536,1026500,14921204.0
2008-11-19,VEA,14.244,14.485,13.532,13.601,960600,13065120.6
2008-11-20,VEA,13.503,13.727,12.798,12.907,2025500,26143128.5
2008-11-21,VEA,13.555,13.871,12.815,13.613,1832400,24944461.2
2008-11-24,VEA,14.06,14.864,13.854,14.64,2062200,30190608.0
2008-11-25,VEA,15.019,15.237,14.439,14.835,1375800,20409993.0
2008-11-26,VEA,14.433,15.099,14.37,15.024,1994900,29971377.6
2008-11-28,VEA,14.881,15.024,14.743,14.973,602000,9013746.0
2008-12-01,VEA,14.462,14.491,13.693,13.739,5099700,70064778.3
2008-12-02,VEA,14.261,14.519,14.049,14.491,3496900,50673577.9
2008-12-03,VEA,14.095,14.64,13.968,14.634,2736400,40044477.6
2008-12-04,VEA,14.25,14.491,13.928,14.209,2614900,37155114.1
2008-12-05,VEA,13.997,14.559,13.63,14.496,3314400,48045542.4
2008-12-08,VEA,14.852,15.185,14.743,15.093,2440900,36840503.7
2008-12-09,VEA,14.961,15.288,14.841,14.978,4962300,74325329.4
2008-12-10,VEA,15.185,15.759,15.07,15.351,2908300,44645313.3
2008-12-11,VEA,15.369,15.592,15.116,15.466,2744500,42446437.0
2008-12-12,VEA,15.541,15.541,14.944,15.426,3371500,52008759.0
2008-12-15,VEA,15.483,15.501,15.214,15.449,1903700,29410261.3
2008-12-16,VEA,16.344,16.402,15.426,16.344,3046400,49790361.6
2008-12-17,VEA,16.017,16.413,15.971,16.275,3435800,55917645.0
2008-12-18,VEA,16.195,16.218,15.552,15.736,3844800,60501772.8
2008-12-19,VEA,15.661,15.833,15.449,15.547,3848700,59835738.9
2008-12-22,VEA,15.684,15.719,15.237,15.501,5693600,88256493.6
2008-12-23,VEA,15.483,15.627,15.225,15.334,3685200,56508856.8
2008-12-24,VEA,15.61,15.61,15.342,15.545,2336700,36324001.5
2008-12-26,VEA,15.687,15.693,15.485,15.592,1375500,21446796.0
2008-12-29,VEA,15.907,15.907,15.515,15.616,1950700,30462131.2
2008-12-30,VEA,15.818,16.127,15.782,16.115,4274100,68877121.5
2008-12-31,VEA,16.038,16.448,15.96,16.323,3225000,52641675.0
2009-01-02,VEA,16.258,16.537,16.151,16.424,1257800,20658107.2
2009-01-05,VEA,16.204,16.341,16.103,16.18,2312300,37413014.0
2009-01-06,VEA,16.293,16.513,16.151,16.323,1117200,18236055.6
2009-01-07,VEA,16.287,16.365,16.008,16.127,1378600,22232682.2
2009-01-08,VEA,16.103,16.329,16.002,16.317,667500,10891597.5
2009-01-09,VEA,16.168,16.168,15.806,15.824,1091400,17270313.6
2009-01-12,VEA,15.741,15.747,15.372,15.438,1049400,16200637.2
2009-01-13,VEA,15.146,15.283,15.039,15.158,973200,14751765.6
2009-01-14,VEA,14.772,14.772,14.469,14.493,1340500,19427866.5
2009-01-15,VEA,14.606,14.778,14.237,14.659,1572000,23043948.0
2009-01-16,VEA,14.98,15.033,14.421,14.772,967600,14293387.2
2009-01-20,VEA,14.291,14.303,13.667,13.667,1887500,25796462.5
2009-01-21,VEA,13.946,14.332,13.78,14.303,1297200,18553851.6
2009-01-22,VEA,13.851,14.118,13.714,13.994,1155600,16171466.4
2009-01-23,VEA,13.459,14.0,13.459,13.863,1275700,17685029.1
2009-01-26,VEA,14.035,14.356,14.0,14.184,1169600,16589606.4
2009-01-27,VEA,14.356,14.499,14.213,14.392,1706400,24558508.8
2009-01-28,VEA,14.808,14.95,14.707,14.867,1051300,15629677.1
2009-01-29,VEA,14.469,14.493,14.148,14.19,681000,9663390.0
2009-01-30,VEA,14.332,14.356,13.958,14.035,1541000,21627935.0
2009-02-02,VEA,13.518,13.994,13.518,13.934,927800,12927965.2
2009-02-03,VEA,14.083,14.404,13.958,14.297,701200,10025056.4
2009-02-04,VEA,14.338,14.582,14.184,14.237,907000,12912959.0
2009-02-05,VEA,14.136,14.552,14.047,14.41,728900,10503449.0
2009-02-06,VEA,14.487,14.849,14.463,14.748,787600,11615524.8
2009-02-09,VEA,14.79,14.873,14.665,14.778,846500,12509577.0
2009-02-10,VEA,14.629,14.73,13.988,14.047,1112200,15623073.4
2009-02-11,VEA,14.273,14.32,14.0,14.178,919800,13040924.4
2009-02-12,VEA,13.928,14.172,13.768,14.154,922800,13061311.2
2009-02-13,VEA,14.101,14.202,13.988,14.006,885800,12406514.8
2009-02-17,VEA,13.411,13.459,13.221,13.257,952000,12620664.0
2009-02-18,VEA,13.388,13.388,13.102,13.239,1278500,16926061.5
2009-02-19,VEA,13.536,13.607,13.18,13.221,1407900,18613845.9
2009-02-20,VEA,13.013,13.221,12.811,13.073,1801500,23551009.5
2009-02-23,VEA,13.144,13.174,12.568,12.579,1590200,20003125.8
2009-02-24,VEA,12.686,13.138,12.538,13.067,1644900,21493908.3
2009-02-25,VEA,12.9,12.966,12.568,12.764,1760300,22468469.2
2009-02-26,VEA,12.96,13.049,12.627,12.657,1604500,20308156.5
2009-02-27,VEA,12.728,12.888,12.496,12.621,1506300,19011012.3
2009-03-02,VEA,12.449,12.449,11.902,11.944,2986900,35675533.6
2009-03-03,VEA,12.033,12.14,11.748,11.849,2168000,25688632.0
2009-03-04,VEA,12.217,12.49,12.08,12.342,1615400,19937266.8
2009-03-05,VEA,12.003,12.134,11.706,11.843,1215400,14393982.2
2009-03-06,VEA,12.033,12.11,11.575,11.866,2955000,35064030.0
2009-03-09,VEA,11.474,11.742,11.45,11.551,1779300,20552694.3
2009-03-10,VEA,12.003,12.348,11.973,12.27,1298000,15926460.0
2009-03-11,VEA,12.449,12.544,12.229,12.336,834900,10299326.4
2009-03-12,VEA,12.199,12.663,12.128,12.663,1062000,13448106.0
2009-03-13,VEA,12.722,12.752,12.514,12.692,1008500,12799882.0
2009-03-16,VEA,12.942,13.138,12.829,12.859,697500,8969152.5
2009-03-17,VEA,12.823,13.203,12.758,13.191,1695500,22365340.5
2009-03-18,VEA,13.037,13.637,12.906,13.578,1547800,21016028.4
2009-03-19,VEA,13.881,13.905,13.53,13.572,1372300,18624855.6
2009-03-20,VEA,13.542,14.089,13.316,13.376,1675900,22416838.4
2009-03-23,VEA,13.857,14.362,13.779,14.333,860200,12329246.6
2009-03-24,VEA,13.982,14.779,13.881,13.881,1061000,14727741.0
2009-03-25,VEA,13.994,14.327,13.833,14.13,969100,13693383.0
2009-03-26,VEA,14.255,14.398,14.095,14.303,1434700,20520514.1
2009-03-27,VEA,13.958,13.97,13.791,13.839,2584900,35772431.1
2009-03-30,VEA,13.435,13.435,13.197,13.333,999100,13321000.3
2009-03-31,VEA,13.553,13.851,13.494,13.684,1882800,25764235.2
2009-04-01,VEA,13.583,14.083,13.571,14.047,1999500,28086976.5
2009-04-02,VEA,14.511,14.903,14.511,14.677,1290100,18934797.7
2009-04-03,VEA,14.648,14.767,14.511,14.749,7329200,108098370.8
2009-04-06,VEA,14.463,14.523,14.291,14.487,6231100,90269945.7
2009-04-07,VEA,14.249,14.333,14.13,14.19,1305100,18519369.0
2009-04-08,VEA,14.297,14.422,14.148,14.309,971400,13899762.6
2009-04-09,VEA,14.689,14.689,14.499,14.672,967600,14196627.2
2009-04-13,VEA,14.654,14.975,14.582,14.82,900800,13349856.0
2009-04-14,VEA,14.731,14.886,14.666,14.713,1233400,18147014.2
2009-04-15,VEA,14.63,14.927,14.588,14.886,2630400,39156134.4
2009-04-16,VEA,14.963,15.07,14.808,14.975,543600,8140410.0
2009-04-17,VEA,15.022,15.046,14.874,14.969,557500,8345217.5
2009-04-20,VEA,14.618,14.749,14.309,14.321,693600,9933045.6
2009-04-21,VEA,14.178,14.677,14.172,14.636,115500,1690458.0
2009-04-22,VEA,14.446,14.808,14.398,14.541,990100,14397044.1
2009-04-23,VEA,14.755,14.933,14.618,14.915,762300,11369704.5
2009-04-24,VEA,15.141,15.278,15.058,15.159,891400,13512732.6
2009-04-27,VEA,14.903,15.159,14.868,14.963,869900,13016313.7
2009-04-28,VEA,14.707,14.975,14.654,14.856,566900,8421866.4
2009-04-29,VEA,15.106,15.391,15.058,15.266,939500,14342407.0
2009-04-30,VEA,15.445,15.564,15.231,15.302,1008800,15436657.6
2009-05-01,VEA,15.361,15.516,15.29,15.516,840500,13041198.0
2009-05-04,VEA,15.873,16.111,15.611,16.093,973100,15660098.3
2009-05-05,VEA,16.069,16.093,15.873,15.873,527800,8377769.4
2009-05-06,VEA,16.295,16.396,16.069,16.361,1139600,18644995.6
2009-05-07,VEA,16.539,16.539,15.998,16.117,919300,14816358.1
2009-05-08,VEA,16.474,16.824,16.372,16.777,573800,9626642.6
2009-05-11,VEA,16.462,16.485,16.319,16.396,907700,14882649.2
2009-05-12,VEA,16.587,16.658,16.319,16.533,648900,10728263.7
2009-05-13,VEA,16.17,16.182,15.926,15.968,694900,11096163.2
2009-05-14,VEA,15.956,16.265,15.938,16.158,1671300,27004865.4
2009-05-15,VEA,16.164,16.301,15.938,15.968,2771800,44260102.4
2009-05-18,VEA,16.39,16.634,16.295,16.598,916500,15212067.0
2009-05-19,VEA,16.664,16.818,16.628,16.705,2622400,43807192.0
2009-05-20,VEA,16.86,17.08,16.789,16.824,638900,10748853.6
2009-05-21,VEA,16.616,16.723,16.521,16.664,978500,16305724.0
2009-05-22,VEA,16.807,16.884,16.705,16.795,460900,7740815.5
2009-05-26,VEA,16.801,17.163,16.545,17.092,543200,9284374.4
2009-05-27,VEA,17.14,17.14,16.747,16.812,2082700,35014352.4
2009-05-28,VEA,16.92,16.997,16.664,16.931,815400,13805537.4
2009-05-29,VEA,17.151,17.3,17.033,17.3,596500,10319450.0
2009-06-01,VEA,17.639,17.847,17.592,17.716,686600,12163805.6
2009-06-02,VEA,17.609,17.889,17.609,17.883,700200,12521676.6
2009-06-03,VEA,17.514,17.514,17.146,17.372,1449800,25185925.6
2009-06-04,VEA,17.354,17.467,17.241,17.437,443800,7738540.6
2009-06-05,VEA,17.496,17.496,17.116,17.241,906100,15622070.1
2009-06-08,VEA,17.021,17.259,16.872,17.14,643300,11026162.0
2009-06-09,VEA,17.217,17.407,17.151,17.312,647800,11214713.6
2009-06-10,VEA,17.627,17.627,17.181,17.377,599800,10422724.6
2009-06-11,VEA,17.52,17.877,17.52,17.669,599900,10599633.1
2009-06-12,VEA,17.538,17.633,17.419,17.592,815600,14348035.2
2009-06-15,VEA,17.259,17.259,16.854,17.003,828500,14086985.5
2009-06-16,VEA,17.104,17.122,16.783,16.812,492200,8274866.4
2009-06-17,VEA,16.789,16.949,16.604,16.83,856500,14414895.0
2009-06-18,VEA,16.765,16.979,16.711,16.848,718400,12103603.2
2009-06-19,VEA,17.056,17.134,16.979,17.056,596700,10177315.2
2009-06-22,VEA,16.896,16.902,16.474,16.509,1146600,18929219.4
2009-06-23,VEA,16.765,16.836,16.581,16.783,615500,10329936.5
2009-06-24,VEA,17.009,17.104,16.699,16.699,762000,12724638.0
2009-06-25,VEA,16.676,17.122,16.652,17.116,720800,12337212.8
2009-06-26,VEA,17.14,17.181,16.985,17.116,676200,11573839.2
2009-06-29,VEA,17.187,17.312,17.086,17.175,495400,8508495.0
2009-06-30,VEA,17.259,17.288,16.949,16.985,1296600,22022751.0
2009-07-01,VEA,17.336,17.514,17.294,17.389,3855600,67045028.4
2009-07-02,VEA,17.038,17.163,16.807,16.86,1562800,26348808.0
2009-07-06,VEA,16.652,16.908,16.622,16.884,714200,12058552.8
2009-07-07,VEA,16.783,16.812,16.444,16.468,892500,14697690.0
2009-07-08,VEA,16.521,16.539,16.2,16.378,631800,10347620.4
2009-07-09,VEA,16.646,16.711,16.479,16.711,870700,14550267.7
2009-07-10,VEA,16.361,16.462,16.253,16.384,524200,8588492.8
2009-07-13,VEA,16.485,16.729,16.331,16.682,440100,7341748.2
2009-07-14,VEA,16.789,16.836,16.634,16.723,385900,6453405.7
2009-07-15,VEA,17.151,17.377,17.116,17.229,793600,13672934.4
2009-07-16,VEA,17.36,17.568,17.294,17.508,536600,9394792.8
2009-07-17,VEA,17.425,17.52,17.348,17.485,895000,15649075.0
2009-07-20,VEA,17.728,17.829,17.621,17.788,633100,11261582.8
2009-07-21,VEA,18.014,18.026,17.711,17.877,788000,14087076.0
2009-07-22,VEA,17.788,18.032,17.746,17.942,509700,9145037.4
2009-07-23,VEA,17.936,18.353,17.913,18.204,1103400,20086293.6
2009-07-24,VEA,18.246,18.359,18.115,18.359,566500,10400373.5
2009-07-27,VEA,18.27,18.4,18.162,18.365,510300,9371659.5
2009-07-28,VEA,18.258,18.335,18.091,18.305,1095700,20056788.5
2009-07-29,VEA,18.264,18.293,18.049,18.091,1232600,22298966.6
2009-07-30,VEA,18.555,18.656,18.412,18.519,386400,7155741.6
2009-07-31,VEA,18.62,18.876,18.531,18.781,720900,13539222.9
2009-08-03,VEA,19.126,19.298,18.597,19.287,798800,15406455.6
2009-08-04,VEA,19.078,19.263,19.013,19.263,1077400,20753956.2
2009-08-05,VEA,19.114,19.197,18.858,19.197,873100,16760900.7
2009-08-06,VEA,19.168,19.185,18.852,19.066,520200,9918133.2
2009-08-07,VEA,19.09,19.126,18.959,19.025,532600,10132715.0
2009-08-10,VEA,18.924,18.971,18.781,18.888,576600,10890820.8
2009-08-11,VEA,18.811,18.817,18.65,18.757,509900,9564194.3
2009-08-12,VEA,18.716,19.12,18.716,18.995,507500,9639962.5
2009-08-13,VEA,19.227,19.316,19.09,19.298,1127100,21750775.8
2009-08-14,VEA,19.346,19.346,18.977,19.132,694500,13287174.0
2009-08-17,VEA,18.561,18.567,18.436,18.501,490200,9069190.2
2009-08-18,VEA,18.644,18.882,18.597,18.811,513800,9665091.8
2009-08-19,VEA,18.603,19.031,18.555,18.959,345100,6542750.9
2009-08-20,VEA,19.001,19.221,18.953,19.156,698000,13370888.0
2009-08-21,VEA,19.429,19.596,19.388,19.53,519500,10145835.0
2009-08-24,VEA,19.631,19.703,19.489,19.524,571200,11152108.8
2009-08-25,VEA,19.709,19.863,19.667,19.697,538600,10608804.2
2009-08-26,VEA,19.566,19.614,19.429,19.602,664200,13019648.4
2009-08-27,VEA,19.56,19.822,19.376,19.756,453000,8949468.0
2009-08-28,VEA,19.964,19.976,19.703,19.768,598800,11837078.4
2009-08-31,VEA,19.614,20.381,19.495,19.625,457200,8972550.0
2009-09-01,VEA,19.459,19.685,19.084,19.15,2280100,43663915.0
2009-09-02,VEA,19.072,19.245,19.007,19.173,485500,9308491.5
2009-09-03,VEA,19.352,19.358,19.132,19.322,1102400,21300572.8
2009-09-04,VEA,19.298,19.608,19.203,19.56,444100,8686596.0
2009-09-08,VEA,19.953,20.042,19.846,19.935,1055100,21033418.5
2009-09-09,VEA,20.089,20.25,20.03,20.19,2298900,46414791.0
2009-09-10,VEA,20.173,20.41,20.024,20.351,1076300,21903781.3
2009-09-11,VEA,20.625,20.625,20.238,20.286,842300,17086897.8
2009-09-14,VEA,20.101,20.351,20.054,20.339,816800,16612895.2
2009-09-15,VEA,20.274,20.428,20.131,20.286,723400,14674892.4
2009-09-16,VEA,20.583,20.827,20.523,20.821,3050200,63508214.2
2009-09-17,VEA,20.678,20.815,20.571,20.696,3352800,69389548.8
2009-09-18,VEA,20.815,20.815,20.625,20.732,1323900,27447094.8
2009-09-21,VEA,20.363,20.541,20.309,20.506,482500,9894145.0
2009-09-22,VEA,20.833,20.833,20.684,20.767,710000,14744570.0
2009-09-23,VEA,20.898,20.964,20.571,20.66,1287200,26593552.0
2009-09-24,VEA,20.744,20.767,20.185,20.309,1084700,22029172.3
2009-09-25,VEA,20.303,20.41,20.179,20.309,719100,14604201.9
2009-09-28,VEA,20.286,20.595,20.262,20.488,1370300,28074706.4
2009-09-29,VEA,20.411,20.482,20.274,20.375,653800,13321175.0
2009-09-30,VEA,20.488,20.553,20.202,20.399,1009500,20592790.5
2009-10-01,VEA,20.268,20.292,19.822,19.822,4047900,80237473.8
2009-10-02,VEA,19.572,19.786,19.53,19.643,1572300,30884688.9
2009-10-05,VEA,19.655,19.988,19.62,19.923,750900,14960180.7
2009-10-06,VEA,20.149,20.399,20.125,20.25,2307000,46716750.0
2009-10-07,VEA,20.262,20.321,20.155,20.321,553200,11241577.2
2009-10-08,VEA,20.595,20.755,20.458,20.636,888300,18330958.8
2009-10-09,VEA,20.565,20.601,20.47,20.553,784000,16113552.0
2009-10-12,VEA,20.785,20.833,20.636,20.672,379000,7834688.0
2009-10-13,VEA,20.684,20.708,20.518,20.666,481300,9946545.8
2009-10-14,VEA,21.083,21.178,20.975,21.166,471000,9969186.0
2009-10-15,VEA,21.065,21.249,20.999,21.243,454300,9650694.9
2009-10-16,VEA,20.904,20.987,20.785,20.922,729100,15254230.2
2009-10-19,VEA,21.094,21.32,21.041,21.267,373200,7936844.4
2009-10-20,VEA,21.332,21.338,20.993,21.148,713600,15091212.8
2009-10-21,VEA,21.118,21.416,21.071,21.071,2083600,43903535.6
2009-10-22,VEA,21.065,21.344,20.892,21.285,528600,11251251.0
2009-10-23,VEA,21.219,21.273,20.845,20.934,667700,13977631.8
2009-10-26,VEA,21.005,21.16,20.541,20.601,577500,11897077.5
2009-10-27,VEA,20.66,20.726,20.428,20.494,776800,15919739.2
2009-10-28,VEA,20.292,20.351,19.905,19.947,560400,11178298.8
2009-10-29,VEA,20.161,20.625,20.161,20.553,653000,13421109.0
2009-10-30,VEA,20.446,20.482,19.822,19.834,4095500,81230147.0
2009-11-02,VEA,20.018,20.298,19.804,20.042,1076900,21583229.8
2009-11-03,VEA,19.661,19.988,19.649,19.97,1286300,25687411.0
2009-11-04,VEA,20.19,20.363,20.125,20.262,850000,17222700.0
2009-11-05,VEA,20.399,20.541,20.315,20.446,477500,9762965.0
2009-11-06,VEA,20.286,20.529,20.244,20.494,584900,11986940.6
2009-11-09,VEA,20.874,21.077,20.827,21.041,1097100,23084081.1
2009-11-10,VEA,20.868,20.999,20.803,20.981,1059700,22233565.7
2009-11-11,VEA,21.13,21.196,20.934,21.035,500400,10525914.0
2009-11-12,VEA,20.964,21.053,20.672,20.708,638700,13226199.6
2009-11-13,VEA,20.839,21.065,20.726,21.017,742300,15600919.1
2009-11-16,VEA,21.201,21.469,21.166,21.344,1021700,21807164.8
2009-11-17,VEA,21.136,21.291,20.999,21.19,987000,20914530.0
2009-11-18,VEA,21.219,21.219,21.005,21.136,472800,9993100.8
2009-11-19,VEA,20.833,20.91,20.571,20.69,1222500,25293525.0
2009-11-20,VEA,20.488,20.636,20.452,20.583,2961200,60950379.6
2009-11-23,VEA,21.071,21.124,20.91,20.964,758600,15903290.4
2009-11-24,VEA,20.964,21.017,20.738,20.851,789100,16453524.1
2009-11-25,VEA,20.958,21.178,20.958,21.178,564600,11957098.8
2009-11-27,VEA,20.262,20.696,20.238,20.529,383500,7872871.5
2009-11-30,VEA,20.577,20.744,20.434,20.648,1428000,29485344.0
2009-12-01,VEA,21.059,21.261,21.005,21.201,653100,13846373.1
2009-12-02,VEA,21.201,21.338,21.136,21.225,997700,21176182.5
2009-12-03,VEA,21.362,21.469,21.136,21.184,1004500,21279328.0
2009-12-04,VEA,21.38,21.463,20.97,21.106,972600,20527695.6
2009-12-07,VEA,20.999,21.172,20.952,20.981,901900,18922763.9
2009-12-08,VEA,20.732,20.785,20.559,20.625,666300,13742437.5
2009-12-09,VEA,20.589,20.672,20.387,20.672,642400,13279692.8
2009-12-10,VEA,20.767,20.779,20.601,20.66,665700,13753362.0
2009-12-11,VEA,20.744,20.755,20.619,20.69,751500,15548535.0
2009-12-14,VEA,20.833,20.886,20.749,20.851,812000,16931012.0
2009-12-15,VEA,20.636,20.738,20.595,20.648,871000,17984408.0
2009-12-16,VEA,20.851,20.987,20.803,20.88,1005000,20984400.0
2009-12-17,VEA,20.535,20.541,20.327,20.375,1050600,21405975.0
2009-12-18,VEA,20.434,20.518,20.214,20.399,1056200,21545423.8
2009-12-21,VEA,20.422,20.589,20.422,20.506,737100,15114972.6
2009-12-22,VEA,20.571,20.66,20.512,20.625,955400,19705125.0
2009-12-23,VEA,20.744,20.821,20.654,20.821,864900,18008082.9
2009-12-24,VEA,20.88,20.935,20.856,20.91,525000,10977750.0
2009-12-28,VEA,21.008,21.008,20.922,20.996,789800,16582640.8
2009-12-29,VEA,21.129,21.135,20.929,21.002,1272500,26725045.0
2009-12-30,VEA,20.837,20.989,20.795,20.989,1453100,30499115.9
2009-12-31,VEA,21.056,21.117,20.789,20.813,902000,18773326.0
2010-01-04,VEA,21.409,21.415,21.227,21.373,2165800,46289643.4
2010-01-05,VEA,21.397,21.464,21.275,21.385,881800,18857293.0
2010-01-06,VEA,21.324,21.44,21.306,21.391,2264900,48448475.9
2010-01-07,VEA,21.294,21.348,21.172,21.348,811700,17328171.6
2010-01-08,VEA,21.391,21.592,21.324,21.58,710000,15321800.0
2010-01-11,VEA,21.744,21.762,21.61,21.714,813900,17673024.6
2010-01-12,VEA,21.47,21.555,21.379,21.464,658500,14134044.0
2010-01-13,VEA,21.568,21.695,21.403,21.665,674100,14604376.5
2010-01-14,VEA,21.647,21.811,21.604,21.787,2226300,48504398.1
2010-01-15,VEA,21.647,21.653,21.33,21.434,764900,16394866.6
2010-01-19,VEA,21.385,21.695,21.348,21.671,514600,11151896.6
2010-01-20,VEA,21.251,21.251,20.898,21.117,916300,19349507.1
2010-01-21,VEA,21.093,21.117,20.521,20.679,1492100,30855135.9
2010-01-22,VEA,20.582,20.679,20.21,20.217,1406400,28433188.8
2010-01-25,VEA,20.582,20.667,20.448,20.515,744200,15267263.0
2010-01-26,VEA,20.344,20.557,20.277,20.405,1246800,25440954.0
2010-01-27,VEA,20.277,20.375,20.095,20.363,735100,14968841.3
2010-01-28,VEA,20.369,20.375,19.876,20.028,990700,19841739.6
2010-01-29,VEA,20.058,20.162,19.681,19.681,1481000,29147561.0
2010-02-01,VEA,20.01,20.101,19.973,20.058,2295000,46033110.0
2010-02-02,VEA,20.229,20.448,20.137,20.448,799700,16352265.6
2010-02-03,VEA,20.253,20.344,20.101,20.137,879600,17712505.2
2010-02-04,VEA,19.839,19.864,19.352,19.352,1747700,33821490.4
2010-02-05,VEA,19.243,19.31,18.762,19.182,1681300,32250696.6
2010-02-08,VEA,19.109,19.322,18.969,19.012,939300,17857971.6
2010-02-09,VEA,19.413,19.748,19.225,19.578,1529900,29952382.2
2010-02-10,VEA,19.48,19.541,19.249,19.456,1048500,20399616.0
2010-02-11,VEA,19.358,19.663,19.225,19.62,697700,13688874.0
2010-02-12,VEA,19.285,19.571,19.182,19.571,786200,15386720.2
2010-02-16,VEA,19.59,19.918,19.456,19.882,753200,14975122.4
2010-02-17,VEA,19.955,19.997,19.821,19.906,1256000,25001936.0
2010-02-18,VEA,19.839,20.089,19.821,20.089,1493700,30006939.3
2010-02-19,VEA,19.73,19.949,19.675,19.906,919500,18303567.0
2010-02-22,VEA,20.04,20.046,19.894,19.937,635700,12673950.9
2010-02-23,VEA,19.87,19.906,19.608,19.711,1400600,27607226.6
2010-02-24,VEA,19.724,19.894,19.644,19.772,541600,10708515.2
2010-02-25,VEA,19.419,19.699,19.34,19.693,944900,18607915.7
2010-02-26,VEA,19.657,19.87,19.523,19.827,828100,16418738.7
2010-03-01,VEA,19.882,20.004,19.784,19.973,574500,11474488.5
2010-03-02,VEA,20.125,20.235,20.022,20.119,1060800,21342235.2
2010-03-03,VEA,20.271,20.472,20.235,20.405,775300,15819996.5
2010-03-04,VEA,20.381,20.405,20.192,20.302,845200,17159250.4
2010-03-05,VEA,20.436,21.026,20.399,20.758,939700,19506292.6
2010-03-08,VEA,20.776,20.776,20.618,20.703,719300,14891667.9
2010-03-09,VEA,20.533,20.728,20.472,20.643,829400,17121304.2
2010-03-10,VEA,20.673,20.819,20.618,20.776,635400,13201070.4
2010-03-11,VEA,20.722,20.843,20.624,20.843,707000,14736001.0
2010-03-12,VEA,20.989,20.996,20.849,20.941,1371800,28726863.8
2010-03-15,VEA,20.795,20.825,20.643,20.813,731100,15216384.3
2010-03-16,VEA,20.886,21.087,20.825,21.056,2640600,55600473.6
2010-03-17,VEA,21.16,21.263,21.111,21.178,1089700,23077666.6
2010-03-18,VEA,21.105,21.123,20.916,21.05,803000,16903150.0
2010-03-19,VEA,20.831,21.032,20.722,20.831,3199500,66648784.5
2010-03-22,VEA,20.557,20.892,20.527,20.874,1212900,25318074.6
2010-03-23,VEA,20.887,21.051,20.801,21.051,1893700,39864278.7
2010-03-24,VEA,20.692,20.753,20.607,20.674,760800,15728779.2
2010-03-25,VEA,20.874,20.929,20.661,20.698,782600,16198254.8
2010-03-26,VEA,20.838,20.947,20.734,20.826,2484300,51738031.8
2010-03-29,VEA,20.941,21.051,20.917,21.039,647700,13626960.3
2010-03-30,VEA,21.094,21.167,20.954,21.057,843600,17763685.2
2010-03-31,VEA,20.996,21.13,20.917,21.075,641000,13509075.0
2010-04-01,VEA,21.294,21.392,21.246,21.386,5545900,118604617.4
2010-04-05,VEA,21.398,21.459,21.331,21.355,3538400,75562532.0
2010-04-06,VEA,21.167,21.38,21.136,21.38,1032200,22068436.0
2010-04-07,VEA,21.227,21.276,21.112,21.161,907100,19195143.1
2010-04-08,VEA,20.978,21.203,20.917,21.179,512100,10845765.9
2010-04-09,VEA,21.246,21.52,21.246,21.489,2322400,49906053.6
2010-04-12,VEA,21.526,21.629,21.52,21.574,747100,16117935.4
2010-04-13,VEA,21.599,21.605,21.392,21.55,476100,10259955.0
2010-04-14,VEA,21.721,21.855,21.641,21.824,665000,14512960.0
2010-04-15,VEA,21.69,21.855,21.66,21.842,812100,17737888.2
2010-04-16,VEA,21.641,21.721,21.246,21.331,1077700,22988418.7
2010-04-19,VEA,21.124,21.307,21.033,21.288,538600,11465716.8
2010-04-20,VEA,21.477,21.489,21.38,21.453,512600,10996807.8
2010-04-21,VEA,21.337,21.38,21.179,21.288,965300,20549306.4
2010-04-22,VEA,20.929,21.118,20.82,21.081,698500,14725078.5
2010-04-23,VEA,21.014,21.24,20.947,21.221,1395000,29603295.0
2010-04-26,VEA,21.264,21.343,21.227,21.264,1404400,29863161.6
2010-04-27,VEA,20.941,21.106,20.381,20.424,4184500,85464228.0
2010-04-28,VEA,20.576,20.625,20.223,20.406,1939000,39567234.0
2010-04-29,VEA,20.655,20.801,20.613,20.759,1094100,22712421.9
2010-04-30,VEA,20.771,20.777,20.448,20.491,1583800,32453645.8
2010-05-03,VEA,20.546,20.692,20.479,20.6,1021600,21044960.0
2010-05-04,VEA,20.077,20.089,19.724,19.785,1481000,29301585.0
2010-05-05,VEA,19.34,19.633,19.31,19.444,1871600,36391390.4
2010-05-06,VEA,19.279,19.407,16.424,18.525,2733300,50634382.5
2010-05-07,VEA,18.792,18.914,18.141,18.482,3775100,69771398.2
2010-05-10,VEA,19.706,19.846,19.499,19.681,2894100,56958782.1
2010-05-11,VEA,19.243,19.681,19.194,19.426,8357700,162356680.2
2010-05-12,VEA,19.608,19.724,19.535,19.614,2552600,50066696.4
2010-05-13,VEA,19.505,19.626,19.353,19.377,2144800,41559789.6
2010-05-14,VEA,19.146,19.176,18.665,18.841,1608400,30303864.4
2010-05-17,VEA,18.908,18.975,18.409,18.792,3641500,68431068.0
2010-05-18,VEA,18.999,19.042,18.312,18.385,1437200,26422922.0
2010-05-19,VEA,18.366,18.561,18.178,18.512,2361500,43716088.0
2010-05-20,VEA,17.94,18.159,17.66,17.672,2292400,40511292.8
2010-05-21,VEA,17.678,18.324,17.636,18.245,2222300,40545863.5
2010-05-24,VEA,18.025,18.165,17.831,17.837,1346800,24022871.6
2010-05-25,VEA,17.295,17.8,17.234,17.8,2889100,51425980.0
2010-05-26,VEA,17.843,17.952,17.453,17.514,1782200,31213450.8
2010-05-27,VEA,18.159,18.494,18.038,18.494,1401500,25919341.0
2010-05-28,VEA,18.403,18.445,18.068,18.129,1105400,20039796.6
2010-06-01,VEA,18.001,18.415,17.922,17.922,2028000,36345816.0
2010-06-02,VEA,18.038,18.47,17.94,18.47,1032700,19073969.0
2010-06-03,VEA,18.561,18.573,18.251,18.372,2029500,37285974.0
2010-06-04,VEA,17.971,18.044,17.544,17.624,14135200,249118764.8
2010-06-07,VEA,17.721,17.788,17.356,17.362,3519900,61112503.8
2010-06-08,VEA,17.435,17.672,17.319,17.642,2864400,50533744.8
2010-06-09,VEA,17.764,17.946,17.502,17.593,1225900,21567258.7
2010-06-10,VEA,18.129,18.354,18.056,18.336,1523700,27938563.2
2010-06-11,VEA,18.135,18.385,18.111,18.378,1377100,25308343.8
2010-06-14,VEA,18.628,18.744,18.464,18.482,1451400,26824774.8
2010-06-15,VEA,18.799,19.091,18.732,19.066,1020200,19451133.2
2010-06-16,VEA,18.865,19.072,18.805,19.018,768600,14617234.8
2010-06-17,VEA,19.072,19.091,18.865,19.042,1107700,21092823.4
2010-06-18,VEA,19.012,19.115,18.963,19.018,607200,11547729.6
2010-06-21,VEA,19.334,19.353,18.963,19.036,789100,15021307.6
2010-06-22,VEA,19.085,19.146,18.744,18.792,881900,16572664.8
2010-06-23,VEA,18.957,19.036,18.689,18.902,1111300,21005792.6
2010-06-24,VEA,18.768,18.811,18.531,18.573,962300,17872797.9
2010-06-25,VEA,18.592,18.738,18.427,18.683,876500,16375649.5
2010-06-28,VEA,18.622,18.78,18.506,18.543,834700,15477842.1
2010-06-29,VEA,18.22,18.22,17.831,17.873,1578700,28216105.1
2010-06-30,VEA,17.91,18.105,17.782,17.8,1068000,19010400.0
2010-07-01,VEA,18.001,18.056,17.739,18.007,6058100,109088206.7
2010-07-02,VEA,18.123,18.196,17.861,17.971,1073100,19284680.1
2010-07-06,VEA,18.531,18.64,18.238,18.324,2068100,37895864.4
2010-07-07,VEA,18.452,18.957,18.439,18.914,1324600,25053484.4
2010-07-08,VEA,18.999,19.133,18.872,19.133,857800,16412287.4
2010-07-09,VEA,18.957,19.146,18.92,19.146,778400,14903246.4
2010-07-12,VEA,18.981,19.103,18.939,19.091,926400,17685902.4
2010-07-13,VEA,19.322,19.45,19.267,19.426,797100,15484464.6
2010-07-14,VEA,19.371,19.499,19.279,19.45,1190200,23149390.0
2010-07-15,VEA,19.511,19.608,19.273,19.578,1043300,20425727.4
2010-07-16,VEA,19.353,19.353,18.92,18.945,1013900,19208335.5
2010-07-19,VEA,19.139,19.158,18.902,19.085,659000,12577015.0
2010-07-20,VEA,18.805,19.231,18.774,19.194,811500,15575931.0
2010-07-21,VEA,19.206,19.237,18.805,18.853,1098100,20702479.3
2010-07-22,VEA,19.328,19.566,19.316,19.505,953600,18599968.0
2010-07-23,VEA,19.456,19.724,19.413,19.718,2056800,40555982.4
2010-07-26,VEA,19.608,19.87,19.578,19.87,952000,18916240.0
2010-07-27,VEA,20.004,20.004,19.779,19.931,879700,17533300.7
2010-07-28,VEA,19.882,19.925,19.76,19.803,649400,12860068.2
2010-07-29,VEA,20.077,20.174,19.736,19.894,757200,15063736.8
2010-07-30,VEA,19.663,19.967,19.657,19.876,1200700,23865113.2
2010-08-02,VEA,20.296,20.552,20.253,20.527,922900,18944368.3
2010-08-03,VEA,20.424,20.546,20.327,20.491,1392600,28535766.6
2010-08-04,VEA,20.467,20.546,20.345,20.473,659800,13508085.4
2010-08-05,VEA,20.43,20.497,20.32,20.491,594500,12181899.5
2010-08-06,VEA,20.375,20.564,20.308,20.552,597400,12277764.8
2010-08-09,VEA,20.619,20.649,20.533,20.607,1076400,22181374.8
2010-08-10,VEA,20.241,20.527,20.126,20.46,951100,19459506.0
2010-08-11,VEA,19.791,19.791,19.48,19.505,1338100,26099640.5
2010-08-12,VEA,19.359,19.541,19.34,19.493,1082900,21108969.7
2010-08-13,VEA,19.493,19.596,19.413,19.413,530200,10292772.6
2010-08-16,VEA,19.426,19.657,19.383,19.559,500000,9779500.0
2010-08-17,VEA,19.803,19.9,19.687,19.791,965300,19104252.3
2010-08-18,VEA,19.827,19.925,19.712,19.803,970300,19214850.9
2010-08-19,VEA,19.797,19.852,19.371,19.541,2869100,56065083.1
2010-08-20,VEA,19.298,19.328,19.176,19.304,849900,16406469.6
2010-08-23,VEA,19.407,19.505,19.249,19.273,998400,19242163.2
2010-08-24,VEA,18.999,19.103,18.847,18.975,2530800,48021930.0
2010-08-25,VEA,18.811,19.042,18.725,18.981,1279000,24276699.0
2010-08-26,VEA,19.115,19.219,18.926,18.975,1274500,24183637.5
2010-08-27,VEA,19.225,19.401,18.957,19.365,1437400,27835251.0
2010-08-30,VEA,19.231,19.322,19.091,19.109,2082400,39792581.6
2010-08-31,VEA,19.072,19.279,19.012,19.164,1178700,22588606.8
2010-09-01,VEA,19.651,19.9,19.59,19.84,1428300,28337472.0
2010-09-02,VEA,19.809,19.949,19.773,19.943,697200,13904259.6
2010-09-03,VEA,20.083,20.205,19.992,20.132,1260500,25376386.0
2010-09-07,VEA,19.998,19.998,19.833,19.876,1114200,22145839.2
2010-09-08,VEA,19.973,20.138,19.973,20.016,1016500,20346264.0
2010-09-09,VEA,20.308,20.333,20.089,20.193,809200,16340175.6
2010-09-10,VEA,20.199,20.272,20.168,20.247,575400,11650123.8
2010-09-13,VEA,20.54,20.619,20.503,20.619,1711600,35291480.4
2010-09-14,VEA,20.527,20.82,20.473,20.747,677400,14054017.8
2010-09-15,VEA,20.588,20.771,20.521,20.771,761000,15806731.0
2010-09-16,VEA,20.607,20.68,20.54,20.655,1233200,25471746.0
2010-09-17,VEA,20.649,20.68,20.454,20.503,1866400,38266799.2
2010-09-20,VEA,20.643,20.923,20.588,20.893,798400,16680971.2
2010-09-21,VEA,20.911,21.057,20.71,20.893,3330800,69590404.4
2010-09-22,VEA,20.978,21.075,20.807,20.874,991300,20692396.2
2010-09-23,VEA,20.619,20.838,20.588,20.643,857000,17691051.0
2010-09-24,VEA,21.051,21.258,21.027,21.215,742400,15750016.0
2010-09-27,VEA,21.221,21.227,21.094,21.118,790000,16683220.0
2010-09-28,VEA,21.142,21.282,20.929,21.246,1111200,23608555.2
2010-09-29,VEA,21.221,21.301,21.124,21.203,856300,18156128.9
2010-09-30,VEA,21.325,21.367,20.923,21.014,1569200,32975168.8
2010-10-01,VEA,21.258,21.288,21.069,21.252,4292300,91219959.6
2010-10-04,VEA,21.087,21.148,20.868,20.972,1096200,22989506.4
2010-10-05,VEA,21.337,21.611,21.282,21.55,1450700,31262585.0
2010-10-06,VEA,21.666,21.739,21.599,21.708,785000,17040780.0
2010-10-07,VEA,21.891,21.891,21.55,21.672,878200,19032350.4
2010-10-08,VEA,21.714,21.842,21.629,21.806,1010500,22034963.0
2010-10-11,VEA,21.848,21.861,21.708,21.775,730200,15900105.0
2010-10-12,VEA,21.617,21.775,21.447,21.733,842500,18310052.5
2010-10-13,VEA,21.915,22.086,21.873,21.976,695800,15290900.8
2010-10-14,VEA,22.128,22.195,22.001,22.122,1231400,27241030.8
2010-10-15,VEA,22.189,22.208,21.903,22.086,1349400,29802848.4
2010-10-18,VEA,22.025,22.22,21.952,22.22,894100,19866902.0
2010-10-19,VEA,21.721,21.836,21.508,21.617,1187500,25670187.5
2010-10-20,VEA,21.763,22.098,21.727,22.037,851000,18753487.0
2010-10-21,VEA,22.068,22.183,21.775,21.921,892800,19571068.8
2010-10-22,VEA,22.007,22.037,21.903,21.97,646800,14210196.0
2010-10-25,VEA,22.195,22.268,22.043,22.055,662300,14607026.5
2010-10-26,VEA,21.818,21.915,21.751,21.897,778300,17042435.1
2010-10-27,VEA,21.69,21.757,21.489,21.684,675500,14647542.0
2010-10-28,VEA,21.909,21.921,21.751,21.861,595500,13018225.5
2010-10-29,VEA,21.836,21.903,21.763,21.867,583200,12752834.4
2010-11-01,VEA,21.879,21.97,21.641,21.775,1282000,27915550.0
2010-11-02,VEA,22.11,22.183,22.055,22.128,656700,14531457.6
2010-11-03,VEA,22.183,22.311,21.94,22.305,2839400,63332817.0
2010-11-04,VEA,22.737,22.829,22.676,22.81,1804100,41151521.0
2010-11-05,VEA,22.701,22.798,22.603,22.713,1008900,22915145.7
2010-11-08,VEA,22.561,22.628,22.445,22.597,716900,16199789.3
2010-11-09,VEA,22.725,22.774,22.256,22.354,1358300,30363438.2
2010-11-10,VEA,22.433,22.482,22.122,22.427,1048100,23505738.7
2010-11-11,VEA,22.202,22.256,22.098,22.25,778800,17328300.0
2010-11-12,VEA,22.171,22.281,21.934,22.043,812400,17907733.2
2010-11-15,VEA,22.195,22.22,22.049,22.08,1407400,31075392.0
2010-11-16,VEA,21.879,21.885,21.428,21.526,1700000,36594200.0
2010-11-17,VEA,21.611,21.751,21.581,21.654,774000,16760196.0
2010-11-18,VEA,22.11,22.214,22.092,22.189,674300,14962042.7
2010-11-19,VEA,22.025,22.208,21.915,22.202,1104300,24517668.6
2010-11-22,VEA,21.921,22.043,21.708,21.964,741400,16284109.6
2010-11-23,VEA,21.495,21.538,21.252,21.288,793200,16885641.6
2010-11-24,VEA,21.477,21.635,21.477,21.629,826200,17869879.8
2010-11-26,VEA,21.234,21.38,21.234,21.301,561900,11969031.9
2010-11-29,VEA,21.154,21.154,20.838,21.075,1324000,27903300.0
2010-11-30,VEA,20.704,20.947,20.698,20.795,1300500,27043897.5
2010-12-01,VEA,21.24,21.465,21.209,21.416,1965000,42082440.0
2010-12-02,VEA,21.404,21.867,21.386,21.867,876500,19166425.5
2010-12-03,VEA,21.861,22.068,21.836,22.043,1137600,25076116.8
2010-12-06,VEA,21.873,21.988,21.818,21.928,605800,13283982.4
2010-12-07,VEA,22.232,22.275,21.952,21.97,1139100,25026027.0
2010-12-08,VEA,21.995,22.11,21.861,22.043,1028800,22677838.4
2010-12-09,VEA,22.11,22.11,21.94,22.068,876600,19344808.8
2010-12-10,VEA,22.061,22.159,21.976,22.141,1121300,24826703.3
2010-12-13,VEA,22.317,22.494,22.268,22.378,1111400,24870909.2
2010-12-14,VEA,22.39,22.555,22.366,22.427,643000,14420561.0
2010-12-15,VEA,22.226,22.335,22.043,22.128,1729600,38272588.8
2010-12-16,VEA,22.122,22.25,22.037,22.22,944100,20977902.0
2010-12-17,VEA,22.128,22.128,21.976,22.11,1125000,24873750.0
2010-12-20,VEA,22.22,22.22,22.055,22.159,1660800,36801667.2
2010-12-21,VEA,22.354,22.366,22.305,22.317,1928900,43047261.3
2010-12-22,VEA,22.352,22.39,22.302,22.39,1239700,27756883.0
2010-12-23,VEA,22.333,22.39,22.302,22.358,2040600,45623734.8
2010-12-27,VEA,22.24,22.333,22.184,22.333,1030200,23007456.6
2010-12-28,VEA,22.446,22.446,22.283,22.327,1758900,39270960.3
2010-12-29,VEA,22.496,22.602,22.452,22.527,987100,22236401.7
2010-12-30,VEA,22.496,22.521,22.333,22.439,1966900,44135269.1
2010-12-31,VEA,22.446,22.676,22.414,22.552,1668500,37628012.0
2011-01-03,VEA,22.72,22.795,22.67,22.733,1142300,25967905.9
2011-01-04,VEA,22.845,22.845,22.552,22.664,1552000,35174528.0
2011-01-05,VEA,22.346,22.577,22.327,22.539,1307200,29462980.8
2011-01-06,VEA,22.608,22.62,22.277,22.34,1353900,30246126.0
2011-01-07,VEA,22.371,22.427,22.128,22.265,1836800,40896352.0
2011-01-10,VEA,22.109,22.24,22.003,22.202,1443100,32039706.2
2011-01-11,VEA,22.352,22.396,22.246,22.352,1607400,35928604.8
2011-01-12,VEA,22.633,22.851,22.589,22.826,4087200,93294427.2
2011-01-13,VEA,23.013,23.07,22.889,22.92,1302600,29855592.0
2011-01-14,VEA,22.864,23.057,22.832,23.045,7490100,172609354.5
2011-01-18,VEA,23.138,23.232,23.107,23.194,1742400,40413225.6
2011-01-19,VEA,23.288,23.3,23.007,23.076,2791400,64414346.4
2011-01-20,VEA,22.864,22.939,22.658,22.876,3130500,71613318.0
2011-01-21,VEA,23.057,23.113,22.92,23.001,1876500,43161376.5
2011-01-24,VEA,22.976,23.225,22.963,23.207,1068300,24792038.1
2011-01-25,VEA,23.082,23.194,22.976,23.194,1191500,27635651.0
2011-01-26,VEA,23.294,23.369,23.201,23.307,4434600,103357222.2
2011-01-27,VEA,23.338,23.425,23.263,23.363,1253300,29280847.9
2011-01-28,VEA,23.244,23.3,22.808,22.82,1472100,33593322.0
2011-01-31,VEA,23.026,23.132,22.982,23.038,2606500,60048547.0
2011-02-01,VEA,23.344,23.637,23.313,23.6,1579900,37285640.0
2011-02-02,VEA,23.562,23.643,23.512,23.587,2894500,68272571.5
2011-02-03,VEA,23.55,23.606,23.3,23.594,1323900,31236096.6
2011-02-04,VEA,23.519,23.575,23.356,23.569,1132800,26698963.2
2011-02-07,VEA,23.556,23.656,23.519,23.643,1472800,34821410.4
2011-02-08,VEA,23.668,23.799,23.575,23.768,1901400,45192475.2
2011-02-09,VEA,23.668,23.756,23.587,23.718,1453500,34474113.0
2011-02-10,VEA,23.394,23.562,23.307,23.55,907200,21364560.0
2011-02-11,VEA,23.35,23.6,23.332,23.562,949200,22365050.4
2011-02-14,VEA,23.519,23.631,23.475,23.587,1511500,35651750.5
2011-02-15,VEA,23.587,23.612,23.475,23.525,2584300,60795657.5
2011-02-16,VEA,23.637,23.843,23.606,23.818,1923900,45823450.2
2011-02-17,VEA,23.799,23.968,23.768,23.93,1762600,42179018.0
2011-02-18,VEA,23.918,24.018,23.862,24.012,1450400,34827004.8
2011-02-22,VEA,23.506,23.662,23.282,23.319,1872600,43667159.4
2011-02-23,VEA,23.4,23.481,23.188,23.319,1577600,36788054.4
2011-02-24,VEA,23.363,23.444,23.157,23.338,1420700,33156296.6
2011-02-25,VEA,23.519,23.656,23.494,23.643,3874800,91611896.4
2011-02-28,VEA,23.912,23.955,23.756,23.881,1194400,28523466.4
2011-03-01,VEA,23.949,23.962,23.506,23.531,1801800,42398155.8
2011-03-02,VEA,23.575,23.762,23.544,23.643,1130500,26728411.5
2011-03-03,VEA,23.837,23.974,23.743,23.974,2036200,48815858.8
2011-03-04,VEA,23.893,23.918,23.575,23.743,1925300,45712397.9
2011-03-07,VEA,23.856,23.887,23.444,23.487,1461000,34314507.0
2011-03-08,VEA,23.456,23.65,23.332,23.569,1394100,32857542.9
2011-03-09,VEA,23.562,23.631,23.475,23.544,1494800,35193571.2
2011-03-10,VEA,23.151,23.151,22.939,22.976,2104400,48350694.4
2011-03-11,VEA,22.795,23.045,22.776,23.007,2293100,52757351.7
2011-03-14,VEA,22.471,22.608,22.346,22.589,1790400,40443345.6
2011-03-15,VEA,21.423,22.227,21.285,22.09,3665500,80970895.0
2011-03-16,VEA,21.947,22.028,21.198,21.423,3354600,71865595.8
2011-03-17,VEA,22.177,22.265,22.003,22.115,3009300,66550669.5
2011-03-18,VEA,22.402,22.514,22.352,22.464,3537300,79461907.2
2011-03-21,VEA,22.839,23.063,22.814,23.026,1557200,35856087.2
2011-03-22,VEA,23.026,23.026,22.839,22.963,1203400,27633674.2
2011-03-23,VEA,22.815,23.046,22.728,22.965,1508600,34644999.0
2011-03-24,VEA,23.096,23.302,23.021,23.283,1402400,32652079.2
2011-03-25,VEA,23.121,23.208,22.996,22.996,1470900,33824816.4
2011-03-28,VEA,23.046,23.158,22.99,23.002,2234000,51386468.0
2011-03-29,VEA,22.965,23.152,22.871,23.139,1101700,25492236.3
2011-03-30,VEA,23.295,23.445,23.252,23.395,1493700,34945111.5
2011-03-31,VEA,23.283,23.377,23.208,23.283,2101000,48917583.0
2011-04-01,VEA,23.352,23.583,23.239,23.52,10739000,252581280.0
2011-04-04,VEA,23.576,23.601,23.451,23.514,11924100,280383287.4
2011-04-05,VEA,23.345,23.533,23.314,23.451,1428600,33502098.6
2011-04-06,VEA,23.564,23.689,23.564,23.657,936100,22145317.7
2011-04-07,VEA,23.595,23.676,23.408,23.551,1341400,31591311.4
2011-04-08,VEA,23.801,23.857,23.682,23.732,4356000,103376592.0
2011-04-11,VEA,23.826,23.876,23.651,23.682,936900,22187665.8
2011-04-12,VEA,23.595,23.614,23.408,23.464,895200,21004972.8
2011-04-13,VEA,23.739,23.745,23.483,23.545,1008300,23740423.5
2011-04-14,VEA,23.458,23.695,23.439,23.645,3813000,90158385.0
2011-04-15,VEA,23.583,23.657,23.464,23.614,3843800,90767493.2
2011-04-18,VEA,23.139,23.171,22.871,23.133,3504300,81064971.9
2011-04-19,VEA,23.258,23.333,23.177,23.302,835600,19471151.2
2011-04-20,VEA,23.807,23.932,23.807,23.919,1869000,44704611.0
2011-04-21,VEA,24.082,24.107,23.988,24.063,1267100,30490227.3
2011-04-25,VEA,24.107,24.119,23.963,24.051,1180200,28384990.2
2011-04-26,VEA,24.125,24.275,24.069,24.238,864900,20963446.2
2011-04-27,VEA,24.319,24.562,24.175,24.537,1189000,29174493.0
2011-04-28,VEA,24.525,24.718,24.525,24.706,886300,21896927.8
2011-04-29,VEA,24.718,24.831,24.693,24.725,1100000,27197500.0
2011-05-02,VEA,24.856,24.924,24.706,24.731,1610600,39831748.6
2011-05-03,VEA,24.6,24.731,24.425,24.531,1229400,30158411.4
2011-05-04,VEA,24.581,24.581,24.244,24.319,1383400,33642904.6
2011-05-05,VEA,24.088,24.132,23.757,23.857,2900000,69185300.0
2011-05-06,VEA,24.182,24.269,23.732,23.876,1359400,32457034.4
2011-05-09,VEA,23.876,24.057,23.776,24.032,1240900,29821308.8
2011-05-10,VEA,24.113,24.269,24.063,24.263,1316100,31932534.3
2011-05-11,VEA,24.144,24.15,23.695,23.801,1872700,44572132.7
2011-05-12,VEA,23.714,23.969,23.564,23.876,1445900,34522308.4
2011-05-13,VEA,23.82,23.838,23.364,23.489,1492800,35064379.2
2011-05-16,VEA,23.445,23.707,23.389,23.458,1973900,46303746.2
2011-05-17,VEA,23.339,23.52,23.221,23.508,1514400,35600515.2
2011-05-18,VEA,23.489,23.732,23.439,23.664,1085800,25694371.2
2011-05-19,VEA,23.732,23.82,23.583,23.807,993700,23657015.9
2011-05-20,VEA,23.626,23.657,23.37,23.445,1012800,23745096.0
2011-05-23,VEA,22.927,23.002,22.815,22.902,1800000,41223600.0
2011-05-24,VEA,23.077,23.171,22.965,23.027,1355500,31213098.5
2011-05-25,VEA,22.946,23.264,22.946,23.202,1304700,30271649.4
2011-05-26,VEA,23.32,23.476,23.164,23.427,1015300,23785433.1
2011-05-27,VEA,23.564,23.67,23.514,23.589,1074000,25334586.0
2011-05-31,VEA,23.988,24.063,23.838,24.057,6722800,161730399.6
2011-06-01,VEA,23.957,23.969,23.483,23.501,2255900,53015905.9
2011-06-02,VEA,23.614,23.676,23.37,23.645,1421900,33620825.5
2011-06-03,VEA,23.395,23.776,23.389,23.645,8328100,196917924.5
2011-06-06,VEA,23.57,23.595,23.32,23.333,4411400,102931196.2
2011-06-07,VEA,23.626,23.714,23.52,23.52,1725000,40572000.0
2011-06-08,VEA,23.358,23.426,23.196,23.227,2126300,49387570.1
2011-06-09,VEA,23.308,23.526,23.252,23.489,1221300,28687115.7
2011-06-10,VEA,23.258,23.277,22.846,22.902,2090600,47878921.2
2011-06-13,VEA,22.983,23.096,22.834,22.965,1365700,31363300.5
2011-06-14,VEA,23.308,23.451,23.277,23.364,1345300,31431589.2
2011-06-15,VEA,22.871,22.965,22.509,22.565,3319500,74904517.5
2011-06-16,VEA,22.465,22.609,22.309,22.515,2331600,52495974.0
2011-06-17,VEA,22.796,22.84,22.665,22.74,1317300,29955402.0
2011-06-20,VEA,22.615,22.759,22.584,22.728,1447200,32891961.6
2011-06-21,VEA,22.952,23.233,22.915,23.221,1211400,28129919.4
2011-06-22,VEA,23.09,23.233,22.965,22.965,3413800,78397917.0
2011-06-23,VEA,22.553,22.759,22.397,22.74,3235200,73568448.0
2011-06-24,VEA,22.765,22.771,22.49,22.534,1152700,25974941.8
2011-06-27,VEA,22.497,22.79,22.472,22.728,1490600,33878356.8
2011-06-28,VEA,22.827,23.008,22.79,23.002,935600,21520671.2
2011-06-29,VEA,23.264,23.426,23.127,23.408,2111300,49421310.4
2011-06-30,VEA,23.545,23.82,23.489,23.763,1135100,26973381.3
2011-07-01,VEA,23.726,24.038,23.651,24.013,1100900,26435911.7
2011-07-05,VEA,23.926,23.957,23.795,23.851,1475500,35192150.5
2011-07-06,VEA,23.67,23.751,23.545,23.732,1060200,25160666.4
2011-07-07,VEA,23.882,23.963,23.82,23.926,1154000,27610604.0
2011-07-08,VEA,23.682,23.745,23.489,23.62,1182100,27921202.0
2011-07-11,VEA,23.065,23.146,22.865,22.915,1270100,29104341.5
2011-07-12,VEA,22.771,23.027,22.728,22.746,1419600,32290221.6
2011-07-13,VEA,23.015,23.333,22.958,23.096,1155100,26678189.6
2011-07-14,VEA,23.239,23.283,22.859,22.909,1025900,23502343.1
2011-07-15,VEA,23.052,23.114,22.877,22.996,1046200,24058415.2
2011-07-18,VEA,22.684,22.759,22.453,22.64,1183200,26787648.0
2011-07-19,VEA,22.846,23.04,22.84,22.996,1250100,28747299.6
2011-07-20,VEA,23.196,23.302,23.077,23.277,916700,21338025.9
2011-07-21,VEA,23.539,23.826,23.464,23.776,1854400,44090214.4
2011-07-22,VEA,23.776,23.845,23.639,23.826,1704300,40606651.8
2011-07-25,VEA,23.657,23.77,23.614,23.664,1144300,27078715.2
2011-07-26,VEA,23.795,23.895,23.689,23.813,939400,22369932.2
2011-07-27,VEA,23.62,23.657,23.183,23.233,1144500,26590168.5
2011-07-28,VEA,23.239,23.42,23.114,23.146,1812300,41947495.8
2011-07-29,VEA,23.077,23.408,23.015,23.196,1491600,34599153.6
2011-08-01,VEA,23.47,23.501,22.734,22.927,2005000,45968635.0
2011-08-02,VEA,22.684,22.859,22.316,22.328,2201300,49150626.4
2011-08-03,VEA,22.453,22.484,22.06,22.453,4428900,99442091.7
2011-08-04,VEA,21.704,21.748,20.824,20.849,3557600,74172402.4
2011-08-05,VEA,21.317,21.436,20.487,21.242,6495200,137971038.4
2011-08-08,VEA,20.437,20.699,19.576,19.614,6240900,122409012.6
2011-08-09,VEA,20.412,20.918,19.838,20.918,6185200,129382013.6
2011-08-10,VEA,20.306,20.375,19.67,19.682,4453200,87647882.4
2011-08-11,VEA,19.782,20.812,19.763,20.606,3561100,73380026.6
2011-08-12,VEA,20.868,21.061,20.625,20.918,2832600,59252326.8
2011-08-15,VEA,21.174,21.411,21.136,21.411,2238300,47924241.3
2011-08-16,VEA,21.024,21.311,20.849,21.03,2519300,52980879.0
2011-08-17,VEA,21.267,21.442,21.061,21.167,3713100,78595187.7
2011-08-18,VEA,20.419,20.462,19.976,20.181,2823800,56987107.8
2011-08-19,VEA,19.969,20.419,19.807,19.844,2124300,42154609.2
2011-08-22,VEA,20.469,20.475,19.957,19.994,2224900,44484650.6
2011-08-23,VEA,20.194,20.637,20.075,20.631,2421900,49966218.9
2011-08-24,VEA,20.481,20.749,20.356,20.625,1771500,36537187.5
2011-08-25,VEA,20.575,20.662,20.082,20.15,1946000,39211900.0
2011-08-26,VEA,20.063,20.518,19.851,20.437,1740400,35568554.8
2011-08-29,VEA,20.774,20.937,20.737,20.937,1354800,28365447.6
2011-08-30,VEA,20.699,20.924,20.55,20.849,3707800,77303922.2
2011-08-31,VEA,21.155,21.336,21.061,21.205,2682600,56884533.0
2011-09-01,VEA,21.111,21.28,20.93,20.962,3222100,67541660.2
2011-09-02,VEA,20.512,20.681,20.431,20.456,2224800,45510508.8
2011-09-06,VEA,19.495,19.801,19.439,19.801,2630900,52094450.9
2011-09-07,VEA,20.1,20.394,20.019,20.394,1606600,32765000.4
2011-09-08,VEA,20.088,20.325,19.926,19.982,1469700,29367545.4
2011-09-09,VEA,19.595,19.67,19.227,19.314,1943300,37532896.2
2011-09-12,VEA,18.933,19.208,18.752,19.183,2943700,56468997.1
2011-09-13,VEA,19.214,19.458,19.127,19.389,1797100,34843971.9
2011-09-14,VEA,19.464,19.826,19.139,19.657,2219700,43632642.9
2011-09-15,VEA,19.969,20.107,19.838,20.088,2423700,48687285.6
2011-09-16,VEA,20.138,20.188,19.876,20.075,1964600,39439345.0
2011-09-19,VEA,19.408,19.676,19.295,19.545,1509300,29499268.5
2011-09-20,VEA,19.645,19.838,19.483,19.607,1843800,36151386.6
2011-09-21,VEA,19.595,19.67,19.039,19.046,1987800,37859638.8
2011-09-22,VEA,18.453,18.559,18.166,18.366,4772100,87644388.6
2011-09-23,VEA,18.247,18.609,18.21,18.546,3466700,64293418.2
2011-09-26,VEA,18.678,18.971,18.415,18.958,2451700,46479328.6
2011-09-27,VEA,19.514,19.751,19.289,19.383,5214500,101072653.5
2011-09-28,VEA,19.47,19.607,19.052,19.089,1974900,37698866.1
2011-09-29,VEA,19.57,19.651,19.164,19.47,3167200,61665384.0
2011-09-30,VEA,18.983,19.139,18.796,18.802,1721700,32371403.4
2011-10-03,VEA,18.665,18.883,18.284,18.322,2992500,54828585.0
2011-10-04,VEA,18.085,18.64,17.873,18.64,2856600,53247024.0
2011-10-05,VEA,18.609,18.94,18.459,18.94,3780700,71606458.0
2011-10-06,VEA,18.933,19.445,18.852,19.445,1728000,33600960.0
2011-10-07,VEA,19.526,19.62,19.252,19.32,7407000,143103240.0
2011-10-10,VEA,19.813,20.063,19.795,20.057,763700,15317530.9
2011-10-11,VEA,19.813,20.025,19.757,19.976,1896000,37874496.0
2011-10-12,VEA,20.306,20.518,20.25,20.337,1610200,32746637.4
2011-10-13,VEA,20.2,20.344,20.013,20.319,1092800,22204603.2
2011-10-14,VEA,20.494,20.6,20.362,20.562,1040900,21402985.8
2011-10-17,VEA,20.381,20.394,20.032,20.088,1656500,33275772.0
2011-10-18,VEA,20.044,20.494,19.82,20.331,2062600,41934720.6
2011-10-19,VEA,20.238,20.325,19.976,20.019,2164900,43339133.1
2011-10-20,VEA,20.063,20.088,19.751,20.032,1369100,27425811.2
2011-10-21,VEA,20.387,20.556,20.35,20.55,851900,17506545.0
2011-10-24,VEA,20.55,20.887,20.531,20.855,1212000,25276260.0
2011-10-25,VEA,20.712,20.756,20.412,20.525,3678600,75503265.0
2011-10-26,VEA,20.874,20.905,20.394,20.799,1406200,29247553.8
2011-10-27,VEA,21.748,22.066,21.554,21.948,1668900,36629017.2
2011-10-28,VEA,21.685,21.785,21.611,21.767,1289400,28066369.8
2011-10-31,VEA,21.155,21.174,20.637,20.637,1616600,33361774.2
2011-11-01,VEA,19.845,20.2,19.763,19.951,4668900,93149223.9
2011-11-02,VEA,20.144,20.319,20.05,20.2,1692600,34190520.0
2011-11-03,VEA,20.506,20.774,20.2,20.706,1111400,23012648.4
2011-11-04,VEA,20.456,20.506,20.188,20.425,1232200,25167685.0
2011-11-07,VEA,20.406,20.543,20.244,20.518,1025700,21045312.6
2011-11-08,VEA,20.618,20.83,20.437,20.774,1319600,27413370.4
2011-11-09,VEA,20.007,20.044,19.657,19.701,1570200,30934510.2
2011-11-10,VEA,20.063,20.1,19.745,19.963,1348700,26924098.1
2011-11-11,VEA,20.238,20.5,20.231,20.45,1360900,27830405.0
2011-11-14,VEA,20.188,20.244,19.969,20.075,1221100,24513582.5
2011-11-15,VEA,20.013,20.125,19.863,20.007,1365300,27315557.1
2011-11-16,VEA,19.813,19.988,19.607,19.607,1503400,29477163.8
2011-11-17,VEA,19.713,19.795,19.339,19.414,1673800,32495153.2
2011-11-18,VEA,19.62,19.664,19.426,19.47,1388900,27041883.0
2011-11-21,VEA,19.046,19.096,18.846,18.996,2855000,54233580.0
2011-11-22,VEA,18.965,19.071,18.827,18.94,2171000,41118740.0
2011-11-23,VEA,18.709,18.727,18.397,18.403,3763600,69261530.8
2011-11-25,VEA,18.384,18.578,18.322,18.334,723900,13271982.6
2011-11-28,VEA,19.096,19.195,19.002,19.102,1484500,28356919.0
2011-11-29,VEA,19.189,19.327,19.121,19.227,1931000,37127337.0
2011-11-30,VEA,20.001,20.219,19.951,20.206,2253900,45542303.4
2011-12-01,VEA,20.119,20.231,19.951,20.001,2582100,51644582.1
2011-12-02,VEA,20.288,20.294,20.05,20.069,2575800,51693730.2
2011-12-05,VEA,20.462,20.462,20.144,20.281,2742700,55624698.7
2011-12-06,VEA,20.188,20.337,20.113,20.2,1253800,25326760.0
2011-12-07,VEA,20.069,20.394,19.988,20.331,1547700,31466288.7
2011-12-08,VEA,20.063,20.082,19.632,19.695,2177900,42893740.5
2011-12-09,VEA,19.857,20.163,19.845,20.125,1585800,31914225.0
2011-12-12,VEA,19.726,19.726,19.458,19.545,1807100,35319769.5
2011-12-13,VEA,19.632,19.782,19.214,19.302,2184000,42155568.0
2011-12-14,VEA,19.196,19.252,18.996,19.064,3421000,65217944.0
2011-12-15,VEA,19.283,19.314,19.089,19.171,2394800,45910710.8
2011-12-16,VEA,19.202,19.27,18.99,19.089,3246500,61972438.5
2011-12-19,VEA,19.196,19.214,18.877,18.915,4343500,82157302.5
2011-12-20,VEA,19.345,19.582,19.327,19.551,2623600,51294003.6
2011-12-21,VEA,19.471,19.484,19.297,19.478,4168800,81199886.4
2011-12-22,VEA,19.478,19.639,19.445,19.633,3889000,76352737.0
2011-12-23,VEA,19.678,19.794,19.633,19.794,2580100,51070499.4
2011-12-27,VEA,19.736,19.749,19.652,19.691,3646100,71795355.1
2011-12-28,VEA,19.658,19.658,19.329,19.361,4691400,90830195.4
2011-12-29,VEA,19.394,19.704,19.387,19.697,4490100,88441499.7
2011-12-30,VEA,19.678,19.82,19.658,19.775,2739900,54181522.5
2012-01-03,VEA,20.181,20.381,20.175,20.304,8276700,168050116.8
2012-01-04,VEA,20.201,20.239,20.059,20.188,2609200,52674529.6
2012-01-05,VEA,19.865,19.917,19.749,19.897,2095900,41702122.3
2012-01-06,VEA,19.839,19.839,19.581,19.665,2044000,40195260.0
2012-01-09,VEA,19.762,19.768,19.574,19.71,1652200,32564862.0
2012-01-10,VEA,20.039,20.065,19.975,20.033,1861100,37283416.3
2012-01-11,VEA,19.865,19.968,19.781,19.968,2770400,55319347.2
2012-01-12,VEA,20.033,20.078,19.878,20.026,1348500,27005061.0
2012-01-13,VEA,19.8,19.833,19.581,19.833,2378000,47162874.0
2012-01-17,VEA,20.078,20.168,20.02,20.026,3998200,80067953.2
2012-01-18,VEA,20.168,20.401,20.143,20.388,1866200,38048085.6
2012-01-19,VEA,20.53,20.64,20.452,20.627,1633000,33683891.0
2012-01-20,VEA,20.627,20.73,20.594,20.724,1565300,32439277.2
2012-01-23,VEA,20.788,20.891,20.724,20.827,2783900,57980285.3
2012-01-24,VEA,20.588,20.762,20.543,20.724,2025200,41970244.8
2012-01-25,VEA,20.64,21.001,20.543,20.93,2568900,53767077.0
2012-01-26,VEA,21.156,21.182,20.924,20.982,2016100,42301810.2
2012-01-27,VEA,20.924,21.053,20.911,21.001,2982600,62637582.6
2012-01-30,VEA,20.672,20.795,20.633,20.756,2543200,52786659.2
2012-01-31,VEA,21.001,21.001,20.743,20.885,3781600,78978716.0
2012-02-01,VEA,21.156,21.311,21.13,21.201,2322500,49239322.5
2012-02-02,VEA,21.253,21.318,21.182,21.247,1954800,41533635.6
2012-02-03,VEA,21.363,21.576,21.35,21.55,2508400,54056020.0
2012-02-06,VEA,21.363,21.479,21.337,21.453,1808200,38791314.6
2012-02-07,VEA,21.466,21.64,21.382,21.602,2560600,55314081.2
2012-02-08,VEA,21.666,21.731,21.556,21.686,1521700,32999586.2
2012-02-09,VEA,21.769,21.782,21.621,21.724,1628800,35384051.2
2012-02-10,VEA,21.343,21.389,21.259,21.324,1582300,33740965.2
2012-02-13,VEA,21.576,21.615,21.492,21.569,1317300,28412843.7
2012-02-14,VEA,21.453,21.505,21.279,21.421,1543600,33065455.6
2012-02-15,VEA,21.589,21.608,21.414,21.44,2220300,47603232.0
2012-02-16,VEA,21.389,21.731,21.356,21.724,5507700,119649274.8
2012-02-17,VEA,21.828,21.86,21.698,21.815,1660500,36223807.5
2012-02-21,VEA,21.905,21.963,21.795,21.828,1694300,36983180.4
2012-02-22,VEA,21.789,21.847,21.718,21.776,1183700,25776251.2
2012-02-23,VEA,21.808,21.963,21.698,21.95,1184400,25997580.0
2012-02-24,VEA,22.034,22.157,22.028,22.099,1556600,34399303.4
2012-02-27,VEA,21.802,22.028,21.744,21.957,2218700,48715995.9
2012-02-28,VEA,22.021,22.183,21.976,22.176,2970700,65878243.2
2012-02-29,VEA,22.241,22.273,21.892,21.905,3514000,76974170.0
2012-03-01,VEA,22.008,22.17,22.002,22.137,2787100,61698032.7
2012-03-02,VEA,21.983,21.989,21.86,21.918,1786600,39158698.8
2012-03-05,VEA,21.879,21.879,21.737,21.795,1902100,41456269.5
2012-03-06,VEA,21.298,21.318,21.059,21.111,2094600,44219100.6
2012-03-07,VEA,21.259,21.395,21.201,21.369,2088000,44618472.0
2012-03-08,VEA,21.711,21.912,21.647,21.828,2949100,64372954.8
2012-03-09,VEA,21.705,21.815,21.679,21.744,2388300,51931195.2
2012-03-12,VEA,21.653,21.724,21.556,21.698,1788200,38800363.6
2012-03-13,VEA,21.789,22.06,21.757,22.054,2105600,46436902.4
2012-03-14,VEA,21.983,22.041,21.802,21.853,1519900,33214374.7
2012-03-15,VEA,21.931,22.092,21.86,22.066,1108400,24457954.4
2012-03-16,VEA,22.221,22.292,22.202,22.221,1529100,33978131.1
2012-03-19,VEA,22.157,22.383,22.137,22.331,1270100,28362603.1
2012-03-20,VEA,22.015,22.105,21.931,22.06,1373700,30303822.0
2012-03-21,VEA,22.002,22.008,21.84,21.931,1716900,37653333.9
2012-03-22,VEA,21.705,21.828,21.673,21.777,1941300,42275690.1
2012-03-23,VEA,21.751,21.932,21.647,21.912,1850500,40548156.0
2012-03-26,VEA,22.087,22.229,22.08,22.209,1535000,34090815.0
2012-03-27,VEA,22.248,22.248,22.08,22.087,1340600,29609832.2
2012-03-28,VEA,22.106,22.119,21.828,21.944,1086100,23833378.4
2012-03-29,VEA,21.744,21.822,21.622,21.796,14453700,315032845.2
2012-03-30,VEA,21.957,21.99,21.835,21.977,5777800,126978710.6
2012-04-02,VEA,21.88,22.28,21.828,22.229,7654700,170156326.3
2012-04-03,VEA,22.099,22.106,21.718,21.828,3212100,70113718.8
2012-04-04,VEA,21.402,21.447,21.228,21.35,2625400,56052290.0
2012-04-05,VEA,21.182,21.344,21.163,21.221,2475400,52530463.4
2012-04-09,VEA,21.014,21.169,20.995,21.105,2964700,62569993.5
2012-04-10,VEA,21.047,21.098,20.666,20.685,2672500,55280662.5
2012-04-11,VEA,21.079,21.111,20.931,20.937,4270600,89413552.2
2012-04-12,VEA,21.066,21.363,21.047,21.344,1696900,36218633.6
2012-04-13,VEA,21.163,21.163,20.905,20.924,2546500,53282966.0
2012-04-16,VEA,21.066,21.15,20.918,21.053,1973000,41537569.0
2012-04-17,VEA,21.279,21.46,21.195,21.396,1232000,26359872.0
2012-04-18,VEA,21.253,21.383,21.228,21.273,2162800,46009244.4
2012-04-19,VEA,21.266,21.389,21.047,21.157,1814600,38391492.2
2012-04-20,VEA,21.318,21.428,21.292,21.37,1421600,30379592.0
2012-04-23,VEA,20.956,20.989,20.788,20.943,2028100,42474498.3
2012-04-24,VEA,21.034,21.202,21.014,21.118,1358400,28686691.2
2012-04-25,VEA,21.37,21.421,21.266,21.389,1380400,29525375.6
2012-04-26,VEA,21.312,21.557,21.286,21.525,2366700,50943217.5
2012-04-27,VEA,21.576,21.641,21.479,21.576,1880700,40577983.2
2012-04-30,VEA,21.505,21.512,21.383,21.454,5269800,113058289.2
2012-05-01,VEA,21.421,21.641,21.415,21.563,3097500,66791392.5
2012-05-02,VEA,21.286,21.421,21.208,21.396,3384600,72416901.6
2012-05-03,VEA,21.35,21.376,21.163,21.208,1830900,38829727.2
2012-05-04,VEA,21.092,21.124,20.859,20.866,2010500,41951093.0
2012-05-07,VEA,20.872,21.047,20.853,21.008,1503300,31581326.4
2012-05-08,VEA,20.776,20.788,20.478,20.711,2216700,45910073.7
2012-05-09,VEA,20.304,20.562,20.207,20.459,2303700,47131398.3
2012-05-10,VEA,20.659,20.685,20.517,20.556,2600000,53445600.0
2012-05-11,VEA,20.311,20.601,20.311,20.414,1183900,24168134.6
2012-05-14,VEA,20.11,20.194,20.039,20.052,2709900,54338914.8
2012-05-15,VEA,19.936,20.026,19.755,19.787,2643400,52304955.8
2012-05-16,VEA,19.781,19.884,19.574,19.594,3236300,63412062.2
2012-05-17,VEA,19.568,19.587,19.342,19.355,2881300,55767561.5
2012-05-18,VEA,19.4,19.432,19.161,19.193,2807700,53888186.1
2012-05-21,VEA,19.335,19.632,19.31,19.632,1608000,31568256.0
2012-05-22,VEA,19.639,19.775,19.465,19.561,2453400,47990957.4
2012-05-23,VEA,19.31,19.394,19.051,19.394,3130500,60712917.0
2012-05-24,VEA,19.374,19.406,19.135,19.258,5180800,99771846.4
2012-05-25,VEA,19.155,19.284,19.155,19.2,1631800,31330560.0
2012-05-29,VEA,19.426,19.516,19.284,19.426,2358900,45823991.4
2012-05-30,VEA,19.129,19.135,18.948,18.98,2361500,44821270.0
2012-05-31,VEA,19.071,19.122,18.845,19.058,3914400,74600635.2
2012-06-01,VEA,18.722,18.812,18.567,18.58,4209200,78206936.0
2012-06-04,VEA,18.748,18.812,18.599,18.728,2550900,47773255.2
2012-06-05,VEA,18.715,18.87,18.702,18.825,2254100,42433432.5
2012-06-06,VEA,19.012,19.393,19.0,19.368,2505000,48516840.0
2012-06-07,VEA,19.652,19.658,19.374,19.406,1695300,32898991.8
2012-06-08,VEA,19.116,19.381,19.071,19.335,2236700,43246594.5
2012-06-11,VEA,19.555,19.561,19.148,19.161,2914900,55852398.9
2012-06-12,VEA,19.342,19.503,19.18,19.497,2660400,51869818.8
2012-06-13,VEA,19.342,19.523,19.297,19.348,1729400,33460431.2
2012-06-14,VEA,19.329,19.555,19.29,19.452,2574000,50069448.0
2012-06-15,VEA,19.581,19.781,19.561,19.755,2179300,43052071.5
2012-06-18,VEA,19.665,19.775,19.613,19.71,1419000,27968490.0
2012-06-19,VEA,19.917,20.156,19.891,20.02,4881000,97717620.0
2012-06-20,VEA,20.104,20.285,19.981,20.162,4201200,84704594.4
2012-06-21,VEA,20.104,20.149,19.62,19.632,2831700,55591934.4
2012-06-22,VEA,19.82,19.852,19.684,19.826,1765200,34996855.2
2012-06-25,VEA,19.471,19.484,19.335,19.374,2299200,44544700.8
2012-06-26,VEA,19.477,19.548,19.322,19.484,3863700,75280330.8
2012-06-27,VEA,19.548,19.703,19.51,19.671,2758800,54268354.8
2012-06-28,VEA,19.51,19.716,19.445,19.691,3389500,66742644.5
2012-06-29,VEA,20.323,20.42,20.252,20.388,3631700,74043099.6
2012-07-02,VEA,20.459,20.556,20.369,20.53,6516100,133775533.0
2012-07-03,VEA,20.543,20.756,20.517,20.743,4443000,92161149.0
2012-07-05,VEA,20.414,20.472,20.311,20.427,2699300,55138601.1
2012-07-06,VEA,20.227,20.259,20.091,20.207,2081100,42052787.7
2012-07-09,VEA,20.11,20.175,20.026,20.168,2444700,49304709.6
2012-07-10,VEA,20.24,20.278,19.975,20.007,3495500,69934468.5
2012-07-11,VEA,20.078,20.162,19.975,20.091,4070000,81770370.0
2012-07-12,VEA,19.813,19.923,19.71,19.865,1699100,33752621.5
2012-07-13,VEA,19.884,20.194,19.884,20.156,1568100,31606623.6
2012-07-16,VEA,20.104,20.214,20.001,20.149,1762800,35518657.2
2012-07-17,VEA,20.214,20.272,19.968,20.22,1439000,29096580.0
2012-07-18,VEA,20.143,20.394,20.143,20.369,1637200,33348126.8
2012-07-19,VEA,20.485,20.588,20.433,20.537,1856100,38118725.7
2012-07-20,VEA,20.181,20.201,20.065,20.085,1255500,25216717.5
2012-07-23,VEA,19.542,19.716,19.471,19.665,1506900,29633188.5
2012-07-24,VEA,19.632,19.658,19.316,19.439,1623000,31549497.0
2012-07-25,VEA,19.613,19.652,19.465,19.555,1359700,26588933.5
2012-07-26,VEA,20.091,20.181,20.046,20.149,1253000,25246697.0
2012-07-27,VEA,20.317,20.666,20.298,20.595,1409500,29028652.5
2012-07-30,VEA,20.472,20.614,20.466,20.543,2518000,51727274.0
2012-07-31,VEA,20.537,20.588,20.42,20.44,2702900,55247276.0
2012-08-01,VEA,20.569,20.621,20.427,20.453,2299200,47025537.6
2012-08-02,VEA,20.214,20.388,20.007,20.168,1568100,31625440.8
2012-08-03,VEA,20.588,20.892,20.582,20.847,1630000,33980610.0
2012-08-06,VEA,20.931,21.06,20.898,20.976,1260400,26438150.4
2012-08-07,VEA,21.15,21.26,21.137,21.163,2101800,44480393.4
2012-08-08,VEA,21.027,21.195,21.021,21.169,2169500,45926145.5
2012-08-09,VEA,21.092,21.221,21.073,21.157,1398800,29594411.6
2012-08-10,VEA,21.002,21.195,20.956,21.195,1979400,41953383.0
2012-08-13,VEA,21.15,21.189,21.021,21.098,1600900,33775788.2
2012-08-14,VEA,21.15,21.195,21.092,21.144,878200,18568660.8
2012-08-15,VEA,21.079,21.144,21.06,21.073,862600,18177569.8
2012-08-16,VEA,21.182,21.363,21.124,21.312,1486700,31684550.4
2012-08-17,VEA,21.383,21.389,21.273,21.383,1634600,34952651.8
2012-08-20,VEA,21.286,21.337,21.208,21.312,3678200,78389798.4
2012-08-21,VEA,21.479,21.602,21.389,21.434,2521800,54052261.2
2012-08-22,VEA,21.266,21.467,21.241,21.408,2091300,44770550.4
2012-08-23,VEA,21.357,21.389,21.247,21.292,2020500,43020486.0
2012-08-24,VEA,21.163,21.376,21.111,21.266,5756200,122411349.2
2012-08-27,VEA,21.344,21.395,21.279,21.292,869600,18515523.2
2012-08-28,VEA,21.195,21.305,21.169,21.266,2531500,53834879.0
2012-08-29,VEA,21.228,21.279,21.182,21.208,1616700,34286973.6
2012-08-30,VEA,21.111,21.111,20.905,20.911,2153700,45036020.7
2012-08-31,VEA,21.189,21.221,20.982,21.111,4279000,90333969.0
2012-09-04,VEA,21.04,21.066,20.898,20.982,2790700,58554467.4
2012-09-05,VEA,20.982,21.008,20.885,20.937,1904600,39876610.2
2012-09-06,VEA,21.098,21.492,21.098,21.454,5047900,108297646.6
2012-09-07,VEA,21.66,21.77,21.66,21.77,3006600,65453682.0
2012-09-10,VEA,21.699,21.744,21.57,21.596,1610900,34788996.4
2012-09-11,VEA,21.68,21.88,21.673,21.848,1914500,41827996.0
2012-09-12,VEA,22.003,22.028,21.899,21.964,1737300,38158057.2
2012-09-13,VEA,21.951,22.403,21.88,22.338,2335100,52161463.8
2012-09-14,VEA,22.551,22.713,22.487,22.539,2774400,62532201.6
2012-09-17,VEA,22.5,22.539,22.358,22.409,1982600,44428083.4
2012-09-18,VEA,22.274,22.364,22.241,22.338,1609500,35953011.0
2012-09-19,VEA,22.358,22.442,22.287,22.39,2096600,46942874.0
2012-09-20,VEA,22.119,22.267,22.054,22.248,1444000,32126112.0
2012-09-21,VEA,22.409,22.416,22.28,22.287,1709700,38104083.9
2012-09-24,VEA,22.115,22.319,22.082,22.233,4354600,96815821.8
2012-09-25,VEA,22.266,22.372,22.049,22.062,2958500,65270427.0
2012-09-26,VEA,21.91,21.91,21.746,21.838,2871900,62716552.2
2012-09-27,VEA,21.97,22.167,21.897,22.088,2226700,49183349.6
2012-09-28,VEA,21.864,21.877,21.62,21.667,2942300,63750814.1
2012-10-01,VEA,21.878,22.062,21.798,21.838,3551700,77562024.6
2012-10-02,VEA,22.029,22.062,21.845,21.917,2683200,58807694.4
2012-10-03,VEA,21.904,21.904,21.779,21.831,2950000,64401450.0
2012-10-04,VEA,21.957,22.095,21.93,22.075,1830000,40397250.0
2012-10-05,VEA,22.24,22.312,22.062,22.121,2176800,48152992.8
2012-10-08,VEA,21.976,22.003,21.91,21.976,1190800,26169020.8
2012-10-09,VEA,21.818,21.871,21.647,21.66,1828400,39603144.0
2012-10-10,VEA,21.653,21.7,21.528,21.588,1519500,32802966.0
2012-10-11,VEA,21.825,21.877,21.726,21.726,1325700,28802158.2
2012-10-12,VEA,21.785,21.871,21.68,21.733,3246400,70554011.2
2012-10-15,VEA,21.845,21.957,21.759,21.924,2301600,50460278.4
2012-10-16,VEA,22.174,22.312,22.148,22.293,1565200,34893003.6
2012-10-17,VEA,22.405,22.53,22.359,22.504,2130100,47935770.4
2012-10-18,VEA,22.431,22.563,22.359,22.431,1059100,23756672.1
2012-10-19,VEA,22.352,22.372,22.095,22.128,1499200,33174297.6
2012-10-22,VEA,22.286,22.312,22.134,22.266,1726400,38440022.4
2012-10-23,VEA,21.818,21.851,21.673,21.805,1957200,42676746.0
2012-10-24,VEA,21.943,21.97,21.818,21.831,1802700,39354743.7
2012-10-25,VEA,22.088,22.102,21.877,21.957,1053400,23129503.8
2012-10-26,VEA,21.91,21.963,21.831,21.93,1822200,39960846.0
2012-10-31,VEA,22.055,22.062,21.845,21.897,2785000,60983145.0
2012-11-01,VEA,22.036,22.154,22.003,22.154,2581800,57197197.2
2012-11-02,VEA,22.128,22.128,21.917,21.943,3043400,66781326.2
2012-11-05,VEA,21.884,21.93,21.818,21.871,2742000,59970282.0
2012-11-06,VEA,21.976,22.128,21.957,22.102,2229200,49269778.4
2012-11-07,VEA,21.851,21.851,21.647,21.759,2486400,54101577.6
2012-11-08,VEA,21.686,21.759,21.548,21.548,2653600,57179772.8
2012-11-09,VEA,21.469,21.667,21.443,21.555,7928100,170890195.5
2012-11-12,VEA,21.568,21.594,21.489,21.541,3214600,69245698.6
2012-11-13,VEA,21.337,21.588,21.311,21.429,2138800,45832345.2
2012-11-14,VEA,21.515,21.515,21.179,21.212,2577800,54680293.6
2012-11-15,VEA,21.311,21.383,21.199,21.278,1928500,41034623.0
2012-11-16,VEA,21.304,21.304,21.074,21.265,2968700,63129405.5
2012-11-19,VEA,21.555,21.726,21.535,21.726,3157400,68597672.4
2012-11-20,VEA,21.64,21.752,21.588,21.752,2747900,59772320.8
2012-11-21,VEA,21.765,21.805,21.733,21.798,1746500,38070207.0
2012-11-23,VEA,22.134,22.266,22.115,22.266,1667300,37124101.8
2012-11-26,VEA,22.141,22.214,22.088,22.214,2927100,65022599.4
2012-11-27,VEA,22.154,22.214,22.075,22.082,2183200,48209422.4
2012-11-28,VEA,21.95,22.266,21.924,22.26,1862600,41461476.0
2012-11-29,VEA,22.418,22.504,22.339,22.457,1739000,39052723.0
2012-11-30,VEA,22.484,22.556,22.438,22.49,2341600,52662584.0
2012-12-03,VEA,22.569,22.609,22.484,22.517,2555700,57546696.9
2012-12-04,VEA,22.596,22.622,22.536,22.576,3555200,80262195.2
2012-12-05,VEA,22.563,22.721,22.517,22.622,2164400,48963056.8
2012-12-06,VEA,22.675,22.688,22.569,22.655,2714700,61501528.5
2012-12-07,VEA,22.635,22.675,22.543,22.655,2640100,59811465.5
2012-12-10,VEA,22.629,22.701,22.596,22.668,3461500,78465282.0
2012-12-11,VEA,22.78,22.84,22.767,22.793,2795000,63706435.0
2012-12-12,VEA,22.873,23.018,22.846,22.879,2795400,63955956.6
2012-12-13,VEA,22.846,22.905,22.754,22.807,2039100,46505753.7
2012-12-14,VEA,22.859,22.978,22.82,22.892,1694000,38779048.0
2012-12-17,VEA,22.892,23.017,22.873,23.004,2836200,65243944.8
2012-12-18,VEA,23.116,23.268,23.077,23.215,8275400,192113411.0
2012-12-19,VEA,23.433,23.446,23.274,23.274,5469200,127290160.8
2012-12-20,VEA,23.385,23.478,23.325,23.478,5461600,128227444.8
2012-12-21,VEA,23.192,23.332,23.145,23.332,4488300,104721015.6
2012-12-24,VEA,23.292,23.318,23.219,23.265,1600300,37230979.5
2012-12-26,VEA,23.412,23.412,23.165,23.252,2220900,51640366.8
2012-12-27,VEA,23.398,23.398,23.185,23.338,3250800,75867170.4
2012-12-28,VEA,23.159,23.239,23.099,23.105,3604600,83284283.0
2012-12-31,VEA,23.212,23.485,23.152,23.445,3964300,92943013.5
2013-01-02,VEA,23.831,23.857,23.678,23.831,4903500,116855308.5
2013-01-03,VEA,23.671,23.744,23.565,23.591,3764100,88798883.1
2013-01-04,VEA,23.565,23.751,23.538,23.724,3242400,76922697.6
2013-01-07,VEA,23.531,23.644,23.491,23.605,5281800,124676889.0
2013-01-08,VEA,23.531,23.565,23.398,23.478,2269900,53292712.2
2013-01-09,VEA,23.551,23.644,23.545,23.591,2957000,69758587.0
2013-01-10,VEA,23.857,23.944,23.758,23.917,2827200,67618142.4
2013-01-11,VEA,23.957,23.977,23.864,23.957,3513500,84172919.5
2013-01-14,VEA,23.957,23.997,23.891,23.991,2356400,56532392.4
2013-01-15,VEA,23.811,23.957,23.804,23.957,1850300,44327637.1
2013-01-16,VEA,23.784,23.864,23.744,23.811,2203000,52455633.0
2013-01-17,VEA,23.991,24.064,23.931,24.011,2186700,52504853.7
2013-01-18,VEA,24.011,24.024,23.891,23.997,2375100,56995274.7
2013-01-22,VEA,23.951,24.017,23.871,24.011,2694500,64697639.5
2013-01-23,VEA,23.924,24.004,23.891,23.964,3155200,75611212.8
2013-01-24,VEA,24.037,24.157,24.017,24.104,3211400,77407585.6
2013-01-25,VEA,24.33,24.37,24.237,24.37,2500800,60944496.0
2013-01-28,VEA,24.31,24.31,24.177,24.23,2437700,59065471.0
2013-01-29,VEA,24.31,24.443,24.297,24.41,4171300,101821433.0
2013-01-30,VEA,24.443,24.523,24.41,24.436,3510700,85787465.2
2013-01-31,VEA,24.403,24.456,24.33,24.343,2690100,65485104.3
2013-02-01,VEA,24.51,24.603,24.436,24.536,3148600,77254049.6
2013-02-04,VEA,24.263,24.303,24.05,24.09,4194100,101035869.0
2013-02-05,VEA,24.157,24.263,24.137,24.197,2887100,69859158.7
2013-02-06,VEA,24.057,24.21,24.037,24.197,3290300,79615389.1
2013-02-07,VEA,24.144,24.19,23.877,24.011,5710000,137102810.0
2013-02-08,VEA,24.097,24.197,24.097,24.177,14154900,342223017.3
2013-02-11,VEA,24.15,24.177,24.064,24.157,3617100,87378284.7
2013-02-12,VEA,24.137,24.317,24.137,24.257,3053400,74066323.8
2013-02-13,VEA,24.396,24.436,24.297,24.343,4879300,118776799.9
2013-02-14,VEA,24.13,24.217,24.104,24.204,2586400,62601225.6
2013-02-15,VEA,24.237,24.243,24.057,24.117,2875300,69343610.1
2013-02-19,VEA,24.35,24.443,24.323,24.416,3127800,76368364.8
2013-02-20,VEA,24.476,24.49,24.19,24.19,2820400,68225476.0
2013-02-21,VEA,23.904,23.911,23.724,23.818,3494100,83222473.8
2013-02-22,VEA,24.044,24.17,23.951,24.17,2084300,50377531.0
2013-02-25,VEA,24.323,24.343,23.578,23.605,3597300,84914266.5
2013-02-26,VEA,23.857,23.917,23.651,23.778,4811200,114400713.6
2013-02-27,VEA,23.771,24.124,23.738,24.077,2074500,49947736.5
2013-02-28,VEA,24.084,24.217,24.037,24.064,4837100,116399974.4
2013-03-01,VEA,23.917,24.05,23.818,24.011,5763100,138377794.1
2013-03-04,VEA,23.957,24.117,23.911,24.117,2535400,61146241.8
2013-03-05,VEA,24.33,24.396,24.303,24.35,2735800,66616730.0
2013-03-06,VEA,24.476,24.476,24.317,24.41,2391500,58376515.0
2013-03-07,VEA,24.476,24.53,24.456,24.483,3122200,76440822.6
2013-03-08,VEA,24.503,24.543,24.403,24.536,9391600,230432297.6
2013-03-11,VEA,24.516,24.616,24.47,24.603,3205600,78867376.8
2013-03-12,VEA,24.589,24.629,24.443,24.496,2856400,69970374.4
2013-03-13,VEA,24.43,24.516,24.33,24.443,2813700,68775269.1
2013-03-14,VEA,24.563,24.729,24.543,24.709,2777300,68624305.7
2013-03-15,VEA,24.749,24.789,24.683,24.729,3222300,79684256.7
2013-03-18,VEA,24.443,24.643,24.403,24.456,2564200,62710075.2
2013-03-19,VEA,24.543,24.563,24.23,24.383,3268100,79686082.3
2013-03-20,VEA,24.583,24.596,24.49,24.55,2445200,60029660.0
2013-03-21,VEA,24.363,24.483,24.317,24.343,2447100,59569755.3
2013-03-22,VEA,24.478,24.585,24.437,24.564,2410600,59213978.4
2013-03-25,VEA,24.565,24.585,24.177,24.244,3754300,91019249.2
2013-03-26,VEA,24.337,24.397,24.264,24.384,2256900,55032249.6
2013-03-27,VEA,24.123,24.29,24.07,24.264,2961400,71855409.6
2013-03-28,VEA,24.351,24.431,24.29,24.351,4782100,116448917.1
2013-04-01,VEA,24.23,24.237,24.01,24.063,5633900,135568535.7
2013-04-02,VEA,24.304,24.431,24.277,24.317,2991400,72741873.8
2013-04-03,VEA,24.431,24.471,24.184,24.204,2245400,54347661.6
2013-04-04,VEA,24.284,24.437,24.23,24.417,2236100,54598853.7
2013-04-05,VEA,24.09,24.311,24.05,24.311,2280900,55450959.9
2013-04-08,VEA,24.31,24.397,24.257,24.391,2044900,49877155.9
2013-04-09,VEA,24.377,24.571,24.29,24.491,3858600,94500972.6
2013-04-10,VEA,24.698,24.899,24.698,24.839,1716600,42638627.4
2013-04-11,VEA,24.999,25.153,24.972,25.032,1433200,35875862.4
2013-04-12,VEA,24.925,24.999,24.819,24.999,2269400,56732730.6
2013-04-15,VEA,24.765,24.765,24.471,24.478,3318400,81227795.2
2013-04-16,VEA,24.765,24.845,24.651,24.832,1813100,45022899.2
2013-04-17,VEA,24.565,24.565,24.197,24.324,2413100,58696244.4
2013-04-18,VEA,24.384,24.384,24.157,24.264,2315700,56188144.8
2013-04-19,VEA,24.411,24.458,24.337,24.431,1520000,37135120.0
2013-04-22,VEA,24.431,24.578,24.324,24.551,1852000,45468452.0
2013-04-23,VEA,24.752,24.919,24.738,24.892,2573600,64062051.2
2013-04-24,VEA,25.052,25.173,25.012,25.106,3129400,78566716.4
2013-04-25,VEA,25.226,25.353,25.22,25.246,3408800,86058564.8
2013-04-26,VEA,25.199,25.28,25.179,25.26,1797800,45412428.0
2013-04-29,VEA,25.373,25.594,25.367,25.554,4281400,109406895.6
2013-04-30,VEA,25.58,25.621,25.5,25.621,5729000,146782709.0
2013-05-01,VEA,25.614,25.621,25.387,25.427,2074900,52758482.3
2013-05-02,VEA,25.387,25.567,25.36,25.507,2532100,64586274.7
2013-05-03,VEA,25.734,25.875,25.714,25.814,1953800,50435393.2
2013-05-06,VEA,25.754,25.808,25.694,25.794,1554700,40101931.8
2013-05-07,VEA,25.868,25.881,25.754,25.861,1565800,40493153.8
2013-05-08,VEA,26.002,26.135,25.995,26.129,1968700,51440162.3
2013-05-09,VEA,25.995,26.022,25.788,25.881,3591600,92954199.6
2013-05-10,VEA,25.828,25.935,25.768,25.895,2628400,68062418.0
2013-05-13,VEA,25.895,25.921,25.821,25.895,1862900,48239795.5
2013-05-14,VEA,25.881,26.015,25.861,25.988,2218800,57662174.4
2013-05-15,VEA,25.948,26.082,25.921,26.075,2242900,58483617.5
2013-05-16,VEA,25.962,26.035,25.841,25.861,2524300,65280922.3
2013-05-17,VEA,25.895,26.082,25.875,26.075,1845800,48129235.0
2013-05-20,VEA,26.082,26.236,26.068,26.209,5275200,138257716.8
2013-05-21,VEA,26.115,26.316,26.055,26.249,2587400,67916662.6
2013-05-22,VEA,26.282,26.516,25.928,26.015,2732800,71093792.0
2013-05-23,VEA,25.36,25.641,25.22,25.621,3575300,91602761.3
2013-05-24,VEA,25.306,25.427,25.226,25.42,2178500,55377470.0
2013-05-28,VEA,25.614,25.721,25.427,25.467,3104800,79069941.6
2013-05-29,VEA,25.28,25.3,25.119,25.246,2423100,61173582.6
2013-05-30,VEA,25.266,25.433,25.246,25.367,2531100,64206413.7
2013-05-31,VEA,25.072,25.106,24.852,24.859,4598500,114314111.5
2013-06-03,VEA,24.859,25.079,24.752,25.026,6012600,150471327.6
2013-06-04,VEA,25.206,25.24,24.952,25.079,2536600,63615391.4
2013-06-05,VEA,24.792,24.805,24.518,24.518,3667600,89922216.8
2013-06-06,VEA,24.511,24.678,24.404,24.658,3508800,86519990.4
2013-06-07,VEA,24.678,24.959,24.591,24.945,3204300,79931263.5
2013-06-10,VEA,25.026,25.026,24.865,24.959,2707500,67576492.5
2013-06-11,VEA,24.605,24.785,24.544,24.645,3146100,77535634.5
2013-06-12,VEA,24.939,24.945,24.598,24.631,2009500,49495994.5
2013-06-13,VEA,24.718,25.039,24.645,25.012,1923700,48115584.4
2013-06-14,VEA,24.825,24.946,24.638,24.718,2461100,60833469.8
2013-06-17,VEA,25.153,25.226,24.925,25.073,1925200,48270539.6
2013-06-18,VEA,25.166,25.286,25.153,25.226,2252400,56819042.4
2013-06-19,VEA,25.213,25.266,24.738,24.765,4551500,112717897.5
2013-06-20,VEA,24.183,24.23,23.796,23.843,5257800,125361725.4
2013-06-21,VEA,24.143,24.143,23.709,23.923,3486600,83409931.8
2013-06-24,VEA,23.465,23.668,23.302,23.512,3556500,83620428.0
2013-06-25,VEA,23.75,23.879,23.58,23.852,3814000,90971528.0
2013-06-26,VEA,23.967,24.014,23.845,23.96,2472300,59236308.0
2013-06-27,VEA,24.177,24.306,24.164,24.218,2158600,52276974.8
2013-06-28,VEA,24.184,24.3,24.089,24.164,3390200,81920792.8
2013-07-01,VEA,24.422,24.496,24.354,24.408,4226100,103150648.8
2013-07-02,VEA,24.361,24.496,24.191,24.286,2563900,62266875.4
2013-07-03,VEA,24.096,24.32,24.042,24.279,1982800,48140401.2
2013-07-05,VEA,24.49,24.49,24.184,24.381,2945800,71821549.8
2013-07-08,VEA,24.476,24.551,24.422,24.51,2432700,59625477.0
2013-07-09,VEA,24.72,24.734,24.51,24.659,4859600,119832876.4
2013-07-10,VEA,24.652,24.89,24.612,24.707,5634600,139214062.2
2013-07-11,VEA,25.182,25.413,25.094,25.386,3517300,89290177.8
2013-07-12,VEA,25.202,25.257,25.128,25.243,2449000,61820107.0
2013-07-15,VEA,25.311,25.399,25.27,25.392,3215700,81653054.4
2013-07-16,VEA,25.352,25.399,25.291,25.358,1956000,49600248.0
2013-07-17,VEA,25.535,25.555,25.386,25.453,2503200,63713949.6
2013-07-18,VEA,25.494,25.616,25.277,25.603,3698800,94700376.4
2013-07-19,VEA,25.508,25.61,25.46,25.576,2084200,53305499.2
2013-07-22,VEA,25.637,25.718,25.603,25.711,2801900,72039650.9
2013-07-23,VEA,25.766,25.827,25.684,25.745,2275400,58580173.0
2013-07-24,VEA,25.847,25.861,25.63,25.718,2000800,51456574.4
2013-07-25,VEA,25.521,25.779,25.494,25.745,2455200,63209124.0
2013-07-26,VEA,25.528,25.61,25.399,25.603,3521600,90163524.8
2013-07-29,VEA,25.386,25.426,25.324,25.379,1932200,49037303.8
2013-07-30,VEA,25.487,25.508,25.297,25.372,1841600,46725075.2
2013-07-31,VEA,25.304,25.582,25.304,25.419,7629300,193929176.7
2013-08-01,VEA,25.745,25.813,25.677,25.772,14871200,383260566.4
2013-08-02,VEA,25.793,25.976,25.793,25.976,3388300,88014480.8
2013-08-05,VEA,25.881,25.949,25.806,25.949,2521900,65440783.1
2013-08-06,VEA,25.99,26.003,25.82,25.895,2554700,66153956.5
2013-08-07,VEA,25.752,25.8,25.711,25.745,3540900,91160470.5
2013-08-08,VEA,25.881,26.01,25.8,25.976,2302700,59814935.2
2013-08-09,VEA,25.956,26.044,25.908,25.99,1902700,49451173.0
2013-08-12,VEA,25.867,25.976,25.867,25.949,1942900,50416312.1
2013-08-13,VEA,26.024,26.159,25.888,26.146,2590300,67725983.8
2013-08-14,VEA,26.159,26.193,26.119,26.153,2501700,65426960.1
2013-08-15,VEA,25.84,25.956,25.657,25.929,4027900,104439419.1
2013-08-16,VEA,25.99,26.051,25.949,25.976,2628200,68270123.2
2013-08-19,VEA,25.956,25.99,25.793,25.793,1931200,49811441.6
2013-08-20,VEA,25.684,25.82,25.657,25.752,3442200,88643534.4
2013-08-21,VEA,25.589,25.677,25.358,25.447,2878300,73244100.1
2013-08-22,VEA,25.643,25.745,25.637,25.711,1832600,47117978.6
2013-08-23,VEA,25.854,25.942,25.793,25.935,2294500,59507857.5
2013-08-26,VEA,25.827,25.861,25.745,25.766,2567900,66164511.4
2013-08-27,VEA,25.46,25.555,25.311,25.331,2686000,68039066.0
2013-08-28,VEA,25.189,25.406,25.168,25.304,2618200,66250932.8
2013-08-29,VEA,25.257,25.399,25.236,25.304,2381800,60269067.2
2013-08-30,VEA,25.182,25.182,24.992,25.012,3510100,87794621.2
2013-09-03,VEA,25.596,25.616,25.379,25.481,3378600,86090106.6
2013-09-04,VEA,25.474,25.752,25.44,25.711,2401800,61752679.8
2013-09-05,VEA,25.637,25.732,25.61,25.705,2481400,63784387.0
2013-09-06,VEA,25.82,25.922,25.65,25.854,4463500,115399329.0
2013-09-09,VEA,26.037,26.241,26.003,26.22,2250700,59013354.0
2013-09-10,VEA,26.431,26.512,26.404,26.505,4615300,122328526.5
2013-09-11,VEA,26.424,26.594,26.404,26.58,2449100,65097078.0
2013-09-12,VEA,26.478,26.56,26.431,26.451,7005100,185291900.1
2013-09-13,VEA,26.458,26.56,26.397,26.546,4754500,126212957.0
2013-09-16,VEA,26.899,26.906,26.763,26.784,2349200,62920972.8
2013-09-17,VEA,26.723,26.797,26.716,26.797,2177400,58347787.8
2013-09-18,VEA,26.825,27.551,26.736,27.503,3735400,102734706.2
2013-09-19,VEA,27.53,27.53,27.334,27.381,3071000,84087051.0
2013-09-20,VEA,27.334,27.334,27.157,27.157,2825000,76718525.0
2013-09-23,VEA,27.208,27.214,27.051,27.173,5032300,136742687.9
2013-09-24,VEA,27.139,27.228,27.051,27.119,3806900,103239321.1
2013-09-25,VEA,27.098,27.187,27.051,27.133,4180900,113440359.7
2013-09-26,VEA,27.214,27.303,27.153,27.235,2848400,77576174.0
2013-09-27,VEA,27.153,27.235,27.112,27.18,2742700,74546586.0
2013-09-30,VEA,26.908,27.03,26.86,26.976,6128000,165308928.0
2013-10-01,VEA,27.003,27.187,26.962,27.133,7047900,191230670.7
2013-10-02,VEA,27.01,27.119,26.887,27.105,4647700,125975908.5
2013-10-03,VEA,27.058,27.085,26.887,26.935,7443500,200490672.5
2013-10-04,VEA,26.928,27.037,26.901,27.01,2133300,57620433.0
2013-10-07,VEA,26.669,26.846,26.655,26.737,2536800,67826421.6
2013-10-08,VEA,26.785,26.799,26.54,26.56,3944100,104755296.0
2013-10-09,VEA,26.635,26.71,26.471,26.649,3424500,91259500.5
2013-10-10,VEA,26.901,27.187,26.88,27.146,2571600,69808653.6
2013-10-11,VEA,27.153,27.296,27.133,27.296,3102900,84696758.4
2013-10-14,VEA,27.173,27.398,27.153,27.378,1715300,46961483.4
2013-10-15,VEA,27.296,27.323,27.208,27.235,2943500,80166222.5
2013-10-16,VEA,27.33,27.473,27.31,27.467,2155700,59210611.9
2013-10-17,VEA,27.603,27.807,27.576,27.8,3721200,103449360.0
2013-10-18,VEA,27.889,27.971,27.835,27.964,2437800,68170639.2
2013-10-21,VEA,27.95,28.005,27.903,28.005,2215100,62033875.5
2013-10-22,VEA,28.155,28.325,28.128,28.271,8545300,241584176.3
2013-10-23,VEA,27.984,27.991,27.882,27.964,2865800,80139231.2
2013-10-24,VEA,28.114,28.162,28.053,28.155,2246700,63255838.5
2013-10-25,VEA,28.073,28.08,27.998,28.08,2544000,71435520.0
2013-10-28,VEA,28.025,28.1,27.978,28.039,2391500,67055268.5
2013-10-29,VEA,28.08,28.107,28.025,28.087,2652700,74506384.9
2013-10-30,VEA,28.162,28.162,27.882,28.025,3053800,85582745.0
2013-10-31,VEA,27.937,28.005,27.821,27.841,3825400,106502961.4
2013-11-01,VEA,27.705,27.732,27.555,27.705,4260900,118048234.5
2013-11-04,VEA,27.76,27.828,27.698,27.828,3206400,89227699.2
2013-11-05,VEA,27.576,27.637,27.473,27.589,3421600,94398522.4
2013-11-06,VEA,27.855,27.916,27.794,27.855,2109600,58762908.0
2013-11-07,VEA,27.739,27.739,27.351,27.385,3235900,88615121.5
2013-11-08,VEA,27.33,27.548,27.323,27.548,4894600,134836440.8
2013-11-11,VEA,27.562,27.589,27.514,27.582,1952600,53856613.2
2013-11-12,VEA,27.514,27.582,27.439,27.521,2732800,75209388.8
2013-11-13,VEA,27.31,27.603,27.289,27.596,7775400,214569938.4
2013-11-14,VEA,27.596,27.753,27.562,27.726,1856700,51478864.2
2013-11-15,VEA,27.916,27.978,27.875,27.978,2559800,71618084.4
2013-11-18,VEA,28.148,28.162,27.944,27.998,3023700,84657552.6
2013-11-19,VEA,27.91,28.012,27.882,27.916,2304000,64318464.0
2013-11-20,VEA,27.957,28.005,27.657,27.726,3792100,105139764.6
2013-11-21,VEA,27.8,27.889,27.76,27.889,2725200,76003102.8
2013-11-22,VEA,27.889,27.984,27.862,27.971,2345400,65603183.4
2013-11-25,VEA,27.944,27.95,27.841,27.889,3176600,88592197.4
2013-11-26,VEA,27.848,27.916,27.807,27.882,3171300,88422186.6
2013-11-27,VEA,27.978,28.019,27.923,27.978,2515200,70370265.6
2013-11-29,VEA,28.114,28.162,28.025,28.025,3048200,85425805.0
2013-12-02,VEA,27.937,27.957,27.814,27.835,3005100,83646958.5
2013-12-03,VEA,27.685,27.712,27.521,27.61,2755700,76084877.0
2013-12-04,VEA,27.31,27.48,27.262,27.453,5513100,151351134.3
2013-12-05,VEA,27.378,27.426,27.269,27.303,2103500,57431860.5
2013-12-06,VEA,27.514,27.664,27.501,27.637,2557700,70687154.9
2013-12-09,VEA,27.61,27.671,27.582,27.644,2660800,73555155.2
2013-12-10,VEA,27.555,27.603,27.507,27.555,2741000,75528255.0
2013-12-11,VEA,27.569,27.576,27.303,27.33,4804800,131315184.0
2013-12-12,VEA,27.208,27.214,27.051,27.126,3794100,102918756.6
2013-12-13,VEA,27.126,27.133,27.01,27.098,2611300,70761007.4
2013-12-16,VEA,27.303,27.371,27.269,27.296,4917900,134238998.4
2013-12-17,VEA,27.242,27.242,27.112,27.194,3148200,85612150.8
2013-12-18,VEA,27.378,27.671,27.092,27.596,4402500,121491390.0
2013-12-19,VEA,27.494,27.603,27.446,27.582,3711800,102378867.6
2013-12-20,VEA,27.66,27.776,27.646,27.728,3157800,87559478.4
2013-12-23,VEA,27.92,28.016,27.879,28.002,4007500,112218015.0
2013-12-24,VEA,27.982,28.064,27.948,28.05,1492800,41873040.0
2013-12-26,VEA,28.194,28.228,28.174,28.215,2428100,68508841.5
2013-12-27,VEA,28.461,28.461,28.345,28.359,2871500,81432868.5
2013-12-30,VEA,28.455,28.516,28.42,28.509,2218000,63232962.0
2013-12-31,VEA,28.578,28.694,28.544,28.557,3160100,90242975.7
2014-01-02,VEA,28.242,28.242,28.009,28.078,4919500,138129721.0
2014-01-03,VEA,28.139,28.174,28.037,28.085,2613700,73405764.5
2014-01-06,VEA,28.119,28.133,28.023,28.03,2922600,81920478.0
2014-01-07,VEA,28.167,28.228,28.139,28.194,2195900,61911204.6
2014-01-08,VEA,28.215,28.242,28.133,28.187,3068400,86488990.8
2014-01-09,VEA,28.201,28.201,27.996,28.153,3564500,100351368.5
2014-01-10,VEA,28.276,28.427,28.256,28.407,2911100,82695617.7
2014-01-13,VEA,28.297,28.352,28.119,28.167,2572300,72453974.1
2014-01-14,VEA,28.256,28.407,28.16,28.379,2298700,65234807.3
2014-01-15,VEA,28.379,28.516,28.359,28.516,3691100,105255407.6
2014-01-16,VEA,28.455,28.489,28.359,28.468,2871900,81757249.2
2014-01-17,VEA,28.448,28.496,28.352,28.4,2209600,62752640.0
2014-01-21,VEA,28.571,28.571,28.407,28.516,2855100,81416031.6
2014-01-22,VEA,28.53,28.571,28.475,28.544,2904100,82894630.4
2014-01-23,VEA,28.441,28.441,28.208,28.331,3645400,103277827.4
2014-01-24,VEA,27.913,27.92,27.55,27.55,5200000,143260000.0
2014-01-27,VEA,27.564,27.591,27.262,27.42,5212800,142934976.0
2014-01-28,VEA,27.571,27.708,27.55,27.694,2944800,81553291.2
2014-01-29,VEA,27.372,27.516,27.297,27.365,3117900,85321333.5
2014-01-30,VEA,27.516,27.564,27.386,27.509,3562600,98003563.4
2014-01-31,VEA,26.961,27.249,26.934,27.071,4159900,112612652.9
2014-02-03,VEA,27.043,27.077,26.529,26.55,4690100,124522155.0
2014-02-04,VEA,26.714,26.838,26.646,26.824,3388500,90893124.0
2014-02-05,VEA,26.79,26.892,26.707,26.851,3977200,106791797.2
2014-02-06,VEA,27.077,27.379,27.077,27.379,3659200,100185236.8
2014-02-07,VEA,27.468,27.687,27.413,27.68,4494500,124407760.0
2014-02-10,VEA,27.605,27.605,27.516,27.557,3818300,105220893.1
2014-02-11,VEA,27.728,28.064,27.728,28.009,3055800,85589902.2
2014-02-12,VEA,28.03,28.105,27.989,28.078,3213200,90220229.6
2014-02-13,VEA,27.817,28.16,27.797,28.126,9339400,262679964.4
2014-02-14,VEA,28.119,28.283,28.091,28.249,3600500,101710524.5
2014-02-18,VEA,28.448,28.509,28.359,28.482,3290900,93731413.8
2014-02-19,VEA,28.407,28.537,28.263,28.263,3287500,92914612.5
2014-02-20,VEA,28.228,28.407,28.181,28.366,2497100,70832738.6
2014-02-21,VEA,28.475,28.585,28.434,28.434,2395000,68099430.0
2014-02-24,VEA,28.55,28.818,28.516,28.674,4067200,116622892.8
2014-02-25,VEA,28.701,28.77,28.564,28.619,2448400,70070759.6
2014-02-26,VEA,28.585,28.598,28.441,28.53,2406000,68643180.0
2014-02-27,VEA,28.468,28.646,28.407,28.646,2437800,69833218.8
2014-02-28,VEA,28.701,28.825,28.585,28.681,2975600,85343183.6
2014-03-03,VEA,28.215,28.27,28.009,28.098,4448300,124988333.4
2014-03-04,VEA,28.626,28.674,28.585,28.653,3837000,109941561.0
2014-03-05,VEA,28.598,28.653,28.55,28.592,2607300,74547921.6
2014-03-06,VEA,28.914,28.982,28.873,28.914,1679100,48549497.4
2014-03-07,VEA,28.879,28.879,28.626,28.763,2783700,80067563.1
2014-03-10,VEA,28.564,28.592,28.4,28.571,2519800,71993205.8
2014-03-11,VEA,28.537,28.619,28.345,28.372,3545000,100578740.0
2014-03-12,VEA,28.126,28.29,28.043,28.249,2744300,77523730.7
2014-03-13,VEA,28.297,28.324,27.674,27.749,3214000,89185286.0
2014-03-14,VEA,27.605,27.797,27.578,27.68,3779100,104605488.0
2014-03-17,VEA,27.906,28.064,27.886,28.016,2565900,71886254.4
2014-03-18,VEA,28.05,28.242,28.03,28.194,3984600,112341812.4
2014-03-19,VEA,28.16,28.181,27.667,27.845,3662300,101976743.5
2014-03-20,VEA,27.584,27.783,27.523,27.735,3439400,95391759.0
2014-03-21,VEA,27.879,27.948,27.646,27.687,3039700,84160173.9
2014-03-24,VEA,27.879,27.886,27.584,27.735,3915700,108601939.5
2014-03-25,VEA,27.984,28.108,27.88,28.053,3100700,86983937.1
2014-03-26,VEA,28.261,28.288,28.06,28.06,4167800,116948468.0
2014-03-27,VEA,28.198,28.268,28.129,28.219,3578600,100984513.4
2014-03-28,VEA,28.434,28.51,28.399,28.42,2386900,67835698.0
2014-03-31,VEA,28.662,28.697,28.559,28.579,6154800,175898029.2
2014-04-01,VEA,28.725,28.787,28.697,28.787,7648200,220168733.4
2014-04-02,VEA,28.78,28.842,28.739,28.836,3399800,98036632.8
2014-04-03,VEA,28.815,28.822,28.669,28.739,4195800,120583096.2
2014-04-04,VEA,28.877,28.919,28.628,28.662,3420900,98049835.8
2014-04-07,VEA,28.649,28.662,28.469,28.531,2687300,76671356.3
2014-04-08,VEA,28.413,28.565,28.392,28.51,2752400,78470924.0
2014-04-09,VEA,28.739,28.912,28.635,28.905,2668600,77135883.0
2014-04-10,VEA,28.746,28.794,28.378,28.385,2923800,82992063.0
2014-04-11,VEA,28.226,28.427,28.219,28.226,2953400,83362668.4
2014-04-14,VEA,28.351,28.427,28.247,28.385,4446200,126205387.0
2014-04-15,VEA,28.316,28.351,27.963,28.247,4349000,122846203.0
2014-04-16,VEA,28.51,28.621,28.406,28.621,2406100,68864988.1
2014-04-17,VEA,28.649,28.787,28.579,28.725,3289300,94485142.5
2014-04-21,VEA,28.787,28.794,28.69,28.773,2740400,78849529.2
2014-04-22,VEA,28.849,28.926,28.836,28.891,1607400,46439393.4
2014-04-23,VEA,28.863,28.87,28.773,28.815,2762600,79604319.0
2014-04-24,VEA,28.808,28.842,28.628,28.808,11458700,330102229.6
2014-04-25,VEA,28.759,28.759,28.586,28.669,6941800,199014464.2
2014-04-28,VEA,28.773,28.822,28.559,28.752,4456200,128124662.4
2014-04-29,VEA,28.863,28.988,28.863,28.939,3115400,90156560.6
2014-04-30,VEA,28.932,29.057,28.884,29.029,6180200,179405025.8
2014-05-01,VEA,29.209,29.209,29.029,29.126,3738800,108896288.8
2014-05-02,VEA,29.071,29.147,28.995,29.085,4478900,130268806.5
2014-05-05,VEA,28.988,29.064,28.815,29.05,3945900,114628395.0
2014-05-06,VEA,29.057,29.085,28.974,29.009,2362600,68536663.4
2014-05-07,VEA,28.988,29.05,28.87,29.036,3857600,112009273.6
2014-05-08,VEA,29.064,29.168,28.988,29.029,2218300,64395030.7
2014-05-09,VEA,28.981,29.036,28.891,28.988,2356900,68321817.2
2014-05-12,VEA,29.126,29.209,29.099,29.209,4526600,132217459.4
2014-05-13,VEA,29.223,29.258,29.175,29.251,2214200,64767564.2
2014-05-14,VEA,29.258,29.293,29.175,29.209,1857800,54264480.2
2014-05-15,VEA,29.14,29.168,28.974,29.078,2453500,71342873.0
2014-05-16,VEA,29.092,29.133,29.023,29.126,2251700,65583014.2
2014-05-19,VEA,28.981,29.106,28.974,29.078,1741000,50624798.0
2014-05-20,VEA,28.981,28.995,28.822,28.884,3152400,91053921.6
2014-05-21,VEA,29.009,29.133,28.981,29.119,3071400,89436096.6
2014-05-22,VEA,29.154,29.209,29.126,29.189,1934300,56460282.7
2014-05-23,VEA,29.168,29.286,29.161,29.258,1349000,39469042.0
2014-05-27,VEA,29.438,29.452,29.334,29.438,2434500,71666811.0
2014-05-28,VEA,29.362,29.396,29.306,29.348,2137800,62740154.4
2014-05-29,VEA,29.487,29.542,29.431,29.542,2265000,66912630.0
2014-05-30,VEA,29.5,29.549,29.466,29.542,3623200,107036574.4
2014-06-02,VEA,29.618,29.625,29.535,29.59,2275600,67335004.0
2014-06-03,VEA,29.48,29.549,29.48,29.528,1947700,57511685.6
2014-06-04,VEA,29.487,29.563,29.431,29.542,2165500,63973201.0
2014-06-05,VEA,29.632,29.763,29.507,29.743,1800000,53537400.0
2014-06-06,VEA,29.784,29.895,29.763,29.895,2453600,73350372.0
2014-06-09,VEA,29.791,29.888,29.763,29.86,1822900,54431794.0
2014-06-10,VEA,29.763,29.819,29.708,29.805,5378800,160315134.0
2014-06-11,VEA,29.715,29.729,29.632,29.667,2294100,68059064.7
2014-06-12,VEA,29.77,29.791,29.618,29.673,1940400,57577489.2
2014-06-13,VEA,29.673,29.729,29.604,29.667,1817500,53919772.5
2014-06-16,VEA,29.611,29.722,29.611,29.687,1748500,51907719.5
2014-06-17,VEA,29.563,29.66,29.549,29.653,4111900,121930170.7
2014-06-18,VEA,29.68,29.916,29.59,29.909,4192700,125399464.3
2014-06-19,VEA,30.103,30.11,30.013,30.054,3755200,112858780.8
2014-06-20,VEA,30.013,30.02,29.937,29.992,2036000,61063712.0
2014-06-23,VEA,29.888,29.93,29.798,29.916,2168900,64884812.4
2014-06-24,VEA,29.883,29.918,29.722,29.743,2402500,71457557.5
2014-06-25,VEA,29.617,29.778,29.589,29.771,5235400,155863093.4
2014-06-26,VEA,29.743,29.778,29.532,29.757,2811600,83664781.2
2014-06-27,VEA,29.701,29.813,29.659,29.813,2383200,71050341.6
2014-06-30,VEA,29.778,29.862,29.75,29.848,10264200,306365841.6
2014-07-01,VEA,30.009,30.149,29.988,30.114,6175100,185956961.4
2014-07-02,VEA,30.1,30.156,30.065,30.149,2255200,67992024.8
2014-07-03,VEA,30.156,30.24,30.128,30.198,4219100,127408381.8
2014-07-07,VEA,29.981,30.009,29.925,29.967,2093100,62723927.7
2014-07-08,VEA,29.813,29.813,29.596,29.666,2498700,74126434.2
2014-07-09,VEA,29.652,29.806,29.624,29.778,3775400,112423861.2
2014-07-10,VEA,29.252,29.448,29.224,29.427,2299100,67655615.7
2014-07-11,VEA,29.371,29.469,29.329,29.462,3952200,116439716.4
2014-07-14,VEA,29.729,29.729,29.652,29.673,1752600,52004899.8
2014-07-15,VEA,29.687,29.715,29.469,29.582,2678000,79220596.0
2014-07-16,VEA,29.806,29.82,29.743,29.799,2076100,61865703.9
2014-07-17,VEA,29.624,29.729,29.385,29.406,2813100,82722018.6
2014-07-18,VEA,29.462,29.687,29.462,29.652,4361000,129312372.0
2014-07-21,VEA,29.441,29.547,29.399,29.532,2327000,68720964.0
2014-07-22,VEA,29.715,29.743,29.673,29.687,2002000,59433374.0
2014-07-23,VEA,29.799,29.799,29.708,29.75,1678700,49941325.0
2014-07-24,VEA,29.82,29.834,29.757,29.799,1950800,58131889.2
2014-07-25,VEA,29.778,29.778,29.582,29.694,2174800,64578511.2
2014-07-28,VEA,29.715,29.75,29.554,29.708,2267800,67371802.4
2014-07-29,VEA,29.82,29.834,29.666,29.68,2171600,64453088.0
2014-07-30,VEA,29.715,29.75,29.54,29.652,3327000,98652204.0
2014-07-31,VEA,29.364,29.378,29.119,29.14,4850300,141337742.0
2014-08-01,VEA,29.035,29.147,28.916,28.979,4252500,123233197.5
2014-08-04,VEA,29.056,29.133,28.909,29.077,3471500,100940805.5
2014-08-05,VEA,28.902,28.944,28.663,28.72,3859900,110856328.0
2014-08-06,VEA,28.509,28.727,28.495,28.656,3524700,101003803.2
2014-08-07,VEA,28.692,28.727,28.341,28.418,2774700,78851424.6
2014-08-08,VEA,28.411,28.6,28.334,28.6,2313500,66166100.0
2014-08-11,VEA,28.663,28.748,28.663,28.67,2046800,58681756.0
2014-08-12,VEA,28.663,28.713,28.607,28.67,1848800,53005096.0
2014-08-13,VEA,28.86,28.902,28.797,28.867,2646100,76384968.7
2014-08-14,VEA,28.993,29.007,28.93,29.0,1956000,56724000.0
2014-08-15,VEA,29.119,29.182,28.748,28.986,6917300,200504857.8
2014-08-18,VEA,29.105,29.161,29.07,29.147,1904500,55510461.5
2014-08-19,VEA,29.161,29.224,29.161,29.217,1584400,46291414.8
2014-08-20,VEA,29.063,29.161,29.049,29.119,2419700,70459244.3
2014-08-21,VEA,29.182,29.259,29.168,29.231,2362100,69046545.1
2014-08-22,VEA,29.147,29.168,28.993,29.105,3894100,113337780.5
2014-08-25,VEA,29.252,29.357,29.217,29.301,2291700,67149101.7
2014-08-26,VEA,29.322,29.406,29.294,29.294,1840000,53900960.0
2014-08-27,VEA,29.392,29.413,29.322,29.378,1704000,50060112.0
2014-08-28,VEA,29.175,29.245,29.147,29.238,2932600,85743358.8
2014-08-29,VEA,29.203,29.238,29.105,29.217,4019100,117426044.7
2014-09-02,VEA,29.266,29.287,29.154,29.245,2178900,63721930.5
2014-09-03,VEA,29.483,29.511,29.385,29.434,2032600,59827548.4
2014-09-04,VEA,29.413,29.476,29.224,29.308,2379600,69741316.8
2014-09-05,VEA,29.21,29.301,29.14,29.301,1906400,55859426.4
2014-09-08,VEA,29.105,29.133,28.944,29.007,2090700,60644934.9
2014-09-09,VEA,28.944,28.944,28.804,28.895,2097000,60592815.0
2014-09-10,VEA,28.923,29.063,28.874,29.063,2737000,79545431.0
2014-09-11,VEA,28.867,28.916,28.797,28.902,2944300,85096158.6
2014-09-12,VEA,28.867,28.895,28.79,28.846,2108700,60827560.2
2014-09-15,VEA,28.797,28.832,28.748,28.804,2298500,66205994.0
2014-09-16,VEA,28.67,28.958,28.663,28.923,3501400,101270992.2
2014-09-17,VEA,28.818,28.895,28.656,28.713,2500300,71791113.9
2014-09-18,VEA,28.867,28.93,28.846,28.909,2900100,83838990.9
2014-09-19,VEA,28.965,28.965,28.79,28.804,2261200,65131604.8
2014-09-22,VEA,28.797,28.797,28.614,28.706,2475000,71047350.0
2014-09-23,VEA,28.516,28.593,28.418,28.446,3965200,112794079.2
2014-09-24,VEA,28.469,28.638,28.391,28.603,2384600,68206713.8
2014-09-25,VEA,28.462,28.462,28.159,28.201,3858200,108805098.2
2014-09-26,VEA,28.279,28.391,28.215,28.307,1921300,54386239.1
2014-09-29,VEA,28.011,28.131,27.969,28.06,4002500,112310150.0
2014-09-30,VEA,27.99,28.109,27.912,28.004,6953500,194725814.0
2014-10-01,VEA,27.842,27.884,27.623,27.659,6636300,183553421.7
2014-10-02,VEA,27.497,27.539,27.123,27.356,7207900,197179312.4
2014-10-03,VEA,27.335,27.419,27.271,27.391,5705000,156265655.0
2014-10-06,VEA,27.511,27.595,27.391,27.546,3748600,103258935.6
2014-10-07,VEA,27.391,27.391,27.102,27.102,4012400,108744064.8
2014-10-08,VEA,27.109,27.546,27.018,27.518,3992500,109865615.0
2014-10-09,VEA,27.257,27.306,26.757,26.778,4950400,132561811.2
2014-10-10,VEA,26.658,26.729,26.376,26.376,5080900,134013818.4
2014-10-13,VEA,26.672,26.743,26.355,26.362,4661600,122889099.2
2014-10-14,VEA,26.531,26.63,26.341,26.405,10333000,272842865.0
2014-10-15,VEA,26.236,26.292,25.771,26.257,9320100,244717865.7
2014-10-16,VEA,25.679,26.257,25.616,26.045,10828900,282038700.5
2014-10-17,VEA,26.447,26.56,26.334,26.468,4924800,130349606.4
2014-10-20,VEA,26.461,26.715,26.461,26.693,3739000,99805127.0
2014-10-21,VEA,26.799,27.003,26.785,26.982,4426100,119425030.2
2014-10-22,VEA,26.947,27.032,26.764,26.792,3789700,101533642.4
2014-10-23,VEA,27.053,27.187,26.996,27.074,6064500,164190273.0
2014-10-24,VEA,27.116,27.187,27.032,27.187,3854700,104797728.9
2014-10-27,VEA,26.982,27.165,26.919,27.102,3595600,97447951.2
2014-10-28,VEA,27.32,27.433,27.278,27.433,2611400,71638536.2
2014-10-29,VEA,27.511,27.588,27.165,27.271,3550700,96831139.7
2014-10-30,VEA,27.151,27.63,27.151,27.461,3121200,85711273.2
2014-10-31,VEA,27.814,27.926,27.743,27.905,4484600,125142763.0
2014-11-03,VEA,27.743,27.785,27.602,27.708,3592600,99543760.8
2014-11-04,VEA,27.497,27.546,27.37,27.532,2532600,69727543.2
2014-11-05,VEA,27.567,27.588,27.44,27.539,2920400,80424895.6
2014-11-06,VEA,27.511,27.574,27.363,27.426,3392900,93053675.4
2014-11-07,VEA,27.342,27.433,27.236,27.433,2691000,73822203.0
2014-11-10,VEA,27.539,27.588,27.461,27.56,3480300,95917068.0
2014-11-11,VEA,27.645,27.75,27.567,27.722,2407100,66729626.2
2014-11-12,VEA,27.447,27.546,27.419,27.49,3523400,96858266.0
2014-11-13,VEA,27.525,27.673,27.504,27.602,2743200,75717806.4
2014-11-14,VEA,27.447,27.652,27.44,27.645,4583200,126702564.0
2014-11-17,VEA,27.447,27.56,27.412,27.525,3885400,106945635.0
2014-11-18,VEA,27.708,27.863,27.708,27.821,3588600,99838440.6
2014-11-19,VEA,27.764,27.828,27.616,27.729,3301400,91544520.6
2014-11-20,VEA,27.482,27.637,27.454,27.588,2576700,71085999.6
2014-11-21,VEA,27.912,27.926,27.722,27.821,3276300,91149942.3
2014-11-24,VEA,27.94,27.962,27.87,27.954,3461300,96757180.2
2014-11-25,VEA,27.983,28.046,27.926,28.018,4900400,137299407.2
2014-11-26,VEA,28.053,28.138,28.025,28.131,2281300,64175250.3
2014-11-28,VEA,27.919,27.962,27.877,27.905,3534000,98616270.0
2014-12-01,VEA,27.926,27.926,27.771,27.863,3846200,107166670.6
2014-12-02,VEA,27.926,27.947,27.863,27.94,4755300,132863082.0
2014-12-03,VEA,27.842,27.933,27.835,27.898,3647600,101760744.8
2014-12-04,VEA,27.863,27.962,27.757,27.856,5216900,145321966.4
2014-12-05,VEA,27.912,27.976,27.828,27.912,3671000,102464952.0
2014-12-08,VEA,27.75,27.785,27.63,27.666,4564600,126284223.6
2014-12-09,VEA,27.405,27.525,27.327,27.511,5376500,147912891.5
2014-12-10,VEA,27.447,27.447,27.116,27.151,6748500,183228523.5
2014-12-11,VEA,27.215,27.335,27.081,27.123,5566600,150982891.8
2014-12-12,VEA,27.032,27.102,26.616,26.623,7999800,212978675.4
2014-12-15,VEA,26.729,26.764,26.13,26.214,9766400,256016409.6
2014-12-16,VEA,26.271,26.736,26.214,26.412,9788000,258520656.0
2014-12-17,VEA,26.482,26.884,26.475,26.679,10407100,277651020.9
2014-12-18,VEA,26.982,27.172,26.926,27.158,7255000,197031290.0
2014-12-19,VEA,27.13,27.292,27.039,27.215,14181700,385954965.5
2014-12-22,VEA,27.335,27.364,27.243,27.357,12524300,342627275.1
2014-12-23,VEA,27.279,27.314,27.193,27.229,9966400,271375105.6
2014-12-24,VEA,27.229,27.378,27.222,27.349,3178100,86917856.9
2014-12-26,VEA,27.442,27.498,27.392,27.435,5031800,138047433.0
2014-12-29,VEA,27.257,27.335,27.236,27.257,8090100,220511855.7
2014-12-30,VEA,27.073,27.101,27.002,27.016,9794600,264610913.6
2014-12-31,VEA,27.094,27.137,26.832,26.853,9431100,253253328.3
2015-01-02,VEA,26.903,26.967,26.683,26.719,5970800,159533805.2
2015-01-05,VEA,26.407,26.407,26.066,26.123,8787700,229561087.1
2015-01-06,VEA,26.095,26.187,25.74,25.832,5413000,139828616.0
2015-01-07,VEA,26.01,26.159,25.882,26.109,4906100,128093364.9
2015-01-08,VEA,26.279,26.577,26.272,26.506,5459800,144717458.8
2015-01-09,VEA,26.513,26.548,26.258,26.378,4844500,127788221.0
2015-01-12,VEA,26.385,26.428,26.194,26.35,8086700,213084545.0
2015-01-13,VEA,26.655,26.719,26.286,26.477,4597400,121725359.8
2015-01-14,VEA,26.357,26.442,26.208,26.407,5792400,152959906.8
2015-01-15,VEA,26.697,26.74,26.499,26.555,7711100,204768260.5
2015-01-16,VEA,26.57,26.889,26.527,26.846,5464400,146697282.4
2015-01-20,VEA,27.066,27.08,26.853,26.967,6848000,184670016.0
2015-01-21,VEA,26.981,27.165,26.91,27.165,6008900,163231768.5
2015-01-22,VEA,27.101,27.321,27.03,27.264,7247800,197604019.2
2015-01-23,VEA,27.222,27.286,27.101,27.101,9728400,263649368.4
2015-01-26,VEA,27.271,27.534,27.25,27.463,4562700,125305430.1
2015-01-27,VEA,27.42,27.569,27.357,27.484,4023000,110568132.0
2015-01-28,VEA,27.463,27.555,27.108,27.123,4185300,113517891.9
2015-01-29,VEA,27.321,27.505,27.25,27.491,6399900,175939650.9
2015-01-30,VEA,27.236,27.314,27.038,27.045,7730300,209065963.5
2015-02-02,VEA,27.25,27.427,27.151,27.399,8519700,233431260.3
2015-02-03,VEA,27.548,27.839,27.484,27.789,4602600,127901651.4
2015-02-04,VEA,27.633,27.81,27.562,27.59,7436300,205167517.0
2015-02-05,VEA,27.803,27.902,27.69,27.881,15631300,435816275.3
2015-02-06,VEA,27.612,27.725,27.477,27.548,4267400,117558335.2
2015-02-09,VEA,27.371,27.498,27.357,27.42,3846500,105471030.0
2015-02-10,VEA,27.59,27.69,27.47,27.654,3006900,83152812.6
2015-02-11,VEA,27.498,27.562,27.385,27.505,3083500,84811667.5
2015-02-12,VEA,27.704,27.938,27.69,27.931,10545900,294557532.9
2015-02-13,VEA,28.016,28.136,28.016,28.129,3733100,105008369.9
2015-02-17,VEA,28.108,28.264,28.03,28.193,4627600,130465926.8
2015-02-18,VEA,28.299,28.448,28.236,28.384,3877300,110053283.2
2015-02-19,VEA,28.384,28.491,28.356,28.399,3234700,91862245.3
2015-02-20,VEA,28.349,28.76,28.285,28.682,5727500,164276155.0
2015-02-23,VEA,28.54,28.604,28.484,28.569,4540200,129708973.8
2015-02-24,VEA,28.576,28.767,28.498,28.739,3910200,112375237.8
2015-02-25,VEA,28.725,28.796,28.661,28.767,29699200,854356886.4
2015-02-26,VEA,28.732,28.767,28.633,28.689,4267000,122415963.0
2015-02-27,VEA,28.746,28.817,28.675,28.711,4726400,135699670.4
2015-03-02,VEA,28.725,28.76,28.647,28.753,4683400,134661800.2
2015-03-03,VEA,28.696,28.696,28.519,28.59,4558800,130336092.0
2015-03-04,VEA,28.462,28.491,28.278,28.462,4400900,125258415.8
2015-03-05,VEA,28.59,28.64,28.498,28.555,10852400,309890282.0
2015-03-06,VEA,28.37,28.399,28.143,28.172,3938100,110944153.2
2015-03-09,VEA,28.179,28.236,28.115,28.186,4775500,134602243.0
2015-03-10,VEA,27.796,27.796,27.583,27.598,5425000,149719150.0
2015-03-11,VEA,27.718,27.725,27.548,27.668,3745400,103627727.2
2015-03-12,VEA,28.108,28.143,27.81,28.009,5309800,148722188.2
2015-03-13,VEA,27.81,27.867,27.676,27.839,4263000,118677657.0
2015-03-16,VEA,28.051,28.2,28.03,28.151,4533000,127608483.0
2015-03-17,VEA,28.051,28.158,27.973,28.122,5497100,154589446.2
2015-03-18,VEA,28.214,28.76,28.115,28.703,6198700,177921286.1
2015-03-19,VEA,28.406,28.448,28.306,28.356,4467100,126669087.6
2015-03-20,VEA,28.867,29.072,28.739,28.966,3652900,105809901.4
2015-03-23,VEA,29.086,29.178,29.001,29.1,4152000,120823200.0
2015-03-24,VEA,29.186,29.214,29.072,29.072,3463000,100676336.0
2015-03-25,VEA,29.215,29.215,28.902,28.916,7283000,210595228.0
2015-03-26,VEA,28.738,28.76,28.51,28.681,3268800,93752452.8
2015-03-27,VEA,28.681,28.781,28.624,28.745,3159100,90808329.5
2015-03-30,VEA,28.788,28.838,28.738,28.767,6397800,184045512.6
2015-03-31,VEA,28.304,28.517,28.304,28.361,4832100,137043188.1
2015-04-01,VEA,28.517,28.56,28.361,28.56,9692100,276806376.0
2015-04-02,VEA,28.724,28.831,28.624,28.774,4242100,122062185.4
2015-04-06,VEA,28.959,29.215,28.859,29.051,4333000,125877983.0
2015-04-07,VEA,29.172,29.265,29.044,29.051,3437200,99854097.2
2015-04-08,VEA,29.322,29.358,29.08,29.187,3776700,110230542.9
2015-04-09,VEA,29.215,29.237,29.101,29.229,14238800,416185885.2
2015-04-10,VEA,29.208,29.294,29.144,29.286,3095500,90654813.0
2015-04-13,VEA,29.301,29.301,29.08,29.13,4847600,141210588.0
2015-04-14,VEA,29.329,29.372,29.265,29.35,3423500,100479725.0
2015-04-15,VEA,29.443,29.543,29.322,29.486,7418700,218747788.2
2015-04-16,VEA,29.521,29.642,29.4,29.557,3700700,109381589.9
2015-04-17,VEA,29.251,29.251,29.087,29.201,4674300,136494234.3
2015-04-20,VEA,29.244,29.4,29.208,29.251,2958100,86527383.1
2015-04-21,VEA,29.436,29.557,29.429,29.5,10277800,303195100.0
2015-04-22,VEA,29.529,29.578,29.379,29.564,3325400,98312125.6
2015-04-23,VEA,29.436,29.742,29.379,29.692,3015200,89527318.4
2015-04-24,VEA,29.806,29.899,29.685,29.856,3020300,90174076.8
2015-04-27,VEA,30.013,30.112,29.949,29.97,3479600,104283612.0
2015-04-28,VEA,29.97,30.027,29.82,30.02,3743900,112391878.0
2015-04-29,VEA,29.799,29.892,29.642,29.756,5476400,162955758.4
2015-04-30,VEA,29.55,29.621,29.393,29.457,7966300,234663299.1
2015-05-01,VEA,29.614,29.707,29.493,29.707,4214100,125188268.7
2015-05-04,VEA,29.742,29.835,29.671,29.735,3197600,95080636.0
2015-05-05,VEA,29.607,29.628,29.258,29.286,4727200,138440779.2
2015-05-06,VEA,29.457,29.493,29.229,29.35,3258500,95636975.0
2015-05-07,VEA,29.229,29.286,29.116,29.251,5227300,152903752.3
2015-05-08,VEA,29.707,29.934,29.664,29.885,2906700,86866729.5
2015-05-11,VEA,29.671,29.749,29.607,29.621,2838500,84079208.5
2015-05-12,VEA,29.585,29.692,29.536,29.621,4218800,124965074.8
2015-05-13,VEA,29.941,30.006,29.799,29.835,3101600,92536236.0
2015-05-14,VEA,30.112,30.205,30.055,30.191,2807400,84758213.4
2015-05-15,VEA,30.112,30.248,30.041,30.226,2733500,82622771.0
2015-05-18,VEA,30.091,30.155,30.041,30.127,2412300,72675362.1
2015-05-19,VEA,30.027,30.091,29.977,30.013,4747400,142483716.2
2015-05-20,VEA,30.02,30.184,29.977,30.07,2924700,87945729.0
2015-05-21,VEA,30.112,30.269,30.084,30.233,2587000,78212771.0
2015-05-22,VEA,30.098,30.127,30.027,30.048,2664900,80074915.2
2015-05-26,VEA,29.778,29.799,29.464,29.543,3414800,100883436.4
2015-05-27,VEA,29.55,29.806,29.529,29.792,3807100,113421123.2
2015-05-28,VEA,29.614,29.749,29.493,29.728,2596500,77188752.0
2015-05-29,VEA,29.593,29.642,29.329,29.443,5768600,169844889.8
2015-06-01,VEA,29.521,29.536,29.258,29.372,4166400,122375500.8
2015-06-02,VEA,29.429,29.621,29.379,29.472,4704000,138636288.0
2015-06-03,VEA,29.571,29.771,29.543,29.642,2620500,77676861.0
2015-06-04,VEA,29.429,29.642,29.222,29.301,4941700,144796751.7
2015-06-05,VEA,28.938,29.094,28.824,28.98,3548000,102821040.0
2015-06-08,VEA,28.952,28.973,28.852,28.952,3368800,97533497.6
2015-06-09,VEA,28.824,28.873,28.667,28.788,2786200,80209125.6
2015-06-10,VEA,29.201,29.464,29.172,29.386,2575500,75683643.0
2015-06-11,VEA,29.5,29.55,29.329,29.472,3293700,97071926.4
2015-06-12,VEA,29.137,29.315,29.059,29.237,4435800,129689484.6
2015-06-15,VEA,28.895,29.073,28.859,29.051,5339700,155123624.7
2015-06-16,VEA,28.902,29.051,28.859,29.044,3377700,98101918.8
2015-06-17,VEA,28.945,29.037,28.681,28.966,4701700,136189442.2
2015-06-18,VEA,29.037,29.457,29.037,29.244,7921900,231668043.6
2015-06-19,VEA,29.222,29.265,29.151,29.18,3451000,100700180.0
2015-06-22,VEA,29.699,29.877,29.664,29.685,4391200,130352772.0
2015-06-23,VEA,29.771,29.828,29.735,29.792,2975100,88634179.2
2015-06-24,VEA,29.657,29.714,29.529,29.55,5702500,168508875.0
2015-06-25,VEA,29.671,29.685,29.521,29.543,3495900,103279373.7
2015-06-26,VEA,29.567,29.624,29.415,29.516,5510400,162644966.4
2015-06-29,VEA,28.947,29.04,28.593,28.629,6779100,194078853.9
2015-06-30,VEA,28.947,28.975,28.485,28.586,8670600,247857771.6
2015-07-01,VEA,28.925,28.961,28.673,28.773,8379000,241088967.0
2015-07-02,VEA,28.91,28.91,28.759,28.846,4504900,129948345.4
2015-07-06,VEA,28.247,28.478,28.153,28.254,7686800,217182847.2
2015-07-07,VEA,28.053,28.29,27.699,28.247,10381300,293240581.1
2015-07-08,VEA,27.779,27.807,27.519,27.562,8466600,233356429.2
2015-07-09,VEA,28.161,28.218,27.959,28.009,4590200,128566911.8
2015-07-10,VEA,28.817,28.896,28.687,28.86,3625300,104626158.0
2015-07-13,VEA,28.99,29.026,28.925,28.983,9134000,264730722.0
2015-07-14,VEA,29.076,29.213,29.026,29.184,3326500,97080576.0
2015-07-15,VEA,29.141,29.17,28.99,29.069,3046300,88552894.7
2015-07-16,VEA,29.336,29.394,29.285,29.314,5037800,147678069.2
2015-07-17,VEA,29.293,29.3,29.228,29.271,2328200,68148742.2
2015-07-20,VEA,29.343,29.394,29.249,29.336,3222300,94529392.8
2015-07-21,VEA,29.264,29.307,29.213,29.257,6341700,185539116.9
2015-07-22,VEA,28.968,29.04,28.932,29.011,3813700,110639250.7
2015-07-23,VEA,29.076,29.076,28.882,28.918,6613800,191257868.4
2015-07-24,VEA,28.853,28.882,28.586,28.608,3634300,103970054.4
2015-07-27,VEA,28.564,28.608,28.377,28.427,4463100,126872543.7
2015-07-28,VEA,28.651,28.802,28.5,28.781,3684000,106029204.0
2015-07-29,VEA,28.759,28.975,28.701,28.882,4959300,143234502.6
2015-07-30,VEA,28.802,28.867,28.651,28.867,2922300,84358034.1
2015-07-31,VEA,29.127,29.127,28.947,29.004,7070100,205061180.4
2015-08-03,VEA,29.019,29.033,28.831,28.918,4785500,138387089.0
2015-08-04,VEA,28.99,29.04,28.889,28.947,4030000,116656410.0
2015-08-05,VEA,29.12,29.206,29.076,29.098,3435300,99960359.4
2015-08-06,VEA,29.062,29.091,28.896,28.968,3139200,90936345.6
2015-08-07,VEA,28.874,28.961,28.802,28.939,6327600,183114416.4
2015-08-10,VEA,29.026,29.3,28.997,29.293,3204200,93860630.6
2015-08-11,VEA,28.889,28.925,28.723,28.831,6032800,173931656.8
2015-08-12,VEA,28.471,28.658,28.305,28.644,5319300,152366029.2
2015-08-13,VEA,28.586,28.694,28.536,28.637,5826800,166862071.6
2015-08-14,VEA,28.586,28.709,28.521,28.687,5182300,148664640.1
2015-08-17,VEA,28.463,28.629,28.391,28.629,4422800,126620341.2
2015-08-18,VEA,28.456,28.507,28.363,28.406,4500500,127841203.0
2015-08-19,VEA,28.189,28.312,28.024,28.175,5641000,158935175.0
2015-08-20,VEA,27.887,27.916,27.483,27.483,8959600,246236686.8
2015-08-21,VEA,27.411,27.469,26.776,26.791,11455700,306909658.7
2015-08-24,VEA,25.702,26.488,25.313,25.89,30085700,778918773.0
2015-08-25,VEA,27.05,27.166,26.142,26.149,16331900,427062853.1
2015-08-26,VEA,27.31,27.317,26.214,26.827,12509400,335589673.8
2015-08-27,VEA,26.971,27.231,26.921,27.18,10178800,276659784.0
2015-08-28,VEA,27.05,27.18,26.985,27.108,16730900,453541237.2
2015-08-31,VEA,26.957,27.043,26.827,26.906,5561300,149632337.8
2015-09-01,VEA,26.185,26.293,25.955,26.027,8833200,229901696.4
2015-09-02,VEA,26.459,26.466,26.156,26.43,12515100,330774093.0
2015-09-03,VEA,26.524,26.683,26.416,26.466,6449000,170679234.0
2015-09-04,VEA,25.933,26.019,25.753,25.875,5774100,149404837.5
2015-09-08,VEA,26.531,26.632,26.43,26.625,7679900,204477337.5
2015-09-09,VEA,27.022,27.029,26.488,26.524,9047300,239970585.2
2015-09-10,VEA,26.56,26.791,26.481,26.697,6462000,172516014.0
2015-09-11,VEA,26.474,26.69,26.452,26.69,4743200,126596008.0
2015-09-14,VEA,26.495,26.517,26.38,26.495,3850100,102008399.5
2015-09-15,VEA,26.466,26.712,26.423,26.69,12290600,328036114.0
2015-09-16,VEA,26.899,27.101,26.885,27.072,5132900,138957868.8
2015-09-17,VEA,26.942,27.404,26.928,27.086,6130000,166037180.0
2015-09-18,VEA,26.582,26.712,26.416,26.438,5019400,132702897.2
2015-09-21,VEA,26.546,26.567,26.315,26.438,6297200,166485373.6
2015-09-22,VEA,25.875,25.933,25.652,25.818,9546600,246474118.8
2015-09-23,VEA,25.854,25.868,25.594,25.695,7533800,193580991.0
2015-09-24,VEA,25.515,25.673,25.32,25.608,11915400,305129563.2
2015-09-25,VEA,25.997,26.047,25.736,25.845,8630000,223042350.0
2015-09-28,VEA,25.678,25.7,25.294,25.345,7232700,183312781.5
2015-09-29,VEA,25.28,25.359,25.135,25.294,10210400,258261857.6
2015-09-30,VEA,25.729,25.823,25.54,25.808,11450200,295506761.6
2015-10-01,VEA,25.953,26.011,25.664,25.881,11944100,309125252.1
2015-10-02,VEA,25.801,26.308,25.707,26.308,6594200,173480213.6
2015-10-05,VEA,26.648,26.837,26.634,26.837,5477300,146994300.1
2015-10-06,VEA,26.786,26.952,26.786,26.866,5664300,152177083.8
2015-10-07,VEA,27.184,27.286,26.989,27.184,4639600,126122886.4
2015-10-08,VEA,27.17,27.416,27.025,27.409,4215500,115542639.5
2015-10-09,VEA,27.503,27.546,27.38,27.467,4267800,117223662.6
2015-10-12,VEA,27.387,27.452,27.358,27.416,2732600,74916961.6
2015-10-13,VEA,27.119,27.293,27.061,27.09,7393700,200295333.0
2015-10-14,VEA,27.126,27.228,27.047,27.134,7472100,202747961.4
2015-10-15,VEA,27.394,27.655,27.365,27.633,4211400,116373616.2
2015-10-16,VEA,27.546,27.626,27.496,27.619,8056300,222506949.7
2015-10-19,VEA,27.488,27.51,27.401,27.503,3950100,108639600.3
2015-10-20,VEA,27.423,27.481,27.365,27.409,3867600,106007048.4
2015-10-21,VEA,27.575,27.59,27.365,27.387,3019500,82695046.5
2015-10-22,VEA,27.503,27.8,27.503,27.713,4527000,125456751.0
2015-10-23,VEA,27.923,28.024,27.843,27.966,4939500,138138057.0
2015-10-26,VEA,27.923,27.93,27.836,27.865,3311300,92269374.5
2015-10-27,VEA,27.677,27.698,27.575,27.619,3714700,102596299.3
2015-10-28,VEA,27.713,27.937,27.532,27.771,4545600,126235857.6
2015-10-29,VEA,27.467,27.604,27.452,27.568,3988600,109957724.8
2015-10-30,VEA,27.619,27.72,27.532,27.546,8679000,239071734.0
2015-11-02,VEA,27.684,27.814,27.662,27.814,4404600,122509544.4
2015-11-03,VEA,27.655,27.879,27.611,27.814,4448600,123733360.4
2015-11-04,VEA,27.821,27.836,27.568,27.633,4603200,127200225.6
2015-11-05,VEA,27.706,27.735,27.539,27.597,6804600,187786546.2
2015-11-06,VEA,27.416,27.488,27.293,27.467,4523000,124233241.0
2015-11-09,VEA,27.322,27.329,27.083,27.177,5023500,136523659.5
2015-11-10,VEA,27.076,27.17,27.003,27.17,5948300,161615311.0
2015-11-11,VEA,27.387,27.416,27.257,27.3,3887400,106126020.0
2015-11-12,VEA,27.097,27.177,26.967,26.974,5813200,156805256.8
2015-11-13,VEA,26.858,26.873,26.699,26.764,6452400,172692033.6
2015-11-16,VEA,26.786,27.09,26.757,27.083,9150400,247820283.2
2015-11-17,VEA,27.17,27.257,27.068,27.119,6153500,166876766.5
2015-11-18,VEA,27.199,27.401,27.155,27.38,5392100,147635698.0
2015-11-19,VEA,27.539,27.611,27.488,27.525,5082700,139901317.5
2015-11-20,VEA,27.611,27.655,27.459,27.467,4761300,130778627.1
2015-11-23,VEA,27.401,27.459,27.242,27.3,6850700,187024110.0
2015-11-24,VEA,27.141,27.365,27.112,27.336,6010700,164308495.2
2015-11-25,VEA,27.358,27.43,27.293,27.38,4139500,113339510.0
2015-11-27,VEA,27.387,27.416,27.344,27.372,1730400,47364508.8
2015-11-30,VEA,27.372,27.409,27.307,27.336,6409600,175212825.6
2015-12-01,VEA,27.546,27.64,27.503,27.633,6266900,173173247.7
2015-12-02,VEA,27.525,27.561,27.3,27.344,6458600,176603958.4
2015-12-03,VEA,27.51,27.517,27.097,27.213,7369500,200546203.5
2015-12-04,VEA,27.119,27.467,27.112,27.409,7851700,215207245.3
2015-12-07,VEA,27.293,27.293,27.068,27.184,27559000,749163856.0
2015-12-08,VEA,26.75,26.837,26.656,26.771,7716100,206567713.1
2015-12-09,VEA,26.808,27.003,26.561,26.714,8952800,239165099.2
2015-12-10,VEA,26.808,26.866,26.685,26.706,8758600,233907171.6
2015-12-11,VEA,26.373,26.373,26.178,26.228,13250700,347539359.6
2015-12-14,VEA,26.337,26.373,26.011,26.286,17119500,450003177.0
2015-12-15,VEA,26.409,26.525,26.337,26.388,17785300,469318496.4
2015-12-16,VEA,26.714,26.996,26.59,26.924,13682200,368379552.8
2015-12-17,VEA,26.902,26.909,26.605,26.612,14836400,394826276.8
2015-12-18,VEA,26.475,26.525,26.33,26.33,13327600,350915708.0
2015-12-21,VEA,26.622,26.673,26.352,26.498,14329900,379713690.2
2015-12-22,VEA,26.571,26.724,26.483,26.695,12726000,339720570.0
2015-12-23,VEA,26.913,27.132,26.862,27.132,12581600,341363971.2
2015-12-24,VEA,27.044,27.132,26.993,27.059,6669200,180461882.8
2015-12-28,VEA,27.023,27.023,26.891,26.979,11549900,311604752.1
2015-12-29,VEA,27.212,27.329,27.183,27.263,8858600,241512011.8
2015-12-30,VEA,27.183,27.197,27.074,27.095,8108800,219707936.0
2015-12-31,VEA,26.964,26.972,26.746,26.753,11420100,305521935.3
2016-01-04,VEA,26.309,26.352,26.032,26.352,12529400,330174748.8
2016-01-05,VEA,26.287,26.33,26.134,26.323,6913600,181986692.8
2016-01-06,VEA,25.769,25.93,25.718,25.842,10205400,263727946.8
2016-01-07,VEA,25.427,25.624,25.325,25.354,31307000,793757678.0
2016-01-08,VEA,25.493,25.514,25.004,25.041,15695200,393023503.2
2016-01-11,VEA,25.318,25.34,24.924,25.15,12922300,324995845.0
2016-01-12,VEA,25.347,25.369,25.034,25.252,9926200,250656402.4
2016-01-13,VEA,25.42,25.463,24.8,24.873,12504800,311031890.4
2016-01-14,VEA,24.975,25.296,24.779,25.165,15388200,387244053.0
2016-01-15,VEA,24.334,24.524,24.145,24.29,21773800,528885602.0
2016-01-19,VEA,24.713,24.72,24.341,24.502,17414400,426687628.8
2016-01-20,VEA,24.014,24.086,23.474,23.941,14011600,335451715.6
2016-01-21,VEA,23.846,24.261,23.671,24.123,18334300,442278318.9
2016-01-22,VEA,24.706,24.866,24.655,24.822,14333900,355796065.8
2016-01-25,VEA,24.662,24.728,24.451,24.465,17822600,436029909.0
2016-01-26,VEA,24.618,24.932,24.589,24.91,6704400,167006604.0
2016-01-27,VEA,24.859,25.114,24.647,24.749,8531000,211133719.0
2016-01-28,VEA,25.012,25.019,24.64,24.844,10151300,252198897.2
2016-01-29,VEA,24.946,25.289,24.932,25.274,10950700,276767991.8
2016-02-01,VEA,25.063,25.318,24.975,25.223,12162500,306774737.5
2016-02-02,VEA,24.902,24.91,24.582,24.655,7540900,185920889.5
2016-02-03,VEA,24.793,24.902,24.363,24.873,10571000,262932483.0
2016-02-04,VEA,24.779,25.034,24.713,24.924,11076300,276065701.2
2016-02-05,VEA,24.83,24.866,24.465,24.553,10073200,247327279.6
2016-02-08,VEA,24.174,24.188,23.897,24.108,13906800,335265134.4
2016-02-09,VEA,23.635,23.948,23.62,23.846,14142400,337239670.4
2016-02-10,VEA,23.955,24.101,23.766,23.795,12716300,302584358.5
2016-02-11,VEA,23.504,23.598,23.278,23.482,27173800,638095171.6
2016-02-12,VEA,23.533,23.853,23.438,23.853,11300000,269538900.0
2016-02-16,VEA,24.269,24.32,24.057,24.312,9176700,223103930.4
2016-02-17,VEA,24.48,24.786,24.48,24.749,9328500,230871046.5
2016-02-18,VEA,24.822,24.873,24.604,24.633,8859800,218243453.4
2016-02-19,VEA,24.458,24.611,24.378,24.589,11576300,284649640.7
2016-02-22,VEA,24.764,24.91,24.757,24.888,9063600,225574876.8
2016-02-23,VEA,24.706,24.742,24.443,24.473,6969700,170569468.1
2016-02-24,VEA,24.086,24.443,23.977,24.4,9894700,241430680.0
2016-02-25,VEA,24.524,24.698,24.429,24.691,8416200,207804394.2
2016-02-26,VEA,24.786,24.83,24.575,24.604,5811100,142976304.4
2016-02-29,VEA,24.575,24.713,24.487,24.494,10145300,248498978.2
2016-03-01,VEA,24.837,25.15,24.793,25.128,6417000,161246376.0
2016-03-02,VEA,25.099,25.31,25.055,25.303,9564000,241997892.0
2016-03-03,VEA,25.376,25.58,25.361,25.573,6772000,173180356.0
2016-03-04,VEA,25.748,25.901,25.697,25.769,7626100,196516970.9
2016-03-07,VEA,25.514,25.835,25.493,25.748,12654200,325820341.6
2016-03-08,VEA,25.609,25.624,25.434,25.463,7501500,191010694.5
2016-03-09,VEA,25.565,25.646,25.507,25.573,5706800,145939996.4
2016-03-10,VEA,25.799,25.937,25.354,25.551,28665000,732419415.0
2016-03-11,VEA,26.032,26.228,26.003,26.214,5780600,151532648.4
2016-03-14,VEA,26.148,26.221,26.09,26.156,5980900,156436420.4
2016-03-15,VEA,25.883,25.934,25.788,25.89,5866600,151886274.0
2016-03-16,VEA,25.736,26.19,25.736,26.161,8075400,211260539.4
2016-03-17,VEA,26.161,26.468,26.131,26.402,6595400,174131750.8
2016-03-18,VEA,26.388,26.446,26.314,26.358,6833000,180104214.0
2016-03-21,VEA,26.292,26.358,26.227,26.307,5915700,155624319.9
2016-03-22,VEA,26.131,26.329,26.109,26.278,5297800,139215588.4
2016-03-23,VEA,26.197,26.227,25.963,25.992,5261300,136751709.6
2016-03-24,VEA,25.707,25.831,25.656,25.824,5802700,149848924.8
2016-03-28,VEA,26.044,26.088,25.919,25.985,5374900,139666776.5
2016-03-29,VEA,25.905,26.292,25.831,26.292,4990000,131197080.0
2016-03-30,VEA,26.519,26.636,26.439,26.49,5391300,142815537.0
2016-03-31,VEA,26.388,26.446,26.241,26.256,5447900,143040062.4
2016-04-01,VEA,25.722,26.0,25.685,25.963,5803600,150678866.8
2016-04-04,VEA,26.036,26.066,25.875,25.905,8759600,226917438.0
2016-04-05,VEA,25.458,25.495,25.37,25.422,5392100,137077966.2
2016-04-06,VEA,25.524,25.831,25.473,25.831,5042600,130255400.6
2016-04-07,VEA,25.619,25.692,25.4,25.466,6946300,176894475.8
2016-04-08,VEA,25.949,26.044,25.883,25.949,5736200,148848653.8
2016-04-11,VEA,26.131,26.227,25.97,25.97,9456200,245577514.0
2016-04-12,VEA,26.19,26.431,26.044,26.366,6381000,168241446.0
2016-04-13,VEA,26.71,26.819,26.666,26.783,4354800,116634608.4
2016-04-14,VEA,26.871,26.9,26.783,26.812,5240600,140510967.2
2016-04-15,VEA,26.805,26.834,26.739,26.739,5351600,143096432.4
2016-04-18,VEA,26.695,27.002,26.68,26.98,4375000,118037500.0
2016-04-19,VEA,27.368,27.493,27.332,27.449,5620200,154268869.8
2016-04-20,VEA,27.434,27.588,27.375,27.456,4809800,132057868.8
2016-04-21,VEA,27.434,27.449,27.229,27.295,4594500,125406877.5
2016-04-22,VEA,27.28,27.353,27.178,27.273,5629500,153533353.5
2016-04-25,VEA,27.163,27.178,27.068,27.156,4449500,120830622.0
2016-04-26,VEA,27.28,27.295,27.171,27.258,5341500,145598607.0
2016-04-27,VEA,27.185,27.332,27.134,27.302,4544200,124065748.4
2016-04-28,VEA,26.995,27.193,26.892,26.951,9761000,263068711.0
2016-04-29,VEA,26.988,27.032,26.761,26.863,10557400,283603436.2
2016-05-02,VEA,27.083,27.119,26.973,27.09,12828100,347513229.0
2016-05-03,VEA,26.834,26.856,26.6,26.636,8450300,225082190.8
2016-05-04,VEA,26.41,26.453,26.241,26.314,9979400,262597931.6
2016-05-05,VEA,26.336,26.395,26.19,26.292,7024000,184675008.0
2016-05-06,VEA,26.183,26.366,26.146,26.351,6479000,170728129.0
2016-05-09,VEA,26.395,26.417,26.234,26.263,6645700,174536019.1
2016-05-10,VEA,26.483,26.651,26.446,26.651,4971200,132487451.2
2016-05-11,VEA,26.519,26.6,26.453,26.461,6016200,159194668.2
2016-05-12,VEA,26.651,26.688,26.322,26.439,6321900,167144714.1
2016-05-13,VEA,26.241,26.336,26.095,26.146,5473200,143102287.2
2016-05-16,VEA,26.249,26.497,26.249,26.468,4569600,120948172.8
2016-05-17,VEA,26.446,26.534,26.278,26.314,9874200,259829698.8
2016-05-18,VEA,26.292,26.556,26.19,26.292,10720900,281873902.8
2016-05-19,VEA,26.109,26.175,26.014,26.117,20024200,522972031.4
2016-05-20,VEA,26.344,26.395,26.292,26.358,10857900,286192528.2
2016-05-23,VEA,26.27,26.336,26.212,26.27,7097100,186440817.0
2016-05-24,VEA,26.424,26.651,26.41,26.592,12342500,328211760.0
2016-05-25,VEA,26.739,26.922,26.739,26.856,8883600,238577961.6
2016-05-26,VEA,26.951,27.01,26.856,26.914,6272900,168828830.6
2016-05-27,VEA,26.9,26.936,26.834,26.878,4320300,116121023.4
2016-05-31,VEA,26.995,27.046,26.717,26.783,14875800,398418551.4
2016-06-01,VEA,26.68,26.783,26.622,26.768,8542300,228660286.4
2016-06-02,VEA,26.622,26.775,26.585,26.775,4733700,126744817.5
2016-06-03,VEA,26.9,27.002,26.775,26.988,14495400,391201855.2
2016-06-06,VEA,27.068,27.236,27.053,27.171,9932900,269886825.9
2016-06-07,VEA,27.383,27.441,27.361,27.375,4908800,134378400.0
2016-06-08,VEA,27.471,27.544,27.434,27.463,4654100,127815548.3
2016-06-09,VEA,27.141,27.193,27.046,27.119,6600600,179001671.4
2016-06-10,VEA,26.636,26.636,26.307,26.388,5918400,156174739.2
2016-06-13,VEA,26.058,26.27,25.956,26.007,10385200,270087896.4
2016-06-14,VEA,25.771,25.816,25.497,25.638,13060100,334834843.8
2016-06-15,VEA,25.86,25.964,25.756,25.808,14624200,377421353.6
2016-06-16,VEA,25.43,25.823,25.237,25.816,10151400,262068542.4
2016-06-17,VEA,25.927,26.112,25.786,26.06,9513300,247916598.0
2016-06-20,VEA,26.862,26.862,26.669,26.669,13512400,360362195.6
2016-06-21,VEA,26.839,27.054,26.75,26.876,9676800,260073676.8
2016-06-22,VEA,26.943,27.062,26.825,26.832,14039300,376702497.6
2016-06-23,VEA,27.373,27.581,27.203,27.537,7340800,202143609.6
2016-06-24,VEA,25.385,25.905,25.282,25.282,20033400,506484418.8
2016-06-27,VEA,24.94,24.977,24.488,24.792,16229100,402351847.2
2016-06-28,VEA,25.341,25.452,25.163,25.452,19627400,499556584.8
2016-06-29,VEA,25.801,25.979,25.749,25.912,12729900,329857168.8
2016-06-30,VEA,25.957,26.238,25.868,26.231,15905200,417209301.2
2016-07-01,VEA,26.253,26.357,26.238,26.29,10763000,282959270.0
2016-07-05,VEA,25.994,26.009,25.719,25.771,7082700,182528261.7
2016-07-06,VEA,25.497,25.779,25.348,25.779,10036700,258736089.3
2016-07-07,VEA,25.853,25.912,25.578,25.667,6562500,168439687.5
2016-07-08,VEA,25.942,26.06,25.882,26.023,5240300,136368326.9
2016-07-11,VEA,26.328,26.476,26.328,26.379,8942000,235881018.0
2016-07-12,VEA,26.728,26.854,26.691,26.75,10073600,269468800.0
2016-07-13,VEA,26.787,26.854,26.676,26.728,8674400,231849363.2
2016-07-14,VEA,26.958,27.025,26.906,26.958,6508900,175466926.2
2016-07-15,VEA,26.876,26.906,26.758,26.825,6603800,177146935.0
2016-07-18,VEA,26.817,26.936,26.758,26.884,8629700,232000854.8
2016-07-19,VEA,26.698,26.721,26.609,26.669,4204200,112121809.8
2016-07-20,VEA,26.817,26.921,26.773,26.862,6348100,170522662.2
2016-07-21,VEA,26.81,26.906,26.743,26.795,8032800,215238876.0
2016-07-22,VEA,26.862,26.862,26.75,26.81,7760000,208045600.0
2016-07-25,VEA,26.854,26.862,26.706,26.765,3846900,102962278.5
2016-07-26,VEA,26.876,26.973,26.802,26.891,4521600,121590345.6
2016-07-27,VEA,27.025,27.077,26.802,27.01,5256500,141978065.0
2016-07-28,VEA,26.988,27.04,26.869,27.01,4251200,114824912.0
2016-07-29,VEA,27.24,27.381,27.173,27.322,5422100,148142616.2
2016-08-01,VEA,27.277,27.314,27.136,27.166,10705200,290817463.2
2016-08-02,VEA,27.151,27.151,26.928,27.032,7383400,199588068.8
2016-08-03,VEA,26.825,26.936,26.78,26.928,7072300,190442894.4
2016-08-04,VEA,27.04,27.106,26.973,27.084,7456400,201949137.6
2016-08-05,VEA,27.092,27.195,27.054,27.181,4473600,121596921.6
2016-08-08,VEA,27.255,27.284,27.233,27.27,4865100,132671277.0
2016-08-09,VEA,27.411,27.566,27.366,27.492,7133900,196125178.8
2016-08-10,VEA,27.7,27.7,27.574,27.589,4781100,131905767.9
2016-08-11,VEA,27.722,27.856,27.7,27.796,3871100,107601095.6
2016-08-12,VEA,27.826,27.841,27.685,27.722,3882600,107633437.2
2016-08-15,VEA,27.826,27.908,27.804,27.841,6785800,188923457.8
2016-08-16,VEA,27.789,27.856,27.759,27.774,6848000,190196352.0
2016-08-17,VEA,27.707,27.826,27.574,27.774,6099900,169418622.6
2016-08-18,VEA,27.781,27.915,27.752,27.915,4580100,127853491.5
2016-08-19,VEA,27.641,27.73,27.559,27.707,5043300,139734713.1
2016-08-22,VEA,27.633,27.752,27.574,27.73,4844400,134335212.0
2016-08-23,VEA,27.93,27.967,27.841,27.848,7786300,216832882.4
2016-08-24,VEA,27.856,27.878,27.73,27.767,9368300,260129586.1
2016-08-25,VEA,27.67,27.744,27.648,27.678,4531800,125431160.4
2016-08-26,VEA,27.737,27.96,27.381,27.485,8167800,224491983.0
2016-08-29,VEA,27.448,27.603,27.433,27.589,4362900,120368048.1
2016-08-30,VEA,27.611,27.648,27.485,27.529,4919800,135437174.2
2016-08-31,VEA,27.514,27.537,27.351,27.433,5791700,158883706.1
2016-09-01,VEA,27.581,27.67,27.5,27.663,5829300,161255925.9
2016-09-02,VEA,27.915,27.989,27.826,27.945,5723200,159934824.0
2016-09-06,VEA,28.063,28.219,28.041,28.212,5048700,142433924.4
2016-09-07,VEA,28.308,28.323,28.16,28.212,5116800,144355161.6
2016-09-08,VEA,28.197,28.286,28.123,28.152,8884200,250107998.4
2016-09-09,VEA,27.915,27.915,27.552,27.559,7267600,200287788.4
2016-09-12,VEA,27.359,27.789,27.307,27.774,6300300,174984532.2
2016-09-13,VEA,27.42,27.45,27.077,27.189,11134200,302727763.8
2016-09-14,VEA,27.174,27.338,27.129,27.174,9598400,260826921.6
2016-09-15,VEA,27.159,27.465,27.122,27.413,9381500,257175059.5
2016-09-16,VEA,27.114,27.144,27.025,27.077,7787700,210867552.9
2016-09-19,VEA,27.383,27.413,27.219,27.256,7653400,208601070.4
2016-09-20,VEA,27.495,27.517,27.368,27.375,5993200,164063850.0
2016-09-21,VEA,27.681,27.942,27.584,27.897,10972100,306088673.7
2016-09-22,VEA,28.292,28.352,28.136,28.173,4444200,125206446.6
2016-09-23,VEA,27.949,28.016,27.905,27.905,4717600,131644628.0
2016-09-26,VEA,27.688,27.733,27.629,27.659,9302800,257306145.2
2016-09-27,VEA,27.562,27.815,27.539,27.793,5045600,140232360.8
2016-09-28,VEA,27.86,28.039,27.718,28.039,5659800,158695132.2
2016-09-29,VEA,27.994,28.031,27.614,27.696,6147200,170252851.2
2016-09-30,VEA,27.793,27.972,27.726,27.882,5468900,152483869.8
2016-10-03,VEA,27.837,27.882,27.763,27.83,6687000,186099210.0
2016-10-04,VEA,27.919,27.972,27.659,27.748,7483400,207649383.2
2016-10-05,VEA,27.852,27.934,27.815,27.897,5694900,158870625.3
2016-10-06,VEA,27.755,27.785,27.666,27.748,3518100,97620238.8
2016-10-07,VEA,27.644,27.659,27.375,27.569,5814300,160294436.7
2016-10-10,VEA,27.569,27.763,27.569,27.681,3996500,110627116.5
2016-10-11,VEA,27.547,27.547,27.204,27.278,5274900,143888722.2
2016-10-12,VEA,27.264,27.316,27.167,27.241,6390900,174094506.9
2016-10-13,VEA,26.965,27.226,26.883,27.167,4618700,125476222.9
2016-10-14,VEA,27.346,27.405,27.189,27.189,8612700,234170700.3
2016-10-17,VEA,27.167,27.219,27.1,27.144,9982600,270967694.4
2016-10-18,VEA,27.48,27.502,27.383,27.435,4969200,136330002.0
2016-10-19,VEA,27.465,27.591,27.465,27.532,4518800,124411601.6
2016-10-20,VEA,27.45,27.584,27.42,27.532,10378900,285751874.8
2016-10-21,VEA,27.346,27.472,27.308,27.472,4023500,110533592.0
2016-10-24,VEA,27.502,27.539,27.368,27.435,4953800,135907503.0
2016-10-25,VEA,27.413,27.457,27.323,27.413,5510300,151053853.9
2016-10-26,VEA,27.278,27.368,27.219,27.278,5511400,150339969.2
2016-10-27,VEA,27.36,27.36,27.219,27.249,10445200,284621254.8
2016-10-28,VEA,27.211,27.308,27.167,27.234,6561100,178684997.4
2016-10-31,VEA,27.211,27.264,27.122,27.211,18429300,501479682.3
2016-11-01,VEA,27.331,27.331,27.047,27.137,6305300,171106926.1
2016-11-02,VEA,27.114,27.137,26.906,26.936,5851600,157618697.6
2016-11-03,VEA,27.055,27.07,26.891,26.921,7686200,206920190.2
2016-11-04,VEA,26.779,26.846,26.69,26.697,6716500,179310400.5
2016-11-07,VEA,27.01,27.062,26.943,27.062,4577600,123879011.2
2016-11-08,VEA,26.965,27.204,26.943,27.129,5014900,136049222.1
2016-11-09,VEA,26.846,27.204,26.846,27.085,9636800,261012728.0
2016-11-10,VEA,27.085,27.137,26.809,26.995,6318300,170562508.5
2016-11-11,VEA,26.846,26.883,26.652,26.779,5972100,159926865.9
2016-11-14,VEA,26.593,26.675,26.548,26.66,8338300,222299078.0
2016-11-15,VEA,26.63,26.824,26.593,26.824,9805200,263014684.8
2016-11-16,VEA,26.593,26.66,26.548,26.578,12684400,337125983.2
2016-11-17,VEA,26.697,26.816,26.675,26.757,9553200,255614972.4
2016-11-18,VEA,26.585,26.593,26.474,26.518,7158200,189821147.6
2016-11-21,VEA,26.63,26.757,26.623,26.749,7021900,187828803.1
2016-11-22,VEA,26.831,26.839,26.712,26.831,8564700,229799465.7
2016-11-23,VEA,26.578,26.734,26.541,26.734,9165900,245041170.6
2016-11-25,VEA,26.816,26.816,26.742,26.787,3040500,81445873.5
2016-11-28,VEA,26.757,26.772,26.675,26.69,8419500,224716455.0
2016-11-29,VEA,26.697,26.891,26.652,26.839,6618100,177623185.9
2016-11-30,VEA,26.921,26.921,26.772,26.801,9457100,253459737.1
2016-12-01,VEA,26.809,26.839,26.712,26.734,11308100,302310745.4
2016-12-02,VEA,26.682,26.861,26.682,26.809,5816100,155923824.9
2016-12-05,VEA,26.951,27.092,26.898,27.018,8858000,239325444.0
2016-12-06,VEA,27.047,27.226,27.04,27.204,6882900,187242411.6
2016-12-07,VEA,27.308,27.621,27.286,27.562,7037000,193953794.0
2016-12-08,VEA,27.539,27.614,27.48,27.584,7522300,207495123.2
2016-12-09,VEA,27.591,27.673,27.547,27.666,14272300,394857451.8
2016-12-12,VEA,27.614,27.673,27.539,27.577,7630400,210423540.8
2016-12-13,VEA,27.785,27.919,27.763,27.867,9579900,266963073.3
2016-12-14,VEA,27.8,27.845,27.368,27.413,9630300,263995413.9
2016-12-15,VEA,27.301,27.405,27.293,27.368,15570100,426122496.8
2016-12-16,VEA,27.346,27.457,27.323,27.375,8161000,223407375.0
2016-12-19,VEA,27.375,27.457,27.346,27.353,10052500,274966032.5
2016-12-20,VEA,27.383,27.457,27.353,27.413,12220200,334992342.6
2016-12-21,VEA,27.435,27.442,27.323,27.413,13280800,364066570.4
2016-12-22,VEA,27.405,27.413,27.33,27.337,9488900,259398059.3
2016-12-23,VEA,27.36,27.398,27.337,27.398,7653400,209687853.2
2016-12-27,VEA,27.405,27.428,27.36,27.36,10197000,278989920.0
2016-12-28,VEA,27.383,27.39,27.27,27.307,8027600,219209673.2
2016-12-29,VEA,27.375,27.443,27.36,27.405,8605900,235844689.5
2016-12-30,VEA,27.608,27.615,27.405,27.458,10007300,274780443.4
2017-01-03,VEA,27.593,27.638,27.54,27.631,10866500,300252261.5
2017-01-04,VEA,27.773,27.976,27.773,27.969,8637100,241571049.9
2017-01-05,VEA,28.044,28.239,28.021,28.217,8102200,228619777.4
2017-01-06,VEA,28.104,28.142,28.059,28.104,8368600,235191134.4
2017-01-09,VEA,28.021,28.074,27.954,28.036,9042000,253501512.0
2017-01-10,VEA,28.066,28.157,28.051,28.066,5933000,166515578.0
2017-01-11,VEA,28.029,28.262,28.014,28.262,10396500,293825883.0
2017-01-12,VEA,28.322,28.322,28.179,28.284,13565600,383689430.4
2017-01-13,VEA,28.314,28.397,28.269,28.389,5351700,151929411.3
2017-01-17,VEA,28.352,28.359,28.284,28.314,13265500,375599367.0
2017-01-18,VEA,28.239,28.277,28.104,28.187,6247700,176103919.9
2017-01-19,VEA,28.126,28.179,28.036,28.134,6868800,193246819.2
2017-01-20,VEA,28.217,28.269,28.172,28.269,6399500,180907465.5
2017-01-23,VEA,28.254,28.344,28.194,28.329,10408100,294851064.9
2017-01-24,VEA,28.284,28.457,28.284,28.45,11370900,323502105.0
2017-01-25,VEA,28.577,28.75,28.577,28.728,5481800,157481150.4
2017-01-26,VEA,28.713,28.735,28.6,28.637,5924900,169671361.3
2017-01-27,VEA,28.607,28.622,28.517,28.57,5153300,147229781.0
2017-01-30,VEA,28.352,28.389,28.247,28.367,7074400,200679504.8
2017-01-31,VEA,28.45,28.495,28.337,28.465,21455200,610722268.0
2017-02-01,VEA,28.63,28.637,28.487,28.562,8474200,242040100.4
2017-02-02,VEA,28.622,28.652,28.525,28.607,8355700,239031509.9
2017-02-03,VEA,28.668,28.75,28.622,28.728,6353400,182520475.2
2017-02-06,VEA,28.465,28.525,28.42,28.517,9355600,266793645.2
2017-02-07,VEA,28.465,28.502,28.435,28.495,10453700,297878181.5
2017-02-08,VEA,28.495,28.562,28.427,28.54,5720000,163248800.0
2017-02-09,VEA,28.592,28.667,28.547,28.645,6141900,175934725.5
2017-02-10,VEA,28.645,28.765,28.63,28.75,5006500,143936875.0
2017-02-13,VEA,28.863,28.9,28.803,28.855,5487200,158333156.0
2017-02-14,VEA,28.803,28.84,28.668,28.84,6902300,199062332.0
2017-02-15,VEA,28.735,28.953,28.713,28.946,6229600,180322001.6
2017-02-16,VEA,28.953,29.006,28.923,29.006,7128700,206775072.2
2017-02-17,VEA,28.848,28.923,28.818,28.908,6862100,198369586.8
2017-02-21,VEA,28.915,29.036,28.908,29.036,5225000,151713100.0
2017-02-22,VEA,28.915,29.036,28.885,29.013,8044300,233389275.9
2017-02-23,VEA,29.126,29.148,29.021,29.066,8303800,241358250.8
2017-02-24,VEA,28.773,28.863,28.75,28.818,5977900,172271122.2
2017-02-27,VEA,28.765,28.848,28.735,28.833,5032400,145099189.2
2017-02-28,VEA,28.81,28.878,28.728,28.765,8058800,231811382.0
2017-03-01,VEA,28.946,29.118,28.931,29.043,7916300,229913100.9
2017-03-02,VEA,28.938,28.953,28.84,28.863,6527900,188414777.7
2017-03-03,VEA,28.878,29.013,28.833,29.006,8626800,250228960.8
2017-03-06,VEA,28.908,28.923,28.833,28.908,6501700,187951143.6
2017-03-07,VEA,28.833,28.878,28.773,28.833,6354000,183204882.0
2017-03-08,VEA,28.818,28.833,28.675,28.683,6088200,174627840.6
2017-03-09,VEA,28.765,28.825,28.705,28.803,14453500,416304160.5
2017-03-10,VEA,28.998,29.051,28.923,29.028,13367400,388028887.2
2017-03-13,VEA,29.081,29.171,29.081,29.163,7891900,230151479.7
2017-03-14,VEA,28.968,28.991,28.9,28.946,5433600,157280985.6
2017-03-15,VEA,29.021,29.404,28.991,29.396,12069200,354786203.2
2017-03-16,VEA,29.539,29.562,29.464,29.517,13666800,403402935.6
2017-03-17,VEA,29.577,29.637,29.509,29.562,7982100,235966840.2
2017-03-20,VEA,29.569,29.637,29.487,29.547,6544100,193358522.7
2017-03-21,VEA,29.765,29.787,29.374,29.374,8359800,245560765.2
2017-03-22,VEA,29.299,29.441,29.261,29.411,8815000,259257965.0
2017-03-23,VEA,29.381,29.554,29.366,29.494,9725400,286840947.6
2017-03-24,VEA,29.547,29.63,29.517,29.57,11122000,328877540.0
2017-03-27,VEA,29.517,29.66,29.479,29.637,7904900,234277521.3
2017-03-28,VEA,29.683,29.811,29.668,29.773,9109100,271205234.3
2017-03-29,VEA,29.668,29.803,29.645,29.803,5715100,170327125.3
2017-03-30,VEA,29.72,29.781,29.66,29.69,5419200,160896048.0
2017-03-31,VEA,29.577,29.69,29.547,29.645,9458800,280406126.0
2017-04-03,VEA,29.6,29.63,29.396,29.615,11709700,346782765.5
2017-04-04,VEA,29.479,29.6,29.434,29.6,8516000,252073600.0
2017-04-05,VEA,29.585,29.66,29.434,29.441,10772700,317159060.7
2017-04-06,VEA,29.456,29.502,29.404,29.464,8593100,253187098.4
2017-04-07,VEA,29.419,29.487,29.404,29.426,8311800,244583026.8
2017-04-10,VEA,29.404,29.456,29.373,29.426,6221100,183062088.6
2017-04-11,VEA,29.517,29.547,29.336,29.547,7078900,209160258.3
2017-04-12,VEA,29.509,29.554,29.411,29.524,7282700,215014434.8
2017-04-13,VEA,29.441,29.464,29.328,29.336,6970200,204477787.2
2017-04-17,VEA,29.502,29.577,29.441,29.577,9615100,284385812.7
2017-04-18,VEA,29.358,29.411,29.253,29.404,8820200,259349160.8
2017-04-19,VEA,29.449,29.464,29.253,29.268,7136600,208874008.8
2017-04-20,VEA,29.524,29.592,29.502,29.532,8640900,255183058.8
2017-04-21,VEA,29.524,29.554,29.464,29.547,8488500,250809709.5
2017-04-24,VEA,30.135,30.211,30.113,30.196,7876000,237823696.0
2017-04-25,VEA,30.331,30.422,30.294,30.392,8824000,268179008.0
2017-04-26,VEA,30.324,30.414,30.279,30.279,9383900,284135108.1
2017-04-27,VEA,30.362,30.362,30.248,30.324,5931300,179860741.2
2017-04-28,VEA,30.331,30.346,30.286,30.301,8718400,264176238.4
2017-05-01,VEA,30.362,30.46,30.362,30.384,7222300,219442363.2
2017-05-02,VEA,30.482,30.588,30.475,30.565,7157200,218759818.0
2017-05-03,VEA,30.482,30.528,30.414,30.467,14817900,451456959.3
2017-05-04,VEA,30.565,30.693,30.528,30.686,8104300,248688549.8
2017-05-05,VEA,30.716,31.025,30.693,30.995,8788500,272399557.5
2017-05-08,VEA,30.882,30.882,30.799,30.852,6294800,194207169.6
2017-05-09,VEA,30.844,30.859,30.746,30.799,6998300,215540641.7
2017-05-10,VEA,30.822,30.844,30.761,30.844,6317900,194869307.6
2017-05-11,VEA,30.739,30.792,30.663,30.784,10625300,327089235.2
2017-05-12,VEA,30.814,30.92,30.799,30.92,10749400,332371448.0
2017-05-15,VEA,31.033,31.101,31.018,31.101,9291400,288971831.4
2017-05-16,VEA,31.244,31.274,31.206,31.259,8947800,279699280.2
2017-05-17,VEA,31.086,31.131,30.867,30.882,10037700,309984251.4
2017-05-18,VEA,30.807,30.957,30.761,30.942,7409200,229255466.4
2017-05-19,VEA,31.154,31.32,31.139,31.297,7657400,239653647.8
2017-05-22,VEA,31.365,31.418,31.32,31.38,9855800,309275004.0
2017-05-23,VEA,31.448,31.455,31.327,31.35,7562800,237093780.0
2017-05-24,VEA,31.312,31.418,31.274,31.418,5689000,178737002.0
2017-05-25,VEA,31.433,31.47,31.365,31.41,6054300,190165563.0
2017-05-26,VEA,31.267,31.327,31.244,31.327,5719700,179181041.9
2017-05-30,VEA,31.244,31.304,31.229,31.274,5553500,173680159.0
2017-05-31,VEA,31.44,31.448,31.289,31.335,11459500,359083432.5
2017-06-01,VEA,31.448,31.546,31.418,31.546,11354200,358179593.2
2017-06-02,VEA,31.757,31.87,31.697,31.848,12526000,398928048.0
2017-06-05,VEA,31.704,31.719,31.651,31.712,6422400,203667148.8
2017-06-06,VEA,31.584,31.636,31.538,31.636,8859300,280272814.8
2017-06-07,VEA,31.682,31.719,31.508,31.614,6071400,191941239.6
2017-06-08,VEA,31.508,31.576,31.47,31.568,6673900,210681675.2
2017-06-09,VEA,31.44,31.561,31.35,31.455,7002900,220276219.5
2017-06-12,VEA,31.38,31.418,31.267,31.357,5699500,178719221.5
2017-06-13,VEA,31.576,31.629,31.516,31.629,5147900,162822929.1
2017-06-14,VEA,31.817,31.817,31.493,31.591,9200000,290637200.0
2017-06-15,VEA,31.123,31.274,31.101,31.252,10635600,332383771.2
2017-06-16,VEA,31.387,31.531,31.342,31.531,5207500,164197682.5
2017-06-19,VEA,31.629,31.697,31.614,31.644,7286500,230574006.0
2017-06-20,VEA,31.546,31.576,31.32,31.357,7489100,234835708.7
2017-06-21,VEA,31.321,31.382,31.267,31.328,6565600,205687116.8
2017-06-22,VEA,31.366,31.435,31.321,31.389,4580100,143764758.9
2017-06-23,VEA,31.374,31.496,31.328,31.458,5949100,187146787.8
2017-06-26,VEA,31.649,31.679,31.504,31.519,7147000,225266293.0
2017-06-27,VEA,31.542,31.588,31.458,31.511,20451000,644431461.0
2017-06-28,VEA,31.641,31.817,31.611,31.794,16558100,526448231.4
2017-06-29,VEA,31.71,31.71,31.351,31.473,8548100,269034351.3
2017-06-30,VEA,31.588,31.611,31.359,31.534,10787500,340173025.0
2017-07-03,VEA,31.511,31.572,31.473,31.473,5231100,164638410.3
2017-07-05,VEA,31.397,31.489,31.305,31.489,7208700,226994754.3
2017-07-06,VEA,31.298,31.412,31.244,31.298,7132800,223242374.4
2017-07-07,VEA,31.282,31.382,31.199,31.351,6872900,215472287.9
2017-07-10,VEA,31.344,31.45,31.305,31.405,4998300,156971611.5
2017-07-11,VEA,31.374,31.511,31.313,31.504,6251000,196931504.0
2017-07-12,VEA,31.687,31.824,31.679,31.786,7592300,241328847.8
2017-07-13,VEA,31.832,31.893,31.779,31.878,5408300,172405787.4
2017-07-14,VEA,31.985,32.145,31.969,32.107,5368800,172376061.6
2017-07-17,VEA,32.053,32.114,32.03,32.053,7084200,227069862.6
2017-07-18,VEA,32.076,32.122,32.03,32.122,5403000,173555166.0
2017-07-19,VEA,32.191,32.275,32.168,32.275,5468400,176492610.0
2017-07-20,VEA,32.351,32.42,32.298,32.381,5468100,177062546.1
2017-07-21,VEA,32.259,32.298,32.152,32.298,5023400,162245773.2
2017-07-24,VEA,32.198,32.244,32.107,32.236,13680400,441001374.4
2017-07-25,VEA,32.374,32.389,32.259,32.259,6288900,202873625.1
2017-07-26,VEA,32.336,32.504,32.282,32.465,5841300,189637804.5
2017-07-27,VEA,32.526,32.526,32.252,32.343,6910300,223499832.9
2017-07-28,VEA,32.267,32.374,32.236,32.374,7022400,227343177.6
2017-07-31,VEA,32.412,32.481,32.328,32.443,9722100,315414090.3
2017-08-01,VEA,32.679,32.71,32.595,32.626,12099500,394758287.0
2017-08-02,VEA,32.626,32.656,32.526,32.61,7917600,258192936.0
2017-08-03,VEA,32.58,32.649,32.534,32.565,10051200,327317328.0
2017-08-04,VEA,32.61,32.633,32.481,32.61,7841900,255724359.0
2017-08-07,VEA,32.557,32.641,32.549,32.633,4860600,158615959.8
2017-08-08,VEA,32.588,32.618,32.45,32.465,5742600,186433509.0
2017-08-09,VEA,32.282,32.397,32.236,32.381,5456800,176696640.8
2017-08-10,VEA,32.214,32.214,31.908,31.916,6088200,194310991.2
2017-08-11,VEA,31.924,31.985,31.847,31.908,7542000,240650136.0
2017-08-14,VEA,32.13,32.221,32.114,32.13,6936600,222872958.0
2017-08-15,VEA,32.091,32.114,32.0,32.099,5740700,184270729.3
2017-08-16,VEA,32.191,32.313,32.175,32.298,7648800,247040942.4
2017-08-17,VEA,32.198,32.236,31.931,31.931,6265500,200063680.5
2017-08-18,VEA,32.007,32.122,31.962,32.023,6275100,200947527.3
2017-08-21,VEA,32.046,32.084,31.962,32.03,5113600,163788608.0
2017-08-22,VEA,32.114,32.206,32.107,32.191,7009300,225636376.3
2017-08-23,VEA,32.076,32.221,32.076,32.206,5024600,161822267.6
2017-08-24,VEA,32.236,32.259,32.152,32.168,4743800,152598558.4
2017-08-25,VEA,32.29,32.42,32.252,32.359,6432900,208162211.1
2017-08-28,VEA,32.389,32.404,32.32,32.359,4691200,151802540.8
2017-08-29,VEA,32.16,32.282,32.137,32.221,4998600,161059890.6
2017-08-30,VEA,32.191,32.214,32.137,32.175,6580600,211730805.0
2017-08-31,VEA,32.313,32.473,32.29,32.45,8558300,277716835.0
2017-09-01,VEA,32.603,32.61,32.488,32.511,5650200,183693652.2
2017-09-05,VEA,32.412,32.443,32.175,32.275,9332100,301193527.5
2017-09-06,VEA,32.45,32.557,32.42,32.511,8755800,284659813.8
2017-09-07,VEA,32.771,32.786,32.694,32.778,8976500,294231717.0
2017-09-08,VEA,32.839,32.839,32.755,32.771,4412400,144598760.4
2017-09-11,VEA,32.984,33.068,32.939,33.015,3838200,126718173.0
2017-09-12,VEA,33.076,33.114,33.045,33.084,5504600,182114186.4
2017-09-13,VEA,33.038,33.061,32.908,32.931,4154700,136818425.7
2017-09-14,VEA,32.878,33.023,32.878,33.023,4668500,154167875.5
2017-09-15,VEA,33.053,33.068,32.977,33.038,5258300,173723715.4
2017-09-18,VEA,33.152,33.206,33.03,33.091,8944100,295969213.1
2017-09-19,VEA,33.236,33.259,33.175,33.251,5868100,195120193.1
2017-09-20,VEA,33.274,33.373,33.013,33.166,8169300,270943003.8
2017-09-21,VEA,33.097,33.159,33.059,33.113,4991400,165280228.2
2017-09-22,VEA,33.22,33.251,33.159,33.189,9814700,325740078.3
2017-09-25,VEA,33.097,33.151,32.967,33.044,6579000,217396476.0
2017-09-26,VEA,32.975,32.998,32.845,32.921,12621700,415518985.7
2017-09-27,VEA,32.898,33.005,32.891,32.967,6196000,204263532.0
2017-09-28,VEA,32.982,33.105,32.982,33.074,5278200,174571186.8
2017-09-29,VEA,33.166,33.297,33.105,33.266,9159800,304709906.8
2017-10-02,VEA,33.166,33.274,33.151,33.228,6474500,215134686.0
2017-10-03,VEA,33.258,33.358,33.251,33.358,5919600,197466016.8
2017-10-04,VEA,33.297,33.335,33.266,33.297,5822800,193881771.6
2017-10-05,VEA,33.228,33.289,33.212,33.266,7337700,244095928.2
2017-10-06,VEA,33.143,33.235,33.097,33.228,5228100,173719306.8
2017-10-09,VEA,33.289,33.297,33.212,33.243,3604100,119811096.3
2017-10-10,VEA,33.458,33.573,33.427,33.55,11610600,389535630.0
2017-10-11,VEA,33.588,33.68,33.565,33.665,4630300,155879049.5
2017-10-12,VEA,33.649,33.718,33.603,33.665,5523200,185938528.0
2017-10-13,VEA,33.848,33.879,33.81,33.833,5178700,175210957.1
2017-10-16,VEA,33.825,33.856,33.772,33.802,4093100,138354966.2
2017-10-17,VEA,33.711,33.733,33.642,33.726,4890600,164940375.6
2017-10-18,VEA,33.764,33.81,33.726,33.787,6325300,213712911.1
2017-10-19,VEA,33.634,33.726,33.596,33.726,7668800,258637948.8
2017-10-20,VEA,33.703,33.703,33.626,33.68,5360500,180541640.0
2017-10-23,VEA,33.695,33.711,33.588,33.596,5933300,199335146.8
2017-10-24,VEA,33.672,33.733,33.626,33.672,5581100,187926799.2
2017-10-25,VEA,33.68,33.688,33.412,33.534,6246900,209483544.6
2017-10-26,VEA,33.603,33.626,33.496,33.496,5499400,184207902.4
2017-10-27,VEA,33.511,33.634,33.45,33.626,5806800,195259456.8
2017-10-30,VEA,33.511,33.71,33.511,33.703,6782700,228597338.1
2017-10-31,VEA,33.81,33.887,33.756,33.856,7383200,249965619.2
2017-11-01,VEA,34.025,34.086,33.933,33.933,6043300,205067298.9
2017-11-02,VEA,33.925,34.025,33.91,34.002,22398300,761586996.6
2017-11-03,VEA,34.002,34.002,33.871,33.971,8057800,273731523.8
2017-11-06,VEA,33.917,34.063,33.91,34.032,6684900,227500516.8
2017-11-07,VEA,33.979,34.017,33.833,33.917,7343500,249069489.5
2017-11-08,VEA,34.002,34.086,33.956,34.063,4444500,151393003.5
2017-11-09,VEA,33.764,33.848,33.626,33.833,13268200,448903010.6
2017-11-10,VEA,33.772,33.787,33.68,33.749,5202800,175589297.2
2017-11-13,VEA,33.442,33.626,33.396,33.619,6368500,214102601.5
2017-11-14,VEA,33.565,33.603,33.473,33.588,15887300,533622632.4
2017-11-15,VEA,33.32,33.465,33.266,33.427,5290300,176838858.1
2017-11-16,VEA,33.672,33.772,33.634,33.749,5634600,190162115.4
2017-11-17,VEA,33.634,33.665,33.565,33.619,15984200,537372819.8
2017-11-20,VEA,33.71,33.764,33.68,33.68,4444100,149677288.0
2017-11-21,VEA,33.91,33.994,33.902,33.94,6224700,211266318.0
2017-11-22,VEA,34.078,34.109,33.948,34.055,6459600,219981678.0
2017-11-24,VEA,34.301,34.324,34.262,34.27,2766800,94818236.0
2017-11-27,VEA,34.232,34.232,34.048,34.055,5874700,200062908.5
2017-11-28,VEA,34.163,34.239,34.094,34.224,8238400,281951001.6
2017-11-29,VEA,34.247,34.255,34.025,34.078,6059800,206505864.4
2017-11-30,VEA,34.209,34.247,34.094,34.147,10494700,358362520.9
2017-12-01,VEA,34.04,34.117,33.871,34.048,12404600,422351820.8
2017-12-04,VEA,34.132,34.17,33.902,33.91,9098100,308516571.0
2017-12-05,VEA,33.963,34.017,33.864,33.864,8701000,294650664.0
2017-12-06,VEA,33.711,33.81,33.703,33.711,7545900,254379834.9
2017-12-07,VEA,33.81,33.894,33.71,33.81,7165700,242272317.0
2017-12-08,VEA,33.986,34.009,33.894,34.002,5064100,172189528.2
2017-12-11,VEA,34.071,34.086,34.009,34.071,5710800,194572666.8
2017-12-12,VEA,34.094,34.117,34.009,34.094,6777900,231085722.6
2017-12-13,VEA,34.17,34.308,34.14,34.239,6202800,212377669.2
2017-12-14,VEA,34.209,34.239,34.063,34.078,6137800,209163948.4
2017-12-15,VEA,34.063,34.109,33.986,34.055,10562900,359719559.5
2017-12-18,VEA,34.4,34.53,34.385,34.439,8428900,290282887.1
2017-12-19,VEA,34.37,34.408,34.27,34.331,7037600,241607845.6
2017-12-20,VEA,34.408,34.408,34.278,34.308,6628800,227420870.4
2017-12-21,VEA,34.372,34.488,34.333,34.418,6751600,232376568.8
2017-12-22,VEA,34.418,34.511,34.395,34.503,6891300,237770523.9
2017-12-26,VEA,34.495,34.557,34.472,34.511,5914900,204129113.9
2017-12-27,VEA,34.596,34.658,34.526,34.596,15495000,536065020.0
2017-12-28,VEA,34.759,34.766,34.673,34.704,5982900,207630561.6
2017-12-29,VEA,34.859,34.859,34.712,34.712,7046100,244584223.2
2018-01-02,VEA,34.851,35.022,34.813,35.014,9308000,325910312.0
2018-01-03,VEA,35.06,35.238,35.045,35.231,10178700,358605779.7
2018-01-04,VEA,35.494,35.571,35.432,35.548,9883400,351335103.2
2018-01-05,VEA,35.641,35.741,35.594,35.718,8111400,289722985.2
2018-01-08,VEA,35.687,35.71,35.641,35.703,8245900,294403367.7
2018-01-09,VEA,35.703,35.734,35.594,35.734,7721300,275912934.2
2018-01-10,VEA,35.71,35.726,35.594,35.641,10860500,387079080.5
2018-01-11,VEA,35.726,35.881,35.695,35.873,7529600,270109340.8
2018-01-12,VEA,36.004,36.221,35.942,36.213,8460100,306365601.3
2018-01-16,VEA,36.329,36.368,36.136,36.175,16171900,585018482.5
2018-01-17,VEA,36.291,36.492,36.19,36.368,8804800,320212966.4
2018-01-18,VEA,36.244,36.322,36.175,36.283,8192100,297233964.3
2018-01-19,VEA,36.461,36.469,36.345,36.445,7359800,268227911.0
2018-01-22,VEA,36.484,36.647,36.453,36.639,9186700,336591501.3
2018-01-23,VEA,36.678,36.77,36.623,36.755,7836800,288041584.0
2018-01-24,VEA,36.979,37.01,36.724,36.871,11007800,405868593.8
2018-01-25,VEA,37.018,37.026,36.631,36.739,14271300,524313290.7
2018-01-26,VEA,36.887,37.057,36.887,37.049,7027900,260376667.1
2018-01-29,VEA,36.786,36.794,36.647,36.709,9953000,365364677.0
2018-01-30,VEA,36.569,36.592,36.36,36.43,11411900,415735517.0
2018-01-31,VEA,36.569,36.569,36.314,36.36,13972600,508043736.0
2018-02-01,VEA,36.306,36.492,36.275,36.453,10588800,385993526.4
2018-02-02,VEA,36.082,36.082,35.617,35.664,12300600,438688598.4
2018-02-05,VEA,35.207,35.354,34.116,34.209,24899300,851780153.7
2018-02-06,VEA,34.109,34.96,34.062,34.875,36830300,1284456712.5
2018-02-07,VEA,34.542,34.805,34.379,34.403,13805700,474957497.1
2018-02-08,VEA,34.488,34.495,33.528,33.551,25921100,869678826.1
2018-02-09,VEA,33.799,33.923,32.909,33.784,41241300,1393296079.2
2018-02-12,VEA,34.0,34.31,33.861,34.232,19705000,674541560.0
2018-02-13,VEA,34.016,34.171,33.962,34.101,11755700,400881125.7
2018-02-14,VEA,33.946,34.774,33.915,34.774,11178000,388703772.0
2018-02-15,VEA,34.983,35.029,34.681,34.998,9923900,347316652.2
2018-02-16,VEA,35.029,35.277,35.014,35.122,9084000,319048248.0
2018-02-20,VEA,34.859,34.991,34.697,34.766,8778500,305193331.0
2018-02-21,VEA,34.89,35.115,34.627,34.635,10894000,377313690.0
2018-02-22,VEA,34.79,34.975,34.704,34.782,9645000,335472390.0
2018-02-23,VEA,34.944,35.145,34.882,35.13,9922500,348577425.0
2018-02-26,VEA,35.262,35.416,35.115,35.409,6249500,221288545.5
2018-02-27,VEA,35.215,35.231,34.859,34.867,7921200,276188480.4
2018-02-28,VEA,34.937,34.952,34.495,34.503,7700200,265680000.6
2018-03-01,VEA,34.318,34.434,33.815,34.054,14945600,508957462.4
2018-03-02,VEA,33.876,34.163,33.737,34.155,11738000,400911390.0
2018-03-05,VEA,33.9,34.333,33.876,34.294,7697900,263991782.6
2018-03-06,VEA,34.635,34.666,34.488,34.581,7502100,259430120.1
2018-03-07,VEA,34.379,34.573,34.287,34.542,8727500,301465305.0
2018-03-08,VEA,34.666,34.712,34.511,34.642,9444800,327186761.6
2018-03-09,VEA,34.735,34.913,34.666,34.898,5860500,204519729.0
2018-03-12,VEA,34.929,35.006,34.859,34.952,6268200,219086126.4
2018-03-13,VEA,35.068,35.091,34.65,34.735,8971800,311635473.0
2018-03-14,VEA,34.991,35.014,34.697,34.79,8914200,310125018.0
2018-03-15,VEA,34.82,34.937,34.712,34.782,9127100,317458792.2
2018-03-16,VEA,34.697,34.828,34.697,34.735,12060400,418917994.0
2018-03-19,VEA,34.612,34.627,34.279,34.449,9602300,330789632.7
2018-03-20,VEA,34.441,34.542,34.387,34.48,7377000,254358960.0
2018-03-21,VEA,34.434,34.697,34.41,34.565,8314200,287380323.0
2018-03-22,VEA,34.201,34.287,33.915,33.931,15901500,539553796.5
2018-03-23,VEA,33.993,34.023,33.497,33.513,13756700,461028287.1
2018-03-26,VEA,34.019,34.136,33.701,34.112,13566600,462783859.2
2018-03-27,VEA,34.268,34.307,33.716,33.833,12650100,427990833.3
2018-03-28,VEA,34.058,34.252,33.895,33.996,13320700,452850517.2
2018-03-29,VEA,34.252,34.493,34.175,34.369,8230000,282856870.0
2018-04-02,VEA,34.229,34.314,33.654,33.856,15016300,508391852.8
2018-04-03,VEA,34.074,34.167,33.91,34.12,12164900,415066388.0
2018-04-04,VEA,33.662,34.213,33.639,34.198,20156300,689305147.4
2018-04-05,VEA,34.353,34.524,34.322,34.454,6644000,228912376.0
2018-04-06,VEA,34.4,34.524,34.066,34.175,12728900,435010157.5
2018-04-09,VEA,34.508,34.695,34.392,34.47,8316300,286662861.0
2018-04-10,VEA,34.788,34.905,34.726,34.85,9749500,339770075.0
2018-04-11,VEA,34.718,34.897,34.687,34.687,6022200,208892051.4
2018-04-12,VEA,34.734,34.866,34.703,34.819,6036100,210170965.9
2018-04-13,VEA,34.943,34.959,34.742,34.85,6468300,225420255.0
2018-04-16,VEA,34.967,34.975,34.85,34.912,11688300,408061929.6
2018-04-17,VEA,34.998,35.161,34.943,35.091,5740100,201425849.1
2018-04-18,VEA,35.239,35.332,35.208,35.301,5022700,177306332.7
2018-04-19,VEA,35.285,35.316,35.052,35.138,6195100,217683423.8
2018-04-20,VEA,35.013,35.037,34.912,34.967,6645200,232362708.4
2018-04-23,VEA,34.959,34.99,34.835,34.928,4742700,165653025.6
2018-04-24,VEA,35.021,35.021,34.656,34.773,10248400,356367613.2
2018-04-25,VEA,34.656,34.749,34.54,34.695,9085100,315207544.5
2018-04-26,VEA,34.905,34.982,34.827,34.951,7172100,250672067.1
2018-04-27,VEA,34.959,35.013,34.858,34.99,4644300,162504057.0
2018-04-30,VEA,34.951,35.052,34.804,34.804,5684200,197832896.8
2018-05-01,VEA,34.842,34.842,34.563,34.773,5858000,203700234.0
2018-05-02,VEA,34.905,34.967,34.695,34.726,6324700,219631532.2
2018-05-03,VEA,34.78,34.881,34.524,34.796,7903900,275024104.4
2018-05-04,VEA,34.578,34.967,34.54,34.928,7123500,248809608.0
2018-05-07,VEA,34.905,35.013,34.835,34.92,12361700,431670564.0
2018-05-08,VEA,34.811,34.928,34.726,34.92,6713700,234442404.0
2018-05-09,VEA,34.905,35.068,34.881,35.029,5192400,181884579.6
2018-05-10,VEA,35.161,35.285,35.099,35.277,13671900,482303616.3
2018-05-11,VEA,35.402,35.441,35.332,35.347,5637000,199251039.0
2018-05-14,VEA,35.487,35.526,35.386,35.409,5169600,183050366.4
2018-05-15,VEA,35.122,35.223,35.013,35.114,7081500,248659791.0
2018-05-16,VEA,35.169,35.262,35.122,35.223,5840000,205702320.0
2018-05-17,VEA,35.239,35.332,35.176,35.27,5153000,181746310.0
2018-05-18,VEA,35.169,35.192,35.099,35.145,4018200,141219639.0
2018-05-21,VEA,35.332,35.371,35.285,35.371,4164300,147295455.3
2018-05-22,VEA,35.433,35.479,35.301,35.347,5238700,185172328.9
2018-05-23,VEA,34.912,35.021,34.827,35.013,6443800,225616769.4
2018-05-24,VEA,34.951,34.967,34.672,34.897,6320100,220552529.7
2018-05-25,VEA,34.71,34.757,34.625,34.703,4372300,151731926.9
2018-05-29,VEA,34.19,34.268,33.872,34.004,13770600,468255482.4
2018-05-30,VEA,34.252,34.516,34.182,34.493,7097700,244820966.1
2018-05-31,VEA,34.408,34.431,34.151,34.307,8894400,305140180.8
2018-06-01,VEA,34.571,34.609,34.446,34.563,8203500,283537570.5
2018-06-04,VEA,34.827,34.866,34.695,34.718,6324800,219584406.4
2018-06-05,VEA,34.726,34.734,34.578,34.679,14417000,499967143.0
2018-06-06,VEA,34.804,34.982,34.741,34.975,5836700,204138582.5
2018-06-07,VEA,35.013,35.013,34.718,34.773,7713000,268204149.0
2018-06-08,VEA,34.78,34.874,34.664,34.835,7188900,250425331.5
2018-06-11,VEA,34.967,35.122,34.936,35.06,5298100,185751386.0
2018-06-12,VEA,34.982,35.006,34.796,34.842,6875900,239570107.8
2018-06-13,VEA,34.936,34.975,34.71,34.858,5963500,207875683.0
2018-06-14,VEA,34.85,34.936,34.749,34.773,6612000,229919076.0
2018-06-15,VEA,34.54,34.563,34.384,34.532,5549800,191645693.6
2018-06-18,VEA,34.167,34.299,33.879,34.291,8370700,287039673.7
2018-06-19,VEA,33.817,33.949,33.747,33.918,13129700,445333164.6
2018-06-20,VEA,34.097,34.167,33.926,33.988,7888000,268097344.0
2018-06-21,VEA,33.872,33.879,33.709,33.755,9282400,313327412.0
2018-06-22,VEA,34.203,34.251,34.038,34.117,7828100,267071287.7
2018-06-25,VEA,33.857,33.905,33.543,33.637,14761700,496539302.9
2018-06-26,VEA,33.708,33.755,33.558,33.676,11488200,386876623.2
2018-06-27,VEA,33.739,33.834,33.354,33.37,11752800,392190936.0
2018-06-28,VEA,33.354,33.511,33.275,33.488,13981600,468215820.8
2018-06-29,VEA,33.747,33.873,33.676,33.739,14208600,479383955.4
2018-07-02,VEA,33.22,33.385,33.197,33.378,10628700,354764748.6
2018-07-03,VEA,33.614,33.637,33.425,33.448,5607100,187546280.8
2018-07-05,VEA,33.716,33.732,33.582,33.661,11226200,377885118.2
2018-07-06,VEA,33.739,33.952,33.708,33.889,6931200,234891436.8
2018-07-09,VEA,34.164,34.219,34.093,34.196,7613500,260351246.0
2018-07-10,VEA,34.164,34.251,34.125,34.235,6864500,235006157.5
2018-07-11,VEA,33.826,33.92,33.543,33.637,7643900,257117864.3
2018-07-12,VEA,33.834,33.944,33.763,33.92,6812800,231090176.0
2018-07-13,VEA,33.897,34.015,33.849,34.015,5308200,180558423.0
2018-07-16,VEA,34.03,34.054,33.944,34.022,8143800,277068363.6
2018-07-17,VEA,33.936,34.109,33.905,34.062,4972400,169369888.8
2018-07-18,VEA,34.007,34.117,33.96,34.078,5268500,179539943.0
2018-07-19,VEA,33.849,34.015,33.818,33.936,9086100,308345889.6
2018-07-20,VEA,33.983,34.164,33.983,34.14,5343000,182410020.0
2018-07-23,VEA,34.101,34.117,34.015,34.085,8638000,294426230.0
2018-07-24,VEA,34.353,34.455,34.227,34.298,6523800,223753292.4
2018-07-25,VEA,34.313,34.612,34.188,34.557,6210800,214626615.6
2018-07-26,VEA,34.471,34.51,34.384,34.416,5301700,182463307.2
2018-07-27,VEA,34.589,34.644,34.439,34.502,6977600,240741155.2
2018-07-30,VEA,34.581,34.644,34.455,34.479,20543500,708319336.5
2018-07-31,VEA,34.589,34.62,34.463,34.51,8507300,293586923.0
2018-08-01,VEA,34.487,34.557,34.369,34.392,5964600,205134523.2
2018-08-02,VEA,33.991,34.14,33.96,34.133,6967000,237804611.0
2018-08-03,VEA,34.038,34.18,34.007,34.18,5908900,201966202.0
2018-08-06,VEA,33.975,34.07,33.905,34.015,6910900,235074263.5
2018-08-07,VEA,33.975,34.384,33.975,34.227,6163800,210968382.6
2018-08-08,VEA,34.203,34.274,34.109,34.219,5502400,188286625.6
2018-08-09,VEA,34.258,34.29,34.133,34.156,5627700,192219721.2
2018-08-10,VEA,33.59,33.621,33.433,33.511,10333800,346295971.8
2018-08-13,VEA,33.425,33.496,33.252,33.346,11000500,366822673.0
2018-08-14,VEA,33.393,33.448,33.299,33.393,7920200,264479238.6
2018-08-15,VEA,32.961,33.0,32.693,32.882,15658500,514882797.0
2018-08-16,VEA,33.079,33.22,33.071,33.11,9928200,328722702.0
2018-08-17,VEA,33.102,33.401,33.063,33.33,6512200,217051626.0
2018-08-20,VEA,33.433,33.511,33.409,33.472,7384300,247167289.6
2018-08-21,VEA,33.7,33.802,33.629,33.692,6822600,229867039.2
2018-08-22,VEA,33.834,33.912,33.794,33.857,6437700,217961208.9
2018-08-23,VEA,33.676,33.747,33.582,33.606,5393000,181237158.0
2018-08-24,VEA,33.779,33.897,33.732,33.857,6412100,217094469.7
2018-08-27,VEA,34.125,34.329,34.07,34.321,7969900,273534937.9
2018-08-28,VEA,34.4,34.4,34.227,34.243,7737200,264944939.6
2018-08-29,VEA,34.266,34.439,34.211,34.431,6574500,226366609.5
2018-08-30,VEA,34.172,34.219,34.038,34.125,7994100,272798662.5
2018-08-31,VEA,33.96,34.07,33.771,33.912,10313700,349758194.4
2018-09-04,VEA,33.496,33.574,33.409,33.574,7757000,260433518.0
2018-09-05,VEA,33.385,33.417,33.197,33.323,9421000,313935983.0
2018-09-06,VEA,33.252,33.33,33.047,33.205,11412000,378935460.0
2018-09-07,VEA,32.914,33.039,32.851,32.937,7552100,248743517.7
2018-09-10,VEA,33.181,33.212,33.087,33.118,7660000,253683880.0
2018-09-11,VEA,33.0,33.173,32.914,33.165,9174700,304278925.5
2018-09-12,VEA,33.197,33.378,33.173,33.307,7249700,241465757.9
2018-09-13,VEA,33.621,33.629,33.433,33.519,7189600,240988202.4
2018-09-14,VEA,33.645,33.676,33.496,33.59,9603800,322591642.0
2018-09-17,VEA,33.724,33.787,33.59,33.621,5925300,199214511.3
2018-09-18,VEA,33.865,34.015,33.849,33.967,8703700,295638577.9
2018-09-19,VEA,34.007,34.125,33.999,34.085,5705100,194458333.5
2018-09-20,VEA,34.4,34.494,34.313,34.455,5950600,205027923.0
2018-09-21,VEA,34.439,34.518,34.408,34.463,6237700,214969855.1
2018-09-24,VEA,34.447,34.471,34.306,34.313,7657800,262762091.4
2018-09-25,VEA,34.573,34.597,34.463,34.479,7012200,241773643.8
2018-09-26,VEA,34.461,34.714,34.438,34.493,6888800,237615378.4
2018-09-27,VEA,34.414,34.564,34.359,34.398,6565900,225853828.2
2018-09-28,VEA,34.138,34.296,34.098,34.153,8478500,289566210.5
2018-10-01,VEA,34.296,34.351,34.201,34.24,8653900,296309536.0
2018-10-02,VEA,33.964,34.067,33.909,34.019,7640600,259925571.4
2018-10-03,VEA,34.09,34.098,33.917,33.964,7127000,242061428.0
2018-10-04,VEA,33.719,33.751,33.388,33.53,9168500,307419805.0
2018-10-05,VEA,33.459,33.498,33.214,33.364,8283200,276360684.8
2018-10-08,VEA,32.977,33.183,32.898,33.183,11331700,376019801.1
2018-10-09,VEA,32.835,33.119,32.78,33.064,11610000,383873040.0
2018-10-10,VEA,32.946,33.048,32.267,32.314,16517000,533730338.0
2018-10-11,VEA,32.196,32.33,31.675,31.864,33864500,1079058428.0
2018-10-12,VEA,32.157,32.235,31.691,32.022,34798700,1114323971.4
2018-10-15,VEA,31.928,32.109,31.849,31.967,18358700,586872562.9
2018-10-16,VEA,32.37,32.567,32.306,32.52,13520700,439693164.0
2018-10-17,VEA,32.417,32.433,32.18,32.322,11655400,376725838.8
2018-10-18,VEA,32.149,32.22,31.691,31.809,13088800,416341639.2
2018-10-19,VEA,31.935,32.141,31.935,31.975,13201100,422105172.5
2018-10-22,VEA,31.991,32.014,31.73,31.825,9708400,308969830.0
2018-10-23,VEA,31.28,31.62,31.091,31.501,18121600,570848521.6
2018-10-24,VEA,31.32,31.359,30.594,30.633,17447900,534481520.7
2018-10-25,VEA,30.846,31.115,30.736,30.973,15142600,469011749.8
2018-10-26,VEA,30.538,30.901,30.294,30.712,20149700,618837586.4
2018-10-29,VEA,31.028,31.083,30.341,30.586,20833400,637210372.4
2018-10-30,VEA,30.696,30.965,30.625,30.965,19149100,592951881.5
2018-10-31,VEA,31.233,31.359,31.17,31.217,17049400,532231119.8
2018-11-01,VEA,31.486,31.643,31.359,31.628,14964300,473290880.4
2018-11-02,VEA,31.943,31.983,31.517,31.714,16380700,519497519.8
2018-11-05,VEA,31.691,31.786,31.604,31.699,10887600,345126032.4
2018-11-06,VEA,31.73,31.864,31.691,31.864,9456900,301334661.6
2018-11-07,VEA,32.133,32.275,32.022,32.259,10109900,326135264.1
2018-11-08,VEA,32.101,32.18,31.849,31.935,11523800,368012553.0
2018-11-09,VEA,31.714,31.762,31.549,31.707,12446100,394628492.7
2018-11-12,VEA,31.493,31.509,31.138,31.162,11566700,360441505.4
2018-11-13,VEA,31.257,31.509,31.154,31.28,18233600,570347008.0
2018-11-14,VEA,31.493,31.525,31.123,31.312,18431300,577120865.6
2018-11-15,VEA,31.123,31.493,30.98,31.415,21519900,676047658.5
2018-11-16,VEA,31.225,31.478,31.178,31.446,17132900,538761173.4
2018-11-19,VEA,31.422,31.43,31.083,31.186,14276700,445233166.2
2018-11-20,VEA,30.752,30.87,30.538,30.609,20991700,642534945.3
2018-11-21,VEA,30.98,31.178,30.941,31.059,18226000,566081334.0
2018-11-23,VEA,30.807,30.933,30.791,30.854,6264100,193272541.4
2018-11-26,VEA,31.225,31.344,31.178,31.272,16424000,513611328.0
2018-11-27,VEA,31.13,31.186,31.028,31.178,17083200,532620009.6
2018-11-28,VEA,31.201,31.651,31.083,31.636,18897800,597850800.8
2018-11-29,VEA,31.47,31.612,31.391,31.486,15866500,499572619.0
2018-11-30,VEA,31.312,31.399,31.225,31.375,14300400,448675050.0
2018-12-03,VEA,31.857,31.88,31.675,31.793,16144100,513269371.3
2018-12-04,VEA,31.628,31.667,30.949,30.988,20493400,635049479.2
2018-12-06,VEA,30.428,30.712,30.12,30.696,40213600,1234396665.6
2018-12-07,VEA,30.728,30.854,30.278,30.373,39750900,1207354085.7
2018-12-10,VEA,30.231,30.27,29.804,30.112,31901800,960627001.6
2018-12-11,VEA,30.396,30.396,29.994,30.144,63207200,1905317836.8
2018-12-12,VEA,30.625,30.807,30.602,30.617,31096300,952075417.1
2018-12-13,VEA,30.657,30.744,30.523,30.562,23093100,705771322.2
2018-12-14,VEA,30.207,30.333,30.136,30.144,29362600,885106214.4
2018-12-17,VEA,30.144,30.167,29.749,29.883,40511500,1210605154.5
2018-12-18,VEA,30.017,30.12,29.828,29.915,34008500,1017364277.5
2018-12-19,VEA,30.041,30.27,29.504,29.591,36605200,1083184473.2
2018-12-20,VEA,29.639,29.741,29.354,29.481,52253900,1540497225.9
2018-12-21,VEA,29.283,29.441,28.881,28.905,57168100,1652443930.5
2018-12-24,VEA,28.948,29.043,28.589,28.589,29000600,829098153.4
2018-12-26,VEA,28.756,29.323,28.509,29.315,54247600,1590268394.0
2018-12-27,VEA,28.964,29.362,28.764,29.338,56908400,1669578639.2
2018-12-28,VEA,29.658,29.681,29.442,29.53,46759800,1380816894.0
2018-12-31,VEA,29.705,29.737,29.506,29.594,48032600,1421476764.4
2019-01-02,VEA,29.227,29.578,29.195,29.554,16891700,499217301.8
2019-01-03,VEA,29.458,29.514,29.211,29.315,17809700,522091355.5
2019-01-04,VEA,29.761,30.272,29.721,30.216,12485600,377264889.6
2019-01-07,VEA,30.24,30.471,30.16,30.312,15899600,481948675.2
2019-01-08,VEA,30.599,30.615,30.415,30.527,11334300,346002176.1
2019-01-09,VEA,30.814,30.99,30.742,30.902,19657300,607449884.6
2019-01-10,VEA,30.774,31.045,30.766,31.03,16334500,506859535.0
2019-01-11,VEA,30.822,30.902,30.75,30.838,33654600,1037840554.8
2019-01-14,VEA,30.575,30.782,30.575,30.679,18893100,579621414.9
2019-01-15,VEA,30.79,30.91,30.679,30.87,11882000,366797340.0
2019-01-16,VEA,30.902,31.014,30.902,30.966,14810700,458628136.2
2019-01-17,VEA,30.79,31.149,30.782,31.069,21667100,673175129.9
2019-01-18,VEA,31.373,31.428,31.277,31.404,19598500,615471294.0
2019-01-22,VEA,31.069,31.109,30.846,30.918,30300000,936815400.0
2019-01-23,VEA,31.157,31.197,30.926,31.077,11262900,350017143.3
2019-01-24,VEA,31.085,31.197,31.006,31.117,12446700,387303963.9
2019-01-25,VEA,31.436,31.556,31.428,31.508,9600800,302502006.4
2019-01-28,VEA,31.253,31.357,31.205,31.357,31278200,980790517.4
2019-01-29,VEA,31.508,31.588,31.436,31.444,15471300,486479557.2
2019-01-30,VEA,31.596,31.931,31.492,31.795,21287500,676836062.5
2019-01-31,VEA,31.732,31.867,31.668,31.803,22931200,729280953.6
2019-02-01,VEA,31.771,31.851,31.692,31.787,11993900,381250099.3
2019-02-04,VEA,31.739,31.915,31.676,31.899,11355000,362213145.0
2019-02-05,VEA,32.067,32.154,32.035,32.154,9177000,295077258.0
2019-02-06,VEA,32.059,32.09,31.923,31.947,8225900,262792827.3
2019-02-07,VEA,31.7,31.747,31.452,31.54,9575700,302017578.0
2019-02-08,VEA,31.325,31.428,31.221,31.428,8842200,277892661.6
2019-02-11,VEA,31.428,31.46,31.325,31.365,15304300,480019369.5
2019-02-12,VEA,31.7,31.803,31.676,31.779,11663000,370638477.0
2019-02-13,VEA,31.891,31.955,31.787,31.787,13952800,443517653.6
2019-02-14,VEA,31.787,31.923,31.716,31.787,12063700,383468831.9
2019-02-15,VEA,32.043,32.234,32.027,32.218,7194400,231789179.2
2019-02-19,VEA,32.138,32.425,32.114,32.378,10200500,330271789.0
2019-02-20,VEA,32.41,32.617,32.41,32.505,7913900,257241319.5
2019-02-21,VEA,32.449,32.481,32.346,32.425,14204700,460587397.5
2019-02-22,VEA,32.529,32.625,32.505,32.545,7491700,243817376.5
2019-02-25,VEA,32.729,32.768,32.625,32.649,11415400,372701394.6
2019-02-26,VEA,32.689,32.872,32.673,32.784,7349500,240946008.0
2019-02-27,VEA,32.729,32.768,32.625,32.681,6379100,208475367.1
2019-02-28,VEA,32.625,32.673,32.545,32.545,8353800,271874421.0
2019-03-01,VEA,32.761,32.816,32.633,32.745,7584200,248344629.0
2019-03-04,VEA,32.768,32.784,32.481,32.617,8081600,263597547.2
2019-03-05,VEA,32.601,32.705,32.553,32.641,8698000,283911418.0
2019-03-06,VEA,32.673,32.681,32.529,32.545,13048000,424647160.0
2019-03-07,VEA,32.418,32.433,32.106,32.13,9295200,298654776.0
2019-03-08,VEA,31.915,32.09,31.899,32.09,7386300,237026367.0
2019-03-11,VEA,32.122,32.386,32.122,32.386,7616000,246651776.0
2019-03-12,VEA,32.402,32.449,32.362,32.402,9305900,301529771.8
2019-03-13,VEA,32.521,32.673,32.497,32.641,5589900,182459925.9
2019-03-14,VEA,32.593,32.665,32.553,32.609,6084800,198419243.2
2019-03-15,VEA,32.816,32.952,32.745,32.936,8872000,292208192.0
2019-03-18,VEA,32.976,33.064,32.928,33.048,8404000,277735392.0
2019-03-19,VEA,33.247,33.263,33.048,33.135,9600600,318115881.0
2019-03-20,VEA,33.016,33.287,32.88,33.104,8245600,272962342.4
2019-03-21,VEA,32.92,33.135,32.92,33.135,13446200,445539837.0
2019-03-22,VEA,32.745,32.8,32.473,32.497,13786300,448013391.1
2019-03-25,VEA,32.433,32.545,32.37,32.497,10398000,337903806.0
2019-03-26,VEA,32.753,32.8,32.625,32.697,6809200,222640412.4
2019-03-27,VEA,32.753,32.792,32.465,32.649,9081600,296505158.4
2019-03-28,VEA,32.621,32.661,32.485,32.629,5665300,184853073.7
2019-03-29,VEA,32.765,32.773,32.597,32.741,10436600,341704720.6
2019-04-01,VEA,33.045,33.182,33.005,33.166,10483400,347692444.4
2019-04-02,VEA,33.125,33.198,33.037,33.19,7091400,235363566.0
2019-04-03,VEA,33.414,33.526,33.366,33.446,6524600,218221771.6
2019-04-04,VEA,33.342,33.406,33.31,33.382,6496000,216849472.0
2019-04-05,VEA,33.366,33.462,33.342,33.454,6636700,222024161.8
2019-04-08,VEA,33.454,33.478,33.374,33.478,8791500,294321837.0
2019-04-09,VEA,33.366,33.374,33.254,33.278,9074300,301974555.4
2019-04-10,VEA,33.35,33.43,33.294,33.414,7879800,263295637.2
2019-04-11,VEA,33.382,33.422,33.278,33.35,6652200,221850870.0
2019-04-12,VEA,33.582,33.614,33.526,33.598,7984600,268266590.8
2019-04-15,VEA,33.622,33.638,33.55,33.614,6677100,224444039.4
2019-04-16,VEA,33.734,33.75,33.646,33.67,9451500,318232005.0
2019-04-17,VEA,33.806,33.814,33.678,33.726,6838600,230638623.6
2019-04-18,VEA,33.646,33.726,33.606,33.662,6382900,214861179.8
2019-04-22,VEA,33.598,33.67,33.526,33.63,5444200,183088446.0
2019-04-23,VEA,33.566,33.71,33.542,33.71,6280000,211698800.0
2019-04-24,VEA,33.51,33.518,33.358,33.414,7732900,258387120.6
2019-04-25,VEA,33.318,33.398,33.286,33.39,5055200,168793128.0
2019-04-26,VEA,33.446,33.518,33.382,33.518,5774000,193532932.0
2019-04-29,VEA,33.558,33.678,33.518,33.646,5154900,173441765.4
2019-04-30,VEA,33.63,33.718,33.526,33.67,9859300,331962631.0
2019-05-01,VEA,33.718,33.758,33.438,33.446,10312700,344918564.2
2019-05-02,VEA,33.502,33.502,33.318,33.382,9772300,326218918.6
2019-05-03,VEA,33.55,33.742,33.526,33.71,7104500,239492695.0
2019-05-06,VEA,33.029,33.414,32.973,33.39,12393600,413822304.0
2019-05-07,VEA,33.085,33.101,32.709,32.829,11427200,375143548.8
2019-05-08,VEA,32.837,32.973,32.773,32.877,8012200,263417099.4
2019-05-09,VEA,32.469,32.693,32.348,32.637,11418700,372672111.9
2019-05-10,VEA,32.661,32.893,32.437,32.853,10374500,340833448.5
2019-05-13,VEA,32.268,32.308,32.044,32.116,9748100,313069979.6
2019-05-14,VEA,32.332,32.525,32.308,32.421,7504400,243300152.4
2019-05-15,VEA,32.22,32.597,32.196,32.565,8211100,267394471.5
2019-05-16,VEA,32.669,32.893,32.637,32.765,9826100,321952166.5
2019-05-17,VEA,32.557,32.725,32.541,32.581,6324900,206071566.9
2019-05-20,VEA,32.421,32.533,32.348,32.437,6632200,215128671.4
2019-05-21,VEA,32.605,32.685,32.525,32.661,5243400,171254687.4
2019-05-22,VEA,32.517,32.597,32.501,32.533,6691900,217707582.7
2019-05-23,VEA,32.172,32.284,32.084,32.204,9943600,320223694.4
2019-05-24,VEA,32.533,32.549,32.412,32.541,4992000,162444672.0
2019-05-28,VEA,32.557,32.589,32.252,32.26,7649300,246766418.0
2019-05-29,VEA,32.028,32.06,31.884,32.044,15917200,510050756.8
2019-05-30,VEA,32.1,32.164,32.044,32.164,10201300,328114613.2
2019-05-31,VEA,31.764,31.932,31.732,31.916,11501200,367072299.2
2019-06-03,VEA,31.98,32.124,31.908,32.044,13251800,424640679.2
2019-06-04,VEA,32.284,32.469,32.196,32.461,6741800,218845569.8
2019-06-05,VEA,32.597,32.597,32.388,32.445,6745200,218848014.0
2019-06-06,VEA,32.557,32.637,32.469,32.581,5489700,178859915.7
2019-06-07,VEA,32.837,33.037,32.837,32.965,4747500,156501337.5
2019-06-10,VEA,33.013,33.125,32.997,33.053,8921800,294892255.4
2019-06-11,VEA,33.334,33.342,33.15,33.214,5219200,173350508.8
2019-06-12,VEA,33.069,33.125,32.933,32.949,5131800,169087678.2
2019-06-13,VEA,33.013,33.045,32.901,32.965,5483300,180756984.5
2019-06-14,VEA,32.773,32.789,32.717,32.741,11293100,369747387.1
2019-06-17,VEA,32.749,32.846,32.717,32.765,11016600,360958899.0
2019-06-18,VEA,33.008,33.227,32.943,33.219,7667300,254700038.7
2019-06-19,VEA,33.276,33.486,33.227,33.405,9811200,327743136.0
2019-06-20,VEA,33.834,33.843,33.632,33.729,7468800,251915155.2
2019-06-21,VEA,33.6,33.689,33.575,33.608,7400100,248702560.8
2019-06-24,VEA,33.681,33.721,33.64,33.656,6369800,214381988.8
2019-06-25,VEA,33.681,33.697,33.462,33.478,9371500,313739077.0
2019-06-26,VEA,33.575,33.608,33.494,33.519,6432400,215607615.6
2019-06-27,VEA,33.6,33.64,33.575,33.6,5449200,183093120.0
2019-06-28,VEA,33.753,33.81,33.721,33.786,13621200,460205863.2
2019-07-01,VEA,34.11,34.11,33.851,33.94,9976600,338605804.0
2019-07-02,VEA,34.013,34.061,33.964,34.045,8552800,291180076.0
2019-07-03,VEA,34.199,34.248,34.134,34.223,4425200,151443619.6
2019-07-05,VEA,33.972,34.013,33.786,33.988,5966800,202799598.4
2019-07-08,VEA,33.745,33.834,33.729,33.786,5973000,201803778.0
2019-07-09,VEA,33.519,33.64,33.494,33.624,4815400,161913009.6
2019-07-10,VEA,33.826,33.867,33.705,33.77,5333700,180119049.0
2019-07-11,VEA,33.859,33.859,33.689,33.778,5383500,181843863.0
2019-07-12,VEA,33.77,33.818,33.713,33.818,4566900,154443424.2
2019-07-15,VEA,33.883,33.883,33.794,33.851,6409900,216981524.9
2019-07-16,VEA,33.778,33.818,33.672,33.697,5385200,181465084.4
2019-07-17,VEA,33.77,33.77,33.632,33.632,5296700,178138614.4
2019-07-18,VEA,33.502,33.745,33.478,33.729,6102800,205841341.2
2019-07-19,VEA,33.745,33.794,33.656,33.681,6632100,223375760.1
2019-07-22,VEA,33.721,33.753,33.656,33.713,7009900,236324758.7
2019-07-23,VEA,33.883,33.915,33.818,33.907,5734700,194446472.9
2019-07-24,VEA,33.818,33.915,33.794,33.915,4641700,157423255.5
2019-07-25,VEA,33.851,33.851,33.551,33.575,7144900,239890017.5
2019-07-26,VEA,33.697,33.697,33.624,33.672,7172300,241505685.6
2019-07-29,VEA,33.729,33.729,33.616,33.664,4483000,150915712.0
2019-07-30,VEA,33.34,33.348,33.243,33.308,6246300,208051760.4
2019-07-31,VEA,33.324,33.397,32.854,33.097,10458000,346128426.0
2019-08-01,VEA,33.097,33.389,32.846,32.968,10101500,333026252.0
2019-08-02,VEA,32.854,32.854,32.563,32.709,11014100,360260196.9
2019-08-05,VEA,32.206,32.206,31.712,31.874,19670400,626974329.6
2019-08-06,VEA,32.109,32.166,31.85,32.093,12852600,412478491.8
2019-08-07,VEA,31.923,32.263,31.834,32.223,13397200,431697975.6
2019-08-08,VEA,32.312,32.603,32.287,32.555,9269800,301778339.0
2019-08-09,VEA,32.417,32.466,32.239,32.32,9542000,308397440.0
2019-08-12,VEA,32.166,32.263,31.98,32.044,9166400,293728121.6
2019-08-13,VEA,31.988,32.425,31.939,32.36,9306400,301155104.0
2019-08-14,VEA,31.761,31.801,31.469,31.485,12302500,387344212.5
2019-08-15,VEA,31.575,31.639,31.421,31.55,15610100,492498655.0
2019-08-16,VEA,31.745,31.955,31.728,31.923,15206500,485437099.5
2019-08-19,VEA,32.182,32.231,32.117,32.117,7340000,235738780.0
2019-08-20,VEA,32.133,32.142,31.988,32.028,7429200,237942417.6
2019-08-21,VEA,32.36,32.376,32.263,32.295,8014700,258834736.5
2019-08-22,VEA,32.271,32.312,32.077,32.182,7855800,252815355.6
2019-08-23,VEA,32.093,32.328,31.769,31.785,11896900,378142966.5
2019-08-26,VEA,32.077,32.109,31.931,32.061,9964200,319462216.2
2019-08-27,VEA,32.206,32.223,32.028,32.052,8188100,262444981.2
2019-08-28,VEA,31.939,32.133,31.874,32.061,6669200,213821221.2
2019-08-29,VEA,32.32,32.368,32.214,32.312,8436700,272606650.4
2019-08-30,VEA,32.547,32.563,32.32,32.474,7499400,243535515.6
2019-09-03,VEA,32.255,32.376,32.214,32.344,10164000,328744416.0
2019-09-04,VEA,32.7,32.814,32.668,32.798,7377400,241963965.2
2019-09-05,VEA,33.057,33.146,33.024,33.065,6302100,208378936.5
2019-09-06,VEA,33.122,33.211,33.105,33.138,6155200,203971017.6
2019-09-09,VEA,33.235,33.251,33.154,33.203,6446800,214053100.4
2019-09-10,VEA,33.17,33.324,33.122,33.3,10696500,356193450.0
2019-09-11,VEA,33.389,33.502,33.373,33.502,7106400,238078612.8
2019-09-12,VEA,33.502,33.729,33.47,33.681,9438000,317881278.0
2019-09-13,VEA,33.834,33.948,33.802,33.834,7986300,270208474.2
2019-09-16,VEA,33.656,33.697,33.591,33.591,7072300,237565629.3
2019-09-17,VEA,33.535,33.721,33.51,33.721,15503100,522780035.1
2019-09-18,VEA,33.656,33.713,33.454,33.632,6214700,209012790.4
2019-09-19,VEA,33.834,33.891,33.753,33.77,4483100,151394287.0
2019-09-20,VEA,33.818,33.875,33.664,33.697,5914500,199300906.5
2019-09-23,VEA,33.51,33.656,33.486,33.648,10087500,339424200.0
2019-09-24,VEA,33.75,33.75,33.481,33.505,13552600,454079863.0
2019-09-25,VEA,33.334,33.481,33.212,33.448,15322500,512506980.0
2019-09-26,VEA,33.587,33.603,33.465,33.522,7247500,242950695.0
2019-09-27,VEA,33.53,33.554,33.302,33.375,9373000,312823875.0
2019-09-30,VEA,33.399,33.53,33.375,33.497,7563800,253364608.6
2019-10-01,VEA,33.424,33.448,33.13,33.196,14038800,466032004.8
2019-10-02,VEA,32.804,32.812,32.454,32.535,10410200,338695857.0
2019-10-03,VEA,32.535,32.763,32.405,32.763,13239800,433775567.4
2019-10-04,VEA,32.763,33.033,32.763,33.016,6326500,208875724.0
2019-10-07,VEA,32.975,33.114,32.943,32.975,8294300,273504542.5
2019-10-08,VEA,32.796,32.837,32.641,32.666,8200700,267884066.2
2019-10-09,VEA,32.886,32.967,32.821,32.927,6044000,199010788.0
2019-10-10,VEA,32.918,33.163,32.878,33.139,10763600,356694940.4
2019-10-11,VEA,33.628,33.856,33.62,33.701,7568500,255066018.5
2019-10-14,VEA,33.546,33.636,33.505,33.579,5466900,183573035.1
2019-10-15,VEA,33.726,34.06,33.677,33.954,6674500,226625973.0
2019-10-16,VEA,33.929,34.06,33.897,33.978,6163000,209406414.0
2019-10-17,VEA,34.15,34.19,33.995,34.068,24813100,845332690.8
2019-10-18,VEA,33.978,34.084,33.905,34.027,6687100,227541951.7
2019-10-21,VEA,34.256,34.28,34.207,34.239,8354000,286032606.0
2019-10-22,VEA,34.264,34.37,34.15,34.158,9853600,336579268.8
2019-10-23,VEA,34.182,34.321,34.174,34.321,8436500,289549116.5
2019-10-24,VEA,34.427,34.46,34.296,34.378,6605900,227097630.2
2019-10-25,VEA,34.272,34.427,34.256,34.402,5005800,172209531.6
2019-10-28,VEA,34.484,34.574,34.443,34.557,5521500,190806475.5
2019-10-29,VEA,34.427,34.557,34.411,34.517,6772500,233766382.5
2019-10-30,VEA,34.508,34.655,34.345,34.655,6277800,217557159.0
2019-10-31,VEA,34.557,34.574,34.419,34.574,7087200,245032852.8
2019-11-01,VEA,34.794,34.908,34.786,34.884,8396500,292903506.0
2019-11-04,VEA,35.128,35.161,35.03,35.071,6367900,223328620.9
2019-11-05,VEA,35.071,35.096,34.981,35.063,7276200,255125400.6
2019-11-06,VEA,35.071,35.112,34.981,35.03,5552000,194486560.0
2019-11-07,VEA,35.242,35.283,35.153,35.185,7658500,269464322.5
2019-11-08,VEA,35.03,35.128,34.957,35.112,6063800,212912145.6
2019-11-11,VEA,34.965,35.087,34.932,35.079,4169100,146247858.9
2019-11-12,VEA,35.104,35.161,35.03,35.087,5746000,201609902.0
2019-11-13,VEA,34.875,35.014,34.851,34.973,5703000,199451019.0
2019-11-14,VEA,34.843,34.949,34.802,34.949,7432900,259772422.1
2019-11-15,VEA,35.038,35.169,35.038,35.161,5645100,198487361.1
2019-11-18,VEA,35.12,35.234,35.071,35.202,10439700,367498319.4
2019-11-19,VEA,35.299,35.299,35.096,35.136,5124800,180064972.8
2019-11-20,VEA,34.965,35.022,34.81,34.924,6732300,235118845.2
2019-11-21,VEA,34.9,34.9,34.761,34.875,4532600,158074425.0
2019-11-22,VEA,35.006,35.006,34.851,34.916,4475100,156252591.6
2019-11-25,VEA,35.087,35.202,35.079,35.185,6874500,241879282.5
2019-11-26,VEA,35.153,35.234,35.12,35.21,7781600,273990136.0
2019-11-27,VEA,35.259,35.316,35.234,35.308,4917900,173641213.2
2019-11-29,VEA,35.079,35.12,35.022,35.038,3377400,118337341.2
2019-12-02,VEA,35.03,35.03,34.737,34.884,11767300,410490493.2
2019-12-03,VEA,34.566,34.761,34.468,34.753,10085700,350508332.1
2019-12-04,VEA,34.957,35.055,34.916,35.055,7314200,256399281.0
2019-12-05,VEA,35.087,35.087,34.949,35.022,7073100,247714108.2
2019-12-06,VEA,35.283,35.332,35.25,35.324,6943400,245268661.6
2019-12-09,VEA,35.259,35.308,35.136,35.136,6856800,240920524.8
2019-12-10,VEA,35.128,35.242,35.063,35.169,8596400,302326791.6
2019-12-11,VEA,35.193,35.397,35.169,35.365,6129000,216752085.0
2019-12-12,VEA,35.373,35.65,35.324,35.642,9972100,355425588.2
2019-12-13,VEA,35.813,36.017,35.723,35.846,9039000,324011994.0
2019-12-16,VEA,36.196,36.262,36.164,36.205,7567800,273992199.0
2019-12-17,VEA,36.074,36.139,36.041,36.074,7978200,287805586.8
2019-12-18,VEA,36.009,36.041,35.952,35.984,6963000,250556592.0
2019-12-19,VEA,35.96,36.025,35.911,36.017,7447100,268222200.7
2019-12-20,VEA,36.107,36.131,36.058,36.074,9037800,326029597.2
2019-12-23,VEA,36.074,36.123,36.049,36.123,6372700,230201042.1
2019-12-24,VEA,36.115,36.115,36.025,36.09,4369000,157677210.0
2019-12-26,VEA,36.156,36.255,36.107,36.255,5075400,184008627.0
2019-12-27,VEA,36.436,36.445,36.288,36.354,7340400,266852901.6
2019-12-30,VEA,36.395,36.395,36.082,36.09,10412900,375801561.0
2019-12-31,VEA,36.132,36.288,36.049,36.288,6629100,240556780.8
2020-01-02,VEA,36.527,36.601,36.445,36.585,8229000,301057965.0
2020-01-03,VEA,36.14,36.371,36.082,36.14,9697300,350460422.0
2020-01-06,VEA,36.091,36.296,36.082,36.263,8579400,311114782.2
2020-01-07,VEA,36.288,36.296,36.189,36.206,7884600,285469827.6
2020-01-08,VEA,36.165,36.387,36.148,36.255,9948100,360668365.5
2020-01-09,VEA,36.371,36.403,36.288,36.403,5887100,214308101.3
2020-01-10,VEA,36.395,36.436,36.231,36.28,8841400,320765992.0
2020-01-13,VEA,36.346,36.502,36.255,36.494,8656500,315910311.0
2020-01-14,VEA,36.412,36.56,36.395,36.519,8757200,319804186.8
2020-01-15,VEA,36.453,36.56,36.453,36.494,10091400,368275551.6
2020-01-16,VEA,36.585,36.692,36.552,36.692,7171400,263133008.8
2020-01-17,VEA,36.766,36.791,36.684,36.782,14186000,521789452.0
2020-01-21,VEA,36.618,36.634,36.478,36.486,10533700,384332578.2
2020-01-22,VEA,36.659,36.684,36.552,36.576,6945800,254049580.8
2020-01-23,VEA,36.428,36.519,36.255,36.486,8803200,321193555.2
2020-01-24,VEA,36.626,36.626,36.247,36.346,7747400,281587000.4
2020-01-27,VEA,35.596,35.753,35.539,35.58,9721700,345898086.0
2020-01-28,VEA,35.712,35.909,35.662,35.885,11134400,399557944.0
2020-01-29,VEA,35.967,36.008,35.835,35.893,5853100,210085318.3
2020-01-30,VEA,35.547,35.827,35.473,35.81,8248600,295382366.0
2020-01-31,VEA,35.481,35.481,35.094,35.201,12227700,430427267.7
2020-02-03,VEA,35.3,35.481,35.3,35.325,21044700,743404027.5
2020-02-04,VEA,35.843,35.951,35.819,35.893,12679100,455090936.3
2020-02-05,VEA,36.247,36.272,36.123,36.239,18014500,652827465.5
2020-02-06,VEA,36.346,36.371,36.28,36.362,12988200,472276928.4
2020-02-07,VEA,36.107,36.132,35.975,36.008,12778600,460131828.8
2020-02-10,VEA,35.959,36.099,35.942,36.09,7295500,263294595.0
2020-02-11,VEA,36.329,36.412,36.255,36.338,7231200,262767345.6
2020-02-12,VEA,36.502,36.502,36.412,36.486,6518500,237833991.0
2020-02-13,VEA,36.206,36.346,36.148,36.222,6793000,246056046.0
2020-02-14,VEA,36.272,36.272,36.123,36.198,8702600,315016714.8
2020-02-18,VEA,35.926,36.041,35.901,35.951,8124600,292087494.6
2020-02-19,VEA,36.082,36.14,36.058,36.099,6371400,230001168.6
2020-02-20,VEA,35.918,36.0,35.654,35.835,9327600,334254546.0
2020-02-21,VEA,35.72,35.778,35.596,35.67,9270700,330685869.0
2020-02-24,VEA,34.295,34.526,34.237,34.279,17685000,606224115.0
2020-02-25,VEA,34.46,34.493,33.653,33.694,21171600,713355890.4
2020-02-26,VEA,33.957,34.196,33.694,33.719,22686100,764952605.9
2020-02-27,VEA,33.183,33.504,32.681,32.689,25284800,826534827.2
2020-02-28,VEA,31.931,32.533,31.668,32.508,51134100,1662267322.8
2020-03-02,VEA,32.425,32.986,32.195,32.936,37864100,1247091997.6
2020-03-03,VEA,33.183,33.537,32.434,32.673,36357600,1187911864.8
2020-03-04,VEA,33.224,33.611,32.961,33.57,23674800,794763036.0
2020-03-05,VEA,32.845,33.06,32.557,32.689,20231100,661334427.9
2020-03-06,VEA,32.154,32.376,31.907,32.211,27329500,880310524.5
2020-03-09,VEA,30.086,30.564,29.551,29.592,50500700,1494416714.4
2020-03-10,VEA,30.803,30.861,29.724,30.696,67138600,2060886465.6
2020-03-11,VEA,29.864,29.938,28.909,29.098,52331500,1522741987.0
2020-03-12,VEA,26.891,26.899,25.507,25.845,67385000,1741565325.0
2020-03-13,VEA,27.5,27.69,25.861,27.476,65979800,1812860984.8
2020-03-16,VEA,24.115,25.392,23.72,24.502,60833000,1490530166.0
2020-03-17,VEA,24.906,25.73,24.469,25.614,51271700,1313273323.8
2020-03-18,VEA,23.975,24.758,23.44,24.091,57760500,1391508205.5
2020-03-19,VEA,23.992,24.931,23.778,24.445,63671400,1556447373.0
2020-03-20,VEA,25.079,25.449,24.181,24.222,54786300,1327033758.6
2020-03-23,VEA,24.256,24.43,23.685,23.809,57178400,1361360525.6
2020-03-24,VEA,25.555,26.06,25.357,25.927,42462300,1100920052.1
2020-03-25,VEA,26.217,27.268,25.878,26.862,48337300,1298436552.6
2020-03-26,VEA,27.036,28.045,26.953,28.004,38425000,1076053700.0
2020-03-27,VEA,27.003,27.64,26.771,27.143,42774800,1161036396.4
2020-03-30,VEA,27.234,27.731,27.061,27.698,39894300,1104992321.4
2020-03-31,VEA,27.342,27.838,27.234,27.582,35151700,969554189.4
2020-04-01,VEA,26.672,26.937,26.324,26.358,28504800,751329518.4
2020-04-02,VEA,26.391,27.003,26.358,26.862,33085500,888742701.0
2020-04-03,VEA,26.506,26.606,26.142,26.333,38093100,1003105602.3
2020-04-06,VEA,27.276,27.822,27.201,27.747,30789300,854310707.1
2020-04-07,VEA,28.657,28.748,27.872,27.905,36819800,1027456519.0
2020-04-08,VEA,28.012,28.293,27.781,28.169,35234700,992526264.3
2020-04-09,VEA,28.558,28.93,28.5,28.773,25835100,743353332.3
2020-04-13,VEA,28.682,28.74,28.293,28.542,34969000,998085198.0
2020-04-14,VEA,28.98,29.261,28.93,29.055,21511100,625005010.5
2020-04-15,VEA,28.178,28.327,28.02,28.111,22435900,630695584.9
2020-04-16,VEA,28.219,28.302,27.88,28.145,36469000,1026420005.0
2020-04-17,VEA,28.798,28.98,28.608,28.939,27888500,807065301.5
2020-04-20,VEA,28.542,28.964,28.509,28.517,28400300,809891355.1
2020-04-21,VEA,28.07,28.327,27.863,27.929,22139300,618328509.7
2020-04-22,VEA,28.442,28.509,28.318,28.451,17123200,487172163.2
2020-04-23,VEA,28.533,28.947,28.343,28.401,22064600,626656704.6
2020-04-24,VEA,28.6,28.748,28.393,28.707,14562000,418031334.0
2020-04-27,VEA,28.939,29.17,28.864,29.104,19673500,572577544.0
2020-04-28,VEA,29.658,29.725,29.328,29.336,16352900,479728674.4
2020-04-29,VEA,29.965,30.221,29.898,30.113,19368500,583243640.5
2020-04-30,VEA,29.733,29.807,29.352,29.518,17964300,530270207.4
2020-05-01,VEA,28.997,29.079,28.74,28.864,20722600,598137126.4
2020-05-04,VEA,28.641,28.906,28.55,28.889,28930800,835781881.2
2020-05-05,VEA,29.112,29.245,28.922,28.964,14919900,432139983.6
2020-05-06,VEA,29.17,29.203,28.782,28.79,13380600,385227474.0
2020-05-07,VEA,29.187,29.377,29.096,29.228,18120900,529637665.2
2020-05-08,VEA,29.576,29.733,29.526,29.7,12044700,357727590.0
2020-05-11,VEA,29.51,29.766,29.476,29.692,12319200,365781686.4
2020-05-12,VEA,29.758,29.807,29.294,29.294,16592300,486054836.2
2020-05-13,VEA,29.485,29.493,28.897,29.046,16110600,467948487.6
2020-05-14,VEA,28.401,28.848,28.227,28.831,18021700,519583632.7
2020-05-15,VEA,28.748,28.947,28.657,28.839,17247600,497403536.4
2020-05-18,VEA,29.559,30.072,29.551,29.989,18536800,555900095.2
2020-05-19,VEA,29.865,29.981,29.658,29.667,12690600,376492030.2
2020-05-20,VEA,30.18,30.362,30.113,30.204,14971700,452205226.8
2020-05-21,VEA,30.089,30.188,29.766,29.874,13381500,399758931.0
2020-05-22,VEA,29.716,29.807,29.576,29.791,10603200,315879931.2
2020-05-26,VEA,30.767,30.841,30.651,30.676,13114000,402285064.0
2020-05-27,VEA,31.007,31.023,30.635,30.999,21634900,670660265.1
2020-05-28,VEA,31.338,31.545,31.197,31.205,14323500,446964817.5
2020-05-29,VEA,31.181,31.214,30.808,31.164,18711700,583131418.8
2020-06-01,VEA,31.404,31.851,31.363,31.843,12729000,405329547.0
2020-06-02,VEA,32.058,32.248,32.016,32.19,10213400,328769346.0
2020-06-03,VEA,32.604,33.026,32.554,32.935,11180100,368216593.5
2020-06-04,VEA,32.728,32.968,32.67,32.753,10505400,344083366.2
2020-06-05,VEA,33.423,33.621,33.315,33.398,30764900,1027486130.2
2020-06-08,VEA,33.563,33.811,33.356,33.795,17157300,579830953.5
2020-06-09,VEA,33.216,33.472,33.15,33.356,10378900,346198588.4
2020-06-10,VEA,33.456,33.58,33.15,33.299,16997600,566003082.4
2020-06-11,VEA,32.364,32.488,31.412,31.47,18307100,576124437.0
2020-06-12,VEA,32.314,32.397,31.578,32.008,20129400,644301835.2
2020-06-15,VEA,31.363,32.207,31.263,32.107,14497100,465458389.7
2020-06-16,VEA,32.777,32.852,32.173,32.537,15073100,490433454.7
2020-06-17,VEA,32.777,32.794,32.537,32.612,11290100,368192741.2
2020-06-18,VEA,32.364,32.579,32.331,32.463,11393400,369863944.2
2020-06-19,VEA,32.827,32.827,32.264,32.314,12600500,407172557.0
2020-06-22,VEA,32.504,32.736,32.396,32.687,9297600,303910651.2
2020-06-23,VEA,33.044,33.102,32.82,32.845,9750200,320245319.0
2020-06-24,VEA,32.495,32.562,31.938,32.038,15271900,489281132.2
2020-06-25,VEA,32.055,32.479,31.905,32.462,13131700,426281245.4
2020-06-26,VEA,32.396,32.396,31.93,31.971,13671100,437078738.1
2020-06-29,VEA,32.146,32.304,31.955,32.263,11590700,373950754.1
2020-06-30,VEA,32.046,32.371,31.996,32.254,12988200,418921402.8
2020-07-01,VEA,32.204,32.462,32.196,32.362,7967300,257837762.6
2020-07-02,VEA,32.82,32.969,32.662,32.687,8687600,283971581.2
2020-07-06,VEA,33.185,33.302,33.069,33.235,8462200,281241217.0
2020-07-07,VEA,32.911,33.077,32.745,32.778,8054600,264013678.8
2020-07-08,VEA,32.795,33.044,32.703,33.044,7949500,262683278.0
2020-07-09,VEA,32.969,32.994,32.429,32.662,9278800,303064165.6
2020-07-10,VEA,32.761,32.986,32.662,32.969,8127700,267962141.3
2020-07-13,VEA,33.177,33.368,32.736,32.795,8718300,285916648.5
2020-07-14,VEA,32.811,33.294,32.786,33.252,10325900,343356826.8
2020-07-15,VEA,33.718,33.842,33.535,33.626,12277400,412839852.4
2020-07-16,VEA,33.418,33.551,33.343,33.418,7141400,238651305.2
2020-07-17,VEA,33.51,33.61,33.402,33.585,5077100,170514403.5
2020-07-20,VEA,33.618,33.801,33.535,33.776,6749000,227954224.0
2020-07-21,VEA,34.0,34.084,33.867,33.909,6861700,232673385.3
2020-07-22,VEA,33.884,34.034,33.851,34.0,5506500,187221000.0
2020-07-23,VEA,33.917,34.05,33.626,33.718,7814100,263475823.8
2020-07-24,VEA,33.535,33.651,33.46,33.551,6137500,205919262.5
2020-07-27,VEA,33.892,34.067,33.842,34.017,5819400,197958529.8
2020-07-28,VEA,33.892,34.025,33.809,33.859,5727300,193920650.7
2020-07-29,VEA,34.025,34.275,33.95,34.217,9348200,319867359.4
2020-07-30,VEA,33.485,33.809,33.177,33.759,8765500,295914514.5
2020-07-31,VEA,33.576,33.601,32.886,33.102,19441900,643565773.8
2020-08-03,VEA,33.402,33.684,33.327,33.676,7887100,265605979.6
2020-08-04,VEA,33.585,33.942,33.568,33.942,8223100,279108460.2
2020-08-05,VEA,34.2,34.35,34.1,34.125,10052800,343051800.0
2020-08-06,VEA,34.042,34.25,33.95,34.2,6296400,215336880.0
2020-08-07,VEA,33.901,34.059,33.826,34.059,5767500,196435282.5
2020-08-10,VEA,34.108,34.2,34.009,34.192,6542300,223694321.6
2020-08-11,VEA,34.757,34.774,34.3,34.333,10322500,354402392.5
2020-08-12,VEA,34.932,35.148,34.898,35.015,9029700,316174945.5
2020-08-13,VEA,34.923,35.065,34.757,34.865,11250600,392252169.0
2020-08-14,VEA,34.599,34.724,34.557,34.649,8767200,303774712.8
2020-08-17,VEA,34.84,34.948,34.832,34.915,7215100,251915216.5
2020-08-18,VEA,35.04,35.065,34.765,34.907,7639400,266668535.8
2020-08-19,VEA,35.04,35.065,34.691,34.715,6273000,217767195.0
2020-08-20,VEA,34.358,34.657,34.316,34.607,6993800,242034436.6
2020-08-21,VEA,34.242,34.433,34.2,34.424,9278000,319385872.0
2020-08-24,VEA,34.923,34.932,34.707,34.84,5248100,182843804.0
2020-08-25,VEA,35.031,35.04,34.707,34.915,9096600,317607789.0
2020-08-26,VEA,34.932,35.198,34.907,35.173,9328000,328093744.0
2020-08-27,VEA,35.181,35.181,34.674,34.815,7424800,258494412.0
2020-08-28,VEA,35.023,35.073,34.849,35.056,12329500,432222952.0
2020-08-31,VEA,34.965,35.031,34.757,34.815,18615200,648088188.0
2020-09-01,VEA,34.84,34.94,34.699,34.865,11476400,400124686.0
2020-09-02,VEA,35.09,35.306,34.948,35.289,10019000,353560491.0
2020-09-03,VEA,35.148,35.198,34.35,34.491,13320200,459427018.2
2020-09-04,VEA,34.649,34.732,33.934,34.557,14064200,486016559.4
2020-09-08,VEA,34.108,34.424,34.0,34.133,14936300,509820727.9
2020-09-09,VEA,34.649,34.865,34.582,34.724,12640400,438925249.6
2020-09-10,VEA,34.915,34.973,34.341,34.341,10540900,361985046.9
2020-09-11,VEA,34.74,34.824,34.499,34.657,10533900,365073372.3
2020-09-14,VEA,34.965,35.04,34.857,34.89,4914400,171463416.0
2020-09-15,VEA,35.256,35.264,35.048,35.106,10679000,374896974.0
2020-09-16,VEA,35.231,35.372,35.056,35.106,5253700,184436392.2
2020-09-17,VEA,34.865,35.164,34.849,35.156,5816800,204495420.8
2020-09-18,VEA,35.056,35.106,34.782,34.907,6698700,233831520.9
2020-09-21,VEA,34.072,34.088,33.67,34.055,10459600,356201678.0
2020-09-22,VEA,34.08,34.08,33.746,34.047,8189600,278831311.2
2020-09-23,VEA,34.214,34.23,33.662,33.695,8206300,276511278.5
2020-09-24,VEA,33.604,33.871,33.411,33.645,13238300,445402603.5
2020-09-25,VEA,33.395,33.796,33.278,33.771,8351500,282038506.5
2020-09-28,VEA,34.247,34.331,34.189,34.322,5801100,199105354.2
2020-09-29,VEA,34.297,34.398,34.139,34.272,6711100,230002819.2
2020-09-30,VEA,34.197,34.406,34.072,34.189,12413000,424388057.0
2020-10-01,VEA,34.356,34.406,34.189,34.389,7829500,269248675.5
2020-10-02,VEA,33.963,34.389,33.938,34.314,10670800,366157831.2
2020-10-05,VEA,34.615,34.857,34.598,34.849,5014000,174732886.0
2020-10-06,VEA,34.857,34.916,34.414,34.49,7800200,269028898.0
2020-10-07,VEA,34.782,34.866,34.69,34.816,7758800,270130380.8
2020-10-08,VEA,34.983,35.083,34.933,35.075,10005300,350935897.5
2020-10-09,VEA,35.242,35.342,35.175,35.309,5498600,194150067.4
2020-10-12,VEA,35.376,35.526,35.342,35.484,3945200,139991476.8
2020-10-13,VEA,35.225,35.225,35.025,35.091,5947300,208696704.3
2020-10-14,VEA,35.2,35.259,34.983,35.016,8043500,281651196.0
2020-10-15,VEA,34.339,34.665,34.339,34.632,9745300,337499229.6
2020-10-16,VEA,34.732,34.891,34.682,34.74,6077700,211139298.0
2020-10-19,VEA,34.916,34.958,34.556,34.59,7366300,254800317.0
2020-10-20,VEA,34.832,34.966,34.765,34.782,6592600,229303813.2
2020-10-21,VEA,34.757,34.941,34.665,34.665,5414700,187700575.5
2020-10-22,VEA,34.615,34.749,34.456,34.699,7877400,273337902.6
2020-10-23,VEA,34.891,34.899,34.69,34.891,6575500,229425770.5
2020-10-26,VEA,34.431,34.498,34.038,34.239,9573600,327790490.4
2020-10-27,VEA,34.18,34.222,33.955,33.98,9328900,316996022.0
2020-10-28,VEA,33.278,33.344,32.977,32.985,11666400,384816204.0
2020-10-29,VEA,33.01,33.261,32.843,33.144,10035800,332626555.2
2020-10-30,VEA,32.993,33.043,32.709,32.977,13759900,453760222.3
2020-11-02,VEA,33.344,33.403,33.152,33.378,16347500,545646855.0
2020-11-03,VEA,34.03,34.356,33.988,34.23,8549600,292652808.0
2020-11-04,VEA,34.356,34.882,34.222,34.582,8979800,310539443.6
2020-11-05,VEA,35.359,35.484,35.225,35.417,8847400,313348365.8
2020-11-06,VEA,35.551,35.626,35.417,35.493,6321200,224358351.6
2020-11-09,VEA,37.098,37.098,36.421,36.462,11723900,427476841.8
2020-11-10,VEA,36.747,36.93,36.63,36.73,9152400,336167652.0
2020-11-11,VEA,36.997,37.064,36.889,37.039,5697600,211033406.4
2020-11-12,VEA,36.755,36.847,36.412,36.504,7226600,263799806.4
2020-11-13,VEA,36.747,37.073,36.738,37.022,5989700,221750673.4
2020-11-16,VEA,37.449,37.516,37.298,37.499,7570700,283893679.3
2020-11-17,VEA,37.373,37.566,37.265,37.482,6727800,252171399.6
2020-11-18,VEA,37.532,37.666,37.282,37.282,6703900,249934799.8
2020-11-19,VEA,37.248,37.532,37.181,37.507,6344000,237944408.0
2020-11-20,VEA,37.524,37.699,37.491,37.633,5001500,188221449.5
2020-11-23,VEA,37.817,37.883,37.532,37.658,9744200,366947083.6
2020-11-24,VEA,37.984,38.285,37.959,38.26,7320200,280070852.0
2020-11-25,VEA,38.025,38.251,37.925,38.184,9436700,360330952.8
2020-11-27,VEA,38.301,38.469,38.276,38.452,3124300,120135583.6
2020-11-30,VEA,38.293,38.326,37.674,37.691,11957400,450686363.4
2020-12-01,VEA,38.318,38.535,38.285,38.502,13034000,501835068.0
2020-12-02,VEA,38.368,38.586,38.335,38.56,13378800,515886528.0
2020-12-03,VEA,38.711,38.853,38.619,38.694,6177100,239016707.4
2020-12-04,VEA,38.953,39.07,38.953,39.07,6514000,254501980.0
2020-12-07,VEA,38.836,38.937,38.711,38.786,6780200,262976837.2
2020-12-08,VEA,38.686,38.903,38.677,38.878,5952700,231429070.6
2020-12-09,VEA,39.129,39.162,38.686,38.928,8296900,322981723.2
2020-12-10,VEA,38.736,39.095,38.728,39.012,6701600,261442819.2
2020-12-11,VEA,38.803,38.895,38.661,38.878,8139600,316451368.8
2020-12-14,VEA,39.187,39.221,38.87,38.886,6756700,262741036.2
2020-12-15,VEA,39.087,39.338,39.012,39.313,6568500,258227440.5
2020-12-16,VEA,39.371,39.505,39.246,39.447,6429000,253604763.0
2020-12-17,VEA,39.764,39.814,39.664,39.706,6391800,253792810.8
2020-12-18,VEA,39.681,39.681,39.421,39.472,6865600,270998963.2
2020-12-21,VEA,38.557,39.113,38.455,39.029,10377000,405003933.0
2020-12-22,VEA,38.928,38.961,38.793,38.902,7715600,300152271.2
2020-12-23,VEA,39.248,39.392,39.214,39.341,8928100,351240382.1
2020-12-24,VEA,39.434,39.459,39.332,39.442,4133400,163029562.8
2020-12-28,VEA,39.847,39.855,39.661,39.687,7216800,286413141.6
2020-12-29,VEA,40.193,40.201,39.914,39.999,7617300,304684382.7
2020-12-30,VEA,40.21,40.328,40.066,40.083,4801100,192442491.3
2020-12-31,VEA,40.066,40.1,39.746,39.813,10270300,408891453.9
2021-01-04,VEA,40.581,40.606,39.847,40.041,16916400,677349572.4
2021-01-05,VEA,40.193,40.597,40.184,40.496,16523300,669127556.8
2021-01-06,VEA,40.564,41.137,40.53,40.935,14076700,576229714.5
2021-01-07,VEA,40.909,41.103,40.876,41.053,8094800,332315824.4
2021-01-08,VEA,41.399,41.474,41.028,41.441,8202400,339915658.4
2021-01-11,VEA,40.732,41.036,40.707,40.901,9392400,384158552.4
2021-01-12,VEA,40.867,41.137,40.775,41.095,8035600,330222982.0
2021-01-13,VEA,41.028,41.12,40.952,41.019,12509300,513118976.7
2021-01-14,VEA,41.154,41.458,41.154,41.331,11554400,477554906.4
2021-01-15,VEA,40.808,40.867,40.437,40.665,10321000,419703465.0
2021-01-19,VEA,40.977,41.011,40.791,40.952,9083200,371975206.4
2021-01-20,VEA,41.053,41.289,40.985,41.264,6967100,287490414.4
2021-01-21,VEA,41.331,41.373,41.095,41.356,7764900,321125204.4
2021-01-22,VEA,40.952,41.129,40.918,41.07,9665900,396978513.0
2021-01-25,VEA,40.825,41.061,40.572,41.044,10653300,437254045.2
2021-01-26,VEA,41.112,41.137,40.918,41.061,7378100,302952164.1
2021-01-27,VEA,40.344,40.505,39.965,40.1,17187600,689222760.0
2021-01-28,VEA,40.226,40.631,40.184,40.412,10340200,417868162.4
2021-01-29,VEA,39.931,40.032,39.349,39.526,18440200,728867345.2
2021-02-01,VEA,40.066,40.142,39.872,40.083,11963300,479524953.9
2021-02-02,VEA,40.344,40.564,40.243,40.53,7982700,323538831.0
2021-02-03,VEA,40.589,40.682,40.446,40.64,6294300,255800352.0
2021-02-04,VEA,40.496,40.665,40.437,40.656,5971400,242773238.4
2021-02-05,VEA,40.867,40.994,40.741,40.96,7702400,315490304.0
2021-02-08,VEA,41.205,41.323,41.12,41.221,10370400,427478258.4
2021-02-09,VEA,41.272,41.5,41.222,41.458,5571600,230987392.8
2021-02-10,VEA,41.593,41.643,41.179,41.365,8471300,350415324.5
2021-02-11,VEA,41.601,41.643,41.415,41.635,7432400,309447974.0
2021-02-12,VEA,41.5,41.837,41.483,41.829,6961000,291171669.0
2021-02-16,VEA,42.158,42.25,41.989,42.082,7636800,321371817.6
2021-02-17,VEA,41.753,41.871,41.584,41.82,7865500,328935210.0
2021-02-18,VEA,41.475,41.584,41.238,41.55,8100900,336592395.0
2021-02-19,VEA,41.736,41.913,41.677,41.744,7278800,303846227.2
2021-02-22,VEA,41.559,41.862,41.542,41.618,6601600,274745388.8
2021-02-23,VEA,41.517,41.753,41.129,41.635,17006500,708065627.5
2021-02-24,VEA,41.348,41.837,41.272,41.787,11151700,465996087.9
2021-02-25,VEA,41.905,41.98,41.002,41.078,11129200,457165277.6
2021-02-26,VEA,40.96,40.977,40.454,40.488,16625600,673137292.8
2021-03-01,VEA,41.011,41.331,40.994,41.272,10026300,413805453.6
2021-03-02,VEA,41.238,41.373,41.087,41.255,11181300,461284531.5
2021-03-03,VEA,41.154,41.314,40.952,41.002,12733000,522078466.0
2021-03-04,VEA,41.028,41.205,40.328,40.589,13340100,541461318.9
2021-03-05,VEA,40.884,40.96,40.269,40.918,12050700,493090542.6
2021-03-08,VEA,40.707,41.002,40.597,40.716,12981200,528542539.2
2021-03-09,VEA,41.188,41.373,41.103,41.238,10888700,449028210.6
2021-03-10,VEA,41.424,41.466,41.196,41.415,9633200,398958978.0
2021-03-11,VEA,41.593,41.787,41.508,41.719,7169600,299108542.4
2021-03-12,VEA,41.5,41.829,41.458,41.82,9072700,379420314.0
2021-03-15,VEA,41.795,41.93,41.55,41.921,7494600,314181126.6
2021-03-16,VEA,42.031,42.048,41.905,41.989,10017400,420620608.6
2021-03-17,VEA,41.812,42.284,41.761,42.208,8627500,364149520.0
2021-03-18,VEA,42.014,42.276,41.795,41.803,7024200,293632632.6
2021-03-19,VEA,41.837,42.031,41.601,41.947,7464000,313092408.0
2021-03-22,VEA,41.931,42.083,41.854,41.965,8220500,344973282.5
2021-03-23,VEA,41.643,41.693,41.278,41.329,10888000,449990152.0
2021-03-24,VEA,41.27,41.456,41.143,41.151,7748500,318858523.5
2021-03-25,VEA,41.117,41.448,40.973,41.414,9722100,402631049.4
2021-03-26,VEA,41.592,41.998,41.558,41.981,6866200,288249942.2
2021-03-29,VEA,41.693,41.846,41.566,41.778,7404800,309357734.4
2021-03-30,VEA,41.6,41.778,41.524,41.727,14968100,624573908.7
2021-03-31,VEA,41.626,41.812,41.6,41.609,8259500,343669535.5
2021-04-01,VEA,41.88,42.236,41.829,42.151,9224300,388813469.3
2021-04-05,VEA,42.498,42.812,42.422,42.786,9219800,394478362.8
2021-04-06,VEA,42.354,42.481,42.303,42.414,10604800,449791987.2
2021-04-07,VEA,42.431,42.541,42.371,42.49,5940200,252399098.0
2021-04-08,VEA,42.676,42.778,42.583,42.736,7075100,302361473.6
2021-04-09,VEA,42.685,42.846,42.668,42.837,6944600,297485830.2
2021-04-12,VEA,42.719,42.736,42.549,42.608,5710200,243300201.6
2021-04-13,VEA,42.727,42.905,42.685,42.897,5454000,233960238.0
2021-04-14,VEA,42.913,43.091,42.897,42.939,6699800,287682712.2
2021-04-15,VEA,43.193,43.286,43.151,43.269,5908900,255672194.1
2021-04-16,VEA,43.405,43.549,43.329,43.523,9082500,395297647.5
2021-04-19,VEA,43.557,43.6,43.303,43.396,15499900,672633660.4
2021-04-20,VEA,42.99,43.024,42.6,42.676,11657400,497491202.4
2021-04-21,VEA,42.575,43.091,42.541,43.066,11195800,482158322.8
2021-04-22,VEA,43.142,43.176,42.829,42.888,9660600,414323812.8
2021-04-23,VEA,43.091,43.456,43.074,43.379,16386300,710821307.7
2021-04-26,VEA,43.396,43.507,43.379,43.447,11905100,517240879.7
2021-04-27,VEA,43.269,43.354,43.202,43.312,12910100,559162251.2
2021-04-28,VEA,43.269,43.557,43.261,43.43,10869700,472071071.0
2021-04-29,VEA,43.591,43.617,43.193,43.473,7707500,335068147.5
2021-04-30,VEA,43.185,43.244,42.761,42.88,9882200,423748736.0
2021-05-03,VEA,43.21,43.379,43.125,43.329,7245300,313931603.7
2021-05-04,VEA,42.922,43.007,42.524,42.803,9581500,410116944.5
2021-05-05,VEA,43.185,43.379,43.185,43.312,4117800,178350153.6
2021-05-06,VEA,43.363,43.668,43.21,43.668,8396400,366653995.2
2021-05-07,VEA,43.735,44.193,43.71,44.176,7410100,327348577.6
2021-05-10,VEA,44.345,44.345,43.922,43.947,11723400,515208259.8
2021-05-11,VEA,43.193,43.523,43.125,43.422,8673600,376625059.2
2021-05-12,VEA,43.041,43.244,42.566,42.659,9505700,405503656.3
2021-05-13,VEA,42.659,43.041,42.659,42.956,8009700,344064673.2
2021-05-14,VEA,43.329,43.684,43.32,43.642,4776100,208438556.2
2021-05-17,VEA,43.396,43.583,43.346,43.574,7209900,314164182.6
2021-05-18,VEA,43.913,43.939,43.718,43.727,6291400,275104047.8
2021-05-19,VEA,43.185,43.532,42.981,43.337,9117900,395142432.3
2021-05-20,VEA,43.6,43.973,43.591,43.939,10651300,468007470.7
2021-05-21,VEA,44.032,44.04,43.769,43.93,6317300,277518989.0
2021-05-24,VEA,44.057,44.261,44.006,44.201,4771000,210882971.0
2021-05-25,VEA,44.337,44.362,44.125,44.201,7082300,313044742.3
2021-05-26,VEA,44.142,44.269,44.108,44.201,4419300,195337479.3
2021-05-27,VEA,44.269,44.362,44.184,44.286,7097800,314333170.8
2021-05-28,VEA,44.413,44.574,44.379,44.413,7663600,340363466.8
2021-06-01,VEA,44.837,44.845,44.6,44.65,8252800,368487520.0
2021-06-02,VEA,44.693,44.845,44.642,44.777,7365200,329791560.4
2021-06-03,VEA,44.549,44.6,44.405,44.54,6215600,276842824.0
2021-06-04,VEA,44.888,44.981,44.811,44.964,6039600,271564574.4
2021-06-07,VEA,45.032,45.082,44.947,45.066,10276700,463129762.2
2021-06-08,VEA,45.099,45.116,44.938,45.04,6909800,311217392.0
2021-06-09,VEA,45.006,45.023,44.845,44.862,5873300,263487984.6
2021-06-10,VEA,44.93,45.082,44.879,45.006,7050200,317301301.2
2021-06-11,VEA,45.066,45.099,44.93,45.082,4867400,219432126.8
2021-06-14,VEA,45.065,45.159,45.023,45.15,4623500,208751025.0
2021-06-15,VEA,45.159,45.193,45.066,45.159,7736600,349377119.4
2021-06-16,VEA,45.226,45.269,44.718,44.862,7192800,322683393.6
2021-06-17,VEA,44.591,44.693,44.337,44.532,6041500,269040078.0
2021-06-18,VEA,43.795,43.913,43.625,43.684,8868100,387394080.4
2021-06-21,VEA,43.91,44.32,43.833,44.286,6778700,300201508.2
2021-06-22,VEA,44.149,44.405,44.047,44.328,5644600,250213828.8
2021-06-23,VEA,44.286,44.337,44.03,44.089,6192300,273012314.7
2021-06-24,VEA,44.422,44.482,44.354,44.457,7565000,336317205.0
2021-06-25,VEA,44.593,44.602,44.482,44.602,5942400,265042924.8
2021-06-28,VEA,44.457,44.457,44.226,44.311,6246800,276801954.8
2021-06-29,VEA,44.354,44.371,44.235,44.303,7136400,316163929.2
2021-06-30,VEA,43.961,44.106,43.842,44.004,9424200,414702496.8
2021-07-01,VEA,43.987,44.141,43.91,44.132,8125000,358572500.0
2021-07-02,VEA,44.175,44.303,44.03,44.294,7998700,354294417.8
2021-07-06,VEA,44.311,44.311,43.833,44.03,7103900,312784717.0
2021-07-07,VEA,44.175,44.269,43.961,44.183,8151000,360135633.0
2021-07-08,VEA,43.457,43.637,43.312,43.543,13796500,600740999.5
2021-07-09,VEA,44.004,44.311,43.953,44.294,7099500,314465253.0
2021-07-12,VEA,44.286,44.474,44.226,44.457,4810100,213842615.7
2021-07-13,VEA,44.32,44.397,44.175,44.209,5872700,259626194.3
2021-07-14,VEA,44.448,44.448,44.26,44.32,4406700,195304944.0
2021-07-15,VEA,43.961,44.072,43.799,43.961,7503400,329856967.4
2021-07-16,VEA,43.961,43.961,43.551,43.62,5953800,259704756.0
2021-07-19,VEA,42.911,42.945,42.543,42.765,13735600,587402934.0
2021-07-20,VEA,42.706,43.218,42.637,43.15,7918500,341683275.0
2021-07-21,VEA,43.38,43.79,43.363,43.773,12997700,568948322.1
2021-07-22,VEA,43.978,43.978,43.696,43.833,6642400,291156319.2
2021-07-23,VEA,44.081,44.158,43.978,44.098,5845200,257761629.6
2021-07-26,VEA,43.978,44.166,43.978,44.149,5525000,243923225.0
2021-07-27,VEA,43.97,43.995,43.773,43.987,7594500,334059271.5
2021-07-28,VEA,44.012,44.26,43.91,44.183,6511000,287675513.0
2021-07-29,VEA,44.533,44.602,44.499,44.516,8559800,381048056.8
2021-07-30,VEA,44.303,44.422,44.141,44.226,6454500,285456717.0
2021-08-02,VEA,44.585,44.662,44.38,44.44,8113600,360568384.0
2021-08-03,VEA,44.627,44.773,44.44,44.756,8327900,372723492.4
2021-08-04,VEA,44.798,44.875,44.627,44.627,3984800,177829669.6
2021-08-05,VEA,44.849,44.918,44.807,44.858,4226500,189592337.0
2021-08-06,VEA,44.756,44.79,44.619,44.679,4736400,211617615.6
2021-08-09,VEA,44.679,44.696,44.585,44.627,4695800,209559466.6
2021-08-10,VEA,44.619,44.721,44.593,44.721,5559200,248612983.2
2021-08-11,VEA,44.969,45.029,44.875,45.003,5065000,227940195.0
2021-08-12,VEA,44.901,44.926,44.773,44.901,5579600,250529619.6
2021-08-13,VEA,45.012,45.131,44.961,45.131,3832100,172946505.1
2021-08-16,VEA,44.781,44.884,44.636,44.875,8101300,363545837.5
2021-08-17,VEA,44.431,44.499,44.192,44.38,7431900,329827722.0
2021-08-18,VEA,44.405,44.585,44.252,44.269,5289100,234143167.9
2021-08-19,VEA,43.679,43.901,43.611,43.782,11441800,500944887.6
2021-08-20,VEA,43.602,43.953,43.56,43.927,5806100,255044554.7
2021-08-23,VEA,44.183,44.448,44.183,44.388,5915700,262586091.6
2021-08-24,VEA,44.474,44.653,44.431,44.602,4677000,208603554.0
2021-08-25,VEA,44.568,44.662,44.482,44.636,7273400,324655482.4
2021-08-26,VEA,44.474,44.525,44.286,44.354,4918700,218164019.8
2021-08-27,VEA,44.371,44.841,44.363,44.815,5045800,226127527.0
2021-08-30,VEA,44.798,44.858,44.738,44.807,5765000,258312355.0
2021-08-31,VEA,44.892,44.918,44.738,44.807,8926100,399951762.7
2021-09-01,VEA,45.14,45.319,45.106,45.2,6914500,312535400.0
2021-09-02,VEA,45.353,45.473,45.328,45.413,9103400,413412704.2
2021-09-03,VEA,45.473,45.687,45.43,45.635,11074000,505361990.0
2021-09-07,VEA,45.618,45.652,45.524,45.524,8765400,399036069.6
2021-09-08,VEA,45.353,45.422,45.097,45.191,6414000,289855074.0
2021-09-09,VEA,45.157,45.319,45.072,45.14,5085500,229559470.0
2021-09-10,VEA,45.439,45.473,45.003,45.012,6200600,279101407.2
2021-09-13,VEA,45.456,45.456,45.2,45.353,5902300,267687011.9
2021-09-14,VEA,45.49,45.507,45.123,45.157,6409500,289433791.5
2021-09-15,VEA,45.148,45.345,45.072,45.336,7809500,354051492.0
2021-09-16,VEA,45.089,45.225,44.969,45.208,7100200,320985841.6
2021-09-17,VEA,44.978,45.037,44.508,44.645,7350300,328154143.5
2021-09-20,VEA,43.667,43.899,43.418,43.796,16987500,743984550.0
2021-09-21,VEA,44.293,44.396,44.096,44.173,9486100,419029495.3
2021-09-22,VEA,44.387,44.765,44.37,44.413,8370300,371750133.9
2021-09-23,VEA,44.833,45.047,44.799,44.953,6789300,305199402.9
2021-09-24,VEA,44.499,44.627,44.456,44.542,4791000,213400722.0
2021-09-27,VEA,44.439,44.602,44.387,44.542,5785600,257702195.2
2021-09-28,VEA,43.864,43.89,43.418,43.556,11391900,496185596.4
2021-09-29,VEA,43.616,43.676,43.367,43.418,11145200,483902293.6
2021-09-30,VEA,43.496,43.59,43.187,43.29,10238600,443228994.0
2021-10-01,VEA,43.298,43.521,43.015,43.418,11817400,513087873.2
2021-10-04,VEA,43.298,43.35,42.818,43.015,12540200,539416703.0
2021-10-05,VEA,43.058,43.401,42.998,43.264,6756900,292330521.6
2021-10-06,VEA,42.544,42.955,42.398,42.947,12693500,545147744.5
2021-10-07,VEA,43.161,43.47,43.161,43.307,7009400,303556085.8
2021-10-08,VEA,43.401,43.444,43.23,43.316,5801100,251280447.6
2021-10-11,VEA,43.384,43.547,43.178,43.187,5570700,240581820.9
2021-10-12,VEA,43.204,43.333,43.101,43.17,6540300,282344751.0
2021-10-13,VEA,43.444,43.684,43.324,43.65,6880900,300351285.0
2021-10-14,VEA,44.061,44.156,43.984,44.121,5690800,251083786.8
2021-10-15,VEA,44.37,44.49,44.319,44.473,4982100,221568933.3
2021-10-18,VEA,44.173,44.344,44.104,44.31,7051200,312438672.0
2021-10-19,VEA,44.533,44.679,44.507,44.619,5152900,229917245.1
2021-10-20,VEA,44.653,44.816,44.602,44.773,5728700,256491085.1
2021-10-21,VEA,44.499,44.636,44.473,44.55,5191900,231299145.0
2021-10-22,VEA,44.722,44.885,44.576,44.756,6568100,293961883.6
2021-10-25,VEA,44.705,44.799,44.576,44.722,6111200,273305086.4
2021-10-26,VEA,44.987,45.005,44.739,44.807,5467100,244964349.7
2021-10-27,VEA,44.773,44.85,44.567,44.567,6153700,274251947.9
2021-10-28,VEA,44.782,45.047,44.756,45.022,5770000,259776940.0
2021-10-29,VEA,44.636,44.73,44.542,44.687,9654900,431448516.3
2021-11-01,VEA,44.927,45.133,44.867,45.108,8588800,387423590.4
2021-11-02,VEA,44.996,45.073,44.945,45.005,8353400,375944767.0
2021-11-03,VEA,44.936,45.348,44.85,45.313,7539300,341628300.9
2021-11-04,VEA,45.245,45.288,45.107,45.279,9112600,412609415.4
2021-11-05,VEA,45.288,45.382,45.202,45.373,7741600,351259616.8
2021-11-08,VEA,45.399,45.476,45.348,45.399,5451300,247483568.7
2021-11-09,VEA,45.416,45.442,45.142,45.288,7963000,360628344.0
2021-11-10,VEA,45.073,45.185,44.662,44.713,8018800,358544604.4
2021-11-11,VEA,44.936,44.97,44.833,44.867,5638800,252996039.6
2021-11-12,VEA,45.039,45.193,44.97,45.176,6222600,281112177.6
2021-11-15,VEA,45.27,45.296,45.065,45.099,9023800,406964356.2
2021-11-16,VEA,45.073,45.133,44.979,44.996,6965700,313428637.2
2021-11-17,VEA,44.893,44.936,44.807,44.885,8688300,389974345.5
2021-11-18,VEA,44.859,44.936,44.679,44.919,7590700,340966653.3
2021-11-19,VEA,44.67,44.739,44.524,44.576,9985200,445100275.2
2021-11-22,VEA,44.567,44.679,44.327,44.336,9573300,424441828.8
2021-11-23,VEA,44.216,44.396,44.044,44.259,10284600,455186111.4
2021-11-24,VEA,43.71,44.027,43.65,44.027,7906100,348081864.7
2021-11-26,VEA,43.153,43.195,42.672,42.827,11942100,511444316.7
2021-11-29,VEA,43.195,43.204,42.827,43.033,14177300,610091750.9
2021-11-30,VEA,42.904,43.033,42.252,42.612,31057400,1323417928.8
2021-12-01,VEA,43.238,43.427,42.381,42.39,18127800,768437442.0
2021-12-02,VEA,42.672,43.093,42.638,42.981,21570800,927134554.8
2021-12-03,VEA,43.118,43.144,42.51,42.767,22553900,964562641.3
2021-12-06,VEA,43.041,43.256,42.878,43.178,14646200,632393623.6
2021-12-07,VEA,43.753,44.121,43.744,44.104,14200900,626316493.6
2021-12-08,VEA,44.113,44.199,44.001,44.164,14731500,650601966.0
2021-12-09,VEA,43.899,43.924,43.753,43.779,21544500,943196665.5
2021-12-10,VEA,43.864,43.907,43.693,43.839,13967300,612312464.7
2021-12-13,VEA,43.667,43.693,43.35,43.393,24679900,1070934900.7
2021-12-14,VEA,43.221,43.393,42.998,43.17,15722000,678718740.0
2021-12-15,VEA,43.281,43.701,43.033,43.701,15986100,698608556.1
2021-12-16,VEA,43.933,43.984,43.598,43.71,22374700,977998137.0
2021-12-17,VEA,43.418,43.556,43.187,43.204,19758900,853663515.6
2021-12-20,VEA,42.925,43.046,42.759,42.994,22904100,984738875.4
2021-12-21,VEA,43.255,43.551,43.195,43.534,21469100,934635799.4
2021-12-22,VEA,43.525,43.987,43.482,43.978,15062100,662401033.8
2021-12-23,VEA,44.022,44.318,44.004,44.248,14463100,639963248.8
2021-12-27,VEA,44.3,44.588,44.265,44.588,12630800,563182110.4
2021-12-28,VEA,44.64,44.727,44.561,44.588,13668700,609459995.6
2021-12-29,VEA,44.561,44.64,44.483,44.579,11380800,507344683.2
2021-12-30,VEA,44.579,44.675,44.448,44.474,13691400,608911323.6
2021-12-31,VEA,44.474,44.657,44.413,44.457,15518400,689901508.8
2022-01-03,VEA,44.675,44.753,44.501,44.727,15874300,710009816.1
2022-01-04,VEA,44.962,45.066,44.805,44.892,15991500,717890418.0
2022-01-05,VEA,45.049,45.101,44.483,44.501,13855400,616579155.4
2022-01-06,VEA,44.326,44.466,43.943,44.257,17111300,757294804.1
2022-01-07,VEA,44.239,44.501,44.1,44.44,12525300,556624332.0
2022-01-10,VEA,43.952,44.048,43.621,44.03,20436400,899814692.0
2022-01-11,VEA,44.091,44.588,43.987,44.553,17097500,761744917.5
2022-01-12,VEA,44.866,45.075,44.84,45.032,17788600,801056235.2
2022-01-13,VEA,45.197,45.206,44.649,44.709,13837900,618678671.1
2022-01-14,VEA,44.492,44.709,44.335,44.605,15200500,678018302.5
2022-01-18,VEA,44.109,44.196,43.839,43.952,17386800,764184633.6
2022-01-19,VEA,44.196,44.283,43.908,43.943,14141500,621419934.5
2022-01-20,VEA,44.091,44.335,43.639,43.665,17594000,768242010.0
2022-01-21,VEA,43.586,43.595,43.046,43.064,26963600,1161160470.4
2022-01-24,VEA,42.237,42.62,41.444,42.585,39855600,1697250726.0
2022-01-25,VEA,42.08,42.637,41.74,42.359,30779500,1303788840.5
2022-01-26,VEA,42.846,42.942,41.967,42.158,26780200,1128999671.6
2022-01-27,VEA,42.245,42.411,41.767,41.88,24165900,1012067892.0
2022-01-28,VEA,41.662,42.08,41.436,42.071,30790600,1295391332.6
2022-01-31,VEA,42.106,42.794,42.106,42.742,19645900,839705057.8
2022-02-01,VEA,43.012,43.168,42.716,43.168,20287500,875770800.0
2022-02-02,VEA,43.525,43.569,43.29,43.517,15146400,659125888.8
2022-02-03,VEA,43.081,43.212,42.811,42.82,17215100,737150582.0
2022-02-04,VEA,42.75,43.134,42.637,42.933,15226400,653715031.2
2022-02-07,VEA,42.959,43.221,42.907,43.012,17679600,760434955.2
2022-02-08,VEA,42.968,43.282,42.881,43.221,11582900,500624520.9
2022-02-09,VEA,43.804,43.926,43.743,43.908,12497200,548727057.6
2022-02-10,VEA,43.334,44.004,43.299,43.395,19594700,850312006.5
2022-02-11,VEA,43.386,43.56,42.69,42.794,21576900,923361858.6
2022-02-14,VEA,42.655,42.689,42.263,42.541,22676500,964680986.5
2022-02-15,VEA,43.012,43.273,42.933,43.247,16078800,695359863.6
2022-02-16,VEA,43.134,43.525,43.09,43.43,16225300,704664779.0
2022-02-17,VEA,43.116,43.168,42.733,42.768,14998000,641434464.0
2022-02-18,VEA,42.777,42.864,42.428,42.541,21103000,897742723.0
2022-02-22,VEA,42.193,42.437,41.793,42.097,23406500,985343430.5
2022-02-23,VEA,42.472,42.481,41.636,41.706,22238900,927495563.4
2022-02-24,VEA,40.26,41.227,40.13,41.166,42537400,1751094608.4
2022-02-25,VEA,41.575,42.228,41.488,42.202,25452200,1074133744.4
2022-02-28,VEA,41.453,42.01,41.357,41.61,26278400,1093444224.0
2022-03-01,VEA,41.427,41.566,40.548,40.791,26696700,1088985089.7
2022-03-02,VEA,41.026,41.383,40.905,41.288,28569200,1179565129.6
2022-03-03,VEA,41.201,41.201,40.487,40.635,23595500,958803142.5
2022-03-04,VEA,39.599,39.677,39.25,39.59,37019400,1465598046.0
2022-03-07,VEA,39.381,39.39,38.258,38.423,46667200,1793093825.6
2022-03-08,VEA,38.745,39.346,38.249,38.658,47835600,1849228624.8
2022-03-09,VEA,39.781,40.356,39.52,40.138,36557900,1467360990.2
2022-03-10,VEA,39.625,39.947,39.485,39.686,29302200,1162887109.2
2022-03-11,VEA,40.06,40.104,39.294,39.311,33712300,1325264225.3
2022-03-14,VEA,39.825,40.077,39.485,39.564,22373000,885165372.0
2022-03-15,VEA,39.694,39.973,39.52,39.912,29380000,1172614560.0
2022-03-16,VEA,40.635,41.279,40.321,41.262,23392300,965213082.6
2022-03-17,VEA,41.122,41.697,41.07,41.636,20850500,868131418.0
2022-03-18,VEA,41.296,42.028,41.244,41.993,20866400,876242735.2
2022-03-21,VEA,41.839,41.978,41.568,41.769,23460700,979929978.3
2022-03-22,VEA,41.926,42.214,41.926,42.153,14341300,604528818.9
2022-03-23,VEA,41.725,41.891,41.612,41.621,17635500,734007145.5
2022-03-24,VEA,41.786,41.978,41.673,41.952,14647800,614504505.6
2022-03-25,VEA,41.917,42.039,41.708,42.013,21845800,917807595.4
2022-03-28,VEA,41.734,41.891,41.559,41.882,15933100,667310094.2
2022-03-29,VEA,42.719,42.789,42.353,42.702,18522100,790930714.2
2022-03-30,VEA,42.58,42.728,42.405,42.545,15181800,645909681.0
2022-03-31,VEA,42.275,42.449,41.865,41.891,16292800,682521684.8
2022-04-01,VEA,42.153,42.257,41.952,42.257,14885300,629008122.1
2022-04-04,VEA,42.231,42.475,42.179,42.44,13711700,581924548.0
2022-04-05,VEA,42.257,42.414,41.795,41.935,14409500,604262382.5
2022-04-06,VEA,41.437,41.612,41.176,41.394,16650900,689247354.6
2022-04-07,VEA,41.411,41.568,41.08,41.437,24601700,1019420642.9
2022-04-08,VEA,41.289,41.586,41.219,41.429,18270700,756936830.3
2022-04-11,VEA,41.263,41.341,40.966,40.993,16789600,688256072.8
2022-04-12,VEA,41.115,41.193,40.644,40.722,17089800,695930835.6
2022-04-13,VEA,40.783,41.228,40.766,41.202,16348900,673607377.8
2022-04-14,VEA,41.237,41.315,40.966,41.001,14869800,609676669.8
2022-04-18,VEA,40.818,41.089,40.748,40.827,17165800,700828116.6
2022-04-19,VEA,40.635,41.019,40.6,41.01,16475900,675676659.0
2022-04-20,VEA,41.315,41.429,41.176,41.315,17473500,721917652.5
2022-04-21,VEA,41.664,41.725,40.748,40.827,17545200,716317880.4
2022-04-22,VEA,40.696,40.705,40.051,40.077,21819900,874476132.3
2022-04-25,VEA,39.632,39.902,39.292,39.841,30691900,1222795987.9
2022-04-26,VEA,39.501,39.545,38.751,38.76,29718900,1151904564.0
2022-04-27,VEA,38.891,39.187,38.681,38.934,23657100,921065531.4
2022-04-28,VEA,39.17,39.615,38.864,39.545,19231400,760505713.0
2022-04-29,VEA,39.658,39.894,39.004,39.048,20646400,806200627.2
2022-05-02,VEA,38.882,39.109,38.472,38.917,37477200,1458500192.4
2022-05-03,VEA,39.144,39.362,39.056,39.231,31942100,1253120525.1
2022-05-04,VEA,39.239,39.99,38.803,39.902,28158800,1123592437.6
2022-05-05,VEA,39.379,39.388,38.315,38.629,28388900,1096634818.1
2022-05-06,VEA,38.367,38.498,38.027,38.28,31821800,1218138504.0
2022-05-09,VEA,37.617,37.635,36.998,37.094,30821800,1143303849.2
2022-05-10,VEA,37.678,37.739,37.007,37.277,31894600,1188935004.2
2022-05-11,VEA,37.382,37.896,37.05,37.085,36278700,1345395589.5
2022-05-12,VEA,36.815,37.277,36.614,36.946,27679000,1022628334.0
2022-05-13,VEA,37.513,38.018,37.486,37.984,22443000,852474912.0
2022-05-16,VEA,37.818,38.219,37.704,38.036,14542900,553153744.4
2022-05-17,VEA,38.646,38.768,38.446,38.768,13134000,509178912.0
2022-05-18,VEA,38.42,38.489,37.765,37.844,18732400,708908945.6
2022-05-19,VEA,37.809,38.472,37.8,38.236,18538100,708822791.6
2022-05-20,VEA,38.664,38.699,37.966,38.455,15988900,614853149.5
2022-05-23,VEA,38.882,39.196,38.777,39.117,19729700,771766674.9
2022-05-24,VEA,38.917,39.074,38.681,38.978,14828700,577993068.6
2022-05-25,VEA,38.69,39.144,38.681,38.96,15217300,592866008.0
2022-05-26,VEA,39.03,39.475,39.004,39.388,14358900,565568353.2
2022-05-27,VEA,39.676,39.885,39.632,39.876,11412600,455088837.6
2022-05-31,VEA,39.841,39.955,39.615,39.693,19971500,792728749.5
2022-06-01,VEA,39.911,39.981,39.205,39.335,14072700,553549654.5
2022-06-02,VEA,39.632,40.164,39.501,40.164,15791200,634237756.8
2022-06-03,VEA,39.641,39.737,39.449,39.545,9930300,392693713.5
2022-06-06,VEA,39.998,40.059,39.606,39.693,12516000,496797588.0
2022-06-07,VEA,39.318,39.824,39.274,39.789,11364000,452162196.0
2022-06-08,VEA,39.449,39.588,39.239,39.292,10542400,414231980.8
2022-06-09,VEA,39.091,39.178,38.472,38.472,19332800,743771481.6
2022-06-10,VEA,37.809,37.853,37.46,37.582,23876000,897307832.0
2022-06-13,VEA,36.614,36.771,36.213,36.3,29997600,1088912880.0
2022-06-14,VEA,36.283,36.414,35.681,35.969,28145600,1012369086.4
2022-06-15,VEA,36.318,36.806,35.864,36.605,19690800,720781734.0
2022-06-16,VEA,35.725,35.995,35.524,35.725,24268300,866985017.5
2022-06-17,VEA,35.742,35.89,35.376,35.602,24727400,880344894.8
2022-06-21,VEA,36.168,36.327,36.097,36.15,17640600,637707690.0
2022-06-22,VEA,35.682,36.115,35.585,35.815,18550400,664382576.0
2022-06-23,VEA,35.726,35.806,35.355,35.682,23782200,848596460.4
2022-06-24,VEA,36.177,36.76,36.142,36.742,18522800,680564717.6
2022-06-27,VEA,36.716,36.893,36.575,36.672,22587600,828332467.2
2022-06-28,VEA,36.954,37.122,36.451,36.477,16572100,604500491.7
2022-06-29,VEA,36.424,36.521,36.23,36.256,15456000,560372736.0
2022-06-30,VEA,35.62,36.115,35.488,36.053,18882600,680774377.8
2022-07-01,VEA,35.594,36.133,35.47,36.133,17836500,644486254.5
2022-07-05,VEA,35.046,35.355,34.834,35.355,23089900,816343414.5
2022-07-06,VEA,35.311,35.443,35.055,35.355,18464700,652819468.5
2022-07-07,VEA,35.664,35.956,35.664,35.929,16530900,593938706.1
2022-07-08,VEA,35.859,36.133,35.717,36.018,14027500,505242495.0
2022-07-11,VEA,35.576,35.638,35.382,35.417,17740500,628315288.5
2022-07-12,VEA,35.355,35.647,35.284,35.382,15331700,542466209.4
2022-07-13,VEA,34.931,35.505,34.896,35.337,18153200,641479628.4
2022-07-14,VEA,34.604,34.86,34.304,34.816,32470600,1130496409.6
2022-07-15,VEA,35.055,35.364,34.922,35.346,27153200,959757007.2
2022-07-18,VEA,35.841,35.982,35.514,35.567,21591100,767930653.7
2022-07-19,VEA,36.186,36.513,36.15,36.486,17778000,648648108.0
2022-07-20,VEA,36.389,36.504,36.133,36.309,17571900,638018117.1
2022-07-21,VEA,36.265,36.734,36.212,36.716,14812500,543855750.0
2022-07-22,VEA,36.831,37.052,36.451,36.592,12127700,443776798.4
2022-07-25,VEA,36.884,36.937,36.698,36.893,14863100,548344348.3
2022-07-26,VEA,36.566,36.672,36.389,36.389,12278900,446816892.1
2022-07-27,VEA,36.742,37.281,36.628,37.22,13570900,505108898.0
2022-07-28,VEA,37.202,37.52,36.981,37.458,14879600,557360056.8
2022-07-29,VEA,37.476,37.98,37.423,37.962,11109300,421731246.6
2022-08-01,VEA,37.935,38.139,37.794,37.962,13528600,513572713.2
2022-08-02,VEA,37.67,37.785,37.37,37.37,11511500,430184755.0
2022-08-03,VEA,37.547,37.697,37.343,37.635,7989700,300692359.5
2022-08-04,VEA,37.697,37.873,37.653,37.82,10103600,382118152.0
2022-08-05,VEA,37.317,37.6,37.29,37.555,13178000,494899790.0
2022-08-08,VEA,37.838,37.997,37.608,37.67,20765600,782240152.0
2022-08-09,VEA,37.661,37.706,37.387,37.44,13738900,514384416.0
2022-08-10,VEA,38.245,38.448,38.094,38.333,11472300,439767675.9
2022-08-11,VEA,38.536,38.651,38.271,38.333,12981800,497631339.4
2022-08-12,VEA,38.377,38.651,38.289,38.651,7878100,304496443.1
2022-08-15,VEA,38.28,38.421,38.218,38.377,12669200,486205888.4
2022-08-16,VEA,38.183,38.474,38.174,38.413,9898700,380238763.1
2022-08-17,VEA,38.006,38.289,37.873,38.086,17144600,652969235.6
2022-08-18,VEA,38.033,38.068,37.838,37.962,14228700,540149909.4
2022-08-19,VEA,37.6,37.617,37.326,37.396,10859400,406098122.4
2022-08-22,VEA,36.999,37.052,36.707,36.795,12118700,445907566.5
2022-08-23,VEA,36.734,37.131,36.689,36.866,13577100,500533368.6
2022-08-24,VEA,36.734,37.034,36.681,36.91,10950700,404190337.0
2022-08-25,VEA,37.034,37.343,36.954,37.343,9667100,360998515.3
2022-08-26,VEA,37.334,37.396,36.327,36.354,12140600,441359372.4
2022-08-29,VEA,36.203,36.424,36.15,36.265,15570300,564656929.5
2022-08-30,VEA,36.495,36.557,35.885,35.965,24526700,882102765.5
2022-08-31,VEA,36.009,36.124,35.744,35.753,17199100,614919422.3
2022-09-01,VEA,35.267,35.302,34.896,35.276,29945900,1056371568.4
2022-09-02,VEA,35.523,35.797,34.94,35.055,18682000,654897510.0
2022-09-06,VEA,35.152,35.223,34.798,34.904,22467800,784216091.2
2022-09-07,VEA,34.604,35.214,34.604,35.205,19051900,670722139.5
2022-09-08,VEA,34.843,35.284,34.772,35.258,15072500,531426205.0
2022-09-09,VEA,35.912,36.186,35.779,36.168,12474400,451174099.2
2022-09-12,VEA,36.583,36.787,36.53,36.628,15353900,562382649.2
2022-09-13,VEA,35.947,36.142,35.337,35.373,14117200,499367715.6
2022-09-14,VEA,35.514,35.673,35.32,35.532,12421200,441350078.4
2022-09-15,VEA,35.231,35.558,35.108,35.187,20644000,726400428.0
2022-09-16,VEA,34.86,35.09,34.772,34.957,18248300,637905823.1
2022-09-19,VEA,34.576,35.126,34.452,35.09,18253800,640525842.0
2022-09-20,VEA,34.629,34.665,34.284,34.505,22548200,778025641.0
2022-09-21,VEA,34.505,34.771,34.044,34.062,18719200,637613390.4
2022-09-22,VEA,34.177,34.222,33.77,33.903,28673100,972104109.3
2022-09-23,VEA,33.185,33.185,32.547,32.795,31810500,1043225347.5
2022-09-26,VEA,32.493,32.75,32.112,32.272,32371100,1044680139.2
2022-09-27,VEA,32.422,32.6,31.882,32.077,31473800,1009585082.6
2022-09-28,VEA,32.041,32.901,31.917,32.795,28402900,931473105.5
2022-09-29,VEA,32.298,32.396,31.917,32.387,27942200,904964031.4
2022-09-30,VEA,32.263,32.671,32.192,32.227,28723800,925681902.6
2022-10-03,VEA,32.591,33.087,32.467,32.945,45906400,1512386348.0
2022-10-04,VEA,33.805,34.293,33.761,34.257,23839400,816666325.8
2022-10-05,VEA,33.69,34.036,33.451,33.849,18149600,614345810.4
2022-10-06,VEA,33.504,33.681,33.247,33.282,22262300,740933868.6
2022-10-07,VEA,33.114,33.176,32.617,32.759,20593100,674609362.9
2022-10-10,VEA,32.706,32.75,32.352,32.538,24846100,808442401.8
2022-10-11,VEA,32.325,32.697,32.077,32.157,29437000,946605609.0
2022-10-12,VEA,32.112,32.263,31.979,32.077,21121500,677514355.5
2022-10-13,VEA,31.483,32.875,31.394,32.742,29001700,949573661.4
2022-10-14,VEA,32.919,33.016,32.165,32.183,24741200,796246039.6
2022-10-17,VEA,32.972,33.185,32.945,33.034,24153900,797899932.6
2022-10-18,VEA,33.513,33.557,32.999,33.256,17318100,575930733.6
2022-10-19,VEA,32.91,33.087,32.644,32.875,23946100,787228037.5
2022-10-20,VEA,32.919,33.3,32.697,32.786,16865200,552942447.2
2022-10-21,VEA,32.511,33.424,32.396,33.397,23168300,773751715.1
2022-10-24,VEA,33.256,33.486,33.061,33.344,27063800,902415347.2
2022-10-25,VEA,33.584,34.115,33.566,34.089,14526600,495197267.4
2022-10-26,VEA,34.107,34.7,34.107,34.434,14273100,491479925.4
2022-10-27,VEA,34.355,34.656,34.177,34.204,18451300,631108265.2
2022-10-28,VEA,34.08,34.479,34.027,34.47,20741600,714962952.0
2022-10-31,VEA,34.142,34.257,34.071,34.186,28799200,984529451.2
2022-11-01,VEA,34.913,34.913,34.328,34.479,19183000,661410657.0
2022-11-02,VEA,34.532,34.966,33.947,33.956,23466200,796818287.2
2022-11-03,VEA,33.477,33.849,33.468,33.681,26424500,890003584.5
2022-11-04,VEA,34.7,35.037,34.461,34.966,21966700,768087632.2
2022-11-07,VEA,35.135,35.259,34.975,35.117,25080700,880758941.9
2022-11-08,VEA,35.356,35.773,35.285,35.542,20492000,728326664.0
2022-11-09,VEA,35.33,35.569,35.037,35.046,16061000,562873806.0
2022-11-10,VEA,36.402,36.996,36.278,36.996,19421500,718517814.0
2022-11-11,VEA,37.359,37.776,37.209,37.687,15765300,594146861.1
2022-11-14,VEA,37.359,37.581,37.244,37.253,20750500,773018376.5
2022-11-15,VEA,37.82,37.918,37.164,37.483,17109500,641315388.5
2022-11-16,VEA,37.466,37.546,37.244,37.342,17159400,640766314.8
2022-11-17,VEA,36.881,37.324,36.819,37.297,16831200,627753266.4
2022-11-18,VEA,37.466,37.475,37.235,37.359,12737900,475875206.1
2022-11-21,VEA,37.014,37.12,36.881,37.058,14394300,533423969.4
2022-11-22,VEA,37.315,37.616,37.262,37.608,12701700,477685533.6
2022-11-23,VEA,37.652,38.068,37.652,38.042,9269900,352645535.8
2022-11-25,VEA,38.077,38.281,38.06,38.201,6450600,246419370.6
2022-11-28,VEA,37.953,38.139,37.625,37.67,13708700,516406729.0
2022-11-29,VEA,37.749,37.98,37.678,37.767,11598200,438029219.4
2022-11-30,VEA,38.086,38.6,37.696,38.476,15610500,600629598.0
2022-12-01,VEA,38.902,38.981,38.609,38.804,14977000,581167508.0
2022-12-02,VEA,38.441,38.884,38.405,38.769,16482500,639010042.5
2022-12-05,VEA,38.636,38.716,38.086,38.184,13694300,522903151.2
2022-12-06,VEA,38.219,38.308,37.794,37.927,11702200,443829339.4
2022-12-07,VEA,37.936,38.104,37.803,37.927,16632000,630801864.0
2022-12-08,VEA,37.962,38.175,37.865,38.139,13719300,523240382.7
2022-12-09,VEA,38.21,38.45,38.131,38.166,14430200,550743013.2
2022-12-12,VEA,38.139,38.263,38.015,38.263,13482000,515861766.0
2022-12-13,VEA,39.265,39.345,38.645,38.76,15123500,586186860.0
2022-12-14,VEA,38.804,39.07,38.458,38.742,18377500,711981105.0
2022-12-15,VEA,38.21,38.281,37.599,37.732,13943700,526123688.4
2022-12-16,VEA,37.439,37.643,37.28,37.439,14511200,543284816.8
2022-12-19,VEA,37.583,37.636,37.251,37.358,17846500,666709547.0
2022-12-20,VEA,37.439,37.699,37.385,37.538,15525100,582781203.8
2022-12-21,VEA,37.744,38.004,37.699,37.914,14202600,538477376.4
2022-12-22,VEA,37.771,37.78,37.251,37.583,17651300,663388807.9
2022-12-23,VEA,37.556,37.807,37.466,37.771,10668100,402944805.1
2022-12-27,VEA,37.753,37.986,37.717,37.843,14392000,544636456.0
2022-12-28,VEA,37.914,38.013,37.412,37.412,14592500,545934610.0
2022-12-29,VEA,37.798,38.094,37.771,38.004,13008000,494356032.0
2022-12-30,VEA,37.789,37.941,37.583,37.636,15892900,598145184.4
2023-01-03,VEA,38.022,38.237,37.69,37.843,11990000,453737570.0
2023-01-04,VEA,38.426,38.515,38.139,38.408,13229500,508118636.0
2023-01-05,VEA,38.04,38.139,37.905,37.977,9324500,354116536.5
2023-01-06,VEA,38.255,39.053,38.067,39.026,10441400,407486076.4
2023-01-09,VEA,39.358,39.582,39.197,39.197,12426200,487069761.4
2023-01-10,VEA,39.179,39.304,39.044,39.295,11492000,451578140.0
2023-01-11,VEA,39.502,39.6,39.349,39.591,14000500,554293795.5
2023-01-12,VEA,39.932,40.228,39.493,40.165,12836700,515586055.5
2023-01-13,VEA,40.004,40.398,39.959,40.372,9144300,369173679.6
2023-01-17,VEA,40.479,40.667,40.398,40.488,12862000,520756656.0
2023-01-18,VEA,40.954,41.008,40.3,40.309,13196900,531953842.1
2023-01-19,VEA,40.237,40.372,40.049,40.264,13017200,524124540.8
2023-01-20,VEA,40.246,40.676,40.174,40.676,19859800,807817224.8
2023-01-23,VEA,40.533,40.892,40.497,40.847,14611000,596815517.0
2023-01-24,VEA,40.623,40.901,40.506,40.838,8094300,330555023.4
2023-01-25,VEA,40.694,41.071,40.614,41.044,9955200,408601228.8
2023-01-26,VEA,41.125,41.188,40.811,41.17,15609000,642622530.0
2023-01-27,VEA,40.936,41.214,40.901,41.125,11993400,493228575.0
2023-01-30,VEA,40.928,41.098,40.784,40.784,13995000,570772080.0
2023-01-31,VEA,40.676,41.044,40.587,41.035,14919700,612229889.5
2023-02-01,VEA,41.026,41.564,40.703,41.403,13761800,569779805.4
2023-02-02,VEA,41.537,41.582,41.134,41.394,10567100,437414537.4
2023-02-03,VEA,40.954,41.277,40.856,40.928,13632600,557955052.8
2023-02-06,VEA,40.533,40.614,40.291,40.488,8634900,349609831.2
2023-02-07,VEA,40.336,40.936,40.246,40.865,11438000,467413870.0
2023-02-08,VEA,40.829,40.883,40.551,40.623,9659000,392377557.0
2023-02-09,VEA,41.206,41.223,40.578,40.658,9026200,366987239.6
2023-02-10,VEA,40.542,40.587,40.354,40.542,7798500,316166787.0
2023-02-13,VEA,40.56,40.892,40.506,40.892,6772900,276957426.8
2023-02-14,VEA,40.676,41.143,40.578,40.928,10336600,423056364.8
2023-02-15,VEA,40.389,40.721,40.372,40.721,10172200,414222156.2
2023-02-16,VEA,40.389,40.784,40.336,40.533,8804700,356880905.1
2023-02-17,VEA,40.327,40.632,40.237,40.596,6358700,258137785.2
2023-02-21,VEA,40.318,40.416,40.067,40.085,8322800,333619438.0
2023-02-22,VEA,40.022,40.094,39.771,39.851,8127400,323885017.4
2023-02-23,VEA,40.076,40.165,39.735,40.085,9051200,362817352.0
2023-02-24,VEA,39.43,39.547,39.286,39.457,9836900,388134563.3
2023-02-27,VEA,39.878,40.013,39.771,39.896,8274000,330099504.0
2023-02-28,VEA,39.78,39.869,39.609,39.609,8185300,324211547.7
2023-03-01,VEA,39.959,40.031,39.708,39.86,11018400,439193424.0
2023-03-02,VEA,39.591,39.959,39.564,39.923,11802200,471179230.6
2023-03-03,VEA,40.129,40.533,40.04,40.506,8819600,357246717.6
2023-03-06,VEA,40.425,40.56,40.345,40.407,8510200,343871651.4
2023-03-07,VEA,40.309,40.336,39.618,39.672,9698400,384754924.8
2023-03-08,VEA,39.798,40.013,39.708,39.878,9292500,370566315.0
2023-03-09,VEA,39.932,40.058,39.457,39.484,8120200,320617976.8
2023-03-10,VEA,39.547,39.645,39.071,39.098,13449600,525852460.8
2023-03-13,VEA,38.73,39.206,38.641,38.874,16105800,626096869.2
2023-03-14,VEA,39.206,39.367,39.035,39.331,10302700,405215493.7
2023-03-15,VEA,37.95,38.219,37.681,38.157,19880800,758591685.6
2023-03-16,VEA,38.004,38.748,37.95,38.748,17464100,676698946.8
2023-03-17,VEA,38.452,38.515,38.157,38.3,9922500,380031750.0
2023-03-20,VEA,38.687,38.984,38.624,38.885,8755300,340449840.5
2023-03-21,VEA,39.38,39.452,39.164,39.389,6731100,265131297.9
2023-03-22,VEA,39.443,39.929,39.218,39.236,8479300,332693814.8
2023-03-23,VEA,39.614,39.848,39.092,39.263,11507200,451807193.6
2023-03-24,VEA,38.975,39.155,38.759,39.128,10299900,403014487.2
2023-03-27,VEA,39.362,39.515,39.254,39.47,24343300,960830051.0
2023-03-28,VEA,39.452,39.605,39.416,39.524,7671400,303204413.6
2023-03-29,VEA,39.893,40.001,39.83,39.974,10685100,427126187.4
2023-03-30,VEA,40.442,40.487,40.343,40.469,7170900,290199152.1
2023-03-31,VEA,40.541,40.721,40.523,40.658,9553300,388418071.4
2023-04-03,VEA,40.739,41.0,40.703,40.991,9184100,376465443.1
2023-04-04,VEA,40.991,41.126,40.847,40.982,7943900,325556909.8
2023-04-05,VEA,40.757,40.847,40.523,40.667,7993800,325083864.6
2023-04-06,VEA,40.604,40.901,40.55,40.802,9567400,390369054.8
2023-04-10,VEA,40.577,40.847,40.568,40.838,8281400,338195813.2
2023-04-11,VEA,40.964,41.099,40.928,41.018,7648300,313717969.4
2023-04-12,VEA,41.369,41.459,41.135,41.252,7301700,301209728.4
2023-04-13,VEA,41.63,41.865,41.585,41.856,14720200,616128691.2
2023-04-14,VEA,41.82,41.919,41.477,41.648,7888800,328552742.4
2023-04-17,VEA,41.54,41.612,41.378,41.612,10834000,450824408.0
2023-04-18,VEA,41.793,41.856,41.685,41.775,7959700,332516467.5
2023-04-19,VEA,41.549,41.684,41.54,41.612,8441900,351284342.8
2023-04-20,VEA,41.531,41.729,41.513,41.63,12788400,532381092.0
2023-04-21,VEA,41.657,41.802,41.459,41.766,9023200,376862971.2
2023-04-24,VEA,41.766,41.856,41.711,41.847,8234700,344597490.9
2023-04-25,VEA,41.612,41.612,41.189,41.189,9776700,402692496.3
2023-04-26,VEA,41.459,41.459,41.135,41.198,9787100,403208945.8
2023-04-27,VEA,41.405,41.721,41.315,41.721,6714400,280131482.4
2023-04-28,VEA,41.414,41.748,41.396,41.729,8602400,358969549.6
2023-05-01,VEA,41.784,41.892,41.676,41.694,10213800,425854177.2
2023-05-02,VEA,41.342,41.342,41.009,41.252,8907300,367443939.6
2023-05-03,VEA,41.396,41.685,41.333,41.333,10310100,426147363.3
2023-05-04,VEA,41.279,41.441,41.171,41.27,10408900,429575303.0
2023-05-05,VEA,41.522,42.009,41.495,41.937,6775300,284135756.1
2023-05-08,VEA,42.054,42.063,41.892,41.955,5574100,233861365.5
2023-05-09,VEA,41.639,41.856,41.594,41.793,8259800,345201821.4
2023-05-10,VEA,41.883,41.883,41.459,41.729,14545200,606956650.8
2023-05-11,VEA,41.468,41.558,41.261,41.54,10105500,419782470.0
2023-05-12,VEA,41.63,41.63,41.306,41.45,7703600,319314220.0
2023-05-15,VEA,41.612,41.811,41.558,41.811,7863200,328768255.2
2023-05-16,VEA,41.63,41.684,41.378,41.378,7124300,294789285.4
2023-05-17,VEA,41.459,41.621,41.279,41.594,8317500,345958095.0
2023-05-18,VEA,41.495,41.531,41.288,41.513,10261300,425977346.9
2023-05-19,VEA,41.721,41.856,41.639,41.766,7726700,322713352.2
2023-05-22,VEA,41.757,41.892,41.73,41.802,9103700,380552867.4
2023-05-23,VEA,41.477,41.54,41.216,41.216,8717800,359312844.8
2023-05-24,VEA,40.847,40.865,40.604,40.631,10880600,442089658.6
2023-05-25,VEA,40.622,40.631,40.388,40.541,11789700,477966227.7
2023-05-26,VEA,40.703,40.973,40.703,40.919,7929900,324483578.1
2023-05-30,VEA,40.856,40.865,40.46,40.568,8594300,348653562.4
2023-05-31,VEA,40.163,40.244,39.893,40.172,12619800,506962605.6
2023-06-01,VEA,40.388,40.829,40.361,40.793,11813400,481904026.2
2023-06-02,VEA,41.342,41.414,41.252,41.396,8823900,365274164.4
2023-06-05,VEA,41.333,41.36,41.126,41.135,12685300,521809815.5
2023-06-06,VEA,41.225,41.531,41.189,41.495,6659300,276327653.5
2023-06-07,VEA,41.342,41.495,41.081,41.099,10547500,433491702.5
2023-06-08,VEA,41.324,41.54,41.225,41.522,7142700,296579189.4
2023-06-09,VEA,41.522,41.612,41.441,41.504,7001100,290573654.4
2023-06-12,VEA,41.63,41.712,41.522,41.694,8055900,335882694.6
2023-06-13,VEA,42.072,42.189,42.0,42.099,7878000,331655922.0
2023-06-14,VEA,42.306,42.423,41.964,42.207,7759000,327484113.0
2023-06-15,VEA,42.171,42.639,42.135,42.603,10366800,441656780.4
2023-06-16,VEA,42.801,42.801,42.468,42.477,13952700,592668837.9
2023-06-20,VEA,42.033,42.079,41.806,41.906,9203200,385669299.2
2023-06-21,VEA,41.852,42.115,41.779,41.97,10583100,444172707.0
2023-06-22,VEA,41.688,41.779,41.643,41.715,10160900,423861943.5
2023-06-23,VEA,41.007,41.152,40.98,41.043,9829000,403411647.0
2023-06-26,VEA,41.107,41.252,41.079,41.17,9830200,404709334.0
2023-06-27,VEA,41.27,41.525,41.143,41.506,7898400,327830990.4
2023-06-28,VEA,41.443,41.579,41.37,41.515,7297900,302972318.5
2023-06-29,VEA,41.307,41.461,41.279,41.461,6635400,275110319.4
2023-06-30,VEA,41.833,41.988,41.779,41.952,8137100,341367619.2
2023-07-03,VEA,41.988,42.088,41.952,42.024,6362600,267381902.4
2023-07-05,VEA,41.715,41.743,41.506,41.57,12565800,522360306.0
2023-07-06,VEA,40.989,40.998,40.616,40.834,8980700,366717903.8
2023-07-07,VEA,40.907,41.37,40.88,41.179,8873700,365410092.3
2023-07-10,VEA,41.098,41.307,41.079,41.288,7842700,323809397.6
2023-07-11,VEA,41.479,41.697,41.388,41.688,7134000,297402192.0
2023-07-12,VEA,42.242,42.515,42.179,42.488,10422000,442809936.0
2023-07-13,VEA,42.969,43.187,42.951,43.142,7276700,313931391.4
2023-07-14,VEA,43.114,43.142,42.851,42.878,7349800,315144724.4
2023-07-17,VEA,42.715,42.914,42.642,42.86,6808700,291820882.0
2023-07-18,VEA,42.924,43.196,42.887,43.169,6484700,279938014.3
2023-07-19,VEA,43.196,43.278,43.051,43.16,7538100,325344396.0
2023-07-20,VEA,43.06,43.151,42.842,42.905,12248800,525534764.0
2023-07-21,VEA,42.987,43.014,42.842,42.96,10494700,450852312.0
2023-07-24,VEA,42.878,43.033,42.833,42.914,6201900,266148336.6
2023-07-25,VEA,42.878,43.096,42.878,43.042,5737500,246953475.0
2023-07-26,VEA,42.787,43.232,42.787,43.096,11708800,504602444.8
2023-07-27,VEA,43.396,43.396,42.887,42.914,8082000,346830948.0
2023-07-28,VEA,43.242,43.405,43.151,43.269,7776900,336498686.1
2023-07-31,VEA,43.296,43.432,43.251,43.269,7654200,331189579.8
2023-08-01,VEA,42.905,43.014,42.696,42.787,8343900,357010449.3
2023-08-02,VEA,42.26,42.306,41.915,41.961,15392900,645901476.9
2023-08-03,VEA,41.661,41.961,41.634,41.833,14960900,625859329.7
2023-08-04,VEA,42.024,42.388,41.906,41.952,9944600,417195859.2
2023-08-07,VEA,42.215,42.297,42.033,42.288,8266900,349590667.2
2023-08-08,VEA,41.788,42.015,41.652,41.97,9403500,394664895.0
2023-08-09,VEA,42.07,42.17,41.915,42.006,8666400,364040798.4
2023-08-10,VEA,42.406,42.651,42.088,42.133,8764800,369287318.4
2023-08-11,VEA,41.87,42.042,41.797,41.897,7614200,319012137.4
2023-08-14,VEA,41.506,41.752,41.379,41.724,7069900,294984507.6
2023-08-15,VEA,41.47,41.479,41.089,41.143,7750600,318882935.8
2023-08-16,VEA,41.007,41.188,40.816,40.816,8465200,345515603.2
2023-08-17,VEA,40.98,41.016,40.498,40.543,10996300,445822990.9
2023-08-18,VEA,40.244,40.607,40.216,40.543,11576400,469341985.2
2023-08-21,VEA,40.634,40.716,40.434,40.671,10914300,443895495.3
2023-08-22,VEA,40.843,40.861,40.543,40.58,10252400,416042392.0
2023-08-23,VEA,40.78,41.098,40.734,41.016,10161700,416792287.2
2023-08-24,VEA,40.861,40.98,40.48,40.498,10026700,406061296.6
2023-08-25,VEA,40.761,40.907,40.398,40.752,10748200,438010646.4
2023-08-28,VEA,41.025,41.207,40.989,41.179,7763400,319689048.6
2023-08-29,VEA,41.079,41.715,41.034,41.706,8886700,370628710.2
2023-08-30,VEA,41.743,41.879,41.615,41.697,10957300,456886538.1
2023-08-31,VEA,41.743,41.752,41.434,41.561,9141700,379938193.7
2023-09-01,VEA,41.942,41.979,41.506,41.624,8335600,346961014.4
2023-09-05,VEA,41.506,41.515,41.252,41.252,9567800,394690885.6
2023-09-06,VEA,41.207,41.307,40.961,41.089,8972300,368662834.7
2023-09-07,VEA,40.97,41.052,40.825,40.925,10296300,421376077.5
2023-09-08,VEA,40.898,41.034,40.834,40.87,9008900,368193743.0
2023-09-11,VEA,41.252,41.361,41.125,41.334,6083200,251442988.8
2023-09-12,VEA,41.107,41.307,41.07,41.152,8404700,345870214.4
2023-09-13,VEA,41.107,41.216,40.989,41.07,6672100,274023147.0
2023-09-14,VEA,41.406,41.652,41.37,41.624,7694300,320267543.2
2023-09-15,VEA,41.697,41.824,41.497,41.534,9970200,414102286.8
2023-09-18,VEA,41.387,41.442,41.232,41.378,7494900,310123972.2
2023-09-19,VEA,41.46,41.534,41.278,41.387,9230400,382018564.8
2023-09-20,VEA,41.561,41.762,41.232,41.25,11025000,454781250.0
2023-09-21,VEA,40.848,40.93,40.555,40.564,11630500,471779602.0
2023-09-22,VEA,40.811,40.939,40.564,40.61,11652600,473212086.0
2023-09-25,VEA,40.308,40.482,40.207,40.454,11703700,473461479.8
2023-09-26,VEA,40.116,40.226,39.842,39.878,13497100,538237353.8
2023-09-27,VEA,40.034,40.061,39.531,39.787,12446100,495192980.7
2023-09-28,VEA,39.832,40.235,39.768,40.116,13567400,544269818.4
2023-09-29,VEA,40.491,40.491,39.896,39.988,16047800,641719426.4
2023-10-02,VEA,39.741,39.759,39.247,39.366,16236200,639154249.2
2023-10-03,VEA,39.009,39.11,38.717,38.872,16168000,628482496.0
2023-10-04,VEA,38.936,38.945,38.57,38.89,14106100,548586229.0
2023-10-05,VEA,39.101,39.284,38.973,39.247,12624600,495477676.2
2023-10-06,VEA,39.156,39.75,38.909,39.659,11812900,468487801.1
2023-10-09,VEA,39.302,39.677,39.284,39.631,9131700,361898402.7
2023-10-10,VEA,40.015,40.29,39.97,40.134,14448500,579876099.0
2023-10-11,VEA,40.363,40.418,40.079,40.308,8211200,330977049.6
2023-10-12,VEA,40.399,40.399,39.796,39.96,9695900,387448164.0
2023-10-13,VEA,39.842,39.951,39.503,39.604,10924200,432642016.8
2023-10-16,VEA,39.686,39.951,39.622,39.915,12284000,490315860.0
2023-10-17,VEA,39.567,40.107,39.549,39.924,15063700,601403158.8
2023-10-18,VEA,39.604,39.649,39.192,39.247,10263400,402807659.8
2023-10-19,VEA,39.137,39.348,38.854,38.927,17765500,691557618.5
2023-10-20,VEA,38.781,38.881,38.543,38.561,12890300,497062858.3
2023-10-23,VEA,38.396,38.835,38.25,38.579,14594500,563041215.5
2023-10-24,VEA,38.662,38.826,38.57,38.771,9538600,369821060.6
2023-10-25,VEA,38.607,38.744,38.396,38.433,12721300,488917722.9
2023-10-26,VEA,38.323,38.406,38.031,38.149,16776800,640018143.2
2023-10-27,VEA,38.415,38.433,37.939,38.031,13817400,525489539.4
2023-10-30,VEA,38.46,38.57,38.296,38.552,14858800,572836457.6
2023-10-31,VEA,38.57,38.68,38.442,38.634,13692100,528980591.4
2023-11-01,VEA,38.744,39.046,38.653,39.028,13871800,541388610.4
2023-11-02,VEA,39.723,39.915,39.622,39.906,11560700,461341294.2
2023-11-03,VEA,40.29,40.537,40.281,40.418,12317000,497828506.0
2023-11-06,VEA,40.546,40.546,40.198,40.29,10769500,433903155.0
2023-11-07,VEA,39.96,40.079,39.851,39.988,10388600,415419336.8
2023-11-08,VEA,39.933,40.07,39.768,39.896,10982000,438137872.0
2023-11-09,VEA,40.226,40.335,39.869,39.878,12652000,504536456.0
2023-11-10,VEA,39.878,40.107,39.604,40.089,7520400,301485315.6
2023-11-13,VEA,39.887,40.217,39.832,40.143,7893800,316880813.4
2023-11-14,VEA,40.839,41.287,40.839,41.232,13479000,555766128.0
2023-11-15,VEA,41.259,41.406,41.159,41.195,17284700,712043216.5
2023-11-16,VEA,41.085,41.268,40.985,41.104,9361200,384782764.8
2023-11-17,VEA,41.451,41.634,41.396,41.616,6926500,288253224.0
2023-11-20,VEA,41.598,41.863,41.589,41.799,9554400,399364365.6
2023-11-21,VEA,41.808,41.826,41.579,41.634,7205700,300002113.8
2023-11-22,VEA,41.671,41.735,41.497,41.717,8971500,374264065.5
2023-11-24,VEA,41.817,42.0,41.817,41.991,4556000,191310996.0
2023-11-27,VEA,41.872,41.927,41.771,41.881,10489700,439319125.7
2023-11-28,VEA,41.817,42.082,41.753,41.954,8909000,373768186.0
2023-11-29,VEA,42.064,42.21,41.936,42.055,9916700,417046818.5
2023-11-30,VEA,42.055,42.101,41.854,42.037,9636900,405106365.3
2023-12-01,VEA,41.982,42.485,41.945,42.467,14005700,594780061.9
2023-12-04,VEA,42.046,42.229,41.964,42.092,10810000,455014520.0
2023-12-05,VEA,41.982,42.11,41.881,41.954,9365600,392924382.4
2023-12-06,VEA,42.357,42.43,42.037,42.037,9458700,397615371.9
2023-12-07,VEA,42.156,42.366,41.973,42.238,17301000,730759638.0
2023-12-08,VEA,42.128,42.421,42.11,42.339,9501400,402279774.6
2023-12-11,VEA,42.329,42.476,42.256,42.457,13939100,591812368.7
2023-12-12,VEA,42.375,42.476,42.21,42.467,11187100,475082575.7
2023-12-13,VEA,42.467,43.171,42.284,43.153,12136100,523709123.3
2023-12-14,VEA,43.409,43.692,43.363,43.528,16856900,733747143.2
2023-12-15,VEA,43.354,43.409,43.079,43.079,18248300,786118515.7
2023-12-18,VEA,43.302,43.32,43.116,43.228,10386200,448974653.6
2023-12-19,VEA,43.543,43.663,43.469,43.645,9253400,403864643.0
2023-12-20,VEA,43.682,43.793,43.172,43.191,15779900,681549660.9
2023-12-21,VEA,43.719,43.923,43.608,43.923,13337700,585831797.1
2023-12-22,VEA,44.015,44.136,43.876,44.025,12007600,528634590.0
2023-12-26,VEA,44.062,44.284,43.923,44.219,7301600,322869450.4
2023-12-27,VEA,44.303,44.506,44.265,44.469,9921200,441185842.8
2023-12-28,VEA,44.534,44.627,44.367,44.395,11909200,528708934.0
2023-12-29,VEA,44.423,44.553,44.293,44.386,10489500,465586947.0
2024-01-02,VEA,43.96,44.117,43.848,43.895,17117300,751363883.5
2024-01-03,VEA,43.459,43.691,43.339,43.543,12564000,547074252.0
2024-01-04,VEA,43.533,43.858,43.524,43.645,14931900,651702775.5
2024-01-05,VEA,43.589,44.062,43.552,43.672,9963100,435108503.2
2024-01-08,VEA,43.737,44.145,43.691,44.126,8156500,359913719.0
2024-01-09,VEA,43.765,43.839,43.654,43.728,13219400,578057923.2
2024-01-10,VEA,43.886,44.025,43.821,43.969,10542900,463560770.1
2024-01-11,VEA,44.034,44.089,43.515,43.923,12648200,555546888.6
2024-01-12,VEA,44.219,44.358,43.997,44.08,7138500,314665080.0
2024-01-16,VEA,43.515,43.552,43.2,43.293,14475600,626692150.8
2024-01-17,VEA,42.699,42.838,42.542,42.82,10354600,443383972.0
2024-01-18,VEA,43.005,43.218,42.931,43.209,9243700,399411033.3
2024-01-19,VEA,43.107,43.357,42.959,43.348,9932800,430567014.4
2024-01-22,VEA,43.459,43.598,43.376,43.459,11607500,504450342.5
2024-01-23,VEA,43.293,43.413,43.181,43.385,8069900,350112611.5
2024-01-24,VEA,43.932,43.95,43.635,43.654,11566400,504919625.6
2024-01-25,VEA,43.756,43.784,43.552,43.765,13899200,608298488.0
2024-01-26,VEA,43.978,44.043,43.886,43.95,8717100,383116545.0
2024-01-29,VEA,43.923,44.256,43.867,44.21,9572100,423182541.0
2024-01-30,VEA,44.126,44.191,43.96,44.154,8228500,363321189.0
2024-01-31,VEA,44.33,44.46,43.839,43.904,14542800,638487091.2
2024-02-01,VEA,44.052,44.377,43.96,44.367,12761000,566167287.0
2024-02-02,VEA,44.062,44.099,43.839,44.052,11569700,509668424.4
2024-02-05,VEA,43.784,43.858,43.543,43.765,13406300,586726719.5
2024-02-06,VEA,43.765,44.043,43.737,44.034,12103700,532974325.8
2024-02-07,VEA,44.052,44.136,43.969,44.062,8819300,388595996.6
2024-02-08,VEA,43.978,44.006,43.821,43.987,10014100,440490216.7
2024-02-09,VEA,43.997,44.164,43.895,44.145,11254800,496843146.0
2024-02-12,VEA,44.136,44.404,44.117,44.256,8598000,380513088.0
2024-02-13,VEA,43.728,43.756,43.293,43.469,19980800,868545395.2
2024-02-14,VEA,43.784,44.015,43.747,44.006,10455600,460109133.6
2024-02-15,VEA,44.191,44.506,44.182,44.497,9979700,444066710.9
2024-02-16,VEA,44.497,44.738,44.395,44.534,9886800,440298751.2
2024-02-20,VEA,44.784,44.831,44.59,44.692,9318000,416440056.0
2024-02-21,VEA,44.599,44.729,44.516,44.72,10143000,453594960.0
2024-02-22,VEA,45.09,45.238,45.016,45.192,17006300,768548709.6
2024-02-23,VEA,45.248,45.322,45.155,45.266,7736300,350191355.8
2024-02-26,VEA,45.266,45.266,45.072,45.164,9505300,429297369.2
2024-02-27,VEA,45.201,45.276,45.146,45.248,8633700,390657657.6
2024-02-28,VEA,44.979,45.081,44.942,45.007,7449500,335279646.5
2024-02-29,VEA,45.238,45.294,44.914,45.109,17630500,795294224.5
2024-03-01,VEA,45.303,45.609,45.137,45.591,11199500,510596404.5
2024-03-04,VEA,45.433,45.554,45.387,45.47,9774600,444451062.0
2024-03-05,VEA,45.498,45.646,45.229,45.359,13584600,616183871.4
2024-03-06,VEA,45.869,46.045,45.785,45.906,13323300,611619409.8
2024-03-07,VEA,46.211,46.489,46.193,46.434,15544900,721811886.6
2024-03-08,VEA,46.619,46.665,46.23,46.304,10492500,485844720.0
2024-03-11,VEA,46.008,46.091,45.85,46.072,7569700,348751218.4
2024-03-12,VEA,46.137,46.425,45.97,46.425,8307400,385671045.0
2024-03-13,VEA,46.387,46.545,46.341,46.434,8727300,405243448.2
2024-03-14,VEA,46.48,46.499,45.943,46.128,12369600,570584908.8
2024-03-15,VEA,46.135,46.2,45.948,46.088,13766700,634479669.6
2024-03-18,VEA,46.237,46.256,46.06,46.097,12116700,558543519.9
2024-03-19,VEA,46.051,46.293,45.967,46.172,10424900,481338482.8
2024-03-20,VEA,46.153,46.722,46.116,46.675,15166000,707873050.0
2024-03-21,VEA,46.759,46.852,46.684,46.703,8951600,418066574.8
2024-03-22,VEA,46.675,46.694,46.498,46.545,9289600,432384432.0
2024-03-25,VEA,46.433,46.647,46.423,46.479,7858000,365231982.0
2024-03-26,VEA,46.703,46.722,46.535,46.545,12502400,581924208.0
2024-03-27,VEA,46.638,46.852,46.591,46.852,7233200,338889886.4
2024-03-28,VEA,46.694,46.824,46.694,46.759,8336000,389783024.0
2024-04-01,VEA,46.694,46.796,46.461,46.573,9987800,465161809.4
2024-04-02,VEA,46.256,46.284,46.135,46.284,15614500,722701518.0
2024-04-03,VEA,46.172,46.601,46.163,46.535,17859100,831073218.5
2024-04-04,VEA,46.843,46.871,46.116,46.163,17525700,809038889.1
2024-04-05,VEA,46.125,46.433,46.013,46.33,13240900,613450897.0
2024-04-08,VEA,46.582,46.647,46.451,46.554,14126200,657631114.8
2024-04-09,VEA,46.75,46.806,46.33,46.563,9098900,423672080.7
2024-04-10,VEA,45.874,46.069,45.687,45.864,14335600,657487958.4
2024-04-11,VEA,46.079,46.116,45.547,46.032,12987500,597840600.0
2024-04-12,VEA,45.613,45.752,45.165,45.23,14173500,641067405.0
2024-04-15,VEA,45.743,45.79,44.988,45.072,20120000,906848640.0
2024-04-16,VEA,44.69,44.811,44.448,44.597,16484100,735141407.7
2024-04-17,VEA,44.811,44.867,44.41,44.625,12166200,542916675.0
2024-04-18,VEA,44.69,44.886,44.485,44.578,13900800,619669862.4
2024-04-19,VEA,44.625,44.783,44.476,44.606,13900300,620036781.8
2024-04-22,VEA,44.867,45.249,44.774,45.091,9371200,422556779.2
2024-04-23,VEA,45.221,45.594,45.165,45.547,7996300,364207476.1
2024-04-24,VEA,45.566,45.585,45.24,45.417,7247700,329168790.9
2024-04-25,VEA,44.792,45.305,44.681,45.221,8433500,381371303.5
2024-04-26,VEA,45.417,45.631,45.398,45.557,9166200,417584573.4
2024-04-29,VEA,45.846,45.902,45.659,45.808,8218500,376473048.0
2024-04-30,VEA,45.603,45.724,45.147,45.165,10083400,455416761.0
2024-05-01,VEA,45.119,45.659,44.979,45.109,12336400,556482667.6
2024-05-02,VEA,45.622,45.855,45.352,45.771,18096900,828313209.9
2024-05-03,VEA,46.284,46.358,45.92,46.19,11883000,548875770.0
2024-05-06,VEA,46.451,46.573,46.396,46.554,8654000,402878316.0
2024-05-07,VEA,46.638,46.731,46.535,46.619,7874700,367110639.3
2024-05-08,VEA,46.377,46.582,46.34,46.573,6547600,304941374.8
2024-05-09,VEA,46.554,46.917,46.554,46.917,7109200,333542336.4
2024-05-10,VEA,47.067,47.085,46.88,46.936,8819900,413970826.4
2024-05-13,VEA,46.973,47.057,46.862,46.927,6602000,309812054.0
2024-05-14,VEA,47.085,47.253,47.048,47.253,9694300,458084757.9
2024-05-15,VEA,47.495,47.728,47.355,47.728,8035100,383499252.8
2024-05-16,VEA,47.654,47.672,47.449,47.458,7410800,351701746.4
2024-05-17,VEA,47.467,47.644,47.383,47.626,7276900,346569639.4
2024-05-20,VEA,47.663,47.794,47.626,47.644,5731000,273047764.0
2024-05-21,VEA,47.495,47.616,47.467,47.57,6900100,328237757.0
2024-05-22,VEA,47.281,47.309,47.001,47.122,7250000,341634500.0
2024-05-23,VEA,47.495,47.533,46.75,46.862,12745600,597284307.2
2024-05-24,VEA,47.039,47.328,47.039,47.244,7106300,335730037.2
2024-05-28,VEA,47.505,47.523,47.113,47.253,7894200,373024632.6
2024-05-29,VEA,46.601,46.694,46.423,46.442,7938700,368689105.4
2024-05-30,VEA,46.75,46.964,46.703,46.862,9017300,422568712.6
2024-05-31,VEA,47.122,47.29,46.88,47.272,10547800,498615601.6
2024-06-03,VEA,47.467,47.551,47.188,47.393,9064800,429608066.4
2024-06-04,VEA,47.244,47.328,47.039,47.253,8275300,391032750.9
2024-06-05,VEA,47.477,47.588,47.206,47.579,7634500,363241875.5
2024-06-06,VEA,47.579,47.728,47.533,47.7,5781400,275772780.0
2024-06-07,VEA,47.309,47.421,47.104,47.113,6722400,316712431.2
2024-06-10,VEA,46.899,47.234,46.796,47.178,6424900,303113932.2
2024-06-11,VEA,46.675,46.75,46.414,46.647,13418500,625932769.5
2024-06-12,VEA,47.458,47.57,47.132,47.216,8405000,396850480.0
2024-06-13,VEA,46.862,46.871,46.368,46.554,5741300,267280480.2
2024-06-14,VEA,46.032,46.153,45.836,46.135,8666400,399824364.0
2024-06-17,VEA,46.023,46.321,45.864,46.302,8490400,393122500.8
2024-06-18,VEA,46.302,46.517,46.302,46.489,11838700,550369324.3
2024-06-20,VEA,46.414,46.573,46.33,46.489,8700500,404477544.5
2024-06-21,VEA,46.17,46.245,46.048,46.179,7126500,329094643.5
2024-06-24,VEA,46.537,46.8,46.537,46.584,7928200,369327268.8
2024-06-25,VEA,46.584,46.706,46.48,46.65,9191200,428769480.0
2024-06-26,VEA,46.264,46.414,46.189,46.339,8628400,399831427.6
2024-06-27,VEA,46.443,46.584,46.349,46.452,8564500,397838154.0
2024-06-28,VEA,46.48,46.65,46.292,46.49,9419000,437889310.0
2024-07-01,VEA,46.687,46.857,46.414,46.527,10764400,500835238.8
2024-07-02,VEA,46.405,46.659,46.339,46.631,10081100,470091774.1
2024-07-03,VEA,46.857,47.242,46.857,47.186,7160900,337894227.4
2024-07-05,VEA,47.618,47.618,47.205,47.487,7272900,345368202.3
2024-07-08,VEA,47.524,47.562,47.252,47.28,8229600,389095488.0
2024-07-09,VEA,47.261,47.261,46.998,47.12,17483700,823831944.0
2024-07-10,VEA,47.524,47.807,47.468,47.778,8188600,391234930.8
2024-07-11,VEA,48.089,48.211,47.929,47.967,7567600,362995069.2
2024-07-12,VEA,48.305,48.616,48.277,48.446,6815000,330159490.0
2024-07-15,VEA,48.352,48.352,48.023,48.079,6455700,310383600.3
2024-07-16,VEA,47.985,48.371,47.929,48.362,6099100,294964674.2
2024-07-17,VEA,48.108,48.286,48.014,48.089,7751700,372771501.3
2024-07-18,VEA,48.183,48.211,47.515,47.618,6991400,332916485.2
2024-07-19,VEA,47.449,47.506,47.261,47.336,10485600,496346361.6
2024-07-22,VEA,47.694,47.816,47.562,47.797,7532100,360011783.7
2024-07-23,VEA,47.59,47.656,47.506,47.553,5498100,261451149.3
2024-07-24,VEA,47.421,47.477,46.932,46.96,6900700,324056872.0
2024-07-25,VEA,46.565,47.092,46.424,46.668,8841400,412610455.2
2024-07-26,VEA,47.054,47.355,46.979,47.28,5992700,283334856.0
2024-07-29,VEA,47.205,47.205,46.875,47.092,9552900,449865166.8
2024-07-30,VEA,47.223,47.327,47.026,47.195,8415500,397169522.5
2024-07-31,VEA,47.929,48.126,47.76,47.891,7592900,363631573.9
2024-08-01,VEA,47.355,47.487,46.433,46.668,8740300,407892320.4
2024-08-02,VEA,46.019,46.104,45.502,45.85,13257200,607842620.0
2024-08-05,VEA,44.091,45.06,44.025,44.778,22549300,1009712555.4
2024-08-06,VEA,44.401,45.116,44.326,44.853,13854100,621397947.3
2024-08-07,VEA,45.699,45.85,45.041,45.069,8239300,371337011.7
2024-08-08,VEA,45.502,45.878,45.276,45.841,8135100,372921119.1
2024-08-09,VEA,45.728,46.029,45.615,46.0,6351100,292150600.0
2024-08-12,VEA,46.019,46.151,45.859,46.019,5173900,238097704.1
2024-08-13,VEA,46.311,46.809,46.302,46.772,5785200,270585374.4
2024-08-14,VEA,46.857,46.988,46.781,46.951,5432900,255080087.9
2024-08-15,VEA,47.346,47.637,47.327,47.524,5473500,260122614.0
2024-08-16,VEA,47.59,47.854,47.571,47.807,5669100,271022663.7
2024-08-19,VEA,48.098,48.418,48.051,48.362,5242900,253557129.8
2024-08-20,VEA,48.305,48.399,48.136,48.23,4840200,233442846.0
2024-08-21,VEA,48.512,48.738,48.399,48.653,5308700,258284181.1
2024-08-22,VEA,48.785,48.794,48.277,48.315,5982500,289044487.5
2024-08-23,VEA,48.757,49.293,48.681,49.246,5857000,288433822.0
2024-08-26,VEA,49.152,49.218,48.992,49.048,5216400,255853987.2
2024-08-27,VEA,49.114,49.321,49.058,49.237,5473200,269483948.4
2024-08-28,VEA,49.161,49.246,48.823,48.992,5682900,278416636.8
2024-08-29,VEA,49.199,49.434,49.086,49.124,6437400,316230837.6
2024-08-30,VEA,49.34,49.406,48.992,49.284,5128900,252772707.6
2024-09-03,VEA,49.001,49.03,48.315,48.428,9777700,473514455.6
2024-09-04,VEA,48.117,48.522,48.117,48.277,9505500,458897023.5
2024-09-05,VEA,48.371,48.475,48.117,48.286,9941700,480044926.2
2024-09-06,VEA,48.277,48.305,47.299,47.383,8885200,421007431.6
2024-09-09,VEA,47.797,48.07,47.76,47.891,6081100,291229960.1
2024-09-10,VEA,47.76,47.825,47.299,47.703,6381000,304392843.0
2024-09-11,VEA,47.703,47.995,47.158,47.976,8049200,386168419.2
2024-09-12,VEA,47.967,48.418,47.825,48.409,6521300,315689611.7
2024-09-13,VEA,48.503,48.719,48.456,48.54,4772200,231642588.0
2024-09-16,VEA,48.738,48.935,48.606,48.926,7249300,354679251.8
2024-09-17,VEA,48.907,48.945,48.522,48.691,8026200,390803704.2
2024-09-18,VEA,48.719,49.142,48.428,48.522,8496600,412272025.2
2024-09-19,VEA,49.378,49.547,49.058,49.453,5994800,296460844.4
2024-09-20,VEA,49.193,49.193,48.806,49.004,5783800,283429335.2
2024-09-23,VEA,49.108,49.249,49.06,49.202,8026800,394934613.6
2024-09-24,VEA,49.381,49.532,49.23,49.504,6856300,339414275.2
2024-09-25,VEA,49.56,49.56,49.174,49.193,7740300,380768577.9
2024-09-26,VEA,50.155,50.372,49.985,50.287,7675600,385982897.2
2024-09-27,VEA,50.192,50.353,49.9,49.975,7370200,368325745.0
2024-09-30,VEA,49.985,49.985,49.513,49.815,8297500,413339962.5
2024-10-01,VEA,49.806,49.843,49.211,49.466,9508300,470337567.8
2024-10-02,VEA,49.372,49.513,49.183,49.381,18025500,890117215.5
2024-10-03,VEA,48.947,49.051,48.749,48.919,10946000,535467374.0
2024-10-04,VEA,48.994,49.24,48.947,49.211,7660500,376980865.5
2024-10-07,VEA,49.098,49.126,48.749,48.938,9049400,442859537.2
2024-10-08,VEA,48.853,48.891,48.702,48.862,7346600,358969569.2
2024-10-09,VEA,48.608,48.928,48.589,48.881,7445600,363948373.6
2024-10-10,VEA,48.693,48.825,48.504,48.796,9757000,476102572.0
2024-10-11,VEA,48.787,49.098,48.768,49.042,6439400,315801054.8
2024-10-14,VEA,48.891,49.183,48.853,49.145,5569400,273708163.0
2024-10-15,VEA,48.966,49.013,48.391,48.447,9881600,478733875.2
2024-10-16,VEA,48.589,48.674,48.532,48.636,7796500,379190574.0
2024-10-17,VEA,48.768,48.777,48.561,48.617,7427300,361093044.1
2024-10-18,VEA,48.825,48.91,48.711,48.891,6601800,322768603.8
2024-10-21,VEA,48.636,48.674,48.24,48.334,5380900,260080420.6
2024-10-22,VEA,48.023,48.136,47.966,48.089,7385200,355146882.8
2024-10-23,VEA,47.674,47.787,47.4,47.627,5952300,283490192.1
2024-10-24,VEA,47.919,47.929,47.57,47.796,10057900,480727388.4
2024-10-25,VEA,47.872,47.976,47.542,47.646,6463300,307950391.8
2024-10-28,VEA,47.815,48.07,47.796,47.995,6096600,292606317.0
2024-10-29,VEA,47.872,47.995,47.768,47.834,10640200,508963326.8
2024-10-30,VEA,47.532,47.834,47.495,47.598,6885100,327716989.8
2024-10-31,VEA,47.381,47.41,46.881,47.259,11686300,552282851.7
2024-11-01,VEA,47.532,47.636,47.306,47.363,8733500,413644760.5
2024-11-04,VEA,47.636,47.778,47.391,47.429,11765000,558002185.0
2024-11-05,VEA,47.532,47.947,47.532,47.929,9292200,445365853.8
2024-11-06,VEA,47.249,47.334,46.872,47.315,9072500,429265337.5
2024-11-07,VEA,47.825,48.089,47.768,48.032,12732500,611567440.0
2024-11-08,VEA,47.523,47.542,47.164,47.4,9223900,437212860.0
2024-11-11,VEA,47.495,47.542,47.325,47.381,7435600,352306163.6
2024-11-12,VEA,46.976,46.995,46.363,46.608,20244700,943564977.6
2024-11-13,VEA,46.466,46.466,46.07,46.344,11300900,523728909.6
2024-11-14,VEA,46.636,46.702,46.334,46.382,11520100,534325278.2
2024-11-15,VEA,46.372,46.372,46.136,46.249,10970600,507379279.4
2024-11-18,VEA,46.268,46.646,46.231,46.561,12142200,565352974.2
2024-11-19,VEA,46.202,46.589,46.136,46.504,10521400,489287185.6
2024-11-20,VEA,46.306,46.372,46.07,46.372,9005500,417603046.0
2024-11-21,VEA,46.372,46.532,46.202,46.485,12278500,570766072.5
2024-11-22,VEA,46.466,46.74,46.4,46.693,8174700,381701267.1
2024-11-25,VEA,47.023,47.08,46.768,46.919,9054400,424823393.6
2024-11-26,VEA,46.759,46.787,46.495,46.636,8338900,388892940.4
2024-11-27,VEA,46.825,46.966,46.731,46.881,8229600,385811877.6
2024-11-29,VEA,47.023,47.466,46.995,47.447,5491000,260531477.0
2024-12-02,VEA,47.466,47.598,47.164,47.495,9293000,441371035.0
2024-12-03,VEA,47.664,47.815,47.485,47.693,10515400,501510972.2
2024-12-04,VEA,47.749,47.825,47.646,47.702,8881800,423679623.6
2024-12-05,VEA,47.91,48.013,47.834,47.919,9564000,458297316.0
2024-12-06,VEA,48.061,48.07,47.768,47.853,6815900,326161262.7
2024-12-09,VEA,48.07,48.145,47.74,47.74,8655500,413213570.0
2024-12-10,VEA,47.646,47.702,47.381,47.391,8813900,417699534.9
2024-12-11,VEA,47.683,47.778,47.561,47.73,10432000,497919360.0
2024-12-12,VEA,47.485,47.655,47.249,47.268,10216500,482913522.0
2024-12-13,VEA,47.325,47.353,47.032,47.146,10514700,495726046.2
2024-12-16,VEA,46.985,47.146,46.891,46.947,27011200,1268094806.4
2024-12-17,VEA,46.872,46.985,46.778,46.834,11807500,552992455.0
2024-12-18,VEA,46.863,46.929,45.627,45.674,12065600,551084214.4
2024-12-19,VEA,45.882,45.948,45.533,45.561,21518700,980413490.7
2024-12-20,VEA,45.133,45.899,45.085,45.545,21038900,958216700.5
2024-12-23,VEA,45.592,45.861,45.43,45.813,23194300,1062600465.9
2024-12-24,VEA,46.052,46.052,45.717,45.995,12487500,574362562.5
2024-12-26,VEA,46.109,46.234,45.975,46.176,15281600,705643161.6
2024-12-27,VEA,46.052,46.176,45.899,46.062,22394000,1031512428.0
2024-12-30,VEA,45.841,45.956,45.564,45.774,17423400,797538711.6
2024-12-31,VEA,45.937,46.014,45.679,45.784,14787400,677026321.6
2025-01-02,VEA,45.899,45.985,45.535,45.688,13721300,626898754.4
2025-01-03,VEA,45.899,45.985,45.707,45.956,13622400,626031014.4
2025-01-06,VEA,46.416,46.703,46.339,46.406,11852500,550027115.0
2025-01-07,VEA,46.713,46.78,46.176,46.253,11744600,543222983.8
2025-01-08,VEA,46.033,46.272,45.889,46.196,10278100,474807107.6
2025-01-10,VEA,45.947,45.947,45.401,45.506,14645500,666458123.0
2025-01-13,VEA,45.123,45.391,45.037,45.382,13679300,620793992.6
2025-01-14,VEA,45.516,45.631,45.324,45.554,16618600,757043704.4
2025-01-15,VEA,46.205,46.244,45.947,46.119,9213400,424912794.6
2025-01-16,VEA,46.205,46.425,46.09,46.272,20460100,946729747.2
2025-01-17,VEA,46.502,46.732,46.435,46.502,8939500,415704629.0
2025-01-21,VEA,47.115,47.421,47.038,47.402,17207900,815688875.8
2025-01-22,VEA,47.526,47.526,47.297,47.297,7315700,346010662.9
2025-01-23,VEA,47.373,47.651,47.316,47.622,9509900,452880457.8
2025-01-24,VEA,47.833,48.034,47.804,47.89,8032400,384671636.0
2025-01-27,VEA,47.632,47.823,47.613,47.804,17764500,849214158.0
2025-01-28,VEA,47.747,47.795,47.498,47.756,8915200,425754291.2
2025-01-29,VEA,47.775,47.9,47.593,47.756,9510800,454197764.8
2025-01-30,VEA,48.197,48.493,48.043,48.273,12208500,589340920.5
2025-01-31,VEA,48.197,48.407,47.766,47.814,14215900,679719042.6
2025-02-03,VEA,46.923,47.498,46.799,47.22,14542000,686673240.0
2025-02-04,VEA,47.498,47.871,47.488,47.795,8354100,399284209.5
2025-02-05,VEA,48.072,48.321,48.005,48.254,11821800,570449137.2
2025-02-06,VEA,48.398,48.58,48.35,48.455,9964500,482829847.5
2025-02-07,VEA,48.465,48.56,47.967,48.072,13414400,644857036.8
2025-02-10,VEA,48.292,48.417,48.254,48.379,7178100,347269299.9
2025-02-11,VEA,48.292,48.637,48.273,48.57,7684800,373250736.0
2025-02-12,VEA,48.206,48.79,48.139,48.666,10303500,501430131.0
2025-02-13,VEA,48.867,49.307,48.848,49.298,10109000,498353482.0
2025-02-14,VEA,49.537,49.594,49.307,49.317,8277000,408196809.0
2025-02-18,VEA,49.614,49.69,49.508,49.652,10253100,509086921.2
2025-02-19,VEA,49.212,49.307,49.049,49.221,7659600,377013171.6
2025-02-20,VEA,49.346,49.46,49.183,49.413,6989700,345382046.1
2025-02-21,VEA,49.47,49.47,48.953,49.058,8430500,413583469.0
2025-02-24,VEA,49.231,49.317,48.915,49.01,12448900,610120589.0
2025-02-25,VEA,49.537,49.547,49.135,49.365,10265100,506736661.5
2025-02-26,VEA,49.508,49.824,49.336,49.441,13514600,668175338.6
2025-02-27,VEA,49.269,49.307,48.838,48.857,12252100,598600849.7
2025-02-28,VEA,48.714,48.915,48.436,48.896,13025300,636885068.8
2025-03-03,VEA,49.767,49.872,48.991,49.259,13698800,674789189.2
2025-03-04,VEA,48.867,49.642,48.426,49.125,14522700,713427637.5
2025-03-05,VEA,49.767,50.389,49.767,50.284,18658400,938218985.6
2025-03-06,VEA,49.997,50.38,49.767,49.815,21122800,1052232282.0
2025-03-07,VEA,49.891,50.389,49.776,50.341,12723900,640533849.9
2025-03-10,VEA,49.575,49.7,48.848,49.183,14215500,699160936.5
2025-03-11,VEA,49.269,49.307,48.675,49.049,16648900,816611896.1
2025-03-12,VEA,49.422,49.547,49.077,49.413,12650500,625099156.5
2025-03-13,VEA,49.164,49.288,48.915,49.039,13255900,650056080.1
2025-03-14,VEA,49.46,49.997,49.46,49.977,14118700,705610269.9
2025-03-17,VEA,50.131,50.638,50.102,50.571,15984600,808357206.6
2025-03-18,VEA,50.494,50.581,50.236,50.504,11004100,555751066.4
2025-03-19,VEA,50.408,50.887,50.36,50.734,13407700,680226251.8
2025-03-20,VEA,50.044,50.389,50.006,50.341,8143200,409936831.2
2025-03-21,VEA,50.026,50.141,49.862,50.064,8198000,410424672.0
2025-03-24,VEA,50.045,50.209,49.949,50.132,10202000,511446664.0
2025-03-25,VEA,50.459,50.507,50.276,50.401,10177500,512956177.5
2025-03-26,VEA,50.122,50.218,49.699,49.795,15041900,749011410.5
2025-03-27,VEA,49.737,49.978,49.66,49.853,11063900,551568606.7
2025-03-28,VEA,49.651,49.66,49.227,49.285,11998600,591351001.0
2025-03-31,VEA,48.641,49.035,48.439,48.891,18049300,882448326.3
2025-04-01,VEA,48.997,49.208,48.698,49.064,13168500,646099284.0
2025-04-02,VEA,48.67,49.237,48.602,49.199,11739200,577556900.8
2025-04-03,VEA,48.708,48.833,48.073,48.169,17045400,821059872.6
2025-04-04,VEA,46.371,46.515,45.034,45.12,36603400,1651545408.0
2025-04-07,VEA,43.745,45.736,43.427,44.139,51925000,2291917575.0
2025-04-08,VEA,45.707,45.707,43.418,43.908,36120600,1585983304.8
2025-04-09,VEA,43.976,47.352,43.726,47.188,33572600,1584223848.8
2025-04-10,VEA,46.419,46.525,45.245,46.255,27617300,1277438211.5
2025-04-11,VEA,46.582,47.612,46.477,47.525,17136400,814407410.0
2025-04-14,VEA,47.871,48.285,47.66,48.073,9952700,478456147.1
2025-04-15,VEA,48.294,48.641,48.294,48.4,8984100,434830440.0
2025-04-16,VEA,48.458,48.756,48.092,48.294,9296800,448979659.2
2025-04-17,VEA,48.641,49.083,48.631,48.814,9870700,481828349.8
2025-04-21,VEA,49.035,49.179,48.256,48.583,13408400,651420297.2
2025-04-22,VEA,49.266,49.747,49.189,49.535,15400300,762853860.5
2025-04-23,VEA,49.987,50.285,49.545,49.68,10911000,542058480.0
2025-04-24,VEA,49.92,50.324,49.795,50.314,8252300,415206222.2
2025-04-25,VEA,50.237,50.459,50.093,50.43,7631800,384871674.0
2025-04-28,VEA,50.497,50.815,50.459,50.776,18104800,919289324.8
2025-04-29,VEA,50.795,51.007,50.738,50.93,11431000,582180830.0
2025-04-30,VEA,50.584,50.978,50.295,50.853,10984700,558604949.1
2025-05-01,VEA,51.026,51.055,50.574,50.641,9317900,471867773.9
2025-05-02,VEA,51.497,51.709,51.42,51.565,9884400,509689086.0
2025-05-05,VEA,51.738,51.805,51.661,51.661,8481300,438152439.3
2025-05-06,VEA,51.642,51.796,51.594,51.651,17269100,891966284.1
2025-05-07,VEA,51.565,51.68,51.315,51.469,10961000,564151709.0
2025-05-08,VEA,51.69,51.69,51.295,51.295,12892300,661310528.5
2025-05-09,VEA,51.738,51.738,51.469,51.632,11729400,605612380.8
2025-05-12,VEA,51.719,51.882,51.478,51.882,12161700,630973319.4
2025-05-13,VEA,51.805,52.094,51.757,51.969,9975800,518432350.2
2025-05-14,VEA,52.142,52.161,51.709,51.757,11755400,608424237.8
2025-05-15,VEA,52.094,52.315,51.988,52.305,9895900,517605049.5
2025-05-16,VEA,52.286,52.45,52.142,52.421,10793700,565816547.7
2025-05-19,VEA,52.363,52.844,52.344,52.844,9975100,527124184.4
2025-05-20,VEA,52.931,53.113,52.892,53.094,14531300,771524842.2
2025-05-21,VEA,53.152,53.335,52.777,52.806,16508100,871726728.6
2025-05-22,VEA,52.565,52.902,52.517,52.748,12009200,633461281.6
2025-05-23,VEA,52.373,53.027,52.373,52.931,12360500,654253625.5
2025-05-27,VEA,53.739,53.767,53.575,53.671,12582300,675304623.3
2025-05-28,VEA,53.258,53.335,53.094,53.181,12534800,666613198.8
2025-05-29,VEA,53.44,53.498,53.161,53.392,11628800,620884889.6
2025-05-30,VEA,53.411,53.537,53.075,53.46,14170800,757570968.0
2025-06-02,VEA,53.594,54.085,53.46,54.075,11474800,620499810.0
2025-06-03,VEA,53.623,53.748,53.421,53.681,16827000,903290187.0
2025-06-04,VEA,53.873,54.114,53.815,53.96,12306100,664037156.0
2025-06-05,VEA,54.191,54.219,53.864,53.96,14319000,772653240.0
2025-06-06,VEA,54.085,54.2,53.989,54.133,9887400,535234624.2
2025-06-09,VEA,54.075,54.344,54.046,54.152,11053500,598569132.0
2025-06-10,VEA,54.344,54.373,54.133,54.277,10078900,547052455.3
2025-06-11,VEA,54.412,54.518,54.219,54.268,16068500,872005358.0
2025-06-12,VEA,54.566,54.729,54.489,54.691,9588500,524404653.5
2025-06-13,VEA,54.037,54.325,53.892,54.027,12588200,680102681.4
2025-06-16,VEA,54.498,54.739,54.258,54.296,13452500,730416940.0
2025-06-17,VEA,54.066,54.104,53.556,53.613,12149200,651355059.6
2025-06-18,VEA,53.844,54.046,53.642,53.758,18749600,1007940996.8
2025-06-20,VEA,53.827,53.846,53.322,53.322,14499600,773147671.2
2025-06-23,VEA,52.973,53.73,52.964,53.73,25964800,1395088704.0
2025-06-24,VEA,54.195,54.496,54.117,54.437,22023200,1198876938.4
2025-06-25,VEA,54.156,54.224,54.011,54.166,12783800,692447310.8
2025-06-26,VEA,54.583,54.806,54.486,54.757,15078700,825664375.9
2025-06-27,VEA,55.068,55.31,54.854,55.097,11093400,611213059.8
2025-06-30,VEA,55.038,55.3,54.961,55.271,15742500,870103717.5
2025-07-01,VEA,55.135,55.3,55.077,55.232,14596800,806210457.6
2025-07-02,VEA,55.038,55.417,54.942,55.407,10927900,605482155.3
2025-07-03,VEA,55.387,55.562,55.358,55.475,7279700,403841357.5
2025-07-07,VEA,55.077,55.174,54.651,54.786,15994700,876285634.2
2025-07-08,VEA,54.99,55.242,54.883,55.184,14520300,801288235.2
2025-07-09,VEA,55.417,55.581,55.271,55.562,9479400,526694422.8
2025-07-10,VEA,55.465,55.64,55.339,55.601,8208900,456423048.9
2025-07-11,VEA,55.203,55.232,55.048,55.135,9424800,519636348.0
2025-07-14,VEA,54.98,55.232,54.942,55.203,10144900,560028914.7
2025-07-15,VEA,55.232,55.261,54.622,54.651,9655900,527704590.9
2025-07-16,VEA,54.651,54.922,54.466,54.912,15045300,826167513.6
2025-07-17,VEA,54.786,55.058,54.699,55.038,12344500,679416591.0
2025-07-18,VEA,55.31,55.31,54.854,54.912,7999000,439241088.0
2025-07-21,VEA,55.213,55.514,55.116,55.271,9228500,510068423.5
2025-07-22,VEA,55.271,55.572,55.135,55.533,12246600,680090437.8
2025-07-23,VEA,56.192,56.735,56.144,56.716,12462600,706828821.6
2025-07-24,VEA,56.444,56.561,56.299,56.318,9123800,513834168.4
2025-07-25,VEA,55.959,56.25,55.872,56.25,7312300,411316875.0
2025-07-28,VEA,55.717,55.785,55.32,55.417,11187700,619988770.9
2025-07-29,VEA,55.475,55.484,55.291,55.397,11933800,661096718.6
2025-07-30,VEA,55.242,55.387,54.786,54.98,13314900,732053202.0
2025-07-31,VEA,54.845,54.845,54.389,54.505,19166500,1044670082.5
2025-08-01,VEA,54.34,54.399,53.982,54.311,14943600,811601859.6
2025-08-04,VEA,54.903,55.077,54.864,55.068,12578700,692683851.6
2025-08-05,VEA,55.165,55.261,54.961,55.165,8942400,493307496.0
2025-08-06,VEA,55.446,55.649,55.291,55.591,8019200,445795347.2
2025-08-07,VEA,56.153,56.173,55.727,55.989,10237700,573198585.3
2025-08-08,VEA,56.163,56.357,56.095,56.25,7640800,429795000.0
2025-08-11,VEA,56.047,56.153,55.959,56.027,10040100,562516682.7
2025-08-12,VEA,56.231,56.667,56.153,56.658,8588100,486584569.8
2025-08-13,VEA,56.851,56.968,56.784,56.919,8893500,506209126.5
2025-08-14,VEA,56.619,56.842,56.599,56.822,9971200,566583526.4
2025-08-15,VEA,57.123,57.152,56.997,57.074,8013600,457368206.4
2025-08-18,VEA,56.997,57.026,56.851,57.016,12094000,689551504.0
2025-08-19,VEA,57.142,57.22,56.9,56.948,13533800,770722842.4
2025-08-20,VEA,57.055,57.142,56.919,57.094,10937400,624459915.6
2025-08-21,VEA,56.822,56.929,56.696,56.822,9940100,564816362.2
2025-08-22,VEA,57.055,57.85,57.036,57.743,8334100,481235936.3
2025-08-25,VEA,57.511,57.588,57.026,57.026,11252100,641662254.6
2025-08-26,VEA,56.9,57.065,56.861,57.045,10959900,625207495.5
2025-08-27,VEA,56.638,56.997,56.599,56.977,8263400,470823741.8
2025-08-28,VEA,57.191,57.268,57.065,57.21,9558600,546847506.0
2025-08-29,VEA,56.881,57.007,56.793,56.919,13976400,795522711.6
2025-09-02,VEA,56.134,56.483,56.047,56.415,13307700,750753895.5
2025-09-03,VEA,56.405,56.59,56.328,56.541,14512900,820573878.9
2025-09-04,VEA,56.667,56.91,56.59,56.89,8704900,495221761.0
2025-09-05,VEA,57.385,57.53,56.997,57.162,12146000,694289652.0
2025-09-08,VEA,57.569,57.743,57.423,57.714,8503300,490759456.2
2025-09-09,VEA,57.54,57.666,57.433,57.559,11960500,688434419.5
2025-09-10,VEA,57.734,57.831,57.53,57.598,10548400,607566743.2
2025-09-11,VEA,57.772,58.257,57.772,58.238,11815900,688134384.2
2025-09-12,VEA,57.966,58.102,57.879,57.995,9183400,532591283.0
2025-09-15,VEA,58.354,58.471,58.209,58.461,22308900,1304200602.9
2025-09-16,VEA,58.519,58.519,58.199,58.393,15148200,884548842.6
2025-09-17,VEA,58.296,58.674,57.918,58.189,12221000,711127769.0
2025-09-18,VEA,58.238,58.432,58.034,58.374,16783200,979702516.8
2025-09-19,VEA,58.205,58.244,58.03,58.108,15449000,897710492.0
2025-09-22,VEA,58.225,58.449,58.078,58.419,10972500,641002477.5
2025-09-23,VEA,58.751,58.751,58.244,58.332,13985500,815802186.0
2025-09-24,VEA,58.049,58.176,57.864,57.923,10955300,634563841.9
2025-09-25,VEA,57.552,57.601,57.299,57.533,14587900,839285650.7
2025-09-26,VEA,57.66,57.884,57.65,57.874,10880300,629686482.2
2025-09-29,VEA,58.069,58.195,58.03,58.166,12227500,711224765.0
2025-09-30,VEA,58.098,58.429,58.078,58.371,14228100,830508425.1
2025-10-01,VEA,58.653,58.906,58.643,58.809,13793900,811205465.1
2025-10-02,VEA,59.062,59.101,58.624,58.936,14710400,866972134.4
2025-10-03,VEA,59.306,59.569,59.247,59.481,10005900,595160937.9
2025-10-06,VEA,59.608,59.734,59.491,59.598,9944100,592648471.8
2025-10-07,VEA,59.442,59.462,59.053,59.082,9942700,587434601.4
2025-10-08,VEA,59.199,59.316,59.111,59.267,10158000,602034186.0
2025-10-09,VEA,59.306,59.325,58.614,58.76,12014800,705989648.0
2025-10-10,VEA,58.604,58.682,57.572,57.65,14102800,813026420.0
2025-10-13,VEA,58.0,58.322,57.942,58.254,10517200,612668968.8
2025-10-14,VEA,57.825,58.634,57.767,58.429,14567200,851146928.8
2025-10-15,VEA,58.751,58.984,58.468,58.838,10995400,646947345.2
2025-10-16,VEA,59.189,59.403,58.897,59.091,13762200,813222160.2
2025-10-17,VEA,58.906,59.189,58.77,59.14,10372100,613405994.0
2025-10-20,VEA,59.393,59.705,59.393,59.656,7678300,458056664.8
2025-10-21,VEA,59.325,59.355,59.091,59.121,8757200,517734421.2
2025-10-22,VEA,59.179,59.325,58.877,59.14,10557400,624364636.0
2025-10-23,VEA,59.238,59.549,59.238,59.442,6856700,407575961.4
2025-10-24,VEA,59.637,59.725,59.54,59.637,8572200,511220291.4
2025-10-27,VEA,60.056,60.095,59.929,60.075,16256400,976603230.0
2025-10-28,VEA,59.968,60.202,59.871,60.066,13252500,796024665.0
2025-10-29,VEA,60.095,60.144,59.442,59.725,16800300,1003397917.5
2025-10-30,VEA,59.384,59.695,59.335,59.452,13562000,806288024.0
2025-10-31,VEA,59.491,59.491,59.169,59.403,10372700,616169498.1
2025-11-03,VEA,59.588,59.588,59.296,59.549,9490600,565155739.4
2025-11-04,VEA,58.809,59.091,58.731,58.76,13680200,803848552.0
2025-11-05,VEA,58.76,59.218,58.751,59.13,9545100,564401763.0
2025-11-06,VEA,59.091,59.16,58.682,58.858,14435400,849638773.2
2025-11-07,VEA,58.614,59.043,58.4,59.043,14800600,873871825.8
2025-11-10,VEA,59.52,59.812,59.345,59.764,10063100,601411108.4
2025-11-11,VEA,59.958,60.222,59.92,60.134,7046900,423758284.6
2025-11-12,VEA,60.28,60.592,60.28,60.523,11640200,704499824.6
2025-11-13,VEA,60.426,60.504,59.734,59.812,13987900,836644274.8
2025-11-14,VEA,59.374,59.89,59.316,59.734,11976300,715392304.2
2025-11-17,VEA,59.325,59.549,58.76,58.965,11612500,684731062.5
2025-11-18,VEA,58.244,58.546,57.961,58.361,21744000,1269001584.0
2025-11-19,VEA,58.244,58.517,57.913,58.166,14901100,866737382.6
2025-11-20,VEA,58.546,58.702,57.358,57.377,19243500,1104134299.5
2025-11-21,VEA,57.845,58.371,57.591,58.225,16449300,957760492.5
2025-11-24,VEA,58.117,58.507,58.02,58.507,24632500,1441173677.5
2025-11-25,VEA,58.604,59.072,58.4,59.062,16452800,971735273.6
2025-11-26,VEA,59.267,59.803,59.267,59.695,10988000,655928660.0
2025-11-28,VEA,59.754,59.988,59.676,59.978,5615400,336800461.2
2025-12-01,VEA,59.754,59.958,59.647,59.676,10104700,603008077.2
2025-12-02,VEA,59.9,59.92,59.656,59.871,16957100,1015238534.1
2025-12-03,VEA,59.91,60.221,59.91,60.192,10039700,604309622.4
2025-12-04,VEA,60.475,60.523,60.241,60.348,11295900,681684973.2
2025-12-05,VEA,60.601,60.709,60.348,60.436,15165000,916511940.0
2025-12-08,VEA,60.562,60.562,60.221,60.309,13577000,818815293.0
2025-12-09,VEA,60.348,60.504,60.221,60.241,13739000,827651099.0
2025-12-10,VEA,60.319,61.02,60.28,60.923,16608700,1011851830.1
2025-12-11,VEA,61.02,61.293,60.942,61.176,17012900,1040781170.4
2025-12-12,VEA,61.235,61.283,60.572,60.864,20951400,1275186009.6
2025-12-15,VEA,61.39,61.449,61.079,61.215,19714700,1206835360.5
2025-12-16,VEA,61.05,61.137,60.709,60.845,26297300,1600059218.5
2025-12-17,VEA,60.835,60.952,60.416,60.416,16268800,982895820.8
2025-12-18,VEA,60.981,61.225,60.777,60.894,15461500,941512581.0
2025-12-19,VEA,61.092,61.498,61.092,61.26,18315900,1122032034.0
2025-12-22,VEA,61.379,61.587,61.359,61.547,20034300,1233051062.1
2025-12-23,VEA,61.904,61.993,61.825,61.954,27124800,1680489859.2
2025-12-24,VEA,62.023,62.132,61.964,62.092,9490500,589284126.0
2025-12-26,VEA,62.181,62.221,62.053,62.221,12049000,749700829.0
2025-12-29,VEA,62.122,62.231,61.993,62.132,15346900,953533590.8
2025-12-30,VEA,62.32,62.429,62.191,62.201,13309600,827870429.6
2025-12-31,VEA,62.162,62.162,61.845,61.884,14361400,888740877.6
2026-01-02,VEA,62.558,62.617,62.261,62.607,19524300,1222357850.1
2026-01-05,VEA,62.845,63.38,62.33,63.35,23987200,1519589120.0
2026-01-06,VEA,63.469,63.588,63.37,63.539,22562900,1433624103.1
2026-01-07,VEA,63.499,63.499,63.232,63.281,19224200,1216526600.2
2026-01-08,VEA,63.142,63.36,63.083,63.34,14891800,943246612.0
2026-01-09,VEA,63.667,63.984,63.618,63.925,15461400,988369995.0
2026-01-12,VEA,64.113,64.341,64.083,64.311,16176200,1040307598.2
2026-01-13,VEA,64.212,64.232,63.816,63.955,21135800,1351740089.0
2026-01-14,VEA,64.153,64.282,64.034,64.262,41203100,2647793612.2
2026-01-15,VEA,64.5,64.569,64.311,64.351,22070600,1420265180.6
2026-01-16,VEA,64.539,64.549,64.222,64.529,18227000,1176170083.0
2026-01-20,VEA,63.747,64.103,63.558,63.667,22693500,1444827064.5
2026-01-21,VEA,63.994,64.579,63.737,64.4,31394500,2021805800.0
2026-01-22,VEA,64.708,64.866,64.529,64.747,19657800,1272783576.6
2026-01-23,VEA,64.628,65.203,64.5,65.163,22542400,1468930411.2
2026-01-26,VEA,65.579,65.718,65.431,65.46,18359000,1201780140.0
2026-01-27,VEA,66.134,66.639,66.124,66.53,22799000,1516817470.0
2026-01-28,VEA,66.213,66.293,65.718,66.094,22542200,1489904166.8
2026-01-29,VEA,66.699,66.758,65.619,66.441,31529800,2094871441.8
2026-01-30,VEA,66.144,66.253,65.312,65.579,28904500,1895528205.5
2026-02-02,VEA,65.421,65.886,65.391,65.837,20450700,1346412735.9
2026-02-03,VEA,65.966,66.243,65.52,66.094,24292500,1605588495.0
2026-02-04,VEA,66.719,66.837,65.896,66.174,27908400,1846810461.6
2026-02-05,VEA,65.441,65.857,65.183,65.282,23248900,1517734689.8
2026-02-06,VEA,66.114,66.758,66.055,66.738,13752000,917780976.0
2026-02-09,VEA,67.095,67.808,67.055,67.729,21223400,1437439658.6
2026-02-10,VEA,68.105,68.125,67.868,67.897,16400400,1113537958.8
2026-02-11,VEA,68.412,68.531,67.818,68.403,18412400,1259463397.2
2026-02-12,VEA,68.65,68.749,67.66,67.858,19882000,1349152756.0
2026-02-13,VEA,67.769,68.224,67.382,68.115,23531700,1602861745.5
2026-02-17,VEA,67.62,68.105,67.194,67.937,19239900,1307101086.3
2026-02-18,VEA,68.105,68.502,67.996,68.165,11508400,784470086.0
2026-02-19,VEA,67.798,68.155,67.66,68.145,13326800,908154786.0
2026-02-20,VEA,68.145,68.908,68.125,68.868,15188800,1046022278.4
2026-02-23,VEA,68.789,69.007,68.343,68.531,13441400,921152583.4
2026-02-24,VEA,68.502,68.987,68.412,68.809,19624000,1350307816.0
2026-02-25,VEA,69.344,69.671,69.255,69.601,12223300,850753903.3
2026-02-26,VEA,69.71,69.78,69.066,69.651,19692700,1371616247.7
2026-02-27,VEA,69.651,69.889,69.423,69.581,30903000,2150261643.0
2026-03-02,VEA,67.927,68.65,67.848,68.363,18858300,1289209962.9
2026-03-03,VEA,65.143,66.302,64.311,65.985,28277900,1865917231.5
2026-03-04,VEA,66.174,66.897,65.966,66.748,33681900,2248199461.2
2026-03-05,VEA,65.708,66.055,64.5,65.173,22636200,1475269062.6
2026-03-06,VEA,64.034,64.985,63.806,64.668,18824900,1217368633.2
2026-03-09,VEA,63.677,65.51,63.103,65.292,37065500,2420080626.0
2026-03-10,VEA,65.698,66.53,65.262,65.351,24941300,1629938896.3
2026-03-11,VEA,65.084,65.51,64.747,65.243,15587100,1016949165.3
2026-03-12,VEA,64.589,64.589,63.717,63.965,22399400,1432777621.0
2026-03-13,VEA,64.262,64.5,63.123,63.222,14972800,946610361.6
2026-03-16,VEA,64.212,64.767,64.103,64.579,16653400,1075459918.6
2026-03-17,VEA,65.074,65.203,64.698,64.797,16693500,1081688719.5
2026-03-18,VEA,64.5,64.618,63.628,63.677,14904900,949099317.3
2026-03-19,VEA,62.528,63.935,62.429,63.558,28759300,1827883589.4
2026-03-20,VEA,63.309,63.309,61.206,61.563,23701300,1459123131.9
2026-03-23,VEA,62.863,63.915,62.516,63.17,30015800,1896098086.0
2026-03-24,VEA,62.258,63.051,62.089,62.664,21374700,1339424200.8
2026-03-25,VEA,63.706,63.835,63.131,63.478,11955800,758930272.4
2026-03-26,VEA,62.674,63.17,61.99,62.0,14445600,895627200.0
2026-03-27,VEA,61.732,62.238,61.355,61.573,23786200,1464587692.6
2026-03-30,VEA,62.119,62.198,61.255,61.553,13374700,823252909.1
2026-03-31,VEA,62.317,63.617,62.089,63.587,20633100,1311996929.7
2026-04-01,VEA,64.47,65.086,64.302,64.639,22523000,1455864197.0
2026-04-02,VEA,63.022,64.46,62.962,64.143,16486000,1057461498.0
2026-04-06,VEA,64.331,64.748,64.272,64.619,14882000,961659958.0
2026-04-07,VEA,64.183,64.669,63.518,64.589,14707200,949923340.8
2026-04-08,VEA,67.566,67.566,66.782,67.298,12954500,871811941.0
2026-04-09,VEA,66.574,67.358,66.336,67.031,12114500,812047049.5
2026-04-10,VEA,67.447,67.517,66.921,67.219,10904000,732955976.0
2026-04-13,VEA,66.564,67.715,66.524,67.685,17884500,1210512382.5
2026-04-14,VEA,68.053,68.44,67.953,68.36,8838100,604172516.0
2026-04-15,VEA,68.162,68.231,67.924,68.172,8517400,580648192.8
2026-04-16,VEA,68.4,68.459,67.904,68.102,7285500,496157121.0
2026-04-17,VEA,69.194,69.63,68.946,69.095,15122100,1044861499.5
2026-04-20,VEA,68.638,68.797,68.271,68.797,9018800,620466383.6
2026-04-21,VEA,68.43,68.519,67.219,67.298,11404800,767520230.4
2026-04-22,VEA,67.904,67.953,67.586,67.824,9559400,648356745.6
2026-04-23,VEA,67.576,67.834,66.445,67.169,18912900,1270360580.1
2026-04-24,VEA,67.408,67.715,67.169,67.616,9533300,644603612.8
2026-04-27,VEA,67.785,67.914,67.457,67.547,8949300,604498367.1
2026-04-28,VEA,67.229,67.388,66.921,67.209,11367700,764011749.3
2026-04-29,VEA,66.961,67.021,66.276,66.564,10743700,715143646.8
2026-04-30,VEA,67.517,68.41,67.378,68.271,13300000,908004300.0
2026-05-01,VEA,68.291,68.698,68.172,68.192,12750000,869448000.0
2026-05-04,VEA,67.953,68.192,67.189,67.388,15206300,1024722144.4
2026-05-05,VEA,68.122,68.608,68.003,68.45,14930100,1021965345.0
2026-05-06,VEA,70.047,70.394,69.928,70.325,9893100,695732257.5
2026-05-07,VEA,70.464,70.573,69.085,69.134,14924700,1031804209.8
2026-05-08,VEA,69.878,70.295,69.849,70.285,9468500,665493522.5
2026-05-11,VEA,70.265,70.454,70.176,70.275,9789400,687950085.0
2026-05-12,VEA,69.462,69.571,68.827,69.432,9068200,629623262.4
2026-05-13,VEA,69.63,70.107,69.462,70.087,9963600,698318833.2
2026-05-14,VEA,70.146,70.246,69.918,70.017,10071200,705155210.4
2026-05-15,VEA,68.727,68.817,68.36,68.549,9970600,683474659.4
2026-05-18,VEA,69.194,69.253,68.38,68.985,12279300,847087510.5
2026-05-19,VEA,68.39,68.926,68.132,68.459,11695500,800662234.5
2026-05-20,VEA,68.529,69.789,68.489,69.66,9111400,634700124.0
2026-05-21,VEA,69.283,70.385,69.095,70.146,13456600,943926663.6
2026-05-22,VEA,70.127,70.295,69.839,69.918,8708200,608859927.6
2026-05-26,VEA,71.059,71.327,70.93,71.228,8763600,624213700.8
2026-05-27,VEA,71.159,71.228,70.652,70.861,8579600,607959035.6
2026-05-28,VEA,70.504,71.288,70.335,71.109,8369800,595168108.2
2026-05-29,VEA,71.466,71.675,71.149,71.218,11897300,847301911.4
2026-06-01,VEA,71.0,71.665,70.692,71.317,10528400,750853902.8
2026-06-02,VEA,71.327,71.764,71.248,71.764,7565100,542901836.4
2026-06-03,VEA,71.476,71.546,71.02,71.119,8234700,585643629.3
2026-06-04,VEA,70.96,71.417,70.841,71.288,7337000,523040056.0
2026-06-05,VEA,70.315,70.365,68.479,68.638,14225600,976416732.8
2026-06-08,VEA,69.62,69.749,69.174,69.323,13037900,903826341.7
2026-06-09,VEA,70.206,70.424,68.072,69.303,11879900,823312709.7
2026-06-10,VEA,68.866,69.422,68.251,68.281,11334000,773896854.0
2026-06-11,VEA,69.124,70.851,68.886,70.762,16157700,1143351167.4
2026-06-12,VEA,70.593,71.248,70.285,71.0,15850800,1125406800.0
2026-06-15,VEA,72.141,72.24,71.734,71.833,10650500,765057366.5
2026-06-16,VEA,72.161,72.29,71.694,71.764,7907100,567445124.4
2026-06-17,VEA,72.32,72.667,71.297,71.446,20840100,1488941784.6
2026-06-18,VEA,72.181,72.331,71.972,72.132,8922200,643576130.4
2026-06-22,VEA,72.181,72.381,72.062,72.211,9433800,681224131.8
2026-06-23,VEA,69.987,70.615,69.887,69.997,13265900,928573202.3
2026-06-24,VEA,70.147,70.346,69.748,70.107,9889800,693344208.6
2026-06-25,VEA,71.314,71.364,70.565,70.984,8494400,602966489.6
2026-06-26,VEA,70.236,70.875,70.166,70.386,14441800,1016500534.8
2026-06-29,VEA,70.506,70.755,69.787,70.745,11260000,796588700.0
2026-06-30,VEA,70.715,71.144,70.635,71.074,24041500,1708725571.0
2026-07-01,VEA,70.316,70.605,70.137,70.186,9515600,667861901.6
2026-07-02,VEA,70.925,71.393,69.997,70.635,17603000,1243387905.0
2026-07-06,VEA,71.433,71.743,71.344,71.713,10960200,785988822.6
2026-07-07,VEA,71.054,71.204,70.356,70.605,8613000,608120865.0
2026-07-08,VEA,69.598,70.206,69.169,70.166,27524100,1931256000.6
2026-07-09,VEA,70.426,70.755,70.306,70.556,12647700,892371121.2
2026-07-10,VEA,70.605,70.964,70.256,70.815,12687400,898458231.0
2026-07-13,VEA,70.007,70.147,69.468,69.588,9119200,634586889.6
2026-07-14,VEA,70.476,70.865,70.386,70.426,13284600,935581239.6
2026-07-15,VEA,70.645,70.765,69.977,70.645,9670200,683151279.0
2026-07-16,VEA,69.857,70.246,69.668,69.857,8242900,575824265.3
2026-07-17,VEA,68.959,69.797,68.81,69.528,11115300,772824578.4
2026-07-20,VEA,69.598,69.728,69.019,69.059,11088100,765733097.9
2026-07-21,VEA,69.807,70.376,69.558,70.296,7458400,524295686.4
2026-07-22,VEA,70.306,70.575,70.286,70.316,6017500,423126530.0
2026-07-23,VEA,69.538,69.917,69.239,69.608,9653300,671946906.4
2026-07-24,VEA,69.787,70.057,69.448,69.538,8584500,596948961.0
2026-07-27,VEA,70.276,70.356,69.388,69.827,6613400,461793881.8
2026-07-28,VEA,69.019,69.718,68.91,69.428,9062600,629198192.8
2026-07-29,VEA,69.249,70.017,68.491,68.78,13347400,918034172.0
2026-07-30,VEA,69.977,70.955,69.847,70.915,14299300,1014034859.5
2026-07-31,VEA,70.865,70.905,69.887,70.446,10263900,723050699.4
2026-08-03,VEA,70.565,70.905,70.296,70.865,7602400,538744076.0
2026-08-04,VEA,71.563,72.152,71.463,72.042,7536100,542915716.2
2026-08-05,VEA,72.521,72.58,72.152,72.172,6292000,454106224.0
2026-08-06,VEA,71.952,72.351,71.832,71.942,14125500,1016216721.0
2026-08-07,VEA,72.88,72.94,72.391,72.71,7979100,580160361.0
2026-08-10,VEA,72.381,72.511,72.281,72.321,10633100,768996425.1
2026-08-11,VEA,72.73,72.84,72.341,72.511,14878300,1078840411.3
2026-08-12,VEA,73.189,73.299,72.96,73.119,9404200,687625699.8
2026-08-13,VEA,73.189,73.478,73.169,73.359,6415200,470612656.8
2026-08-14,VEA,73.528,73.708,73.269,73.398,5085200,373243509.6
2026-08-17,VEA,73.448,73.857,73.448,73.508,6582700,483881111.6
2026-08-18,VEA,72.8,72.94,72.201,72.211,8180000,590685980.0
2026-08-19,VEA,72.94,72.97,72.461,72.65,13529200,982896380.0
2026-08-20,VEA,72.64,73.069,72.491,72.66,13159700,956183802.0
2026-08-21,VEA,73.319,73.398,73.149,73.239,11326800,829563505.2
2026-08-24,VEA,72.999,73.049,72.69,72.88,10570100,770348888.0
2026-08-25,VEA,73.379,73.638,73.089,73.608,7627500,561445020.0
2026-08-26,VEA,73.528,73.678,73.229,73.269,6987200,511945156.8
2026-08-27,VEA,73.259,73.349,72.989,73.239,9048200,662681119.8
2026-08-28,VEA,73.468,73.698,72.73,72.88,7603700,554157656.0
2026-08-31,VEA,73.069,73.129,72.561,72.74,9795500,712524670.0
2026-09-01,VEA,72.371,72.531,71.763,71.932,8210800,590619265.6
2026-09-02,VEA,72.102,72.451,72.072,72.411,8690200,629266072.2
2026-09-03,VEA,73.019,73.379,72.73,73.259,7973500,584130636.5
2026-09-04,VEA,73.049,73.688,73.049,73.578,8599800,632756084.4
2026-09-08,VEA,73.618,73.728,73.229,73.269,18325000,1342654425.0
2026-09-09,VEA,73.119,73.199,72.59,72.64,8543700,620614368.0
2026-09-10,VEA,72.082,72.281,71.653,71.743,7647100,548625895.3
2026-09-11,VEA,72.78,72.78,72.431,72.511,7568400,548792252.4
2026-09-14,VEA,71.563,72.022,71.284,71.543,10372200,742058304.6
2026-09-15,VEA,71.513,71.543,71.084,71.354,8427200,601314428.8
2026-09-16,VEA,71.753,71.952,70.635,71.084,10197500,724879090.0
2026-09-17,VEA,72.052,72.181,71.902,71.972,7062500,508302250.0
2026-09-18,VEA,71.34,71.44,71.05,71.38,7434000,530638920.0
2026-09-21,VEA,72.23,72.43,71.93,72.3,10291000,744039300.0
2026-09-23,VEA,72.0,72.02,71.22,71.42,7699800,549919716.0
2026-09-24,VEA,71.14,71.39,70.712,71.05,10042271,713503354.55
