date,symbol,open,high,low,close,volume,quote_volume
2015-04-16,VIRT,14.428,14.849,13.795,13.914,15680100,218172911.4
2015-04-17,VIRT,14.083,15.024,13.983,14.215,3868900,54996413.5
2015-04-20,VIRT,15.118,15.213,14.341,14.403,1960800,28241402.4
2015-04-21,VIRT,14.428,14.598,13.832,14.021,1242600,17422494.6
2015-04-22,VIRT,14.115,14.235,13.45,13.682,936200,12809088.4
2015-04-23,VIRT,13.676,14.209,13.563,14.177,447700,6347042.9
2015-04-24,VIRT,14.353,14.378,13.895,13.898,746800,10379026.4
2015-04-27,VIRT,14.052,14.052,13.193,13.331,1184600,15791902.6
2015-04-28,VIRT,13.343,13.663,13.017,13.6,721800,9816480.0
2015-04-29,VIRT,13.374,13.817,13.274,13.368,293800,3927518.4
2015-04-30,VIRT,13.443,13.757,13.191,13.418,434300,5827437.4
2015-05-01,VIRT,13.55,13.594,13.362,13.425,306500,4114762.5
2015-05-04,VIRT,13.45,13.601,13.193,13.268,659800,8754226.4
2015-05-05,VIRT,13.418,13.707,13.343,13.669,457700,6256301.3
2015-05-06,VIRT,14.014,14.115,13.707,13.889,844000,11722316.0
2015-05-07,VIRT,14.083,14.083,13.989,14.046,470000,6601620.0
2015-05-08,VIRT,14.096,14.397,13.964,13.989,673500,9421591.5
2015-05-11,VIRT,13.763,14.29,13.607,14.127,762400,10770424.8
2015-05-12,VIRT,14.146,14.234,13.933,14.002,259800,3637719.6
2015-05-13,VIRT,13.996,14.096,13.644,13.701,521200,7140961.2
2015-05-14,VIRT,13.945,13.945,13.556,13.782,545400,7516702.8
2015-05-15,VIRT,13.713,14.021,13.707,13.958,282200,3938947.6
2015-05-18,VIRT,13.82,13.92,13.55,13.826,454200,6279769.2
2015-05-19,VIRT,13.682,14.033,13.682,13.939,304800,4248607.2
2015-05-20,VIRT,13.851,13.989,13.807,13.983,251700,3519521.1
2015-05-21,VIRT,13.814,13.989,13.607,13.82,217300,3003086.0
2015-05-22,VIRT,13.719,13.958,13.719,13.87,168200,2332934.0
2015-05-26,VIRT,13.914,13.958,13.726,13.889,173100,2404185.9
2015-05-27,VIRT,13.876,14.159,13.757,14.058,343900,4834546.2
2015-05-28,VIRT,14.046,14.058,13.776,13.87,188400,2613108.0
2015-05-29,VIRT,13.826,13.92,13.563,13.735,294500,4044957.5
2015-06-01,VIRT,13.77,13.895,13.726,13.745,213600,2935932.0
2015-06-02,VIRT,13.738,13.989,13.738,13.92,299100,4163472.0
2015-06-03,VIRT,13.851,14.598,13.825,14.504,590400,8563161.6
2015-06-04,VIRT,14.554,14.617,14.193,14.272,338300,4828217.6
2015-06-05,VIRT,14.228,14.711,14.209,14.529,244900,3558152.1
2015-06-08,VIRT,14.516,14.805,14.428,14.692,342300,5029071.6
2015-06-09,VIRT,14.742,14.83,14.447,14.51,310000,4498100.0
2015-06-10,VIRT,14.51,14.88,14.46,14.723,186400,2744367.2
2015-06-11,VIRT,14.711,14.987,14.541,14.623,370900,5423670.7
2015-06-12,VIRT,14.535,14.635,14.366,14.566,164200,2391737.2
2015-06-15,VIRT,14.51,14.767,14.453,14.723,212900,3134526.7
2015-06-16,VIRT,14.742,15.432,14.742,15.194,691500,10506651.0
2015-06-17,VIRT,15.169,15.501,14.93,15.118,656700,9927990.6
2015-06-18,VIRT,15.181,15.275,14.83,14.874,531600,7907018.4
2015-06-19,VIRT,14.824,15.024,14.491,14.535,1552400,22564134.0
2015-06-22,VIRT,14.698,14.893,14.472,14.635,362200,5300797.0
2015-06-23,VIRT,14.698,14.736,14.46,14.529,394300,5728784.7
2015-06-24,VIRT,14.41,14.739,14.41,14.598,360800,5266958.4
2015-06-25,VIRT,14.686,14.698,14.209,14.315,403100,5770376.5
2015-06-26,VIRT,14.272,14.548,14.127,14.203,2677600,38029952.8
2015-06-29,VIRT,14.077,14.78,13.814,14.548,626600,9115776.8
2015-06-30,VIRT,14.717,14.773,14.309,14.729,447700,6594173.3
2015-07-01,VIRT,14.88,14.918,14.566,14.711,677600,9968173.6
2015-07-02,VIRT,14.742,14.783,14.413,14.692,404900,5948790.8
2015-07-06,VIRT,14.491,15.106,14.479,15.062,320600,4828877.2
2015-07-07,VIRT,15.068,15.125,14.692,14.937,431000,6437847.0
2015-07-08,VIRT,14.78,15.263,14.78,15.238,435800,6640720.4
2015-07-09,VIRT,14.824,15.539,14.824,15.043,381100,5732887.3
2015-07-10,VIRT,14.817,15.202,14.692,15.006,361800,5429170.8
2015-07-13,VIRT,14.893,15.133,14.849,15.118,326900,4942074.2
2015-07-14,VIRT,15.056,15.125,14.755,15.012,281800,4230381.6
2015-07-15,VIRT,15.131,15.213,14.88,15.081,467800,7054891.8
2015-07-16,VIRT,15.363,15.463,15.037,15.093,249500,3765703.5
2015-07-17,VIRT,15.049,15.162,14.98,15.031,169700,2550760.7
2015-07-20,VIRT,15.043,15.219,14.805,14.867,403700,6001807.9
2015-07-21,VIRT,14.811,14.88,14.554,14.648,381100,5582352.8
2015-07-22,VIRT,14.585,14.824,14.585,14.798,232200,3436095.6
2015-07-23,VIRT,14.805,14.905,14.497,14.522,350600,5091413.2
2015-07-24,VIRT,14.491,14.686,14.491,14.686,252700,3711152.2
2015-07-27,VIRT,14.516,14.943,14.497,14.924,183800,2743031.2
2015-07-28,VIRT,14.968,14.968,14.729,14.836,147100,2182375.6
2015-07-29,VIRT,14.798,15.056,14.767,14.899,125100,1863864.9
2015-07-30,VIRT,14.893,14.974,14.748,14.786,107100,1583580.6
2015-07-31,VIRT,14.824,14.899,14.654,14.742,216300,3188694.6
2015-08-03,VIRT,14.78,14.78,14.566,14.679,206300,3028277.7
2015-08-04,VIRT,14.548,14.78,14.529,14.591,321000,4683711.0
2015-08-05,VIRT,14.177,14.272,12.96,13.023,1863800,24272267.4
2015-08-06,VIRT,13.287,13.287,12.628,12.691,539600,6848063.6
2015-08-07,VIRT,12.653,13.174,12.653,13.167,662500,8723137.5
2015-08-10,VIRT,13.519,13.556,13.08,13.274,382900,5082614.6
2015-08-11,VIRT,13.255,13.361,12.942,13.098,157700,2065554.6
2015-08-12,VIRT,13.055,13.236,13.004,13.205,157100,2074505.5
2015-08-13,VIRT,13.205,13.23,12.873,13.011,133000,1730463.0
2015-08-14,VIRT,12.954,13.287,12.86,13.236,238000,3150168.0
2015-08-17,VIRT,13.13,13.174,13.017,13.174,152000,2002448.0
2015-08-18,VIRT,13.18,13.305,13.036,13.111,65200,854837.2
2015-08-19,VIRT,13.061,13.393,12.866,13.374,232300,3106780.2
2015-08-20,VIRT,13.312,13.575,13.224,13.236,260900,3453272.4
2015-08-21,VIRT,12.998,13.494,12.91,12.986,293800,3815286.8
2015-08-24,VIRT,12.546,13.481,12.534,13.381,687700,9202113.7
2015-08-25,VIRT,13.776,14.115,13.588,13.826,736100,10177318.6
2015-08-26,VIRT,14.039,14.491,13.613,14.315,471600,6750954.0
2015-08-27,VIRT,14.479,14.491,14.121,14.403,299700,4316579.1
2015-08-28,VIRT,14.422,14.607,14.061,14.257,520500,7420768.5
2015-08-31,VIRT,14.257,14.948,13.573,14.923,485400,7243624.2
2015-09-01,VIRT,14.834,15.094,14.708,15.018,796000,11954328.0
2015-09-02,VIRT,14.853,14.885,14.391,14.682,431000,6327942.0
2015-09-03,VIRT,14.676,15.018,14.587,14.727,153300,2257649.1
2015-09-04,VIRT,14.619,14.883,14.524,14.758,349600,5159396.8
2015-09-08,VIRT,14.898,15.145,14.784,14.948,224900,3361805.2
2015-09-09,VIRT,14.993,15.056,14.657,14.733,201100,2962806.3
2015-09-10,VIRT,14.657,14.967,14.6,14.841,107300,1592439.3
2015-09-11,VIRT,14.727,15.069,14.587,14.841,100900,1497456.9
2015-09-14,VIRT,14.872,15.132,14.727,14.765,136700,2018375.5
2015-09-15,VIRT,14.853,15.139,14.727,14.955,166600,2491503.0
2015-09-16,VIRT,15.006,15.082,14.85,15.056,134700,2028043.2
2015-09-17,VIRT,14.999,15.278,14.866,15.044,174900,2631195.6
2015-09-18,VIRT,14.948,15.145,14.714,15.063,370100,5574816.3
2015-09-21,VIRT,15.031,15.094,14.853,14.929,177300,2646911.7
2015-09-22,VIRT,14.834,15.113,14.479,14.847,260600,3869128.2
2015-09-23,VIRT,14.841,14.988,14.701,14.815,133600,1979284.0
2015-09-24,VIRT,14.771,14.993,14.682,14.942,142300,2126246.6
2015-09-25,VIRT,15.037,15.075,14.752,14.834,242400,3595761.6
2015-09-28,VIRT,14.841,14.955,14.727,14.929,306800,4580217.2
2015-09-29,VIRT,14.619,14.828,14.416,14.555,372600,5423193.0
2015-09-30,VIRT,14.651,14.765,14.441,14.53,213900,3107967.0
2015-10-01,VIRT,14.638,14.657,14.264,14.587,236000,3442532.0
2015-10-02,VIRT,14.429,14.651,14.257,14.568,293400,4274251.2
2015-10-05,VIRT,14.435,14.708,14.378,14.517,502900,7300599.3
2015-10-06,VIRT,14.46,14.657,14.46,14.511,439600,6379035.6
2015-10-07,VIRT,14.606,15.012,14.346,14.784,435200,6433996.8
2015-10-08,VIRT,14.517,14.83,13.953,14.714,411400,6053339.6
2015-10-09,VIRT,14.771,15.031,14.689,14.872,458500,6818812.0
2015-10-12,VIRT,14.834,15.215,14.733,15.183,336400,5107561.2
2015-10-13,VIRT,15.215,15.849,15.145,15.722,751900,11821371.8
2015-10-14,VIRT,15.785,15.963,15.532,15.57,285800,4449906.0
2015-10-15,VIRT,15.595,15.849,15.388,15.836,206400,3268550.4
2015-10-16,VIRT,15.811,15.893,15.652,15.728,211000,3318608.0
2015-10-19,VIRT,15.684,15.865,15.57,15.658,442800,6933362.4
2015-10-20,VIRT,15.728,15.754,15.494,15.722,293200,4609690.4
2015-10-21,VIRT,15.709,15.762,15.411,15.424,214100,3302278.4
2015-10-22,VIRT,15.525,15.823,15.407,15.551,257700,4007492.7
2015-10-23,VIRT,15.703,15.925,15.577,15.887,143200,2275018.4
2015-10-26,VIRT,15.956,16.305,15.861,16.014,270500,4331787.0
2015-10-27,VIRT,15.988,16.045,15.437,15.697,300700,4720087.9
2015-10-28,VIRT,15.754,16.033,15.652,15.861,243300,3858981.3
2015-10-29,VIRT,15.874,15.893,15.411,15.424,269600,4158310.4
2015-10-30,VIRT,15.5,15.652,15.24,15.342,239500,3674409.0
2015-11-02,VIRT,15.329,15.589,15.301,15.551,225800,3511415.8
2015-11-03,VIRT,15.563,16.083,15.519,15.912,608000,9674496.0
2015-11-04,VIRT,15.865,15.925,14.441,14.701,1044400,15353724.4
2015-11-05,VIRT,14.651,15.24,14.467,15.126,297200,4495447.2
2015-11-06,VIRT,15.151,15.481,15.056,15.265,347500,5304587.5
2015-11-09,VIRT,15.145,15.145,14.517,14.784,258200,3817228.8
2015-11-10,VIRT,14.834,14.879,14.609,14.682,138800,2037861.6
2015-11-11,VIRT,14.746,14.784,14.601,14.644,95500,1398502.0
2015-11-12,VIRT,14.264,14.361,13.877,14.042,497700,6988703.4
2015-11-13,VIRT,14.074,14.606,13.89,14.042,3862500,54237225.0
2015-11-16,VIRT,14.061,14.289,13.833,14.061,515500,7248445.5
2015-11-17,VIRT,14.074,14.074,13.693,13.896,662300,9203320.8
2015-11-18,VIRT,13.896,14.004,13.503,13.687,1099600,15050225.2
2015-11-19,VIRT,13.687,14.048,13.687,13.883,326200,4528634.6
2015-11-20,VIRT,13.89,14.34,13.89,14.067,557200,7838132.4
2015-11-23,VIRT,14.074,14.232,13.845,13.941,229100,3193883.1
2015-11-24,VIRT,13.966,14.157,13.782,13.953,134600,1878073.8
2015-11-25,VIRT,13.928,14.131,13.899,13.934,134400,1872729.6
2015-11-27,VIRT,13.941,14.171,13.876,14.024,157700,2211584.8
2015-11-30,VIRT,13.998,14.466,13.979,14.261,674200,9614766.2
2015-12-01,VIRT,14.287,14.351,13.998,14.139,268600,3797735.4
2015-12-02,VIRT,14.139,14.312,14.069,14.12,334400,4721728.0
2015-12-03,VIRT,14.158,14.332,13.992,14.075,200000,2815000.0
2015-12-04,VIRT,14.101,14.415,13.966,14.319,385700,5522838.3
2015-12-07,VIRT,14.332,14.332,13.832,13.992,252400,3531580.8
2015-12-08,VIRT,14.03,14.114,13.793,13.883,194700,2703020.1
2015-12-09,VIRT,13.87,14.017,13.607,13.774,151900,2092270.6
2015-12-10,VIRT,13.748,14.017,13.62,13.678,251300,3437281.4
2015-12-11,VIRT,13.524,13.691,13.466,13.633,201600,2748412.8
2015-12-14,VIRT,13.627,13.787,13.562,13.639,124500,1698055.5
2015-12-15,VIRT,13.671,14.011,13.582,13.979,267100,3733790.9
2015-12-16,VIRT,13.889,14.293,13.889,14.229,201000,2860029.0
2015-12-17,VIRT,14.229,14.299,13.896,13.979,111600,1560056.4
2015-12-18,VIRT,13.973,14.056,13.729,13.902,561800,7810143.6
2015-12-21,VIRT,13.953,14.05,13.691,14.03,171300,2403339.0
2015-12-22,VIRT,14.05,14.158,13.864,14.133,86200,1218264.6
2015-12-23,VIRT,14.139,14.357,14.101,14.325,90700,1299277.5
2015-12-24,VIRT,14.319,14.415,14.21,14.235,41100,585058.5
2015-12-28,VIRT,14.203,14.293,14.133,14.287,78300,1118672.1
2015-12-29,VIRT,14.357,14.62,14.082,14.582,172500,2515395.0
2015-12-30,VIRT,14.607,14.607,14.402,14.428,81900,1181653.2
2015-12-31,VIRT,14.37,14.62,14.306,14.511,114200,1657156.2
2016-01-04,VIRT,14.396,14.396,14.043,14.248,234800,3345430.4
2016-01-05,VIRT,14.274,14.53,14.21,14.396,275500,3966098.0
2016-01-06,VIRT,14.357,14.408,14.152,14.306,290200,4151601.2
2016-01-07,VIRT,14.197,14.408,14.088,14.383,357000,5134731.0
2016-01-08,VIRT,14.479,14.485,14.133,14.203,449200,6379987.6
2016-01-11,VIRT,14.626,14.742,14.322,14.498,403800,5854292.4
2016-01-12,VIRT,14.601,14.658,14.223,14.46,237400,3432804.0
2016-01-13,VIRT,14.46,14.537,13.889,13.973,261300,3651144.9
2016-01-14,VIRT,14.024,14.232,13.921,14.037,177100,2485952.7
2016-01-15,VIRT,13.883,14.447,13.716,14.293,553700,7914034.1
2016-01-19,VIRT,14.447,14.565,14.165,14.274,259600,3705530.4
2016-01-20,VIRT,14.248,14.992,14.017,14.556,496500,7227054.0
2016-01-21,VIRT,14.511,14.729,14.242,14.267,244500,3488281.5
2016-01-22,VIRT,14.332,14.53,14.216,14.421,141200,2036245.2
2016-01-25,VIRT,14.376,14.626,14.351,14.498,195200,2830009.6
2016-01-26,VIRT,14.53,14.844,14.485,14.716,210600,3099189.6
2016-01-27,VIRT,14.703,14.838,14.389,14.492,108000,1565136.0
2016-01-28,VIRT,14.479,14.588,14.28,14.421,491300,7085037.3
2016-01-29,VIRT,14.383,14.83,14.341,14.549,318200,4629491.8
2016-02-01,VIRT,14.614,14.742,14.421,14.524,528700,7678838.8
2016-02-02,VIRT,14.447,15.312,14.293,15.242,326600,4978037.2
2016-02-03,VIRT,15.274,15.344,14.838,15.049,201900,3038393.1
2016-02-04,VIRT,14.421,14.921,13.524,13.889,1072200,14891785.8
2016-02-05,VIRT,13.896,13.896,13.46,13.473,407600,5491594.8
2016-02-08,VIRT,13.518,13.659,13.364,13.505,252600,3411363.0
2016-02-09,VIRT,13.402,13.633,13.171,13.46,224600,3023116.0
2016-02-10,VIRT,13.447,13.594,12.627,12.665,438900,5558668.5
2016-02-11,VIRT,12.518,13.069,12.46,12.941,274800,3556186.8
2016-02-12,VIRT,12.992,13.191,12.992,13.107,181300,2376299.1
2016-02-16,VIRT,13.203,13.486,13.133,13.332,310900,4144918.8
2016-02-17,VIRT,13.357,13.819,13.306,13.652,359800,4911989.6
2016-02-18,VIRT,13.678,13.742,13.53,13.569,98500,1336546.5
2016-02-19,VIRT,13.543,13.768,13.46,13.518,96700,1307190.6
2016-02-22,VIRT,13.627,13.844,13.607,13.716,123400,1692554.4
2016-02-23,VIRT,13.684,13.832,13.46,13.505,163800,2212119.0
2016-02-24,VIRT,13.402,13.639,13.184,13.569,164900,2237528.1
2016-02-25,VIRT,13.562,14.037,13.473,13.985,153900,2152291.5
2016-02-26,VIRT,14.05,14.199,13.785,14.05,144200,2026010.0
2016-02-29,VIRT,14.057,14.523,13.969,14.459,256900,3714517.1
2016-03-01,VIRT,14.4,14.4,13.804,13.972,244200,3411962.4
2016-03-02,VIRT,13.934,14.251,13.81,13.998,249500,3492501.0
2016-03-03,VIRT,14.076,14.549,13.862,14.484,271200,3928060.8
2016-03-04,VIRT,14.4,14.711,14.264,14.348,253900,3642957.2
2016-03-07,VIRT,14.322,14.51,14.024,14.387,207800,2989618.6
2016-03-08,VIRT,14.394,14.478,14.18,14.245,200400,2854698.0
2016-03-09,VIRT,14.251,14.873,13.551,14.783,379300,5607191.9
2016-03-10,VIRT,14.75,14.821,14.394,14.543,140200,2038928.6
2016-03-11,VIRT,14.646,15.133,14.598,15.042,188400,2833912.8
2016-03-14,VIRT,15.003,15.126,14.582,14.925,222900,3326782.5
2016-03-15,VIRT,14.789,14.912,14.621,14.744,139800,2061211.2
2016-03-16,VIRT,14.737,14.964,14.595,14.776,231900,3426554.4
2016-03-17,VIRT,14.808,15.346,14.789,15.223,151200,2301717.6
2016-03-18,VIRT,15.308,15.534,14.77,15.489,409200,6338098.8
2016-03-21,VIRT,15.23,15.508,15.152,15.21,103300,1571193.0
2016-03-22,VIRT,15.113,15.482,14.925,15.022,352800,5299761.6
2016-03-23,VIRT,15.003,15.006,14.413,14.471,402400,5823130.4
2016-03-24,VIRT,14.517,14.653,13.998,14.471,289300,4186460.3
2016-03-28,VIRT,14.452,14.484,13.972,14.251,183800,2619333.8
2016-03-29,VIRT,14.251,14.367,14.018,14.303,310000,4433930.0
2016-03-30,VIRT,14.355,14.51,14.134,14.342,121600,1743987.2
2016-03-31,VIRT,14.342,14.53,14.258,14.329,140900,2018956.1
2016-04-01,VIRT,14.251,14.465,14.212,14.361,119700,1719011.7
2016-04-04,VIRT,14.368,14.484,14.128,14.147,118900,1682078.3
2016-04-05,VIRT,14.134,14.154,13.661,13.674,254100,3474563.4
2016-04-06,VIRT,13.72,13.888,13.648,13.83,166700,2305461.0
2016-04-07,VIRT,13.765,13.979,13.668,13.94,246900,3441786.0
2016-04-08,VIRT,13.979,14.167,13.804,13.836,274800,3802132.8
2016-04-11,VIRT,13.882,14.128,13.681,13.836,174000,2407464.0
2016-04-12,VIRT,13.733,13.937,13.687,13.778,158400,2182435.2
2016-04-13,VIRT,13.759,13.985,13.584,13.752,184900,2542744.8
2016-04-14,VIRT,13.72,13.895,13.493,13.616,442100,6019633.6
2016-04-15,VIRT,13.545,13.655,13.48,13.59,168000,2283120.0
2016-04-18,VIRT,13.551,13.726,13.486,13.668,78800,1077038.4
2016-04-19,VIRT,13.746,13.882,13.525,13.83,99300,1373319.0
2016-04-20,VIRT,13.882,13.901,13.648,13.843,103900,1438287.7
2016-04-21,VIRT,13.759,13.992,13.713,13.972,143500,2004982.0
2016-04-22,VIRT,14.005,14.128,13.953,14.037,109300,1534244.1
2016-04-25,VIRT,14.005,14.16,13.772,13.895,96600,1342257.0
2016-04-26,VIRT,13.921,14.057,13.765,13.895,119200,1656284.0
2016-04-27,VIRT,13.895,13.982,13.713,13.882,101100,1403470.2
2016-04-28,VIRT,13.83,13.924,13.551,13.564,139400,1890821.6
2016-04-29,VIRT,13.558,13.736,13.422,13.512,250300,3382053.6
2016-05-02,VIRT,13.61,13.856,13.493,13.765,153500,2112927.5
2016-05-03,VIRT,13.616,13.691,13.13,13.201,340000,4488340.0
2016-05-04,VIRT,12.961,13.046,12.398,12.547,563700,7072743.9
2016-05-05,VIRT,12.54,12.825,12.074,12.145,398700,4842211.5
2016-05-06,VIRT,12.164,12.294,12.028,12.249,157400,1927992.6
2016-05-09,VIRT,12.203,12.411,12.119,12.287,147700,1814789.9
2016-05-10,VIRT,12.352,12.378,12.119,12.184,177900,2167533.6
2016-05-11,VIRT,12.203,12.281,11.594,11.853,304700,3611609.1
2016-05-12,VIRT,11.853,11.853,11.426,11.601,788000,9141588.0
2016-05-13,VIRT,11.607,11.776,11.471,11.523,313900,3617069.7
2016-05-16,VIRT,11.575,11.814,11.562,11.633,388100,4514767.3
2016-05-17,VIRT,11.568,11.594,11.238,11.264,307800,3467059.2
2016-05-18,VIRT,11.296,11.432,11.231,11.296,425300,4804188.8
2016-05-19,VIRT,11.225,11.302,11.017,11.14,464700,5176758.0
2016-05-20,VIRT,11.147,11.348,11.147,11.276,336500,3794374.0
2016-05-23,VIRT,11.276,11.335,11.16,11.218,311500,3494407.0
2016-05-24,VIRT,11.335,11.568,11.335,11.477,416200,4776727.4
2016-05-25,VIRT,11.445,11.607,11.296,11.315,368900,4174103.5
2016-05-26,VIRT,11.335,11.458,11.179,11.374,302000,3434948.0
2016-05-27,VIRT,11.334,11.538,11.236,11.531,268400,3094920.4
2016-05-31,VIRT,11.564,11.709,11.423,11.702,400700,4688991.4
2016-06-01,VIRT,11.637,11.86,11.617,11.82,287700,3400614.0
2016-06-02,VIRT,11.807,11.972,11.663,11.919,249200,2970214.8
2016-06-03,VIRT,11.886,11.958,11.696,11.926,254000,3029204.0
2016-06-06,VIRT,11.952,12.05,11.873,11.932,164300,1960427.6
2016-06-07,VIRT,11.952,12.1,11.775,11.952,220400,2634220.8
2016-06-08,VIRT,11.926,12.044,11.663,11.768,501800,5905182.4
2016-06-09,VIRT,11.735,11.742,11.531,11.604,187800,2179231.2
2016-06-10,VIRT,11.499,11.696,11.439,11.669,232400,2711875.6
2016-06-13,VIRT,11.597,11.692,11.443,11.505,207400,2386137.0
2016-06-14,VIRT,11.446,11.888,11.446,11.65,390000,4543500.0
2016-06-15,VIRT,11.709,11.794,11.545,11.689,391100,4571567.9
2016-06-16,VIRT,11.637,11.748,11.561,11.722,198300,2324472.6
2016-06-17,VIRT,11.729,11.958,11.407,11.446,739900,8468895.4
2016-06-20,VIRT,11.518,11.83,11.505,11.518,241800,2785052.4
2016-06-21,VIRT,11.551,11.676,11.466,11.656,186800,2177340.8
2016-06-22,VIRT,11.656,11.735,11.446,11.63,341600,3972808.0
2016-06-23,VIRT,11.669,11.742,11.531,11.61,219900,2553039.0
2016-06-24,VIRT,11.742,12.149,11.558,11.65,1476000,17195400.0
2016-06-27,VIRT,11.499,11.604,11.308,11.374,504200,5734770.8
2016-06-28,VIRT,11.439,11.591,11.374,11.538,220600,2545282.8
2016-06-29,VIRT,11.63,11.788,11.545,11.768,171200,2014681.6
2016-06-30,VIRT,11.761,11.863,11.696,11.827,397000,4695319.0
2016-07-01,VIRT,11.827,11.88,11.669,11.683,286900,3351852.7
2016-07-05,VIRT,11.683,11.847,11.663,11.788,171300,2019284.4
2016-07-06,VIRT,11.768,11.827,11.564,11.604,208500,2419434.0
2016-07-07,VIRT,11.558,11.722,11.341,11.571,373200,4318297.2
2016-07-08,VIRT,11.597,11.755,11.597,11.696,221700,2593003.2
2016-07-11,VIRT,11.709,11.86,11.571,11.827,191000,2258957.0
2016-07-12,VIRT,11.86,11.932,11.683,11.709,233600,2735222.4
2016-07-13,VIRT,11.683,11.738,11.466,11.525,190100,2190902.5
2016-07-14,VIRT,11.558,11.604,11.397,11.407,255800,2917910.6
2016-07-15,VIRT,11.472,11.492,11.367,11.407,352200,4017545.4
2016-07-18,VIRT,11.374,11.512,11.315,11.446,166700,1908048.2
2016-07-19,VIRT,11.453,11.531,11.407,11.479,219700,2521936.3
2016-07-20,VIRT,11.512,11.604,11.407,11.538,170400,1966075.2
2016-07-21,VIRT,11.505,11.584,11.393,11.446,125400,1435328.4
2016-07-22,VIRT,11.479,11.597,11.4,11.485,126500,1452852.5
2016-07-25,VIRT,11.459,11.551,11.301,11.361,182700,2075654.7
2016-07-26,VIRT,11.354,11.538,11.275,11.328,157200,1780761.6
2016-07-27,VIRT,11.361,11.485,11.288,11.42,196800,2247456.0
2016-07-28,VIRT,11.433,11.433,11.251,11.288,169200,1909929.6
2016-07-29,VIRT,11.321,11.367,11.262,11.301,185700,2098595.7
2016-08-01,VIRT,11.301,11.334,11.196,11.269,399100,4497457.9
2016-08-02,VIRT,11.229,11.288,10.973,10.999,482000,5301518.0
2016-08-03,VIRT,10.927,11.058,10.69,10.743,469700,5045987.1
2016-08-04,VIRT,10.776,10.822,10.434,10.493,678200,7116352.6
2016-08-05,VIRT,10.697,11.137,10.697,11.098,958500,10637433.0
2016-08-08,VIRT,11.183,11.347,11.058,11.288,412500,4656300.0
2016-08-09,VIRT,11.288,11.288,10.94,10.979,229100,2515288.9
2016-08-10,VIRT,11.025,11.098,10.828,10.848,196400,2130547.2
2016-08-11,VIRT,10.901,10.914,10.776,10.809,330500,3572374.5
2016-08-12,VIRT,10.809,10.874,10.776,10.789,161200,1739186.8
2016-08-15,VIRT,10.841,11.131,10.841,11.006,315300,3470191.8
2016-08-16,VIRT,11.104,11.354,10.999,11.223,285400,3203044.2
2016-08-17,VIRT,11.17,11.216,10.861,10.94,190600,2085164.0
2016-08-18,VIRT,10.907,11.006,10.861,10.979,178000,1954262.0
2016-08-19,VIRT,10.953,11.19,10.953,11.085,201000,2228085.0
2016-08-22,VIRT,11.104,11.13,10.966,11.078,196500,2176827.0
2016-08-23,VIRT,11.137,11.157,10.999,11.091,216900,2405637.9
2016-08-24,VIRT,11.045,11.216,11.045,11.216,206700,2318347.2
2016-08-25,VIRT,11.19,11.361,11.131,11.361,272900,3100416.9
2016-08-26,VIRT,11.301,11.472,11.242,11.433,631000,7214223.0
2016-08-29,VIRT,11.433,11.433,11.025,11.039,534900,5904761.1
2016-08-30,VIRT,11.065,11.239,10.999,11.179,237900,2659484.1
2016-08-31,VIRT,11.152,11.182,10.792,10.872,837400,9104212.8
2016-09-01,VIRT,10.879,11.059,10.865,10.972,308100,3380473.2
2016-09-02,VIRT,11.052,11.075,10.805,10.845,254400,2758968.0
2016-09-06,VIRT,10.865,10.965,10.829,10.939,339000,3708321.0
2016-09-07,VIRT,10.939,11.052,10.825,10.965,500500,5487982.5
2016-09-08,VIRT,10.972,11.232,10.879,11.232,498400,5598028.8
2016-09-09,VIRT,11.199,11.445,11.165,11.272,608800,6862393.6
2016-09-12,VIRT,11.212,11.412,11.132,11.399,352900,4022707.1
2016-09-13,VIRT,11.419,11.439,11.265,11.299,158200,1787501.8
2016-09-14,VIRT,11.319,11.372,11.072,11.099,176600,1960083.4
2016-09-15,VIRT,11.052,11.295,10.859,11.272,328100,3698343.2
2016-09-16,VIRT,11.312,11.382,11.145,11.305,1039100,11747025.5
2016-09-19,VIRT,11.312,11.392,11.065,11.112,180800,2009049.6
2016-09-20,VIRT,11.105,11.172,10.992,11.092,146000,1619432.0
2016-09-21,VIRT,11.085,11.145,10.965,11.019,178400,1965789.6
2016-09-22,VIRT,10.999,11.105,10.632,10.799,768700,8301191.3
2016-09-23,VIRT,10.885,10.932,10.719,10.725,250200,2683395.0
2016-09-26,VIRT,10.639,10.675,10.212,10.279,506400,5205285.6
2016-09-27,VIRT,10.239,10.339,10.205,10.325,312700,3228627.5
2016-09-28,VIRT,10.379,10.459,10.119,10.212,296900,3031942.8
2016-09-29,VIRT,10.205,10.232,9.979,10.005,340900,3410704.5
2016-09-30,VIRT,10.052,10.125,9.972,9.979,294900,2942807.1
2016-10-03,VIRT,9.999,10.122,9.772,9.945,388600,3864627.0
2016-10-04,VIRT,9.985,10.165,9.905,9.919,183400,1819144.6
2016-10-05,VIRT,9.905,10.065,9.853,9.972,465000,4636980.0
2016-10-06,VIRT,9.972,10.015,9.799,9.912,191700,1900130.4
2016-10-07,VIRT,9.885,9.919,9.645,9.752,463300,4518101.6
2016-10-10,VIRT,9.772,9.879,9.665,9.712,224600,2181315.2
2016-10-11,VIRT,9.632,9.662,9.499,9.565,342600,3276969.0
2016-10-12,VIRT,9.585,9.585,9.352,9.365,257300,2409614.5
2016-10-13,VIRT,9.259,9.302,9.066,9.086,427600,3885173.6
2016-10-14,VIRT,9.106,9.279,9.106,9.245,275100,2543299.5
2016-10-17,VIRT,9.299,9.299,8.966,9.032,221500,2000588.0
2016-10-18,VIRT,9.132,9.352,9.066,9.099,353800,3219226.2
2016-10-19,VIRT,9.132,9.199,8.932,9.099,320800,2918959.2
2016-10-20,VIRT,8.999,9.066,8.666,8.832,461400,4075084.8
2016-10-21,VIRT,8.799,9.099,8.666,9.032,329900,2979656.8
2016-10-24,VIRT,9.132,9.166,8.999,9.066,218000,1976388.0
2016-10-25,VIRT,9.032,9.166,9.008,9.032,154100,1391831.2
2016-10-26,VIRT,8.999,9.082,8.932,8.932,231900,2071330.8
2016-10-27,VIRT,8.966,8.966,8.766,8.766,217900,1910111.4
2016-10-28,VIRT,8.799,8.866,8.699,8.832,209900,1853836.8
2016-10-31,VIRT,8.832,8.832,8.532,8.532,317800,2711469.6
2016-11-01,VIRT,8.599,8.666,8.266,8.399,270600,2272769.4
2016-11-02,VIRT,8.332,8.499,8.266,8.399,277400,2329882.6
2016-11-03,VIRT,8.432,8.532,8.232,8.366,289500,2421957.0
2016-11-04,VIRT,8.599,8.999,8.266,8.766,916100,8030532.6
2016-11-07,VIRT,8.732,9.132,8.716,8.899,510700,4544719.3
2016-11-08,VIRT,8.832,8.879,8.566,8.699,349600,3041170.4
2016-11-09,VIRT,8.766,9.399,8.766,9.332,689500,6434414.0
2016-11-10,VIRT,9.332,9.499,9.166,9.232,416100,3841435.2
2016-11-11,VIRT,9.232,9.299,9.099,9.232,403200,3722342.4
2016-11-14,VIRT,9.299,9.432,9.132,9.265,432700,4008965.5
2016-11-15,VIRT,9.299,9.365,9.132,9.232,290900,2685588.8
2016-11-16,VIRT,9.232,9.365,9.132,9.199,186800,1718373.2
2016-11-17,VIRT,9.265,9.332,9.166,9.199,304300,2799255.7
2016-11-18,VIRT,9.232,9.265,9.097,9.199,212200,1952027.8
2016-11-21,VIRT,9.099,9.199,8.782,8.899,400200,3561379.8
2016-11-22,VIRT,8.932,9.082,8.832,8.932,536200,4789338.4
2016-11-23,VIRT,8.966,8.999,8.899,8.966,255400,2289916.4
2016-11-25,VIRT,8.966,8.999,8.899,8.966,179300,1607603.8
2016-11-28,VIRT,8.999,9.132,8.832,9.066,632100,5730618.6
2016-11-29,VIRT,9.093,9.466,9.025,9.432,364500,3437964.0
2016-11-30,VIRT,9.33,9.432,9.161,9.398,279300,2624861.4
2016-12-01,VIRT,9.466,10.009,9.262,9.839,602800,5930949.2
2016-12-02,VIRT,9.839,9.839,9.398,9.5,275800,2620100.0
2016-12-05,VIRT,9.534,9.669,9.432,9.5,348200,3307900.0
2016-12-06,VIRT,9.534,9.941,9.449,9.771,583600,5702355.6
2016-12-07,VIRT,9.805,10.009,9.669,9.975,389000,3880275.0
2016-12-08,VIRT,10.009,10.382,9.975,10.212,584100,5964829.2
2016-12-09,VIRT,10.246,10.585,10.11,10.552,394900,4166984.8
2016-12-12,VIRT,10.619,10.993,10.619,10.789,924300,9972272.7
2016-12-13,VIRT,10.993,11.128,10.789,10.891,769700,8382802.7
2016-12-14,VIRT,10.789,10.874,10.653,10.755,477700,5137663.5
2016-12-15,VIRT,10.857,11.094,10.789,10.823,457300,4949357.9
2016-12-16,VIRT,10.857,10.993,10.755,10.993,1583600,17408514.8
2016-12-19,VIRT,10.959,11.06,10.552,10.552,623500,6579172.0
2016-12-20,VIRT,10.552,10.891,10.48,10.653,527700,5621588.1
2016-12-21,VIRT,10.687,10.789,10.619,10.721,384000,4116864.0
2016-12-22,VIRT,10.755,10.857,10.518,10.518,388700,4088346.6
2016-12-23,VIRT,10.484,10.721,10.484,10.721,226600,2429378.6
2016-12-27,VIRT,10.653,10.881,10.619,10.687,216000,2308392.0
2016-12-28,VIRT,10.755,10.925,10.687,10.857,239000,2594823.0
2016-12-29,VIRT,10.925,11.094,10.789,10.823,251300,2719819.9
2016-12-30,VIRT,10.823,10.891,10.755,10.823,221900,2401623.7
2017-01-03,VIRT,10.959,11.094,10.789,10.891,370200,4031848.2
2017-01-04,VIRT,10.959,11.366,10.891,11.264,463800,5224243.2
2017-01-05,VIRT,11.264,11.332,10.959,10.959,320600,3513455.4
2017-01-06,VIRT,11.027,11.366,11.027,11.196,498400,5580086.4
2017-01-09,VIRT,11.468,11.468,10.857,10.891,289700,3155122.7
2017-01-10,VIRT,10.857,11.128,10.857,10.891,182300,1985429.3
2017-01-11,VIRT,10.891,11.06,10.823,11.06,207300,2292738.0
2017-01-12,VIRT,10.959,11.027,10.823,10.925,237000,2589225.0
2017-01-13,VIRT,10.925,11.128,10.823,10.891,238700,2599681.7
2017-01-17,VIRT,10.823,10.959,10.823,10.925,280900,3068832.5
2017-01-18,VIRT,10.925,10.959,10.708,10.789,264000,2848296.0
2017-01-19,VIRT,10.857,11.06,10.857,10.993,257400,2829598.2
2017-01-20,VIRT,10.993,11.196,10.868,11.128,334800,3725654.4
2017-01-23,VIRT,11.332,11.875,11.264,11.671,1171500,13672576.5
2017-01-24,VIRT,11.875,12.519,11.637,12.18,1473200,17943576.0
2017-01-25,VIRT,12.452,12.485,12.01,12.18,1153100,14044758.0
2017-01-26,VIRT,12.282,12.282,11.926,12.146,464700,5644246.2
2017-01-27,VIRT,12.112,12.214,11.807,12.044,678000,8165832.0
2017-01-30,VIRT,12.078,12.214,12.01,12.112,695700,8426318.4
2017-01-31,VIRT,12.146,12.18,11.705,11.909,749400,8924604.6
2017-02-01,VIRT,12.078,12.214,11.841,12.044,958100,11539356.4
2017-02-02,VIRT,12.248,12.519,11.909,12.485,621500,7759427.5
2017-02-03,VIRT,12.485,12.723,12.485,12.587,525600,6615727.2
2017-02-06,VIRT,12.689,12.689,12.418,12.553,472600,5932547.8
2017-02-07,VIRT,12.587,12.655,12.519,12.621,359800,4541035.8
2017-02-08,VIRT,12.621,12.757,12.418,12.723,571100,7266105.3
2017-02-09,VIRT,12.689,12.859,12.57,12.757,528600,6743350.2
2017-02-10,VIRT,12.825,12.859,12.553,12.655,256600,3247273.0
2017-02-13,VIRT,12.655,12.941,12.655,12.757,542100,6915569.7
2017-02-14,VIRT,12.757,12.941,12.689,12.825,599500,7688587.5
2017-02-15,VIRT,12.893,12.893,12.452,12.587,688200,8662373.4
2017-02-16,VIRT,12.621,12.791,12.485,12.723,606600,7717771.8
2017-02-17,VIRT,12.655,12.757,12.587,12.757,257900,3290030.3
2017-02-21,VIRT,12.825,12.859,12.621,12.689,372300,4724114.7
2017-02-22,VIRT,12.689,12.791,12.587,12.689,361900,4592149.1
2017-02-23,VIRT,12.723,12.723,12.18,12.248,687500,8420500.0
2017-02-24,VIRT,12.112,12.231,11.824,11.909,736700,8773360.3
2017-02-27,VIRT,11.971,12.177,11.799,12.039,587000,7066893.0
2017-02-28,VIRT,12.039,12.143,11.833,11.936,353500,4219376.0
2017-03-01,VIRT,12.039,12.28,12.005,12.246,423000,5180058.0
2017-03-02,VIRT,12.211,12.211,11.936,11.971,234700,2809593.7
2017-03-03,VIRT,11.971,12.108,11.799,12.074,206100,2488451.4
2017-03-06,VIRT,12.039,12.039,11.833,11.971,188100,2251745.1
2017-03-07,VIRT,12.005,12.005,11.781,11.867,246000,2919282.0
2017-03-08,VIRT,11.867,11.936,11.558,11.764,547700,6443142.8
2017-03-09,VIRT,11.661,11.799,11.558,11.627,743700,8646999.9
2017-03-10,VIRT,11.661,11.799,11.558,11.627,308500,3586929.5
2017-03-13,VIRT,11.523,11.592,11.386,11.42,603800,6895396.0
2017-03-14,VIRT,11.351,11.661,11.317,11.592,291900,3383704.8
2017-03-15,VIRT,11.592,12.246,11.351,11.523,765000,8815095.0
2017-03-16,VIRT,11.455,11.523,11.007,11.455,2375200,27207916.0
2017-03-17,VIRT,11.42,11.764,11.317,11.351,1275000,14472525.0
2017-03-20,VIRT,11.283,11.523,11.111,11.317,668600,7566546.2
2017-03-21,VIRT,11.351,11.351,10.939,11.214,832700,9337897.8
2017-03-22,VIRT,11.145,11.42,11.042,11.317,437300,4948924.1
2017-03-23,VIRT,11.351,11.386,11.179,11.386,516000,5875176.0
2017-03-24,VIRT,11.386,11.627,11.317,11.558,452900,5234618.2
2017-03-27,VIRT,11.592,11.936,11.523,11.764,459400,5404381.6
2017-03-28,VIRT,11.695,11.764,11.455,11.523,249500,2874988.5
2017-03-29,VIRT,11.523,11.558,11.351,11.489,316300,3633970.7
2017-03-30,VIRT,11.523,11.678,11.351,11.627,206000,2395162.0
2017-03-31,VIRT,11.592,11.73,11.592,11.695,192100,2246609.5
2017-04-03,VIRT,11.592,11.695,11.558,11.627,337600,3925275.2
2017-04-04,VIRT,11.592,11.592,11.214,11.248,334300,3760206.4
2017-04-05,VIRT,11.317,11.317,10.939,10.973,563100,6178896.3
2017-04-06,VIRT,10.939,11.059,10.801,10.801,355600,3840835.6
2017-04-07,VIRT,10.732,10.939,10.698,10.732,532600,5715863.2
2017-04-10,VIRT,10.767,10.973,10.698,10.698,510400,5460259.2
2017-04-11,VIRT,10.698,10.87,10.388,10.423,675400,7039694.2
2017-04-12,VIRT,10.354,10.698,10.319,10.56,900500,9509280.0
2017-04-13,VIRT,10.595,10.87,10.5,10.732,574300,6163387.6
2017-04-17,VIRT,10.732,10.732,10.526,10.629,479500,5096605.5
2017-04-18,VIRT,10.595,10.663,10.285,10.491,802100,8414831.1
2017-04-19,VIRT,10.491,10.663,10.251,10.285,749800,7711693.0
2017-04-20,VIRT,11.042,11.515,10.939,11.317,2996800,33914785.6
2017-04-21,VIRT,11.386,11.386,10.801,11.042,1191000,13151022.0
2017-04-24,VIRT,11.111,11.111,10.732,10.904,1064400,11606217.6
2017-04-25,VIRT,10.973,11.111,10.939,11.076,614600,6807309.6
2017-04-26,VIRT,11.042,11.059,10.835,10.835,770600,8349451.0
2017-04-27,VIRT,10.87,10.973,10.732,10.801,333800,3605373.8
2017-04-28,VIRT,10.87,10.939,10.526,10.595,451700,4785761.5
2017-05-01,VIRT,10.595,10.732,10.491,10.491,363800,3816625.8
2017-05-02,VIRT,10.491,10.595,10.388,10.595,417000,4418115.0
2017-05-03,VIRT,10.526,10.663,10.423,10.595,646600,6850727.0
2017-05-04,VIRT,10.319,10.904,10.182,10.319,734700,7581369.3
2017-05-05,VIRT,10.251,10.423,10.044,10.319,506600,5227605.4
2017-05-08,VIRT,10.319,10.543,10.227,10.491,529800,5558131.8
2017-05-09,VIRT,10.56,10.595,10.491,10.56,234800,2479488.0
2017-05-10,VIRT,10.595,10.813,10.526,10.629,542500,5766232.5
2017-05-11,VIRT,10.629,10.715,10.56,10.56,538200,5683392.0
2017-05-12,VIRT,10.526,10.767,10.526,10.698,551000,5894598.0
2017-05-15,VIRT,10.732,10.835,10.629,10.732,556000,5966992.0
2017-05-16,VIRT,10.732,10.801,10.629,10.663,422300,4502984.9
2017-05-17,VIRT,10.595,10.835,10.595,10.767,483200,5202614.4
2017-05-18,VIRT,10.698,10.904,10.663,10.767,464100,4996964.7
2017-05-19,VIRT,10.767,10.87,10.698,10.698,352000,3765696.0
2017-05-22,VIRT,10.732,10.973,10.732,10.973,424800,4661330.4
2017-05-23,VIRT,10.973,11.214,10.939,11.076,620400,6871550.4
2017-05-24,VIRT,11.076,11.523,11.025,11.386,922100,10499030.6
2017-05-25,VIRT,11.351,11.455,11.145,11.248,674600,7587900.8
2017-05-26,VIRT,11.111,11.317,11.076,11.179,640100,7155677.9
2017-05-30,VIRT,11.172,11.452,11.172,11.277,490400,5530240.8
2017-05-31,VIRT,11.242,11.522,11.207,11.382,867200,9870470.4
2017-06-01,VIRT,11.452,11.766,11.382,11.696,373100,4363777.6
2017-06-02,VIRT,11.696,11.766,11.591,11.661,349500,4075519.5
2017-06-05,VIRT,11.626,11.661,11.522,11.591,463700,5374746.7
2017-06-06,VIRT,11.626,11.696,11.556,11.626,469000,5452594.0
2017-06-07,VIRT,11.591,11.888,11.591,11.836,409300,4844474.8
2017-06-08,VIRT,11.836,12.01,11.766,11.906,465800,5545814.8
2017-06-09,VIRT,11.941,12.185,11.906,12.115,347900,4214808.5
2017-06-12,VIRT,12.01,12.167,11.906,11.975,563600,6749110.0
2017-06-13,VIRT,12.045,12.29,11.975,12.22,535600,6545032.0
2017-06-14,VIRT,12.22,12.394,12.08,12.29,465600,5722224.0
2017-06-15,VIRT,12.29,12.321,12.115,12.185,695500,8474667.5
2017-06-16,VIRT,12.15,12.15,11.731,11.941,759300,9066801.3
2017-06-19,VIRT,11.871,12.15,11.801,12.01,303800,3648638.0
2017-06-20,VIRT,11.975,12.394,11.958,12.29,631200,7757448.0
2017-06-21,VIRT,12.29,12.429,12.115,12.15,425400,5168610.0
2017-06-22,VIRT,12.15,12.325,12.045,12.255,512700,6283138.5
2017-06-23,VIRT,12.325,12.325,12.185,12.255,662100,8114035.5
2017-06-26,VIRT,12.185,12.534,12.185,12.534,418800,5249239.2
2017-06-27,VIRT,12.534,12.674,12.325,12.499,412800,5159587.2
2017-06-28,VIRT,12.534,12.744,12.394,12.744,309400,3942993.6
2017-06-29,VIRT,12.778,12.778,12.429,12.569,330200,4150283.8
2017-06-30,VIRT,12.604,12.604,12.29,12.325,328900,4053692.5
2017-07-03,VIRT,12.255,12.429,12.255,12.29,177500,2181475.0
2017-07-05,VIRT,12.325,12.464,12.115,12.185,794100,9676108.5
2017-07-06,VIRT,12.185,12.394,12.08,12.29,644200,7917218.0
2017-07-07,VIRT,12.325,12.36,12.185,12.255,301800,3698559.0
2017-07-10,VIRT,12.22,12.394,12.115,12.22,240900,2943798.0
2017-07-11,VIRT,12.185,12.29,12.115,12.255,489500,5998822.5
2017-07-12,VIRT,11.556,12.115,11.138,11.766,1506200,17721949.2
2017-07-13,VIRT,11.801,11.941,11.591,11.661,811900,9467565.9
2017-07-14,VIRT,11.522,11.731,11.382,11.417,1016700,11607663.9
2017-07-17,VIRT,11.382,11.766,11.207,11.417,966900,11039097.3
2017-07-18,VIRT,11.452,11.556,11.347,11.452,487500,5582850.0
2017-07-19,VIRT,11.487,11.487,11.312,11.347,246600,2798170.2
2017-07-20,VIRT,11.347,11.591,11.312,11.452,310000,3550120.0
2017-07-21,VIRT,11.522,11.626,11.452,11.452,635100,7273165.2
2017-07-24,VIRT,11.452,11.591,11.382,11.487,378700,4350126.9
2017-07-25,VIRT,11.591,11.661,11.487,11.591,472700,5479065.7
2017-07-26,VIRT,11.591,11.661,11.452,11.452,296900,3400098.8
2017-07-27,VIRT,11.452,11.487,11.312,11.382,264100,3005986.2
2017-07-28,VIRT,11.382,11.452,11.26,11.312,540200,6110742.4
2017-07-31,VIRT,11.417,11.871,11.242,11.556,657600,7599225.6
2017-08-01,VIRT,11.556,11.609,11.312,11.417,417300,4764314.1
2017-08-02,VIRT,11.452,11.452,11.172,11.207,363300,4071503.1
2017-08-03,VIRT,11.172,11.242,11.033,11.172,481400,5378200.8
2017-08-04,VIRT,11.207,11.33,11.172,11.277,416900,4701381.3
2017-08-07,VIRT,11.277,11.347,11.103,11.242,639300,7187010.6
2017-08-08,VIRT,10.684,11.033,10.195,10.823,1968800,21308322.4
2017-08-09,VIRT,10.753,11.626,10.753,11.347,954000,10825038.0
2017-08-10,VIRT,11.068,11.591,11.068,11.522,786700,9064357.4
2017-08-11,VIRT,11.556,11.766,11.452,11.731,714100,8377107.1
2017-08-14,VIRT,11.766,12.01,11.522,11.871,691900,8213544.9
2017-08-15,VIRT,11.906,12.08,11.801,12.08,334000,4034720.0
2017-08-16,VIRT,12.045,12.15,11.871,12.045,575000,6925875.0
2017-08-17,VIRT,12.08,12.08,11.836,11.941,346500,4137556.5
2017-08-18,VIRT,11.871,12.01,11.766,11.801,376100,4438356.1
2017-08-21,VIRT,11.766,11.836,11.539,11.766,290300,3415669.8
2017-08-22,VIRT,11.766,11.871,11.766,11.871,311100,3693068.1
2017-08-23,VIRT,11.906,12.255,11.871,12.185,401000,4886185.0
2017-08-24,VIRT,12.15,12.394,12.045,12.36,551700,6819012.0
2017-08-25,VIRT,12.325,12.534,12.22,12.499,643500,8043106.5
2017-08-28,VIRT,12.464,12.604,12.255,12.429,428400,5324583.6
2017-08-29,VIRT,12.429,12.499,12.29,12.429,484900,6026822.1
2017-08-30,VIRT,12.387,12.812,12.316,12.528,650900,8154475.2
2017-08-31,VIRT,12.564,12.847,12.458,12.705,489000,6212745.0
2017-09-01,VIRT,12.705,12.812,12.528,12.564,487700,6127462.8
2017-09-05,VIRT,12.528,12.564,12.351,12.422,445900,5538969.8
2017-09-06,VIRT,12.351,12.387,12.139,12.21,494500,6037845.0
2017-09-07,VIRT,12.175,12.175,11.962,12.068,367600,4436196.8
2017-09-08,VIRT,12.068,12.316,12.068,12.068,323400,3902791.2
2017-09-11,VIRT,12.068,12.21,11.927,11.998,356000,4271288.0
2017-09-12,VIRT,12.104,12.104,11.891,12.033,327200,3937197.6
2017-09-13,VIRT,12.068,12.175,11.856,11.891,613500,7295128.5
2017-09-14,VIRT,11.927,12.21,11.891,11.962,668600,7997793.2
2017-09-15,VIRT,11.962,12.104,11.679,11.821,1347200,15925251.2
2017-09-18,VIRT,11.821,12.139,11.75,11.998,781900,9381236.2
2017-09-19,VIRT,11.998,12.21,11.962,12.068,467700,5644203.6
2017-09-20,VIRT,12.104,12.351,12.068,12.281,374300,4596778.3
2017-09-21,VIRT,12.316,12.316,11.856,12.139,992700,12050385.3
2017-09-22,VIRT,12.068,12.175,11.891,11.927,341900,4077841.3
2017-09-25,VIRT,11.962,11.962,11.431,11.502,1185600,13636771.2
2017-09-26,VIRT,11.573,11.75,11.459,11.714,429200,5027648.8
2017-09-27,VIRT,11.856,11.962,11.714,11.821,518300,6126824.3
2017-09-28,VIRT,11.821,11.874,11.361,11.431,988100,11294971.1
2017-09-29,VIRT,11.396,11.584,11.396,11.467,430200,4933103.4
2017-10-02,VIRT,11.537,11.573,11.325,11.537,529800,6112302.6
2017-10-03,VIRT,11.573,11.644,11.467,11.608,392100,4551496.8
2017-10-04,VIRT,11.644,11.927,11.608,11.891,498500,5927663.5
2017-10-05,VIRT,11.856,12.21,11.856,11.998,703600,8441792.8
2017-10-06,VIRT,11.962,12.068,11.821,11.927,568000,6774536.0
2017-10-09,VIRT,11.891,11.962,11.75,11.891,351200,4176119.2
2017-10-10,VIRT,11.927,11.944,11.785,11.821,270700,3199944.7
2017-10-11,VIRT,11.785,11.838,11.679,11.785,590400,6957864.0
2017-10-12,VIRT,11.714,11.962,11.644,11.927,506300,6038640.1
2017-10-13,VIRT,11.927,12.068,11.856,12.068,469100,5661098.8
2017-10-16,VIRT,12.033,12.104,11.537,11.608,661800,7682174.4
2017-10-17,VIRT,11.608,11.679,11.148,11.184,834400,9331929.6
2017-10-18,VIRT,10.971,10.971,10.263,10.299,2338300,24082151.7
2017-10-19,VIRT,10.263,10.334,9.945,10.157,1405500,14275663.5
2017-10-20,VIRT,10.228,10.263,9.98,10.193,1107400,11287728.2
2017-10-23,VIRT,10.157,10.511,10.122,10.44,564200,5890248.0
2017-10-24,VIRT,10.44,10.543,10.175,10.263,468900,4812320.7
2017-10-25,VIRT,10.405,10.511,10.263,10.405,843700,8778698.5
2017-10-26,VIRT,10.37,10.476,10.299,10.44,697100,7277724.0
2017-10-27,VIRT,10.37,10.405,10.051,10.086,1016800,10255444.8
2017-10-30,VIRT,10.051,10.193,10.016,10.086,381600,3848817.6
2017-10-31,VIRT,10.051,10.263,9.98,10.016,423300,4239772.8
2017-11-01,VIRT,9.98,10.246,9.945,10.051,492000,4945092.0
2017-11-02,VIRT,10.086,10.122,9.733,9.803,469900,4606429.7
2017-11-03,VIRT,10.157,10.193,9.449,9.52,644300,6133736.0
2017-11-06,VIRT,9.52,9.52,9.272,9.449,771600,7290848.4
2017-11-07,VIRT,9.909,11.396,9.573,11.077,2026500,22447540.5
2017-11-08,VIRT,10.759,11.467,10.759,11.29,1216500,13734285.0
2017-11-09,VIRT,11.361,11.714,11.361,11.644,796800,9277939.2
2017-11-10,VIRT,11.644,11.927,11.502,11.679,794600,9280133.4
2017-11-13,VIRT,11.679,11.75,11.449,11.502,463500,5331177.0
2017-11-14,VIRT,11.431,11.502,11.254,11.29,364200,4111818.0
2017-11-15,VIRT,11.254,11.537,11.184,11.467,339800,3896486.6
2017-11-16,VIRT,11.431,11.537,11.042,11.077,400100,4431907.7
2017-11-17,VIRT,11.077,11.184,10.883,11.077,297200,3292084.4
2017-11-20,VIRT,11.007,11.219,11.007,11.184,692200,7741564.8
2017-11-21,VIRT,11.184,11.29,11.007,11.042,330500,3649381.0
2017-11-22,VIRT,11.077,11.113,10.794,10.794,323100,3487541.4
2017-11-24,VIRT,10.9,10.971,10.6,10.9,234300,2553870.0
2017-11-27,VIRT,10.865,11.113,10.653,10.971,463700,5087252.7
2017-11-28,VIRT,11.042,11.148,10.83,10.936,552300,6039952.8
2017-11-29,VIRT,10.9,11.387,10.794,11.254,848900,9553520.6
2017-11-30,VIRT,11.427,11.84,11.319,11.714,990600,11603888.4
2017-12-01,VIRT,11.678,12.541,11.642,12.505,1095500,13699227.5
2017-12-04,VIRT,12.541,12.685,12.146,12.181,690800,8414634.8
2017-12-05,VIRT,12.217,12.307,11.786,11.93,476400,5683452.0
2017-12-06,VIRT,11.822,12.002,11.607,11.642,475800,5539263.6
2017-12-07,VIRT,11.678,12.163,11.612,12.074,404200,4880310.8
2017-12-08,VIRT,12.11,12.146,11.966,12.11,544100,6589051.0
2017-12-11,VIRT,12.11,12.541,12.011,12.505,716300,8957331.5
2017-12-12,VIRT,12.541,12.828,12.505,12.685,570400,7235524.0
2017-12-13,VIRT,12.72,12.864,12.649,12.792,458900,5870248.8
2017-12-14,VIRT,12.756,13.026,12.756,12.864,534100,6870662.4
2017-12-15,VIRT,12.9,13.134,12.9,13.08,878600,11492088.0
2017-12-18,VIRT,13.116,13.188,12.649,12.756,528600,6742821.6
2017-12-19,VIRT,12.756,12.972,12.613,12.936,402500,5206740.0
2017-12-20,VIRT,12.9,13.098,12.828,12.9,252200,3253380.0
2017-12-21,VIRT,12.936,13.134,12.828,13.044,460900,6011979.6
2017-12-22,VIRT,13.08,13.08,12.882,12.936,180800,2338828.8
2017-12-26,VIRT,12.936,13.08,12.828,13.044,196000,2556624.0
2017-12-27,VIRT,13.044,13.152,12.99,13.152,246800,3245913.6
2017-12-28,VIRT,13.116,13.224,12.972,13.152,371900,4891228.8
2017-12-29,VIRT,13.224,13.295,12.936,13.152,467400,6147244.8
2018-01-02,VIRT,13.152,13.224,12.918,13.188,406100,5355646.8
2018-01-03,VIRT,13.188,13.475,13.188,13.439,511500,6874048.5
2018-01-04,VIRT,13.403,13.511,13.259,13.331,265500,3539380.5
2018-01-05,VIRT,13.367,13.511,13.259,13.403,301900,4046365.7
2018-01-08,VIRT,13.403,13.403,13.08,13.331,281100,3747344.1
2018-01-09,VIRT,13.403,13.403,13.08,13.259,342100,4535903.9
2018-01-10,VIRT,13.295,13.475,13.188,13.403,167400,2243662.2
2018-01-11,VIRT,13.367,13.615,13.08,13.511,252500,3411527.5
2018-01-12,VIRT,13.583,13.798,13.475,13.655,295700,4037783.5
2018-01-16,VIRT,13.655,13.834,13.295,13.475,396400,5341490.0
2018-01-17,VIRT,13.583,13.655,13.259,13.511,448200,6055630.2
2018-01-18,VIRT,13.511,13.511,13.241,13.439,203300,2732148.7
2018-01-19,VIRT,13.439,13.511,13.367,13.475,164800,2220680.0
2018-01-22,VIRT,13.511,13.547,13.295,13.475,290700,3917182.5
2018-01-23,VIRT,13.511,13.655,13.403,13.619,405300,5519780.7
2018-01-24,VIRT,13.619,13.906,13.475,13.834,296600,4103164.4
2018-01-25,VIRT,13.906,14.158,13.709,13.834,268200,3710278.8
2018-01-26,VIRT,13.834,14.158,13.691,13.834,279300,3863836.2
2018-01-29,VIRT,13.87,14.122,13.798,13.978,486400,6798899.2
2018-01-30,VIRT,13.942,14.05,13.691,13.798,276400,3813767.2
2018-01-31,VIRT,13.763,13.87,13.655,13.727,374000,5133898.0
2018-02-01,VIRT,13.727,14.266,13.724,14.194,391400,5555531.6
2018-02-02,VIRT,13.978,14.23,13.798,13.942,417300,5817996.6
2018-02-05,VIRT,13.942,14.194,13.691,13.978,537400,7511777.2
2018-02-06,VIRT,14.158,15.02,14.086,14.912,1355500,20213216.0
2018-02-07,VIRT,14.912,14.912,14.302,14.409,674000,9711666.0
2018-02-08,VIRT,15.559,19.224,15.415,19.045,5019400,95594473.0
2018-02-09,VIRT,18.649,20.77,18.542,20.087,3448100,69261984.7
2018-02-12,VIRT,20.159,20.159,18.829,19.692,1958900,38574658.8
2018-02-13,VIRT,19.727,20.841,19.335,20.41,2144700,43773327.0
2018-02-14,VIRT,20.41,20.77,19.925,20.446,1239500,25342817.0
2018-02-15,VIRT,20.482,20.482,19.835,20.015,1120700,22430810.5
2018-02-16,VIRT,20.015,20.698,19.871,20.374,935700,19063951.8
2018-02-20,VIRT,20.374,22.027,20.374,21.812,1238800,27020705.6
2018-02-21,VIRT,21.812,24.435,18.829,21.021,1759200,36980143.2
2018-02-22,VIRT,20.985,21.183,20.302,20.572,577300,11876215.6
2018-02-23,VIRT,20.698,21.129,20.662,20.877,525000,10960425.0
2018-02-26,VIRT,21.129,21.452,20.644,20.949,611600,12812408.4
2018-02-27,VIRT,21.021,21.452,20.877,21.165,455800,9647007.0
2018-02-28,VIRT,21.339,21.52,21.086,21.52,676500,14558280.0
2018-03-01,VIRT,21.556,21.592,20.868,21.302,646200,13765352.4
2018-03-02,VIRT,21.302,22.317,21.116,21.81,879000,19170990.0
2018-03-05,VIRT,21.737,23.259,21.665,23.223,1043000,24221589.0
2018-03-06,VIRT,23.186,23.476,22.643,23.078,781400,18033149.2
2018-03-07,VIRT,23.186,23.802,22.969,23.585,406000,9575510.0
2018-03-08,VIRT,23.549,24.056,23.404,23.838,586100,13971451.8
2018-03-09,VIRT,23.947,24.599,23.766,24.056,571900,13757626.4
2018-03-12,VIRT,24.092,24.165,23.73,23.802,557800,13276755.6
2018-03-13,VIRT,24.092,24.491,23.73,23.875,599300,14308287.5
2018-03-14,VIRT,24.056,24.527,23.875,24.237,472100,11442287.7
2018-03-15,VIRT,24.346,24.382,23.694,23.911,432700,10346289.7
2018-03-16,VIRT,23.911,24.092,23.512,23.512,998800,23483785.6
2018-03-19,VIRT,23.512,24.128,23.295,23.838,549600,13101364.8
2018-03-20,VIRT,23.838,24.418,23.694,24.309,556700,13532820.3
2018-03-21,VIRT,24.382,24.382,23.694,23.73,350000,8305500.0
2018-03-22,VIRT,23.657,24.056,23.458,23.476,490900,11524368.4
2018-03-23,VIRT,23.549,23.875,23.44,23.44,391200,9169728.0
2018-03-26,VIRT,23.657,23.911,23.55,23.766,320900,7626509.4
2018-03-27,VIRT,23.947,25.505,23.911,24.418,1428400,34878671.2
2018-03-28,VIRT,24.636,24.78,23.549,23.567,1123500,26477524.5
2018-03-29,VIRT,23.694,24.128,23.621,23.911,726900,17380905.9
2018-04-02,VIRT,24.056,24.672,23.766,24.309,547100,13299453.9
2018-04-03,VIRT,24.309,24.454,23.875,24.273,476400,11563657.2
2018-04-04,VIRT,24.128,25.233,23.917,24.744,920900,22786749.6
2018-04-05,VIRT,25.215,26.338,25.07,26.193,1121800,29383307.4
2018-04-06,VIRT,26.193,26.519,25.541,25.867,626700,16210848.9
2018-04-09,VIRT,26.23,26.695,25.94,26.121,544400,14220272.4
2018-04-10,VIRT,26.302,26.548,25.74,25.867,594800,15385691.6
2018-04-11,VIRT,25.904,26.085,25.65,25.686,356300,9151921.8
2018-04-12,VIRT,25.867,26.266,25.795,26.085,480500,12533842.5
2018-04-13,VIRT,26.121,26.411,25.686,25.795,387400,9992983.0
2018-04-16,VIRT,25.904,26.628,25.867,26.302,317500,8350885.0
2018-04-17,VIRT,26.556,27.425,26.23,26.628,759500,20223966.0
2018-04-18,VIRT,26.845,27.135,26.302,26.374,548800,14474051.2
2018-04-19,VIRT,26.23,27.208,26.23,26.845,422000,11328590.0
2018-04-20,VIRT,26.737,27.316,26.701,27.099,376700,10208193.3
2018-04-23,VIRT,27.28,27.316,26.574,26.592,450900,11990332.8
2018-04-24,VIRT,25.831,26.157,24.744,25.469,1197400,30496580.6
2018-04-25,VIRT,25.433,25.867,24.78,25.505,707500,18044787.5
2018-04-26,VIRT,25.577,25.904,25.268,25.795,423400,10921603.0
2018-04-27,VIRT,25.867,25.904,25.288,25.867,431000,11148677.0
2018-04-30,VIRT,26.012,26.483,25.867,26.085,358800,9359298.0
2018-05-01,VIRT,25.94,26.23,25.831,26.121,349000,9116229.0
2018-05-02,VIRT,26.048,26.483,25.849,26.266,468000,12292488.0
2018-05-03,VIRT,26.23,26.447,25.722,26.048,896300,23346822.4
2018-05-04,VIRT,25.65,25.972,23.44,24.672,1738200,42884870.4
2018-05-07,VIRT,25.179,25.359,23.947,24.744,929400,22997073.6
2018-05-08,VIRT,24.744,24.853,23.983,24.165,636200,15373773.0
2018-05-09,VIRT,22.969,23.186,21.737,22.788,1956800,44591558.4
2018-05-10,VIRT,22.788,22.788,21.23,21.411,3067400,65676101.4
2018-05-11,VIRT,20.832,21.375,20.542,21.158,12326200,260797739.6
2018-05-14,VIRT,21.447,22.1,21.158,21.592,3022800,65268297.6
2018-05-15,VIRT,21.556,22.281,21.556,22.208,2937100,65227116.8
2018-05-16,VIRT,22.063,22.389,21.81,21.955,1713600,37622088.0
2018-05-17,VIRT,21.955,22.281,21.846,21.918,849400,18617149.2
2018-05-18,VIRT,21.991,22.063,21.411,21.556,1171400,25250698.4
2018-05-21,VIRT,21.737,22.027,21.556,21.592,1205200,26022678.4
2018-05-22,VIRT,21.592,21.737,21.049,21.085,1301000,27431585.0
2018-05-23,VIRT,21.375,21.556,21.013,21.158,1898700,40172694.6
2018-05-24,VIRT,21.158,21.846,21.091,21.52,1096200,23590224.0
2018-05-25,VIRT,21.52,21.936,21.447,21.701,2284800,49582444.8
2018-05-29,VIRT,22.063,22.806,21.991,22.534,2082900,46936068.6
2018-05-30,VIRT,22.86,22.933,22.208,22.752,1596500,36323568.0
2018-05-31,VIRT,22.635,22.89,22.489,22.671,1352600,30664794.6
2018-06-01,VIRT,22.744,22.781,22.306,22.525,591700,13328042.5
2018-06-04,VIRT,22.635,22.744,21.978,22.525,1340000,30183500.0
2018-06-05,VIRT,22.452,22.736,22.051,22.379,790500,17690599.5
2018-06-06,VIRT,22.452,22.708,22.233,22.379,1309500,29305300.5
2018-06-07,VIRT,22.379,22.744,22.27,22.635,1106300,25041100.5
2018-06-08,VIRT,22.671,22.781,22.178,22.635,1435900,32501596.5
2018-06-11,VIRT,22.562,22.598,21.795,21.978,1000700,21993384.6
2018-06-12,VIRT,22.051,22.087,21.54,22.014,1163500,25613289.0
2018-06-13,VIRT,22.014,22.27,21.832,21.905,933800,20454889.0
2018-06-14,VIRT,22.014,22.379,21.795,22.124,929400,20562045.6
2018-06-15,VIRT,21.941,22.124,20.955,22.014,1424800,31365547.2
2018-06-18,VIRT,22.051,22.233,21.759,21.978,778900,17118664.2
2018-06-19,VIRT,21.759,22.014,21.613,21.686,675700,14653230.2
2018-06-20,VIRT,21.795,21.795,21.43,21.649,542900,11753242.1
2018-06-21,VIRT,21.649,21.795,21.335,21.722,992100,21550396.2
2018-06-22,VIRT,21.686,21.941,21.558,21.759,4866900,105898877.1
2018-06-25,VIRT,21.905,21.978,21.321,21.795,1064800,23207316.0
2018-06-26,VIRT,21.613,21.795,20.7,20.955,1953900,40943974.5
2018-06-27,VIRT,20.919,20.919,19.641,19.787,2041900,40403075.3
2018-06-28,VIRT,19.824,20.134,19.313,19.386,1604100,31097082.6
2018-06-29,VIRT,19.897,19.897,19.167,19.386,1170800,22697128.8
2018-07-02,VIRT,19.13,19.605,18.692,19.349,1258100,24342976.9
2018-07-03,VIRT,19.24,19.532,18.875,19.459,733600,14275122.4
2018-07-05,VIRT,19.459,19.532,19.021,19.167,1346700,25812198.9
2018-07-06,VIRT,19.203,19.495,19.094,19.422,541400,10515070.8
2018-07-09,VIRT,19.459,19.714,19.13,19.24,1013300,19495892.0
2018-07-10,VIRT,19.349,19.422,18.984,19.258,762200,14678447.6
2018-07-11,VIRT,19.021,19.897,19.021,19.532,787500,15381450.0
2018-07-12,VIRT,19.459,19.459,18.948,19.057,754500,14378506.5
2018-07-13,VIRT,19.13,19.167,18.838,18.838,531100,10004861.8
2018-07-16,VIRT,18.801,19.057,18.474,18.984,601300,11415079.2
2018-07-17,VIRT,19.057,19.422,19.021,19.349,743600,14387916.4
2018-07-18,VIRT,19.349,19.422,19.039,19.386,528000,10235808.0
2018-07-19,VIRT,19.276,19.313,19.13,19.24,365300,7028372.0
2018-07-20,VIRT,19.276,19.276,19.094,19.094,454700,8682041.8
2018-07-23,VIRT,19.094,19.495,19.094,19.422,751900,14603401.8
2018-07-24,VIRT,19.532,19.641,18.637,18.655,739500,13795372.5
2018-07-25,VIRT,18.582,19.057,18.546,18.911,765400,14474479.4
2018-07-26,VIRT,18.911,18.988,18.363,18.728,1154000,21612112.0
2018-07-27,VIRT,16.794,16.794,15.333,15.625,4806000,75093750.0
2018-07-30,VIRT,15.37,15.735,15.078,15.096,2604000,39309984.0
2018-07-31,VIRT,15.224,15.26,14.348,14.713,2809600,41337644.8
2018-08-01,VIRT,14.676,15.114,14.621,14.713,1202600,17693853.8
2018-08-02,VIRT,14.859,15.297,14.64,15.078,1172400,17677447.2
2018-08-03,VIRT,15.005,15.151,14.64,14.676,749100,10993791.6
2018-08-06,VIRT,14.786,14.822,14.494,14.53,842700,12244431.0
2018-08-07,VIRT,14.64,15.352,14.603,14.895,1245000,18544275.0
2018-08-08,VIRT,14.822,15.443,14.822,14.932,1043300,15578555.6
2018-08-09,VIRT,14.932,15.351,14.932,15.224,751300,11437791.2
2018-08-10,VIRT,15.187,15.589,15.114,15.406,1206100,18581176.6
2018-08-13,VIRT,15.479,15.589,15.078,15.151,673400,10202683.4
2018-08-14,VIRT,15.151,15.625,15.078,15.406,844100,13004204.6
2018-08-15,VIRT,15.37,16.136,15.333,15.735,1141000,17953635.0
2018-08-16,VIRT,15.735,15.917,15.625,15.662,795100,12452856.2
2018-08-17,VIRT,15.552,16.063,15.552,15.954,955700,15247237.8
2018-08-20,VIRT,16.027,16.173,15.917,16.027,855300,13707893.1
2018-08-21,VIRT,16.136,16.246,15.735,15.881,997500,15841297.5
2018-08-22,VIRT,15.844,16.355,15.735,16.246,807100,13112146.6
2018-08-23,VIRT,16.246,16.428,16.1,16.209,1010200,16374331.8
2018-08-24,VIRT,16.282,16.465,16.063,16.319,695600,11351496.4
2018-08-27,VIRT,16.319,16.684,16.282,16.465,874200,14393703.0
2018-08-28,VIRT,16.538,16.598,16.063,16.173,647000,10463931.0
2018-08-29,VIRT,16.136,16.246,15.881,15.917,637300,10143904.1
2018-08-30,VIRT,15.91,16.39,15.689,16.279,849400,13827382.6
2018-08-31,VIRT,16.316,16.316,15.725,16.095,489300,7875283.5
2018-09-04,VIRT,16.131,16.205,15.762,15.947,463300,7388245.1
2018-09-05,VIRT,15.762,16.168,15.762,16.021,711300,11395737.3
2018-09-06,VIRT,16.058,16.168,15.725,15.836,384100,6082607.6
2018-09-07,VIRT,15.873,16.205,15.725,16.131,360300,5811999.3
2018-09-10,VIRT,16.095,16.298,15.873,16.095,545600,8781432.0
2018-09-11,VIRT,16.058,16.353,15.799,15.91,833700,13264167.0
2018-09-12,VIRT,15.725,15.762,15.098,15.467,1057100,16350165.7
2018-09-13,VIRT,15.467,15.873,15.467,15.799,469500,7417630.5
2018-09-14,VIRT,15.91,16.501,15.855,16.131,868700,14012999.7
2018-09-17,VIRT,16.131,16.205,15.725,16.095,796400,12818058.0
2018-09-18,VIRT,16.095,16.39,15.984,16.242,720700,11705609.4
2018-09-19,VIRT,16.131,16.574,15.873,16.427,696200,11436477.4
2018-09-20,VIRT,16.574,16.722,16.242,16.501,622300,10268572.3
2018-09-21,VIRT,16.501,16.501,16.131,16.205,899800,14581259.0
2018-09-24,VIRT,16.058,16.205,15.319,15.836,988400,15652302.4
2018-09-25,VIRT,15.836,15.873,15.541,15.652,700700,10967356.4
2018-09-26,VIRT,15.689,15.725,15.301,15.504,488500,7573704.0
2018-09-27,VIRT,15.578,15.873,15.301,15.504,525700,8150452.8
2018-09-28,VIRT,15.43,15.578,14.987,15.098,625400,9442289.2
2018-10-01,VIRT,15.009,15.065,14.736,14.862,1207300,17942892.6
2018-10-02,VIRT,14.817,15.105,14.78,14.98,871400,13053572.0
2018-10-03,VIRT,15.061,15.275,14.832,15.246,1029900,15701855.4
2018-10-04,VIRT,15.179,17.187,15.172,16.796,3290900,55273956.4
2018-10-05,VIRT,16.752,17.239,16.464,16.582,1703200,28242462.4
2018-10-08,VIRT,16.604,16.914,16.36,16.552,806900,13355808.8
2018-10-09,VIRT,16.464,16.53,15.932,16.021,924300,14808210.3
2018-10-10,VIRT,16.117,16.693,15.947,16.611,1617400,26866631.4
2018-10-11,VIRT,16.685,17.276,16.493,16.899,2210900,37361999.1
2018-10-12,VIRT,16.981,17.124,16.338,16.995,1491500,25348042.5
2018-10-15,VIRT,16.87,16.99,16.567,16.663,761900,12695539.7
2018-10-16,VIRT,16.626,16.774,16.102,16.117,1147100,18487810.7
2018-10-17,VIRT,16.035,16.25,15.725,16.131,820400,13233872.4
2018-10-18,VIRT,16.065,16.597,15.836,16.574,1918700,31800533.8
2018-10-19,VIRT,16.626,16.936,16.456,16.796,1542300,25904470.8
2018-10-22,VIRT,16.796,16.87,16.382,16.382,780500,12786151.0
2018-10-23,VIRT,16.648,17.18,16.56,16.855,2113700,35626413.5
2018-10-24,VIRT,16.899,16.973,16.501,16.538,1047100,17316939.8
2018-10-25,VIRT,16.552,17.084,16.534,16.803,1235700,20763467.1
2018-10-26,VIRT,16.693,16.913,16.545,16.833,1242800,20920052.4
2018-10-29,VIRT,16.944,16.958,16.685,16.914,1114500,18850653.0
2018-10-30,VIRT,16.973,17.719,16.855,17.519,1831700,32089552.3
2018-10-31,VIRT,17.497,17.531,17.076,17.512,1400300,24522053.6
2018-11-01,VIRT,17.49,17.711,16.966,16.995,1331600,22630542.0
2018-11-02,VIRT,17.084,17.423,17.032,17.342,1168900,20271063.8
2018-11-05,VIRT,17.416,18.117,17.379,18.021,1536100,27682058.1
2018-11-06,VIRT,17.933,18.442,17.775,18.191,1668900,30358959.9
2018-11-07,VIRT,18.642,19.565,18.516,18.893,2347200,44345649.6
2018-11-08,VIRT,19.129,19.269,18.435,18.472,1656500,30598868.0
2018-11-09,VIRT,18.376,18.538,17.926,18.095,1587400,28724003.0
2018-11-12,VIRT,18.789,18.789,17.837,18.058,1098000,19827684.0
2018-11-13,VIRT,18.11,18.431,18.014,18.398,1307500,24055385.0
2018-11-14,VIRT,18.516,18.819,18.184,18.354,1044600,19172588.4
2018-11-15,VIRT,18.361,19.107,18.191,18.922,2085900,39469399.8
2018-11-16,VIRT,19.011,19.594,18.756,19.52,1153200,22510464.0
2018-11-19,VIRT,19.528,19.742,19.247,19.483,1127600,21969030.8
2018-11-20,VIRT,19.483,19.823,19.461,19.535,1245900,24338656.5
2018-11-21,VIRT,19.557,19.663,18.686,18.922,792900,15003253.8
2018-11-23,VIRT,18.93,19.077,18.811,18.811,196700,3700123.7
2018-11-26,VIRT,18.819,19.107,18.583,18.989,508300,9652108.7
2018-11-27,VIRT,18.841,19.195,18.775,19.188,646300,12401204.4
2018-11-28,VIRT,19.151,19.328,18.745,19.173,1105900,21203420.7
2018-11-29,VIRT,19.196,19.218,18.801,19.039,776700,14787591.3
2018-11-30,VIRT,18.957,19.002,18.331,18.756,1333800,25016752.8
2018-12-03,VIRT,18.816,19.002,18.607,18.875,673700,12716087.5
2018-12-04,VIRT,18.793,18.924,18.339,18.652,1153800,21520677.6
2018-12-06,VIRT,18.704,19.471,18.629,19.263,1330800,25635200.4
2018-12-07,VIRT,19.233,19.412,18.808,19.047,716400,13645270.8
2018-12-10,VIRT,19.002,19.196,18.83,19.166,684500,13119127.0
2018-12-11,VIRT,19.099,19.281,18.644,19.076,825400,15745330.4
2018-12-12,VIRT,19.143,19.479,19.017,19.225,431300,8291742.5
2018-12-13,VIRT,19.196,19.397,19.121,19.233,357900,6883490.7
2018-12-14,VIRT,19.218,19.3,18.877,18.979,604100,11465213.9
2018-12-17,VIRT,18.838,18.905,18.316,18.48,898600,16606128.0
2018-12-18,VIRT,18.562,18.801,17.407,17.668,1714700,30295319.6
2018-12-19,VIRT,17.661,18.003,17.541,17.72,767200,13594784.0
2018-12-20,VIRT,17.735,18.227,17.735,17.877,689500,12326191.5
2018-12-21,VIRT,17.884,17.973,17.661,17.757,1405900,24964566.3
2018-12-24,VIRT,17.772,18.152,17.772,17.981,557400,10022609.4
2018-12-26,VIRT,17.921,18.756,17.625,18.577,1407100,26139696.7
2018-12-27,VIRT,18.398,19.255,17.623,19.196,1195400,22946898.4
2018-12-28,VIRT,19.315,19.352,18.816,19.21,656100,12603681.0
2018-12-31,VIRT,19.27,19.374,18.845,19.196,607100,11653891.6
2019-01-02,VIRT,19.143,19.546,19.002,19.367,801200,15516840.4
2019-01-03,VIRT,19.233,20.105,19.194,19.903,1118800,22267476.4
2019-01-04,VIRT,20.202,20.641,20.202,20.388,1390700,28353591.6
2019-01-07,VIRT,20.418,20.656,19.769,20.0,1423200,28464000.0
2019-01-08,VIRT,20.097,20.172,19.531,20.134,1140600,22964840.4
2019-01-09,VIRT,21.737,21.737,20.187,20.388,2531600,51614260.8
2019-01-10,VIRT,20.358,20.5,19.807,19.866,872100,17325138.6
2019-01-11,VIRT,19.829,20.02,19.49,19.687,1081600,21293459.2
2019-01-14,VIRT,19.754,19.754,19.345,19.464,684300,13319215.2
2019-01-15,VIRT,19.397,19.576,19.128,19.359,611500,11838028.5
2019-01-16,VIRT,19.464,20.0,19.397,19.821,689000,13656669.0
2019-01-17,VIRT,19.941,19.956,19.449,19.59,457800,8968302.0
2019-01-18,VIRT,19.687,20.284,19.687,20.045,766100,15356474.5
2019-01-22,VIRT,20.008,20.142,19.553,19.881,518200,10302334.2
2019-01-23,VIRT,19.971,20.164,19.613,19.695,492700,9703726.5
2019-01-24,VIRT,19.635,19.702,19.27,19.449,649600,12634070.4
2019-01-25,VIRT,19.441,19.598,19.017,19.292,533500,10292282.0
2019-01-28,VIRT,19.292,19.393,19.032,19.181,466700,8951772.7
2019-01-29,VIRT,19.136,19.292,19.039,19.188,705900,13544809.2
2019-01-30,VIRT,19.196,19.295,18.734,18.86,883000,16653380.0
2019-01-31,VIRT,18.748,19.106,18.736,19.039,838000,15954682.0
2019-02-01,VIRT,19.039,19.188,18.644,18.808,684700,12877837.6
2019-02-04,VIRT,18.838,19.047,18.637,19.039,563400,10726572.6
2019-02-05,VIRT,19.024,19.181,18.599,19.076,663200,12651203.2
2019-02-06,VIRT,19.002,19.3,18.838,19.173,1038600,19913077.8
2019-02-07,VIRT,19.3,20.462,19.151,20.09,1581500,31772335.0
2019-02-08,VIRT,20.127,20.266,19.345,20.03,1314900,26337447.0
2019-02-11,VIRT,20.023,20.06,19.278,19.441,830400,16143806.4
2019-02-12,VIRT,19.531,19.971,19.531,19.658,849600,16701436.8
2019-02-13,VIRT,19.658,19.903,19.263,19.576,652100,12765509.6
2019-02-14,VIRT,19.471,19.501,18.92,19.166,884100,16944660.6
2019-02-15,VIRT,19.196,19.278,18.644,18.83,1059900,19957917.0
2019-02-19,VIRT,18.793,19.598,18.674,19.33,969700,18744301.0
2019-02-20,VIRT,19.33,19.33,18.838,19.047,527100,10039673.7
2019-02-21,VIRT,19.024,19.106,18.853,18.942,448000,8486016.0
2019-02-22,VIRT,18.987,19.24,18.905,19.166,380000,7283080.0
2019-02-25,VIRT,19.21,19.24,18.674,18.689,575000,10746175.0
2019-02-26,VIRT,18.644,18.927,18.473,18.741,515100,9653489.1
2019-02-27,VIRT,18.719,18.95,18.413,18.823,494300,9304208.9
2019-02-28,VIRT,18.898,19.056,18.808,18.913,540600,10224367.8
2019-03-01,VIRT,18.996,19.267,18.876,19.252,396200,7627642.4
2019-03-04,VIRT,19.267,19.357,18.981,19.199,621400,11930258.6
2019-03-05,VIRT,19.124,19.229,18.981,19.192,355900,6830432.8
2019-03-06,VIRT,19.192,19.312,18.763,18.951,529500,10034554.5
2019-03-07,VIRT,18.951,19.064,18.642,18.981,641700,12180107.7
2019-03-08,VIRT,18.981,19.079,18.725,18.793,686200,12895756.6
2019-03-11,VIRT,18.748,19.034,18.62,18.958,484400,9183255.2
2019-03-12,VIRT,18.981,19.319,18.83,19.079,590800,11271873.2
2019-03-13,VIRT,19.131,19.162,18.763,19.004,572600,10881690.4
2019-03-14,VIRT,19.004,19.222,18.925,18.951,772400,14637752.4
2019-03-15,VIRT,18.996,19.041,18.673,18.778,872400,16381927.2
2019-03-18,VIRT,18.846,18.861,18.612,18.755,499000,9358745.0
2019-03-19,VIRT,18.808,18.808,18.507,18.627,601900,11211591.3
2019-03-20,VIRT,18.612,18.695,18.161,18.289,867000,15856563.0
2019-03-21,VIRT,18.311,18.372,17.751,17.898,1128000,20188944.0
2019-03-22,VIRT,17.845,18.462,17.461,18.349,753900,13833311.1
2019-03-25,VIRT,18.326,18.635,18.056,18.394,754500,13878273.0
2019-03-26,VIRT,18.056,18.417,17.868,18.116,536600,9721045.6
2019-03-27,VIRT,18.116,18.116,17.86,17.943,533500,9572590.5
2019-03-28,VIRT,17.913,18.041,17.837,17.988,702900,12643765.2
2019-03-29,VIRT,18.116,18.157,17.845,17.868,790100,14117506.8
2019-04-01,VIRT,17.905,18.582,17.905,18.552,823600,15279427.2
2019-04-02,VIRT,18.605,19.38,18.567,19.177,998000,19138646.0
2019-04-03,VIRT,19.207,19.229,18.876,18.981,1156300,21947730.3
2019-04-04,VIRT,18.951,19.244,18.928,19.184,695900,13350145.6
2019-04-05,VIRT,19.177,19.297,19.094,19.214,661700,12713903.8
2019-04-08,VIRT,19.109,19.109,18.499,18.552,652700,12108890.4
2019-04-09,VIRT,18.357,18.996,18.281,18.913,971000,18364523.0
2019-04-10,VIRT,18.838,19.06,18.688,18.951,957200,18139897.2
2019-04-11,VIRT,18.966,18.966,18.469,18.53,805700,14929621.0
2019-04-12,VIRT,18.627,18.806,18.199,18.56,696900,12934464.0
2019-04-15,VIRT,18.507,18.533,18.078,18.168,602400,10944403.2
2019-04-16,VIRT,18.244,18.56,18.12,18.372,816200,14995226.4
2019-04-17,VIRT,18.364,18.567,18.101,18.394,571100,10504813.4
2019-04-18,VIRT,18.71,19.146,18.469,18.973,931900,17680938.7
2019-04-22,VIRT,18.973,19.177,18.88,19.026,740800,14094460.8
2019-04-23,VIRT,19.011,19.063,18.567,18.755,840800,15769204.0
2019-04-24,VIRT,18.755,18.973,18.515,18.898,751500,14201847.0
2019-04-25,VIRT,18.838,18.973,18.706,18.755,604100,11329895.5
2019-04-26,VIRT,18.793,18.838,18.522,18.612,494700,9207356.4
2019-04-29,VIRT,18.612,18.767,18.53,18.657,396100,7390037.7
2019-04-30,VIRT,18.733,18.785,18.221,18.492,742400,13728460.8
2019-05-01,VIRT,18.387,18.597,18.266,18.326,1012700,18558740.2
2019-05-02,VIRT,18.387,18.432,17.98,18.056,990100,17877245.6
2019-05-03,VIRT,17.822,17.89,17.04,17.484,2002200,35006464.8
2019-05-06,VIRT,17.499,18.5,17.499,18.131,1051700,19068372.7
2019-05-07,VIRT,18.086,18.191,17.792,18.138,1153200,20916741.6
2019-05-08,VIRT,18.176,18.364,18.003,18.326,896500,16429259.0
2019-05-09,VIRT,18.372,18.808,18.259,18.627,1231000,22929837.0
2019-05-10,VIRT,18.642,18.642,18.146,18.304,885000,16199040.0
2019-05-13,VIRT,18.236,18.808,18.168,18.695,1392800,26038396.0
2019-05-14,VIRT,18.673,18.673,18.176,18.281,1454100,26582402.1
2019-05-15,VIRT,17.409,17.905,17.175,17.815,8410500,149833057.5
2019-05-16,VIRT,17.92,18.048,17.702,17.905,1738800,31133214.0
2019-05-17,VIRT,17.807,18.146,17.71,17.717,1160400,20558806.8
2019-05-20,VIRT,17.747,17.92,17.424,17.875,1129500,20189812.5
2019-05-21,VIRT,17.875,17.98,17.785,17.845,923200,16474504.0
2019-05-22,VIRT,17.837,17.943,17.416,17.582,932900,16402247.8
2019-05-23,VIRT,17.552,17.792,17.45,17.77,1152400,20478148.0
2019-05-24,VIRT,17.845,17.913,17.691,17.732,1243700,22053288.4
2019-05-28,VIRT,17.694,17.694,17.108,17.138,1149500,19700131.0
2019-05-29,VIRT,17.04,17.491,16.739,17.454,1638900,28605360.6
2019-05-30,VIRT,17.484,17.499,16.972,17.123,968500,16583625.5
2019-05-31,VIRT,17.184,17.564,17.077,17.503,1420200,24857760.6
2019-06-03,VIRT,17.419,17.511,17.146,17.457,1224100,21369113.7
2019-06-04,VIRT,17.579,17.587,16.86,17.161,1436300,24648344.3
2019-06-05,VIRT,17.168,17.343,16.971,17.047,857100,14610983.7
2019-06-06,VIRT,17.085,17.146,16.781,16.872,1116200,18832526.4
2019-06-07,VIRT,16.727,16.895,16.4,16.781,861500,14456831.5
2019-06-10,VIRT,16.841,16.895,16.575,16.75,880800,14753400.0
2019-06-11,VIRT,16.864,16.864,16.522,16.545,697200,11535174.0
2019-06-12,VIRT,16.522,16.583,16.302,16.423,666300,10942644.9
2019-06-13,VIRT,16.408,16.476,16.157,16.294,848900,13831976.6
2019-06-14,VIRT,16.294,16.537,16.226,16.431,672100,11043275.1
2019-06-17,VIRT,16.431,16.621,16.294,16.431,637700,10478048.7
2019-06-18,VIRT,16.423,16.705,16.366,16.393,770600,12632445.8
2019-06-19,VIRT,16.469,16.613,16.362,16.446,658800,10834624.8
2019-06-20,VIRT,16.431,16.469,16.134,16.317,1221600,19932847.2
2019-06-21,VIRT,16.355,16.385,16.21,16.302,1674600,27299329.2
2019-06-24,VIRT,16.233,16.336,15.823,15.868,994100,15774378.8
2019-06-25,VIRT,15.838,16.104,15.572,15.967,1341700,21422923.9
2019-06-26,VIRT,16.188,16.309,15.937,15.937,1691700,26960622.9
2019-06-27,VIRT,15.899,16.248,15.731,16.127,1420500,22908403.5
2019-06-28,VIRT,16.165,16.682,16.096,16.56,1949300,32280408.0
2019-07-01,VIRT,16.644,16.758,16.355,16.408,918200,15065825.6
2019-07-02,VIRT,16.378,16.583,16.218,16.469,874700,14405434.3
2019-07-03,VIRT,16.56,16.727,16.461,16.499,544600,8985355.4
2019-07-05,VIRT,16.507,17.039,16.499,16.963,756800,12837598.4
2019-07-08,VIRT,16.91,17.267,16.773,17.047,1124500,19169351.5
2019-07-09,VIRT,16.993,17.252,16.819,17.016,659200,11216947.2
2019-07-10,VIRT,16.925,16.986,15.997,16.256,1514100,24613209.6
2019-07-11,VIRT,16.218,16.575,16.15,16.514,954200,15757658.8
2019-07-12,VIRT,16.537,16.689,16.484,16.606,752500,12496015.0
2019-07-15,VIRT,16.613,16.674,16.321,16.332,688300,11241315.6
2019-07-16,VIRT,16.264,16.446,16.127,16.438,761400,12515893.2
2019-07-17,VIRT,16.393,16.743,16.279,16.606,749300,12442875.8
2019-07-18,VIRT,16.598,16.841,16.507,16.705,336500,5621232.5
2019-07-19,VIRT,16.682,16.895,16.598,16.72,421700,7050824.0
2019-07-22,VIRT,16.667,16.834,16.594,16.697,482500,8056302.5
2019-07-23,VIRT,16.621,16.724,16.408,16.545,509800,8434641.0
2019-07-24,VIRT,16.507,16.56,16.21,16.53,516500,8537745.0
2019-07-25,VIRT,16.53,16.53,16.127,16.332,618100,10094809.2
2019-07-26,VIRT,16.332,16.431,16.058,16.294,642500,10468895.0
2019-07-29,VIRT,16.271,16.526,16.233,16.499,575700,9498474.3
2019-07-30,VIRT,16.438,16.53,16.134,16.385,690500,11313842.5
2019-07-31,VIRT,16.362,16.598,16.286,16.484,686600,11317914.4
2019-08-01,VIRT,16.537,16.963,16.461,16.857,1039900,17529594.3
2019-08-02,VIRT,16.879,17.176,16.857,16.955,1205900,20446034.5
2019-08-05,VIRT,16.948,17.419,16.917,17.115,1237800,21184947.0
2019-08-06,VIRT,17.108,17.153,16.659,16.849,860100,14491824.9
2019-08-07,VIRT,16.773,16.798,16.454,16.674,777400,12962367.6
2019-08-08,VIRT,15.937,16.339,13.443,13.648,4398400,60029363.2
2019-08-09,VIRT,13.595,14.195,13.595,13.792,2015400,27796396.8
2019-08-12,VIRT,13.701,14.097,13.595,13.785,1474200,20321847.0
2019-08-13,VIRT,13.853,14.074,13.671,13.686,1123500,15376221.0
2019-08-14,VIRT,13.701,14.036,13.435,13.876,1762300,24453674.8
2019-08-15,VIRT,13.952,14.583,13.952,14.218,1344000,19108992.0
2019-08-16,VIRT,14.211,14.211,13.526,13.792,852800,11761817.6
2019-08-19,VIRT,13.777,13.964,13.633,13.907,651200,9056238.4
2019-08-20,VIRT,13.884,13.884,13.572,13.792,703300,9699913.6
2019-08-21,VIRT,13.815,13.815,13.511,13.671,853500,11668198.5
2019-08-22,VIRT,13.716,13.872,13.688,13.815,492100,6798361.5
2019-08-23,VIRT,13.815,13.929,13.709,13.869,913700,12672105.3
2019-08-26,VIRT,13.884,13.907,13.428,13.686,569500,7794177.0
2019-08-27,VIRT,13.466,13.64,13.389,13.504,688700,9300204.8
2019-08-28,VIRT,13.511,13.838,13.412,13.678,920300,12587863.4
2019-08-29,VIRT,13.694,13.975,13.678,13.945,863200,12037324.0
2019-08-30,VIRT,14.052,14.545,14.052,14.484,1078200,15616648.8
2019-09-03,VIRT,14.553,15.046,14.361,14.553,1584900,23065049.7
2019-09-04,VIRT,14.291,14.484,14.145,14.314,1104700,15812675.8
2019-09-05,VIRT,14.638,14.857,14.476,14.746,1198800,17677504.8
2019-09-06,VIRT,14.715,15.069,14.715,14.961,728100,10893104.1
2019-09-09,VIRT,14.969,15.162,14.653,15.008,617000,9259936.0
2019-09-10,VIRT,14.985,15.447,14.965,15.354,1108000,17012232.0
2019-09-11,VIRT,15.439,15.778,15.331,15.755,1261500,19874932.5
2019-09-12,VIRT,15.701,15.901,15.626,15.74,850500,13386870.0
2019-09-13,VIRT,15.871,15.901,15.239,15.524,861600,13375478.4
2019-09-16,VIRT,15.462,16.133,15.462,15.948,895900,14287813.2
2019-09-17,VIRT,15.948,15.948,15.416,15.601,648900,10123488.9
2019-09-18,VIRT,15.578,15.786,15.439,15.555,425200,6613986.0
2019-09-19,VIRT,15.539,15.539,15.123,15.139,821900,12442744.1
2019-09-20,VIRT,15.17,15.239,14.73,14.784,1846000,27291264.0
2019-09-23,VIRT,14.761,14.908,14.707,14.831,869600,12897037.6
2019-09-24,VIRT,14.723,14.746,13.336,13.867,3050700,42304056.9
2019-09-25,VIRT,13.867,13.89,13.336,13.559,1369500,18569050.5
2019-09-26,VIRT,13.598,13.598,12.881,12.966,2194600,28455183.6
2019-09-27,VIRT,12.974,13.035,12.573,12.858,1557600,20027620.8
2019-09-30,VIRT,12.835,12.835,12.138,12.604,2861800,36070127.2
2019-10-01,VIRT,12.542,12.616,11.957,12.096,2481300,30013804.8
2019-10-02,VIRT,12.088,12.304,11.972,12.157,1461800,17771102.6
2019-10-03,VIRT,12.142,12.31,11.803,12.153,1473600,17908660.8
2019-10-04,VIRT,12.165,12.55,12.111,12.488,1184200,14788289.6
2019-10-07,VIRT,12.504,12.673,12.419,12.589,956100,12036342.9
2019-10-08,VIRT,12.542,12.573,12.227,12.488,805300,10056586.4
2019-10-09,VIRT,12.496,12.542,12.373,12.496,770200,9624419.2
2019-10-10,VIRT,12.496,12.785,12.481,12.677,983600,12469097.2
2019-10-11,VIRT,12.75,12.958,12.531,12.862,883200,11359718.4
2019-10-14,VIRT,12.866,12.943,12.65,12.673,631600,8004266.8
2019-10-15,VIRT,12.681,12.92,12.627,12.685,1157100,14677813.5
2019-10-16,VIRT,12.589,12.904,12.589,12.766,582500,7436195.0
2019-10-17,VIRT,12.789,13.082,12.75,12.989,879300,11421227.7
2019-10-18,VIRT,12.997,13.313,12.897,13.182,877000,11560614.0
2019-10-21,VIRT,13.228,13.351,13.097,13.12,441200,5788544.0
2019-10-22,VIRT,13.028,13.251,12.866,13.051,466400,6086986.4
2019-10-23,VIRT,13.035,13.174,12.928,13.128,601600,7897804.8
2019-10-24,VIRT,13.174,13.19,12.881,12.904,573100,7395282.4
2019-10-25,VIRT,12.958,13.19,12.843,13.043,674200,8793590.6
2019-10-28,VIRT,13.059,13.305,13.048,13.236,534900,7079936.4
2019-10-29,VIRT,13.243,13.282,12.943,12.982,709200,9206834.4
2019-10-30,VIRT,12.92,13.043,12.781,12.904,1459200,18829516.8
2019-10-31,VIRT,12.866,13.205,12.835,13.066,669800,8751606.8
2019-11-01,VIRT,13.228,13.243,12.812,12.881,942100,12135190.1
2019-11-04,VIRT,12.889,13.12,12.874,13.043,1457200,19006259.6
2019-11-05,VIRT,13.213,13.436,12.573,12.673,1136500,14402864.5
2019-11-06,VIRT,12.558,12.689,12.203,12.589,1031300,12983035.7
2019-11-07,VIRT,12.604,12.727,12.296,12.327,774300,9544796.1
2019-11-08,VIRT,12.496,12.7,12.257,12.504,993300,12420223.2
2019-11-11,VIRT,12.419,12.758,12.388,12.581,667500,8397817.5
2019-11-12,VIRT,12.589,12.689,12.388,12.496,582000,7272672.0
2019-11-13,VIRT,12.419,12.619,12.357,12.535,591900,7419466.5
2019-11-14,VIRT,12.496,12.708,12.427,12.681,632900,8025804.9
2019-11-15,VIRT,12.689,12.885,12.612,12.858,620100,7973245.8
2019-11-18,VIRT,12.835,12.924,12.681,12.735,655000,8341425.0
2019-11-19,VIRT,12.766,12.912,12.542,12.812,628800,8056185.6
2019-11-20,VIRT,12.789,12.958,12.681,12.827,637600,8178495.2
2019-11-21,VIRT,12.897,13.035,12.742,12.904,684100,8827626.4
2019-11-22,VIRT,12.889,12.92,12.72,12.843,393600,5055004.8
2019-11-25,VIRT,12.789,12.982,12.743,12.951,437200,5662177.2
2019-11-26,VIRT,12.92,13.059,12.789,12.804,621800,7961527.2
2019-11-27,VIRT,12.851,12.885,12.527,12.558,749900,9417244.2
2019-11-29,VIRT,12.636,13.011,12.589,12.98,463600,6017528.0
2019-12-02,VIRT,12.996,12.996,12.749,12.824,387300,4966735.2
2019-12-03,VIRT,12.871,13.129,12.788,13.097,1131400,14817945.8
2019-12-04,VIRT,13.097,13.246,12.91,12.925,728300,9413277.5
2019-12-05,VIRT,12.91,13.152,12.835,13.144,593400,7799649.6
2019-12-06,VIRT,13.144,13.363,12.941,13.011,719400,9360113.4
2019-12-09,VIRT,13.035,13.113,12.667,12.949,960700,12440104.3
2019-12-10,VIRT,12.964,13.168,12.855,13.136,540000,7093440.0
2019-12-11,VIRT,13.121,13.176,12.792,12.808,662000,8478896.0
2019-12-12,VIRT,12.847,13.211,12.792,13.152,759100,9983683.2
2019-12-13,VIRT,13.105,13.285,12.597,12.738,1366200,17402655.6
2019-12-16,VIRT,12.792,12.996,12.55,12.605,1540600,19419263.0
2019-12-17,VIRT,12.628,12.953,12.55,12.917,1373600,17742791.2
2019-12-18,VIRT,12.957,13.16,12.472,12.511,1174500,14694169.5
2019-12-19,VIRT,12.55,12.878,12.519,12.878,1312100,16897223.8
2019-12-20,VIRT,12.902,13.129,12.839,13.058,1863500,24333583.0
2019-12-23,VIRT,13.05,13.129,12.581,12.644,859700,10870046.8
2019-12-24,VIRT,12.659,12.706,12.464,12.503,388800,4861166.4
2019-12-26,VIRT,12.542,12.659,12.472,12.573,432800,5441594.4
2019-12-27,VIRT,12.558,12.581,12.378,12.495,721100,9010144.5
2019-12-30,VIRT,12.511,12.558,12.268,12.362,989600,12233435.2
2019-12-31,VIRT,12.362,12.628,12.335,12.503,891500,11146424.5
2020-01-02,VIRT,12.534,12.781,12.448,12.73,739000,9407470.0
2020-01-03,VIRT,12.753,13.035,12.753,13.027,1092200,14228089.4
2020-01-06,VIRT,12.644,12.745,12.315,12.62,2298900,29012118.0
2020-01-07,VIRT,12.824,13.019,12.378,12.581,1360500,17116450.5
2020-01-08,VIRT,12.62,12.8,12.542,12.597,680100,8567219.7
2020-01-09,VIRT,12.62,12.683,12.175,12.386,1387700,17188052.2
2020-01-10,VIRT,12.37,12.37,11.791,11.901,1416200,16854196.2
2020-01-13,VIRT,11.924,12.222,11.831,11.995,1046500,12552767.5
2020-01-14,VIRT,12.042,12.198,11.87,12.003,1180500,14169541.5
2020-01-15,VIRT,11.956,12.12,11.87,12.073,851300,10277744.9
2020-01-16,VIRT,12.12,12.3,12.089,12.182,682600,8315433.2
2020-01-17,VIRT,12.206,12.276,11.979,12.081,996300,12036300.3
2020-01-21,VIRT,12.417,12.722,12.128,12.503,1964700,24564644.1
2020-01-22,VIRT,12.487,12.636,11.932,11.956,1171800,14010040.8
2020-01-23,VIRT,11.94,12.12,11.682,11.878,1309600,15555428.8
2020-01-24,VIRT,11.854,12.159,11.831,12.003,1612600,19356037.8
2020-01-27,VIRT,12.167,12.558,12.167,12.456,1446200,18013867.2
2020-01-28,VIRT,12.44,12.534,12.159,12.362,1529000,18901498.0
2020-01-29,VIRT,12.362,12.44,12.253,12.261,807600,9901983.6
2020-01-30,VIRT,12.229,12.605,12.167,12.589,1179800,14852502.2
2020-01-31,VIRT,12.691,13.136,12.611,13.05,1737900,22679595.0
2020-02-03,VIRT,13.027,13.097,12.62,12.847,1540400,19789518.8
2020-02-04,VIRT,13.41,13.84,13.316,13.48,1957500,26387100.0
2020-02-05,VIRT,13.512,13.809,13.465,13.566,1026400,13924142.4
2020-02-06,VIRT,13.613,13.676,13.027,13.058,1104400,14421255.2
2020-02-07,VIRT,13.105,13.527,13.082,13.152,847600,11147635.2
2020-02-10,VIRT,13.176,13.355,12.941,13.144,1268500,16673164.0
2020-02-11,VIRT,13.144,14.004,13.074,13.598,1641000,22314318.0
2020-02-12,VIRT,13.762,13.985,13.699,13.864,1020400,14146825.6
2020-02-13,VIRT,13.879,14.04,13.66,13.903,780200,10847120.6
2020-02-14,VIRT,13.864,13.895,13.637,13.746,756000,10391976.0
2020-02-18,VIRT,13.699,13.965,13.606,13.95,510800,7125660.0
2020-02-19,VIRT,13.918,13.955,13.738,13.871,870600,12076092.6
2020-02-20,VIRT,13.879,14.114,13.819,13.934,945600,13175990.4
2020-02-21,VIRT,13.887,14.442,13.817,14.301,866700,12394676.7
2020-02-24,VIRT,14.497,15.013,14.466,14.591,1534200,22385512.2
2020-02-25,VIRT,14.591,14.646,14.294,14.442,1052800,15204537.6
2020-02-26,VIRT,14.419,14.864,14.364,14.833,1264700,18759295.1
2020-02-27,VIRT,14.849,15.083,14.591,14.614,1490400,21780705.6
2020-02-28,VIRT,14.725,15.05,14.456,14.899,1528600,22774611.4
2020-03-02,VIRT,15.327,15.668,15.113,15.581,1790600,27899338.6
2020-03-03,VIRT,15.533,16.325,15.311,16.262,2002200,32559776.4
2020-03-04,VIRT,16.0,17.371,16.0,17.315,2404600,41635649.0
2020-03-05,VIRT,17.149,18.638,17.014,18.511,2201700,40755668.7
2020-03-06,VIRT,18.892,19.525,18.191,18.575,2761900,51302292.5
2020-03-09,VIRT,19.541,21.046,18.48,18.947,2269800,43005900.6
2020-03-10,VIRT,19.137,19.583,18.266,18.804,2018600,37957754.4
2020-03-11,VIRT,18.702,19.533,18.702,19.129,1886400,36084945.6
2020-03-12,VIRT,19.01,19.557,17.03,17.941,2771900,49730657.9
2020-03-13,VIRT,18.234,18.369,16.341,16.967,2650300,44967640.1
2020-03-16,VIRT,16.634,17.41,16.198,16.492,2368100,39054705.2
2020-03-17,VIRT,16.595,17.331,14.876,15.985,3111200,49732532.0
2020-03-18,VIRT,16.143,16.191,13.703,14.979,2585300,38725208.7
2020-03-19,VIRT,14.987,16.404,13.787,16.381,1961800,32136245.8
2020-03-20,VIRT,17.981,17.989,15.949,16.642,2509800,41768091.6
2020-03-23,VIRT,16.539,17.101,15.501,16.191,1591900,25774452.9
2020-03-24,VIRT,16.602,17.363,15.842,16.507,1783900,29446837.3
2020-03-25,VIRT,16.547,17.696,16.444,16.761,1575000,26398575.0
2020-03-26,VIRT,16.959,18.218,16.69,18.02,1499500,27020990.0
2020-03-27,VIRT,18.226,18.226,17.45,17.901,1279300,22900749.3
2020-03-30,VIRT,18.084,18.21,16.991,17.038,1782100,30363419.8
2020-03-31,VIRT,17.03,17.236,16.119,16.492,2023700,33374860.4
2020-04-01,VIRT,16.246,17.395,16.048,16.816,1208000,20313728.0
2020-04-02,VIRT,16.832,17.046,16.238,16.967,1746400,29631168.8
2020-04-03,VIRT,16.951,18.159,16.814,18.052,1457100,26303569.2
2020-04-06,VIRT,18.147,18.876,18.147,18.844,1464900,27604575.6
2020-04-07,VIRT,18.907,19.24,18.385,18.44,1052900,19415476.0
2020-04-08,VIRT,18.416,19.01,18.416,18.828,705600,13285036.8
2020-04-09,VIRT,18.907,19.094,18.571,18.987,1273300,24176147.1
2020-04-13,VIRT,19.026,19.383,18.805,19.224,1125100,21628922.4
2020-04-14,VIRT,19.399,19.668,19.05,19.612,891000,17474292.0
2020-04-15,VIRT,19.28,19.478,18.829,19.129,1199400,22943322.6
2020-04-16,VIRT,18.757,19.319,18.757,19.193,1020500,19586456.5
2020-04-17,VIRT,19.303,19.391,18.678,18.82,901100,16958702.0
2020-04-20,VIRT,18.63,19.24,18.622,18.749,899300,16860975.7
2020-04-21,VIRT,18.559,19.153,18.416,19.082,763900,14576739.8
2020-04-22,VIRT,19.256,19.351,18.892,18.939,508100,9622905.9
2020-04-23,VIRT,18.907,19.113,18.654,18.987,731800,13894686.6
2020-04-24,VIRT,19.074,19.343,18.812,19.208,622200,11951217.6
2020-04-27,VIRT,19.28,20.492,19.248,20.317,1002100,20359665.7
2020-04-28,VIRT,20.278,20.468,19.335,19.367,913400,17689817.8
2020-04-29,VIRT,19.327,19.327,18.506,18.725,1157400,21672315.0
2020-04-30,VIRT,18.686,19.248,18.464,18.511,1084200,20069626.2
2020-05-01,VIRT,18.464,19.129,18.242,19.066,634900,12105003.4
2020-05-04,VIRT,19.177,19.43,18.844,19.43,704300,13684549.0
2020-05-05,VIRT,19.446,19.882,19.446,19.723,1040200,20515864.6
2020-05-06,VIRT,19.739,20.381,19.739,19.858,1142600,22689750.8
2020-05-07,VIRT,20.563,20.808,19.414,20.381,2261700,46095707.7
2020-05-08,VIRT,20.405,20.666,18.797,18.797,1985200,37315804.4
2020-05-11,VIRT,19.208,19.509,18.884,19.28,1936700,37339576.0
2020-05-12,VIRT,19.248,19.715,18.816,18.892,1368700,25857480.4
2020-05-13,VIRT,18.622,18.741,17.347,18.139,2852400,51739683.6
2020-05-14,VIRT,17.901,18.789,17.822,18.527,2092300,38764042.1
2020-05-15,VIRT,18.408,18.519,17.949,18.107,1149900,20821239.3
2020-05-18,VIRT,18.052,18.321,17.624,17.909,1297000,23227973.0
2020-05-19,VIRT,18.408,18.44,17.474,17.498,1177700,20607394.6
2020-05-20,VIRT,17.577,17.616,16.967,17.109,1572000,26895348.0
2020-05-21,VIRT,17.117,17.117,16.579,16.808,1802500,30296420.0
2020-05-22,VIRT,16.816,17.363,16.697,17.315,1681000,29106515.0
2020-05-26,VIRT,17.545,17.664,17.244,17.307,1026800,17770827.6
2020-05-27,VIRT,17.395,17.862,17.387,17.569,1373100,24123993.9
2020-05-28,VIRT,17.719,18.487,17.632,18.337,1631800,29922316.6
2020-05-29,VIRT,18.417,19.13,18.377,19.09,2230200,42574518.0
2020-06-01,VIRT,19.13,19.538,18.865,19.394,848400,16453869.6
2020-06-02,VIRT,19.25,19.322,18.113,18.177,1273600,23150227.2
2020-06-03,VIRT,18.153,18.761,17.409,17.529,1539600,26987648.4
2020-06-04,VIRT,17.457,18.089,17.337,17.993,1994300,35883439.9
2020-06-05,VIRT,17.841,18.057,17.401,17.433,1432000,24964056.0
2020-06-08,VIRT,17.433,18.057,17.401,17.985,1778400,31984524.0
2020-06-09,VIRT,18.225,18.593,18.089,18.369,1225200,22505698.8
2020-06-10,VIRT,18.433,18.545,17.921,18.417,1190000,21916230.0
2020-06-11,VIRT,18.361,18.869,18.321,18.761,1330700,24965262.7
2020-06-12,VIRT,18.841,19.194,18.345,18.761,2086900,39152330.9
2020-06-15,VIRT,18.809,19.402,17.785,18.353,3724500,68355748.5
2020-06-16,VIRT,18.401,18.529,17.953,18.297,1541500,28204825.5
2020-06-17,VIRT,18.185,18.817,18.041,18.665,1550100,28932616.5
2020-06-18,VIRT,18.753,18.881,18.513,18.633,1254400,23373235.2
2020-06-19,VIRT,18.753,18.993,18.441,18.833,2216600,41745227.8
2020-06-22,VIRT,18.961,19.09,18.413,18.889,1594700,30122288.3
2020-06-23,VIRT,18.913,19.242,18.609,18.657,963300,17972288.1
2020-06-24,VIRT,18.657,18.881,18.369,18.585,986200,18328527.0
2020-06-25,VIRT,18.481,19.07,18.446,19.025,1109100,21100627.5
2020-06-26,VIRT,18.969,19.13,18.011,18.305,2483800,45465959.0
2020-06-29,VIRT,18.353,18.925,18.233,18.753,900500,16887076.5
2020-06-30,VIRT,18.833,19.082,18.653,18.889,1140400,21541015.6
2020-07-01,VIRT,18.737,18.985,18.52,18.969,945400,17933292.6
2020-07-02,VIRT,19.098,19.538,19.053,19.17,1032500,19793025.0
2020-07-06,VIRT,19.33,19.45,19.002,19.11,896200,17126382.0
2020-07-07,VIRT,19.122,19.566,18.993,19.45,1553700,30219465.0
2020-07-08,VIRT,19.442,20.402,19.442,20.218,1694500,34259401.0
2020-07-09,VIRT,20.33,20.578,19.402,19.682,1226300,24136036.6
2020-07-10,VIRT,19.682,19.71,19.338,19.498,664700,12960320.6
2020-07-13,VIRT,19.578,19.962,19.402,19.474,1283000,24985142.0
2020-07-14,VIRT,19.586,20.138,19.442,20.094,959600,19282202.4
2020-07-15,VIRT,20.09,21.014,20.042,20.882,1921800,40131027.6
2020-07-16,VIRT,20.834,21.018,20.43,20.522,850700,17458065.4
2020-07-17,VIRT,20.722,20.786,20.378,20.41,1051900,21469279.0
2020-07-20,VIRT,20.41,21.275,20.346,21.123,1853500,39151480.5
2020-07-21,VIRT,21.211,21.467,20.842,20.914,1238700,25906171.8
2020-07-22,VIRT,21.034,21.034,20.69,20.866,972800,20298444.8
2020-07-23,VIRT,20.882,21.01,20.578,20.834,1082800,22559055.2
2020-07-24,VIRT,20.45,20.594,20.138,20.258,1736600,35180042.8
2020-07-27,VIRT,20.234,20.77,20.178,20.298,1063800,21593012.4
2020-07-28,VIRT,20.338,20.426,20.078,20.106,824400,16575386.4
2020-07-29,VIRT,20.098,20.192,19.938,20.01,871100,17430711.0
2020-07-30,VIRT,19.81,19.901,19.282,19.418,1580300,30686265.4
2020-07-31,VIRT,19.514,19.882,19.33,19.85,2175400,43181690.0
2020-08-03,VIRT,19.922,20.282,19.618,19.842,1458700,28943525.4
2020-08-04,VIRT,19.802,19.978,19.426,19.842,1374900,27280765.8
2020-08-05,VIRT,19.842,20.034,19.674,19.914,1076600,21439412.4
2020-08-06,VIRT,19.914,20.106,19.506,19.698,1202000,23676996.0
2020-08-07,VIRT,20.034,20.13,18.161,18.265,2306500,42128222.5
2020-08-10,VIRT,18.401,18.665,17.329,17.529,2086800,36579517.2
2020-08-11,VIRT,17.609,18.309,17.329,18.257,2285600,41728199.2
2020-08-12,VIRT,18.633,19.218,18.569,18.881,1842000,34778802.0
2020-08-13,VIRT,18.993,19.242,18.865,19.138,1200000,22965600.0
2020-08-14,VIRT,19.138,19.49,19.088,19.186,1350300,25906855.8
2020-08-17,VIRT,19.282,19.722,19.278,19.722,1756900,34649581.8
2020-08-18,VIRT,19.714,19.808,19.458,19.562,1842000,36033204.0
2020-08-19,VIRT,19.522,19.642,19.382,19.514,1224200,23889038.8
2020-08-20,VIRT,19.45,19.874,19.418,19.81,1085700,21507717.0
2020-08-21,VIRT,19.914,20.098,19.834,19.994,1361800,27227829.2
2020-08-24,VIRT,19.954,20.434,19.866,20.386,1945400,39658924.4
2020-08-25,VIRT,20.61,20.674,20.382,20.61,1194200,24612462.0
2020-08-26,VIRT,20.602,21.066,20.49,20.938,1271100,26614291.8
2020-08-27,VIRT,20.994,21.323,20.786,20.802,1127000,23443854.0
2020-08-28,VIRT,20.522,20.634,19.458,19.93,3592500,71598525.0
2020-08-31,VIRT,20.18,20.972,19.914,20.876,3601500,75184914.0
2020-09-01,VIRT,21.013,21.958,21.002,21.571,2470700,53295469.7
2020-09-02,VIRT,21.603,21.74,20.245,20.383,2174600,44324871.8
2020-09-03,VIRT,20.326,21.28,20.067,21.272,1976800,42050489.6
2020-09-04,VIRT,21.36,22.314,21.288,22.08,2695100,59507808.0
2020-09-08,VIRT,22.249,23.106,21.651,21.7,3010300,65323510.0
2020-09-09,VIRT,21.74,22.597,21.74,22.419,1663600,37296248.4
2020-09-10,VIRT,22.468,22.953,22.023,22.084,1677100,37037076.4
2020-09-11,VIRT,22.468,22.746,21.95,22.015,1910400,42057456.0
2020-09-14,VIRT,22.136,22.71,22.128,22.209,1555600,34548320.4
2020-09-15,VIRT,22.217,22.29,21.199,21.288,1738200,37002801.6
2020-09-16,VIRT,21.231,22.12,21.167,21.708,1499900,32559829.2
2020-09-17,VIRT,21.441,21.813,21.433,21.74,1341400,29162036.0
2020-09-18,VIRT,21.74,22.093,21.554,21.773,1545400,33647994.2
2020-09-21,VIRT,21.651,21.821,21.126,21.514,1126400,24233369.6
2020-09-22,VIRT,21.393,21.708,21.183,21.239,989800,21022362.2
2020-09-23,VIRT,20.694,20.722,17.958,18.055,6278500,113358317.5
2020-09-24,VIRT,18.095,18.281,17.724,17.877,1957300,34990652.1
2020-09-25,VIRT,18.37,18.625,17.974,18.491,1690100,31251639.1
2020-09-28,VIRT,18.701,19.154,18.459,18.879,1665000,31433535.0
2020-09-29,VIRT,18.879,19.049,18.447,18.645,1184300,22081273.5
2020-09-30,VIRT,18.718,18.936,18.508,18.596,2539100,47217103.6
2020-10-01,VIRT,18.596,18.904,18.402,18.604,945400,17588221.6
2020-10-02,VIRT,18.508,19.033,18.386,18.96,1013000,19206480.0
2020-10-05,VIRT,19.073,19.203,18.847,19.041,1029800,19608421.8
2020-10-06,VIRT,19.049,19.308,18.588,18.944,881100,16691558.4
2020-10-07,VIRT,18.92,19.235,18.572,18.617,1211500,22554495.5
2020-10-08,VIRT,18.58,18.71,18.128,18.176,954200,17343539.2
2020-10-09,VIRT,18.176,18.305,17.901,17.982,851900,15318865.8
2020-10-12,VIRT,17.958,18.188,17.926,18.031,840200,15149646.2
2020-10-13,VIRT,17.942,18.58,17.942,18.491,1283100,23725802.1
2020-10-14,VIRT,18.613,18.871,18.378,18.499,843500,15603906.5
2020-10-15,VIRT,18.508,19.005,18.419,18.952,905400,17159140.8
2020-10-16,VIRT,18.952,19.126,18.685,18.774,626200,11756278.8
2020-10-19,VIRT,19.017,19.025,18.362,18.419,532700,9811801.3
2020-10-20,VIRT,18.499,18.653,18.136,18.136,888900,16121090.4
2020-10-21,VIRT,18.103,18.253,17.586,17.631,1047700,18471998.7
2020-10-22,VIRT,17.643,18.023,17.555,17.78,970700,17259046.0
2020-10-23,VIRT,17.909,17.946,17.578,17.768,691800,12291902.4
2020-10-26,VIRT,17.67,17.78,17.352,17.78,781500,13895070.0
2020-10-27,VIRT,17.78,18.192,17.699,18.144,680600,12348806.4
2020-10-28,VIRT,18.095,18.217,17.627,17.699,1255900,22228174.1
2020-10-29,VIRT,17.627,17.804,17.328,17.36,1527500,26517400.0
2020-10-30,VIRT,17.303,17.34,16.996,17.279,1186200,20496349.8
2020-11-02,VIRT,17.344,17.543,17.231,17.303,1060800,18355022.4
2020-11-03,VIRT,17.441,18.217,17.271,17.865,2436200,43522713.0
2020-11-04,VIRT,17.853,18.548,17.679,18.136,1345400,24400174.4
2020-11-05,VIRT,18.071,18.37,17.691,17.732,1067000,18920044.0
2020-11-06,VIRT,18.338,19.186,17.99,19.065,1661100,31668871.5
2020-11-09,VIRT,19.582,19.631,18.443,18.677,1804200,33697043.4
2020-11-10,VIRT,18.815,18.968,18.071,18.491,1307400,24175133.4
2020-11-11,VIRT,18.524,19.194,18.402,19.146,1106900,21192707.4
2020-11-12,VIRT,19.154,19.235,18.657,18.976,942000,17875392.0
2020-11-13,VIRT,18.895,19.372,18.742,18.912,756900,14314492.8
2020-11-16,VIRT,18.928,18.992,18.463,18.742,835000,15649570.0
2020-11-17,VIRT,18.766,18.766,18.346,18.362,953900,17515511.8
2020-11-18,VIRT,18.411,18.831,18.382,18.419,1159300,21353146.7
2020-11-19,VIRT,18.338,18.487,18.176,18.225,991200,18064620.0
2020-11-20,VIRT,18.12,18.346,18.023,18.241,816900,14901072.9
2020-11-23,VIRT,18.176,18.617,18.152,18.386,972600,17882223.6
2020-11-24,VIRT,18.451,18.584,18.233,18.33,1033700,18947721.0
2020-11-25,VIRT,18.257,18.499,18.095,18.402,788400,14508136.8
2020-11-27,VIRT,18.386,18.588,18.347,18.499,432300,7997117.7
2020-11-30,VIRT,18.459,18.728,18.295,18.614,1686900,31399956.6
2020-12-01,VIRT,18.483,19.071,18.483,19.047,1132200,21565013.4
2020-12-02,VIRT,18.989,19.447,18.785,18.949,880600,16686489.4
2020-12-03,VIRT,19.038,19.251,18.851,19.087,660000,12597420.0
2020-12-04,VIRT,19.177,19.377,18.936,19.104,677500,12942960.0
2020-12-07,VIRT,19.169,19.398,19.063,19.206,693300,13315519.8
2020-12-08,VIRT,19.202,19.488,19.063,19.39,657000,12739230.0
2020-12-09,VIRT,19.104,19.395,19.071,19.267,870100,16764216.7
2020-12-10,VIRT,19.259,19.275,18.916,19.022,764300,14538514.6
2020-12-11,VIRT,18.965,19.104,18.761,18.785,736800,13840788.0
2020-12-14,VIRT,19.006,19.39,18.826,19.055,1274700,24289408.5
2020-12-15,VIRT,19.153,19.537,19.141,19.492,792300,15443511.6
2020-12-16,VIRT,19.52,19.586,19.324,19.333,825100,15951658.3
2020-12-17,VIRT,19.398,19.97,19.373,19.97,857100,17116287.0
2020-12-18,VIRT,20.01,20.473,19.97,20.313,1725900,35058206.7
2020-12-21,VIRT,20.386,20.656,20.1,20.398,823900,16805912.2
2020-12-22,VIRT,20.386,20.68,20.337,20.631,627300,12941826.3
2020-12-23,VIRT,20.688,20.95,20.492,20.525,649100,13322777.5
2020-12-24,VIRT,20.631,20.631,20.419,20.46,197700,4044942.0
2020-12-28,VIRT,20.451,20.647,20.362,20.419,472900,9656145.1
2020-12-29,VIRT,20.443,20.541,19.978,20.076,554700,11136157.2
2020-12-30,VIRT,20.084,20.378,20.01,20.28,547800,11109384.0
2020-12-31,VIRT,20.223,20.623,20.127,20.558,439800,9041408.4
2021-01-04,VIRT,20.68,20.827,20.051,20.623,736500,15188839.5
2021-01-05,VIRT,20.68,20.909,20.5,20.558,832700,17118646.6
2021-01-06,VIRT,20.647,21.236,20.468,21.203,1445100,30640455.3
2021-01-07,VIRT,21.244,21.448,20.815,20.909,1026300,21458906.7
2021-01-08,VIRT,20.909,21.227,20.647,20.942,1007100,21090688.2
2021-01-11,VIRT,20.827,20.901,19.603,19.663,1572900,30927932.7
2021-01-12,VIRT,19.802,20.227,19.627,19.798,1657000,32805286.0
2021-01-13,VIRT,19.88,20.607,19.757,20.076,1354600,27194949.6
2021-01-14,VIRT,20.149,20.26,19.798,20.149,981500,19776243.5
2021-01-15,VIRT,20.108,20.166,19.831,19.978,529500,10578351.0
2021-01-19,VIRT,20.059,20.353,19.921,20.231,961000,19441991.0
2021-01-20,VIRT,20.288,20.451,20.092,20.149,480500,9681594.5
2021-01-21,VIRT,20.125,20.337,20.117,20.198,398300,8044863.4
2021-01-22,VIRT,20.239,20.402,20.084,20.288,762000,15459456.0
2021-01-25,VIRT,20.313,21.726,20.059,21.481,1555000,33402955.0
2021-01-26,VIRT,21.489,21.543,20.913,21.391,1101000,23551491.0
2021-01-27,VIRT,21.35,22.714,21.317,22.412,3273600,73367923.2
2021-01-28,VIRT,23.282,24.029,21.579,22.011,5947900,130919226.9
2021-01-29,VIRT,22.469,22.853,21.954,22.681,4443100,100773951.1
2021-02-01,VIRT,23.098,24.307,22.808,24.209,2944100,71273716.9
2021-02-02,VIRT,23.751,23.882,22.747,22.853,2734200,62484672.6
2021-02-03,VIRT,23.261,23.588,22.33,22.534,2926600,65948004.4
2021-02-04,VIRT,22.624,22.836,21.668,22.428,1622300,36384944.4
2021-02-05,VIRT,22.428,22.934,22.24,22.571,1273000,28732883.0
2021-02-08,VIRT,23.215,23.215,22.542,22.836,1247800,28494760.8
2021-02-09,VIRT,22.885,23.155,22.518,22.894,1583500,36252649.0
2021-02-10,VIRT,22.894,23.874,22.791,23.735,2888000,68546680.0
2021-02-11,VIRT,23.678,23.898,22.134,22.681,3177000,72057537.0
2021-02-12,VIRT,22.738,23.171,22.183,22.265,1632200,36340933.0
2021-02-16,VIRT,22.419,23.825,22.134,23.792,2562800,60974137.6
2021-02-17,VIRT,23.751,23.751,22.575,23.188,1684400,39057867.2
2021-02-18,VIRT,23.057,23.4,22.502,22.947,1429500,32802736.5
2021-02-19,VIRT,22.959,23.245,22.742,22.853,1311500,29971709.5
2021-02-22,VIRT,22.681,22.812,21.954,22.028,1970500,43406174.0
2021-02-23,VIRT,21.791,22.158,21.334,22.146,2156800,47764492.8
2021-02-24,VIRT,22.461,22.828,21.709,22.048,2157900,47577379.2
2021-02-25,VIRT,22.101,23.237,21.987,23.016,2181100,50200197.6
2021-02-26,VIRT,22.843,23.336,22.439,22.464,1441800,32388595.2
2021-03-01,VIRT,22.769,22.958,22.555,22.678,1071100,24290405.8
2021-03-02,VIRT,22.752,22.942,21.937,22.217,1962000,43589754.0
2021-03-03,VIRT,22.324,22.481,21.945,22.192,1412500,31346200.0
2021-03-04,VIRT,22.118,22.262,21.599,22.056,2103800,46401412.8
2021-03-05,VIRT,22.159,22.382,21.566,22.225,1416300,31477267.5
2021-03-08,VIRT,22.341,22.868,22.266,22.596,1440300,32545018.8
2021-03-09,VIRT,22.752,23.444,22.67,23.107,1702700,39344288.9
2021-03-10,VIRT,23.255,23.29,22.575,22.835,1801300,41132685.5
2021-03-11,VIRT,23.065,23.469,22.917,23.428,969700,22718131.6
2021-03-12,VIRT,23.387,24.433,23.337,24.384,1866700,45517612.8
2021-03-15,VIRT,24.565,25.018,24.276,24.754,1977500,48951035.0
2021-03-16,VIRT,24.878,25.075,24.606,24.894,1237400,30803835.6
2021-03-17,VIRT,24.754,24.96,24.449,24.828,1580600,39243136.8
2021-03-18,VIRT,24.944,25.034,24.079,24.161,1570300,37940018.3
2021-03-19,VIRT,24.095,24.466,24.031,24.285,1353100,32860033.5
2021-03-22,VIRT,24.062,24.935,24.062,24.886,1226100,30512724.6
2021-03-23,VIRT,24.911,24.992,24.606,24.771,849200,21035533.2
2021-03-24,VIRT,24.87,24.961,24.482,24.491,812800,19906284.8
2021-03-25,VIRT,24.474,24.647,24.165,24.565,788400,19367046.0
2021-03-26,VIRT,24.548,24.96,24.548,24.944,817900,20401697.6
2021-03-29,VIRT,24.977,25.623,24.832,25.578,1677300,42901979.4
2021-03-30,VIRT,25.611,25.619,24.91,25.207,1941500,48939390.5
2021-03-31,VIRT,25.216,26.031,25.154,25.578,3284900,84021172.2
2021-04-01,VIRT,25.817,25.949,25.281,25.949,1321000,34278629.0
2021-04-05,VIRT,26.155,26.585,26.08,26.517,1171200,31056710.4
2021-04-06,VIRT,26.599,26.649,25.998,26.08,1158700,30218896.0
2021-04-07,VIRT,26.015,26.418,25.998,26.262,813800,21372015.6
2021-04-08,VIRT,26.303,26.443,25.57,25.603,1472700,37705538.1
2021-04-09,VIRT,25.693,25.825,25.364,25.491,1316100,33548705.1
2021-04-12,VIRT,25.627,26.188,25.57,25.8,1179100,30420780.0
2021-04-13,VIRT,25.693,25.94,25.224,25.389,1253000,31812417.0
2021-04-14,VIRT,25.29,25.858,25.29,25.702,721700,18549133.4
2021-04-15,VIRT,25.726,26.352,25.594,25.693,1104700,28383057.1
2021-04-16,VIRT,25.735,26.138,25.553,26.006,784300,20396505.8
2021-04-19,VIRT,25.998,26.324,25.85,26.245,759900,19943575.5
2021-04-20,VIRT,26.319,26.319,25.655,25.66,681200,17479592.0
2021-04-21,VIRT,25.66,25.875,25.347,25.767,831700,21430413.9
2021-04-22,VIRT,25.678,25.858,25.29,25.331,1208700,30617579.7
2021-04-23,VIRT,25.347,25.726,25.257,25.393,936700,23785623.1
2021-04-26,VIRT,25.421,25.8,25.305,25.504,1331600,33961126.4
2021-04-27,VIRT,25.463,25.751,25.38,25.405,1218500,30955992.5
2021-04-28,VIRT,25.413,25.611,24.902,25.01,1015100,25387651.0
2021-04-29,VIRT,25.051,25.207,24.351,24.68,1387600,34245968.0
2021-04-30,VIRT,24.581,24.787,24.276,24.408,1114100,27192952.8
2021-05-03,VIRT,24.392,24.853,24.054,24.416,1863400,45496774.4
2021-05-04,VIRT,24.268,24.73,23.016,23.51,4118600,96828286.0
2021-05-05,VIRT,23.7,24.058,22.39,22.934,3214400,73719049.6
2021-05-06,VIRT,22.967,23.58,22.715,23.502,1695000,39835890.0
2021-05-07,VIRT,23.271,23.454,22.991,23.173,1357200,31450395.6
2021-05-10,VIRT,22.919,23.568,22.769,23.304,1893800,44133115.2
2021-05-11,VIRT,23.049,23.947,23.049,23.634,1799400,42527019.6
2021-05-12,VIRT,23.626,23.766,23.238,23.362,1552400,36267168.8
2021-05-13,VIRT,23.193,23.906,23.193,23.741,1360600,32302004.6
2021-05-14,VIRT,23.873,24.248,23.749,23.881,1320600,31537248.6
2021-05-17,VIRT,23.898,24.12,23.543,23.906,988100,23621518.6
2021-05-18,VIRT,23.914,24.077,23.584,23.675,1341200,31752910.0
2021-05-19,VIRT,23.436,23.766,23.276,23.749,1006300,23898618.7
2021-05-20,VIRT,23.675,24.013,23.617,23.914,811800,19413385.2
2021-05-21,VIRT,24.021,24.136,23.642,23.889,836300,19978370.7
2021-05-24,VIRT,23.914,24.07,23.766,23.799,676800,16107163.2
2021-05-25,VIRT,23.906,24.021,23.762,23.832,1025700,24444482.4
2021-05-26,VIRT,24.013,24.544,23.972,24.342,1161100,28263496.2
2021-05-27,VIRT,24.367,24.767,24.276,24.655,2325500,57335202.5
2021-05-28,VIRT,24.539,25.303,24.514,25.286,1192800,30161140.8
2021-06-01,VIRT,25.403,25.592,25.025,25.046,1471900,36865207.4
2021-06-02,VIRT,25.046,25.685,24.913,25.652,1730400,44388220.8
2021-06-03,VIRT,25.652,26.648,25.561,26.325,2375100,62524507.5
2021-06-04,VIRT,26.565,26.582,25.889,26.275,1004800,26401120.0
2021-06-07,VIRT,26.316,26.412,25.785,26.15,1521400,39784610.0
2021-06-08,VIRT,26.109,26.307,25.868,26.125,1376000,35948000.0
2021-06-09,VIRT,26.042,26.254,23.933,24.116,5055200,121911203.2
2021-06-10,VIRT,24.124,24.788,23.717,24.199,2308000,55851292.0
2021-06-11,VIRT,24.365,24.622,23.991,24.132,1350200,32583026.4
2021-06-14,VIRT,24.215,24.481,23.887,23.991,1288700,30917201.7
2021-06-15,VIRT,23.983,24.149,23.721,23.883,1058400,25277767.2
2021-06-16,VIRT,23.9,24.033,23.675,24.008,1113400,26730507.2
2021-06-17,VIRT,24.049,25.245,23.592,24.406,1775300,43327971.8
2021-06-18,VIRT,24.381,24.572,23.825,23.85,1311300,31274505.0
2021-06-21,VIRT,23.933,24.149,23.85,23.966,1016700,24366232.2
2021-06-22,VIRT,23.966,24.057,23.733,23.916,818700,19580029.2
2021-06-23,VIRT,23.891,24.008,23.078,23.169,2374500,55014790.5
2021-06-24,VIRT,23.127,23.215,22.567,22.745,2462600,56011837.0
2021-06-25,VIRT,22.828,23.293,22.716,23.044,4128000,95125632.0
2021-06-28,VIRT,23.028,23.127,22.666,22.97,984700,22618559.0
2021-06-29,VIRT,23.036,23.244,22.936,23.102,728400,16827496.8
2021-06-30,VIRT,23.136,23.169,22.82,22.945,1427400,32751693.0
2021-07-01,VIRT,23.094,23.298,22.978,23.244,1180600,27441866.4
2021-07-02,VIRT,23.26,23.31,23.011,23.161,677400,15689261.4
2021-07-06,VIRT,23.742,23.785,23.011,23.484,1798500,42235974.0
2021-07-07,VIRT,23.543,23.592,22.828,22.828,1358000,31000424.0
2021-07-08,VIRT,22.787,22.837,22.338,22.438,2139600,48008344.8
2021-07-09,VIRT,22.588,22.679,22.247,22.679,2387300,54141576.7
2021-07-12,VIRT,22.496,22.546,22.206,22.272,1403500,31258752.0
2021-07-13,VIRT,22.214,22.28,21.624,21.666,1630100,35317746.6
2021-07-14,VIRT,21.649,21.998,21.55,21.666,763000,16531158.0
2021-07-15,VIRT,21.533,21.811,21.533,21.674,848300,18386054.2
2021-07-16,VIRT,21.674,21.878,21.512,21.608,918700,19851269.6
2021-07-19,VIRT,21.483,21.525,21.126,21.5,1350100,29027150.0
2021-07-20,VIRT,21.45,21.761,21.45,21.55,1079500,23263225.0
2021-07-21,VIRT,21.55,21.84,21.479,21.574,885600,19105934.4
2021-07-22,VIRT,21.566,21.604,21.101,21.168,1475100,31224916.8
2021-07-23,VIRT,21.209,21.408,20.977,20.993,986100,20701197.3
2021-07-26,VIRT,21.051,21.379,21.003,21.234,1117000,23718378.0
2021-07-27,VIRT,21.159,21.342,20.528,21.309,1332800,28400635.2
2021-07-28,VIRT,21.251,21.442,21.01,21.276,1277900,27188600.4
2021-07-29,VIRT,21.267,21.566,21.184,21.342,647700,13823213.4
2021-07-30,VIRT,21.159,21.741,21.159,21.375,1130600,24166575.0
2021-08-02,VIRT,21.408,21.566,21.359,21.359,729600,15583526.4
2021-08-03,VIRT,21.309,21.608,21.3,21.433,1101900,23617022.7
2021-08-04,VIRT,20.337,20.437,19.258,20.312,6222100,126383295.2
2021-08-05,VIRT,20.204,21.55,20.105,21.45,2022900,43391205.0
2021-08-06,VIRT,21.467,21.944,21.454,21.757,1854200,40341829.4
2021-08-09,VIRT,21.849,22.214,21.724,21.932,1080100,23688753.2
2021-08-10,VIRT,21.857,22.031,21.367,21.458,1460100,31330825.8
2021-08-11,VIRT,21.467,21.849,21.383,21.749,756400,16450943.6
2021-08-12,VIRT,21.799,21.84,21.425,21.658,858300,18589061.4
2021-08-13,VIRT,21.633,22.388,21.151,21.658,2573000,55726034.0
2021-08-16,VIRT,21.566,21.608,21.242,21.591,1194300,25786131.3
2021-08-17,VIRT,21.359,21.529,21.134,21.292,963300,20510583.6
2021-08-18,VIRT,21.242,21.4,20.981,21.018,855200,17974593.6
2021-08-19,VIRT,20.952,21.201,20.819,20.985,572200,12007617.0
2021-08-20,VIRT,20.952,21.151,20.952,21.151,599100,12671564.1
2021-08-23,VIRT,21.251,21.383,21.026,21.209,692800,14693595.2
2021-08-24,VIRT,21.151,21.483,21.151,21.433,684800,14677318.4
2021-08-25,VIRT,21.491,21.491,21.068,21.342,837900,17882461.8
2021-08-26,VIRT,21.4,21.633,21.234,21.251,614500,13058739.5
2021-08-27,VIRT,21.267,21.757,21.267,21.616,748500,16179576.0
2021-08-30,VIRT,21.616,21.765,20.412,20.786,3402300,70720207.8
2021-08-31,VIRT,20.853,20.874,20.438,20.526,2264100,46472916.6
2021-09-01,VIRT,20.534,20.769,20.283,20.635,1444400,29805194.0
2021-09-02,VIRT,20.626,20.668,20.358,20.459,1078300,22060939.7
2021-09-03,VIRT,20.442,20.641,20.383,20.509,909500,18652935.5
2021-09-07,VIRT,20.61,20.752,20.157,20.173,1495100,30160652.3
2021-09-08,VIRT,20.199,20.383,19.964,20.031,1196800,23973100.8
2021-09-09,VIRT,19.956,20.71,19.821,20.073,1646500,33050194.5
2021-09-10,VIRT,20.056,20.182,19.67,19.687,1274500,25091081.5
2021-09-13,VIRT,19.857,19.939,19.578,19.83,1583600,31402788.0
2021-09-14,VIRT,19.878,20.345,19.687,20.207,1598700,32304930.9
2021-09-15,VIRT,20.257,20.702,20.228,20.266,1699400,34440040.4
2021-09-16,VIRT,20.517,20.626,20.316,20.4,1379400,28139760.0
2021-09-17,VIRT,20.35,20.45,20.132,20.333,2115500,43014461.5
2021-09-20,VIRT,20.249,20.446,20.123,20.392,1828600,37288811.2
2021-09-21,VIRT,20.392,20.614,20.283,20.366,1253000,25518598.0
2021-09-22,VIRT,20.459,20.542,20.165,20.299,758600,15398821.4
2021-09-23,VIRT,20.341,20.45,19.96,19.989,796200,15915241.8
2021-09-24,VIRT,19.981,20.249,19.964,20.148,827200,16666425.6
2021-09-27,VIRT,20.257,20.626,20.148,20.442,1183000,24182886.0
2021-09-28,VIRT,20.375,20.572,20.295,20.408,844600,17236596.8
2021-09-29,VIRT,20.383,20.735,20.291,20.559,497600,10230158.4
2021-09-30,VIRT,20.534,20.76,20.342,20.484,934400,19140249.6
2021-10-01,VIRT,20.526,20.945,20.526,20.76,903000,18746280.0
2021-10-04,VIRT,20.819,21.096,20.819,21.004,923300,19392993.2
2021-10-05,VIRT,20.911,21.155,20.753,20.811,973400,20257427.4
2021-10-06,VIRT,20.853,21.834,20.811,21.775,1483200,32296680.0
2021-10-07,VIRT,21.842,21.976,21.431,21.465,949100,20372431.5
2021-10-08,VIRT,21.599,21.876,21.452,21.482,793400,17043818.8
2021-10-11,VIRT,21.624,21.821,21.54,21.557,419400,9041005.8
2021-10-12,VIRT,21.549,21.783,21.49,21.599,608100,13134351.9
2021-10-13,VIRT,21.523,21.653,21.289,21.373,787500,16831237.5
2021-10-14,VIRT,21.373,21.431,21.096,21.155,687200,14537716.0
2021-10-15,VIRT,21.431,21.49,21.108,21.146,652000,13787192.0
2021-10-18,VIRT,21.146,21.482,21.062,21.456,940100,20170785.6
2021-10-19,VIRT,21.523,22.094,21.523,22.077,671300,14820290.1
2021-10-20,VIRT,22.027,22.312,21.876,22.144,839800,18596531.2
2021-10-21,VIRT,22.127,22.198,21.649,21.884,884800,19362963.2
2021-10-22,VIRT,21.783,22.333,21.607,22.186,476200,10564973.2
2021-10-25,VIRT,22.161,22.237,21.984,22.136,492000,10890912.0
2021-10-26,VIRT,22.102,22.446,22.01,22.01,494600,10886146.0
2021-10-27,VIRT,21.901,21.959,21.549,21.649,584400,12651675.6
2021-10-28,VIRT,21.523,21.825,21.456,21.649,844800,18289075.2
2021-10-29,VIRT,21.616,21.788,20.542,20.861,1313900,27409267.9
2021-11-01,VIRT,21.046,21.272,20.861,21.222,806000,17104932.0
2021-11-02,VIRT,21.18,22.102,21.146,21.959,1462100,32106253.9
2021-11-03,VIRT,22.219,24.378,22.219,24.181,2407900,58225429.9
2021-11-04,VIRT,24.139,24.316,23.393,23.536,1096000,25795456.0
2021-11-05,VIRT,23.536,23.795,23.058,23.402,1180900,27635421.8
2021-11-08,VIRT,23.477,23.519,23.1,23.284,718600,16731882.4
2021-11-09,VIRT,23.142,23.171,22.576,22.865,956000,21858940.0
2021-11-10,VIRT,22.815,23.008,22.572,22.882,694000,15880108.0
2021-11-11,VIRT,23.058,23.385,23.041,23.259,431000,10024629.0
2021-11-12,VIRT,23.309,23.737,23.293,23.695,759800,18003461.0
2021-11-15,VIRT,23.787,24.169,23.678,24.03,510900,12276927.0
2021-11-16,VIRT,24.232,24.378,23.98,24.156,776200,18749887.2
2021-11-17,VIRT,24.047,24.366,23.92,24.324,686800,16705723.2
2021-11-18,VIRT,24.274,24.433,24.005,24.014,730100,17532621.4
2021-11-19,VIRT,24.014,24.29,23.934,23.955,581700,13934623.5
2021-11-22,VIRT,23.955,24.056,23.611,23.645,620400,14669358.0
2021-11-23,VIRT,23.72,24.081,23.578,24.047,364500,8765131.5
2021-11-24,VIRT,24.081,24.257,23.863,24.19,550500,13316595.0
2021-11-26,VIRT,24.022,24.638,24.022,24.408,774400,18901555.2
2021-11-29,VIRT,24.257,24.307,23.779,23.938,1081300,25884159.4
2021-11-30,VIRT,23.938,24.065,23.676,23.828,951400,22669959.2
2021-12-01,VIRT,23.718,23.911,23.304,23.422,838900,19648715.8
2021-12-02,VIRT,23.363,23.871,23.253,23.558,690100,16257375.8
2021-12-03,VIRT,23.558,23.6,23.177,23.549,965600,22738914.4
2021-12-06,VIRT,23.549,23.761,23.101,23.693,760300,18013787.9
2021-12-07,VIRT,23.752,23.976,23.499,23.727,770000,18269790.0
2021-12-08,VIRT,23.727,23.778,23.541,23.651,584500,13824009.5
2021-12-09,VIRT,23.541,23.625,23.143,23.186,823500,19093671.0
2021-12-10,VIRT,23.177,23.406,22.974,23.025,572700,13186417.5
2021-12-13,VIRT,23.017,23.063,22.069,22.137,933800,20671530.6
2021-12-14,VIRT,22.196,23.304,22.095,23.228,1891400,43933439.2
2021-12-15,VIRT,23.245,23.262,22.89,23.118,843200,19493097.6
2021-12-16,VIRT,23.263,23.499,23.169,23.321,825400,19249153.4
2021-12-17,VIRT,23.165,24.42,23.165,24.302,2559600,62203399.2
2021-12-20,VIRT,23.845,24.403,23.465,23.828,1107700,26394275.6
2021-12-21,VIRT,23.828,24.272,23.685,23.693,985000,23337605.0
2021-12-22,VIRT,23.786,23.879,23.541,23.837,587500,14004237.5
2021-12-23,VIRT,23.854,24.145,23.752,24.006,581100,13949886.6
2021-12-27,VIRT,24.031,24.141,23.892,24.099,717600,17293442.4
2021-12-28,VIRT,24.04,24.365,23.989,24.133,749900,18097336.7
2021-12-29,VIRT,24.209,24.368,24.074,24.226,417800,10121622.8
2021-12-30,VIRT,24.175,24.437,24.069,24.251,480100,11642905.1
2021-12-31,VIRT,24.302,24.547,24.175,24.378,857100,20894383.8
2022-01-03,VIRT,24.31,24.369,23.862,24.014,704300,16913060.2
2022-01-04,VIRT,24.437,24.496,23.744,24.234,996800,24156451.2
2022-01-05,VIRT,24.361,24.691,24.192,24.26,722600,17530276.0
2022-01-06,VIRT,24.547,25.097,24.505,24.944,806600,20119830.4
2022-01-07,VIRT,25.004,25.266,24.809,25.029,1254800,31406389.2
2022-01-10,VIRT,25.105,25.689,25.097,25.646,867800,22255598.8
2022-01-11,VIRT,25.714,26.297,25.655,26.179,1343700,35176722.3
2022-01-12,VIRT,26.272,26.272,25.866,26.052,905900,23600506.8
2022-01-13,VIRT,26.069,26.204,24.919,24.987,1138000,28435206.0
2022-01-14,VIRT,24.995,24.995,24.293,24.581,1153900,28364015.9
2022-01-18,VIRT,24.581,25.004,24.183,24.936,1622800,40466140.8
2022-01-19,VIRT,25.071,25.342,24.809,24.953,994100,24805777.3
2022-01-20,VIRT,24.97,25.35,24.353,24.412,984900,24043378.8
2022-01-21,VIRT,24.53,24.547,23.98,24.133,976500,23565874.5
2022-01-24,VIRT,23.964,24.336,23.532,24.319,1263200,30719760.8
2022-01-25,VIRT,24.344,24.772,23.865,24.53,1459700,35806441.0
2022-01-26,VIRT,24.488,25.004,24.455,24.733,1273100,31487582.3
2022-01-27,VIRT,24.801,25.562,24.801,25.274,1567300,39611940.2
2022-01-28,VIRT,25.283,25.832,25.004,25.815,1200800,30998652.0
2022-01-31,VIRT,25.748,26.204,25.621,26.154,1209500,31633263.0
2022-02-01,VIRT,26.061,26.28,25.536,25.765,814900,20995898.5
2022-02-02,VIRT,25.798,26.28,25.655,26.255,1054600,27688523.0
2022-02-03,VIRT,26.255,26.957,26.031,26.238,1859300,48784313.4
2022-02-04,VIRT,26.196,26.847,25.883,26.762,1270700,34006473.4
2022-02-07,VIRT,27.008,27.26,26.741,27.134,1559300,42310046.2
2022-02-08,VIRT,27.346,29.511,27.337,29.122,2513400,73195234.8
2022-02-09,VIRT,29.155,29.654,29.071,29.468,1935900,57047101.2
2022-02-10,VIRT,29.443,30.136,29.257,29.612,1809100,53571069.2
2022-02-11,VIRT,29.595,30.331,29.409,30.179,1448500,43714281.5
2022-02-14,VIRT,30.018,30.272,29.407,29.544,1228100,36282986.4
2022-02-15,VIRT,29.561,30.094,29.164,29.223,1193200,34868883.6
2022-02-16,VIRT,29.181,29.913,28.944,29.798,1167200,34780225.6
2022-02-17,VIRT,29.713,29.925,29.485,29.62,843800,24993356.0
2022-02-18,VIRT,29.536,29.895,29.468,29.697,846100,25126631.7
2022-02-22,VIRT,29.604,29.739,29.265,29.553,841200,24859983.6
2022-02-23,VIRT,29.595,29.889,28.843,29.02,1345800,39055116.0
2022-02-24,VIRT,28.673,29.671,28.446,29.265,1580100,46241626.5
2022-02-25,VIRT,29.062,29.625,28.733,29.595,1266600,37485027.0
2022-02-28,VIRT,29.612,30.136,29.416,29.868,1318000,39366024.0
2022-03-01,VIRT,29.885,30.864,29.808,30.591,1319700,40370942.7
2022-03-02,VIRT,30.387,31.051,29.961,30.813,946300,29158341.9
2022-03-03,VIRT,30.881,31.247,30.37,30.515,635900,19404488.5
2022-03-04,VIRT,30.293,30.327,29.714,29.893,741900,22177616.7
2022-03-07,VIRT,29.697,29.697,28.335,28.463,1580200,44977232.6
2022-03-08,VIRT,28.505,28.577,27.952,28.156,1373700,38677897.2
2022-03-09,VIRT,28.326,28.803,27.994,28.522,951900,27150091.8
2022-03-10,VIRT,28.386,28.778,28.08,28.684,775600,22247310.4
2022-03-11,VIRT,28.701,28.82,28.318,28.573,679000,19401067.0
2022-03-14,VIRT,28.522,28.899,28.224,28.701,677400,19442057.4
2022-03-15,VIRT,28.888,29.501,28.42,29.331,1094300,32096913.3
2022-03-16,VIRT,29.467,30.123,29.459,30.004,1158900,34771635.6
2022-03-17,VIRT,29.927,30.063,29.621,29.961,1060800,31782628.8
2022-03-18,VIRT,30.012,30.625,29.893,30.523,1786700,54535444.1
2022-03-21,VIRT,30.651,30.71,29.816,29.893,866600,25905273.8
2022-03-22,VIRT,29.893,30.332,29.842,30.259,800600,24225355.4
2022-03-23,VIRT,30.191,30.191,29.816,29.834,794700,23709079.8
2022-03-24,VIRT,29.868,31.06,29.689,31.008,1275700,39556905.6
2022-03-25,VIRT,30.762,31.732,30.621,31.647,1611300,50992811.1
2022-03-28,VIRT,31.775,32.081,31.536,31.894,1084900,34601800.6
2022-03-29,VIRT,31.877,32.098,31.06,31.502,1471000,46339442.0
2022-03-30,VIRT,31.749,32.813,31.604,32.022,1848200,59183060.4
2022-03-31,VIRT,32.192,32.601,31.673,31.69,1144200,36259698.0
2022-04-01,VIRT,32.175,32.541,31.979,32.379,1188200,38472727.8
2022-04-04,VIRT,32.507,32.507,31.698,31.843,1248800,39765538.4
2022-04-05,VIRT,31.936,32.754,31.86,32.43,1851200,60034416.0
2022-04-06,VIRT,32.405,32.89,31.766,31.868,1299100,41399718.8
2022-04-07,VIRT,32.039,32.06,31.341,31.536,1370300,43213780.8
2022-04-08,VIRT,31.711,31.83,31.383,31.656,1186800,37569340.8
2022-04-11,VIRT,31.707,31.966,31.455,31.553,1053300,33234774.9
2022-04-12,VIRT,31.502,31.834,30.906,31.025,892400,27686710.0
2022-04-13,VIRT,31.136,31.736,31.085,31.502,1014200,31949328.4
2022-04-14,VIRT,31.673,31.902,31.511,31.621,844800,26713420.8
2022-04-18,VIRT,31.375,31.519,30.519,30.983,1276500,39549799.5
2022-04-19,VIRT,30.949,31.034,30.302,30.6,1223300,37432980.0
2022-04-20,VIRT,30.719,30.872,30.455,30.642,1204400,36905224.8
2022-04-21,VIRT,30.693,30.77,29.672,29.842,1652500,49313905.0
2022-04-22,VIRT,30.046,30.404,29.118,29.135,1597000,46528595.0
2022-04-25,VIRT,29.306,29.791,28.829,29.28,1761400,51573792.0
2022-04-26,VIRT,29.314,29.433,28.761,28.769,1533500,44117261.5
2022-04-27,VIRT,28.948,29.289,28.735,28.786,1877200,54037079.2
2022-04-28,VIRT,28.395,28.48,24.555,25.015,3920200,98063803.0
2022-04-29,VIRT,24.776,25.27,24.206,24.589,2548600,62667525.4
2022-05-02,VIRT,24.64,24.938,24.27,24.504,1898900,46530645.6
2022-05-03,VIRT,24.512,24.87,24.129,24.47,1253200,30665804.0
2022-05-04,VIRT,24.614,25.27,24.325,25.1,1708100,42873310.0
2022-05-05,VIRT,24.793,25.364,24.095,24.41,1643500,40117835.0
2022-05-06,VIRT,24.172,24.359,23.329,23.465,1866300,43792729.5
2022-05-09,VIRT,23.278,23.644,22.716,22.784,1266900,28865049.6
2022-05-10,VIRT,23.073,23.201,22.316,22.545,2657600,59915592.0
2022-05-11,VIRT,22.562,22.886,22.111,22.154,1089000,24125706.0
2022-05-12,VIRT,21.966,22.341,21.703,22.103,1640300,36255550.9
2022-05-13,VIRT,22.35,23.022,22.333,22.767,1350500,30746833.5
2022-05-16,VIRT,22.648,22.758,21.864,22.35,1305000,29166750.0
2022-05-17,VIRT,22.631,22.835,22.035,22.375,1056000,23628000.0
2022-05-18,VIRT,22.239,22.392,21.711,21.805,1002400,21857332.0
2022-05-19,VIRT,21.711,22.311,21.711,22.137,1212700,26845539.9
2022-05-20,VIRT,22.222,22.384,21.894,22.111,1030800,22792018.8
2022-05-23,VIRT,22.537,22.588,22.154,22.375,928000,20764000.0
2022-05-24,VIRT,22.562,22.562,21.771,22.094,1082000,23905708.0
2022-05-25,VIRT,22.094,22.249,21.711,22.001,1104500,24300104.5
2022-05-26,VIRT,22.009,22.409,22.009,22.273,808500,18007720.5
2022-05-27,VIRT,22.23,22.579,22.15,22.579,984700,22233541.3
2022-05-31,VIRT,22.867,22.867,22.253,22.451,1382600,31040752.6
2022-06-01,VIRT,22.442,22.631,21.969,22.382,1059500,23713729.0
2022-06-02,VIRT,22.244,22.528,22.03,22.468,1665300,37415960.4
2022-06-03,VIRT,22.339,22.373,21.841,21.866,1111800,24310618.8
2022-06-06,VIRT,22.141,22.425,20.947,21.136,4052400,85651526.4
2022-06-07,VIRT,20.741,21.042,20.152,20.646,6082700,125583424.2
2022-06-08,VIRT,20.466,20.621,19.718,20.337,4152700,84453459.9
2022-06-09,VIRT,20.397,20.805,20.062,20.492,1786900,36617154.8
2022-06-10,VIRT,20.363,20.38,19.839,20.32,1457200,29610304.0
2022-06-13,VIRT,19.856,19.973,19.551,19.701,1446900,28505376.9
2022-06-14,VIRT,19.753,20.32,19.718,19.839,1694400,33615201.6
2022-06-15,VIRT,19.985,20.096,19.336,19.813,2529200,50111039.6
2022-06-16,VIRT,19.504,19.821,19.361,19.572,1373100,26874313.2
2022-06-17,VIRT,19.512,20.079,19.499,19.821,1770900,35101008.9
2022-06-21,VIRT,20.036,20.395,19.864,20.208,1479500,29897736.0
2022-06-22,VIRT,20.122,20.444,20.122,20.389,1155900,23567645.1
2022-06-23,VIRT,20.5,20.732,20.32,20.715,786400,16290276.0
2022-06-24,VIRT,20.964,20.973,20.303,20.38,2356900,48033622.0
2022-06-27,VIRT,20.38,20.586,20.174,20.406,1597900,32606747.4
2022-06-28,VIRT,20.509,20.767,20.316,20.406,1007400,20557004.4
2022-06-29,VIRT,20.423,20.444,20.165,20.234,861500,17431591.0
2022-06-30,VIRT,20.148,20.363,19.942,20.114,1142800,22986279.2
2022-07-01,VIRT,20.079,20.114,19.538,20.053,1304900,26167159.7
2022-07-05,VIRT,19.83,20.157,19.547,20.122,939300,18900594.6
2022-07-06,VIRT,19.993,20.208,19.461,19.478,1455500,28350229.0
2022-07-07,VIRT,19.486,19.727,19.293,19.375,1065500,20644062.5
2022-07-08,VIRT,19.315,19.594,19.117,19.469,748700,14576440.3
2022-07-11,VIRT,19.34,19.34,18.958,18.979,825300,15663368.7
2022-07-12,VIRT,18.971,19.083,18.541,18.644,1063100,19820436.4
2022-07-13,VIRT,18.576,18.816,18.49,18.524,928200,17193976.8
2022-07-14,VIRT,18.258,18.301,17.957,18.077,1129500,20417971.5
2022-07-15,VIRT,18.258,18.481,18.172,18.352,913400,16762716.8
2022-07-18,VIRT,18.516,18.773,18.348,18.412,746500,13744558.0
2022-07-19,VIRT,18.473,18.825,18.387,18.765,963900,18087583.5
2022-07-20,VIRT,18.619,18.842,18.438,18.722,908700,17012681.4
2022-07-21,VIRT,18.816,19.065,18.705,19.031,1047400,19933069.4
2022-07-22,VIRT,19.022,19.211,18.962,19.1,720400,13759640.0
2022-07-25,VIRT,19.117,19.349,18.997,19.168,932300,17870326.4
2022-07-26,VIRT,19.04,19.358,18.997,19.074,773900,14761368.6
2022-07-27,VIRT,19.117,19.68,18.885,19.641,1386100,27224390.1
2022-07-28,VIRT,19.332,20.019,19.272,19.899,1788300,35585381.7
2022-07-29,VIRT,19.916,20.578,19.916,20.045,1349700,27054736.5
2022-08-01,VIRT,19.976,20.122,19.779,19.89,806200,16035318.0
2022-08-02,VIRT,20.036,20.178,19.804,19.985,653100,13052203.5
2022-08-03,VIRT,20.148,20.208,19.903,20.2,739300,14933860.0
2022-08-04,VIRT,20.389,21.372,20.389,21.102,1257600,26537875.2
2022-08-05,VIRT,20.999,21.084,20.715,20.758,833500,17301793.0
2022-08-08,VIRT,20.741,21.359,20.741,21.033,839800,17663513.4
2022-08-09,VIRT,20.973,21.213,20.694,20.741,650200,13485798.2
2022-08-10,VIRT,20.835,20.994,20.676,20.724,1253400,25975461.6
2022-08-11,VIRT,20.861,21.437,20.81,21.291,898100,19121447.1
2022-08-12,VIRT,21.42,21.884,21.402,21.849,645600,14105714.4
2022-08-15,VIRT,21.617,21.892,21.566,21.763,554900,12076288.7
2022-08-16,VIRT,21.712,22.09,21.669,21.952,668700,14679302.4
2022-08-17,VIRT,21.746,21.995,21.609,21.901,752400,16478312.4
2022-08-18,VIRT,21.892,21.892,21.557,21.815,425200,9275738.0
2022-08-19,VIRT,21.729,21.729,21.385,21.411,535300,11461308.3
2022-08-22,VIRT,21.205,21.299,20.878,20.921,1031500,21580011.5
2022-08-23,VIRT,20.887,20.99,20.543,20.595,895300,18438703.5
2022-08-24,VIRT,20.603,20.831,20.466,20.629,1321600,27263286.4
2022-08-25,VIRT,20.672,20.835,20.466,20.612,843700,17390344.4
2022-08-26,VIRT,20.612,20.711,20.023,20.088,717300,14409122.4
2022-08-29,VIRT,19.933,20.204,19.787,20.096,913100,18349657.6
2022-08-30,VIRT,20.002,20.139,19.804,19.942,1279500,25515789.0
2022-08-31,VIRT,20.055,20.055,19.681,19.933,1482700,29554659.1
2022-09-01,VIRT,19.812,20.276,19.618,20.185,1827500,36888087.5
2022-09-02,VIRT,20.298,20.424,19.581,19.603,890300,17452550.9
2022-09-06,VIRT,19.508,19.534,18.362,18.77,1989500,37342915.0
2022-09-07,VIRT,18.804,19.169,18.796,19.126,1039100,19873826.6
2022-09-08,VIRT,18.978,19.542,18.726,19.386,794400,15400238.4
2022-09-09,VIRT,19.603,19.751,19.512,19.594,849300,16641184.2
2022-09-12,VIRT,19.699,20.115,19.638,19.846,762300,15128605.8
2022-09-13,VIRT,19.594,19.673,19.082,19.204,740700,14224402.8
2022-09-14,VIRT,19.334,19.417,19.082,19.256,993700,19134687.2
2022-09-15,VIRT,19.1,19.473,18.987,19.412,963600,18705403.2
2022-09-16,VIRT,19.33,19.456,19.026,19.048,1988200,37871233.6
2022-09-19,VIRT,18.848,19.247,18.848,19.143,870800,16669724.4
2022-09-20,VIRT,19.1,19.23,18.57,18.804,806600,15167306.4
2022-09-21,VIRT,18.909,19.1,18.587,18.587,668900,12432844.3
2022-09-22,VIRT,19.942,20.61,19.317,20.176,4029400,81297174.4
2022-09-23,VIRT,20.037,20.15,19.256,19.716,1747300,34449766.8
2022-09-26,VIRT,19.525,19.846,19.325,19.351,1514800,29312894.8
2022-09-27,VIRT,19.499,19.56,18.692,19.039,1193800,22728758.2
2022-09-28,VIRT,18.978,19.143,18.613,18.804,1149800,21620839.2
2022-09-29,VIRT,18.674,18.692,17.88,18.171,1727900,31397670.9
2022-09-30,VIRT,18.067,18.301,17.737,18.032,1216600,21937731.2
2022-10-03,VIRT,18.162,18.731,17.928,18.535,1031400,19116999.0
2022-10-04,VIRT,18.787,19.291,18.661,19.265,837900,16142143.5
2022-10-05,VIRT,19.169,19.417,18.909,19.299,903700,17440506.3
2022-10-06,VIRT,19.23,19.377,19.074,19.126,522400,9991422.4
2022-10-07,VIRT,19.091,19.1,18.761,18.891,585700,11064458.7
2022-10-10,VIRT,18.883,19.117,18.796,18.926,852800,16140092.8
2022-10-11,VIRT,18.796,18.952,18.44,18.501,852400,15770252.4
2022-10-12,VIRT,18.692,19.134,18.613,18.744,958000,17956752.0
2022-10-13,VIRT,18.483,18.909,18.188,18.796,794100,14925903.6
2022-10-14,VIRT,19.039,19.325,18.631,18.648,815700,15211173.6
2022-10-17,VIRT,18.883,19.082,18.462,18.527,754900,13986032.3
2022-10-18,VIRT,18.874,19.447,18.757,18.857,802900,15140285.3
2022-10-19,VIRT,18.718,18.883,18.353,18.431,503300,9276322.3
2022-10-20,VIRT,18.37,18.475,17.728,18.292,1430000,26157560.0
2022-10-21,VIRT,18.292,19.074,18.229,19.065,882400,16822956.0
2022-10-24,VIRT,19.1,19.212,18.796,18.848,660500,12449104.0
2022-10-25,VIRT,18.839,19.686,18.761,19.551,1074800,21013414.8
2022-10-26,VIRT,19.56,19.673,19.13,19.178,581200,11146253.6
2022-10-27,VIRT,19.221,19.742,19.221,19.377,521500,10105105.5
2022-10-28,VIRT,19.377,19.729,19.17,19.603,596200,11687308.6
2022-10-31,VIRT,19.525,19.699,19.412,19.43,577900,11228597.0
2022-11-01,VIRT,19.638,19.707,19.447,19.594,434800,8519471.2
2022-11-02,VIRT,19.508,19.768,19.204,19.247,982200,18904403.4
2022-11-03,VIRT,19.247,19.994,19.108,19.534,866800,16932071.2
2022-11-04,VIRT,19.759,19.99,19.212,19.412,1021100,19821593.2
2022-11-07,VIRT,19.56,19.82,19.369,19.785,650200,12864207.0
2022-11-08,VIRT,19.699,19.907,19.473,19.803,1131800,22413035.4
2022-11-09,VIRT,19.785,19.942,19.061,19.1,917800,17529980.0
2022-11-10,VIRT,19.681,20.141,19.577,20.063,1342000,26924546.0
2022-11-11,VIRT,20.176,20.293,19.785,19.855,1340400,26613642.0
2022-11-14,VIRT,19.768,19.881,19.213,19.438,767500,14918665.0
2022-11-15,VIRT,19.638,19.759,19.265,19.386,709900,13762121.4
2022-11-16,VIRT,19.265,19.33,18.757,18.778,761600,14301324.8
2022-11-17,VIRT,18.561,18.731,18.405,18.683,905300,16913719.9
2022-11-18,VIRT,18.778,18.987,18.674,18.978,1120900,21272440.2
2022-11-21,VIRT,18.891,19.594,18.891,19.438,1373800,26703924.4
2022-11-22,VIRT,19.482,19.972,19.482,19.56,1092700,21373212.0
2022-11-23,VIRT,19.568,19.638,19.33,19.351,734600,14215244.6
2022-11-25,VIRT,19.273,19.56,19.204,19.317,396900,7666917.3
2022-11-28,VIRT,19.282,19.486,19.104,19.195,930400,17859028.0
2022-11-29,VIRT,19.169,19.286,18.9,19.074,782900,14933034.6
2022-11-30,VIRT,19.179,19.548,18.916,19.469,980100,19081566.9
2022-12-01,VIRT,19.512,19.706,19.161,19.24,620300,11934572.0
2022-12-02,VIRT,19.047,19.346,18.959,19.223,514900,9897922.7
2022-12-05,VIRT,19.196,19.881,19.038,19.846,1329800,26391210.8
2022-12-06,VIRT,19.828,20.118,19.311,19.539,990300,19349471.7
2022-12-07,VIRT,19.53,19.53,19.025,19.1,971100,18548010.0
2022-12-08,VIRT,19.205,19.451,18.731,18.837,1613400,30391615.8
2022-12-09,VIRT,18.837,19.082,18.758,18.916,1017000,19237572.0
2022-12-12,VIRT,18.889,18.973,18.275,18.652,968600,18066327.2
2022-12-13,VIRT,19.117,19.232,18.81,18.898,1350800,25527418.4
2022-12-14,VIRT,18.793,18.872,17.476,17.696,3833800,67842924.8
2022-12-15,VIRT,17.564,17.761,17.358,17.564,1732500,30429630.0
2022-12-16,VIRT,17.38,17.744,17.195,17.713,2031500,35983959.5
2022-12-19,VIRT,17.731,17.757,17.296,17.546,1182000,20739372.0
2022-12-20,VIRT,17.581,17.968,17.54,17.862,694200,12399800.4
2022-12-21,VIRT,18.082,18.2,17.908,18.108,898000,16260984.0
2022-12-22,VIRT,17.959,18.108,17.801,18.082,626100,11321140.2
2022-12-23,VIRT,18.161,18.332,18.02,18.292,511100,9349041.2
2022-12-27,VIRT,18.319,18.363,17.959,18.047,438500,7913609.5
2022-12-28,VIRT,18.108,18.187,17.884,17.897,407000,7284079.0
2022-12-29,VIRT,18.029,18.38,18.029,18.152,603600,10956547.2
2022-12-30,VIRT,18.02,18.249,17.862,17.915,1090500,19536307.5
2023-01-03,VIRT,17.994,18.292,17.95,18.161,553900,10059377.9
2023-01-04,VIRT,18.126,18.494,18.099,18.398,873000,16061454.0
2023-01-05,VIRT,18.284,18.797,18.284,18.582,1019800,18949923.6
2023-01-06,VIRT,18.538,18.804,17.897,18.635,916100,17071523.5
2023-01-09,VIRT,18.635,18.995,18.433,18.696,733500,13713516.0
2023-01-10,VIRT,18.6,19.008,18.591,18.977,517700,9824392.9
2023-01-11,VIRT,18.819,18.837,17.88,18.091,1471900,26628142.9
2023-01-12,VIRT,17.836,18.126,17.81,18.055,1297000,23417335.0
2023-01-13,VIRT,17.889,18.012,17.652,17.678,1126900,19921338.2
2023-01-17,VIRT,17.678,17.88,17.621,17.783,1657100,29468209.3
2023-01-18,VIRT,17.871,17.889,17.617,17.634,1063300,18750232.2
2023-01-19,VIRT,17.529,17.625,17.327,17.362,916400,15910536.8
2023-01-20,VIRT,17.415,17.696,17.301,17.643,1774300,31303974.9
2023-01-23,VIRT,17.669,17.862,17.454,17.845,1949400,34787043.0
2023-01-24,VIRT,17.775,17.976,17.573,17.66,1001200,17681192.0
2023-01-25,VIRT,17.555,17.985,17.502,17.985,1898100,34137328.5
2023-01-26,VIRT,17.283,17.485,16.159,16.906,4793900,81045673.4
2023-01-27,VIRT,16.844,17.617,16.713,17.441,1555700,27132963.7
2023-01-30,VIRT,17.336,17.494,17.204,17.318,1457200,25235789.6
2023-01-31,VIRT,17.309,17.327,16.87,16.949,1766100,29933628.9
2023-02-01,VIRT,16.941,17.235,16.686,17.011,1526800,25972394.8
2023-02-02,VIRT,17.055,17.38,16.91,17.099,1652400,28254387.6
2023-02-03,VIRT,16.985,17.178,16.827,17.037,1234000,21023658.0
2023-02-06,VIRT,16.941,16.985,16.765,16.835,1421000,23922535.0
2023-02-07,VIRT,16.783,16.967,16.642,16.949,1346400,22820133.6
2023-02-08,VIRT,16.932,17.318,16.914,17.055,1612900,27508009.5
2023-02-09,VIRT,17.099,17.222,16.778,16.818,1580300,26577485.4
2023-02-10,VIRT,16.853,17.581,16.774,17.573,1896600,33328951.8
2023-02-13,VIRT,17.573,17.862,17.573,17.854,1088000,19425152.0
2023-02-14,VIRT,17.854,17.854,17.494,17.59,786200,13829258.0
2023-02-15,VIRT,17.511,18.038,17.511,18.029,1493400,26924508.6
2023-02-16,VIRT,18.012,18.249,17.959,18.012,1032500,18597390.0
2023-02-17,VIRT,18.012,18.012,17.63,17.792,991700,17644326.4
2023-02-21,VIRT,17.581,17.641,17.362,17.502,990600,17337481.2
2023-02-22,VIRT,17.459,17.467,16.813,16.888,1701700,28738309.6
2023-02-23,VIRT,16.914,17.042,16.489,16.66,1190900,19840394.0
2023-02-24,VIRT,16.59,16.87,16.475,16.791,1392900,23388183.9
2023-02-27,VIRT,16.932,17.116,16.432,16.581,1286200,21326482.2
2023-02-28,VIRT,16.625,16.661,16.296,16.341,1661800,27155473.8
2023-03-01,VIRT,16.323,16.519,16.145,16.439,1595700,26231712.3
2023-03-02,VIRT,16.412,16.412,16.185,16.367,856100,14011788.7
2023-03-03,VIRT,16.456,16.621,16.403,16.599,1104500,18333595.5
2023-03-06,VIRT,16.67,16.67,16.27,16.314,1040900,16981242.6
2023-03-07,VIRT,16.278,16.532,16.243,16.447,935400,15384523.8
2023-03-08,VIRT,16.394,16.403,16.127,16.154,956600,15452916.4
2023-03-09,VIRT,16.074,16.127,15.541,15.541,905700,14075483.7
2023-03-10,VIRT,15.469,15.469,14.709,14.749,1880100,27729594.9
2023-03-13,VIRT,14.625,15.372,14.456,15.158,1686400,25562451.2
2023-03-14,VIRT,15.469,15.683,15.052,15.434,1363500,21044259.0
2023-03-15,VIRT,15.149,15.994,15.149,15.807,2448600,38705020.2
2023-03-16,VIRT,15.781,16.052,15.732,15.967,2115300,33774995.1
2023-03-17,VIRT,15.932,16.336,15.781,16.278,3014300,49066775.4
2023-03-20,VIRT,16.278,16.412,15.754,15.79,1233800,19481702.0
2023-03-21,VIRT,15.985,16.101,15.79,15.87,1056600,16768242.0
2023-03-22,VIRT,15.834,15.932,15.469,15.496,1177700,18249639.2
2023-03-23,VIRT,15.541,15.558,15.132,15.283,1403700,21452747.1
2023-03-24,VIRT,15.221,15.381,15.078,15.354,1753400,26921703.6
2023-03-27,VIRT,15.505,15.692,15.309,15.558,1150700,17902590.6
2023-03-28,VIRT,15.594,16.274,15.533,16.225,1242800,20164430.0
2023-03-29,VIRT,16.376,17.123,16.376,16.572,1890200,31324394.4
2023-03-30,VIRT,16.607,16.767,16.43,16.634,833700,13867765.8
2023-03-31,VIRT,16.732,16.816,16.51,16.803,858500,14425375.5
2023-04-03,VIRT,16.75,16.936,16.394,16.421,867700,14248501.7
2023-04-04,VIRT,16.35,16.825,16.172,16.785,1227700,20606944.5
2023-04-05,VIRT,16.794,16.794,16.425,16.572,739900,12261622.8
2023-04-06,VIRT,16.572,16.719,16.572,16.599,497200,8253022.8
2023-04-10,VIRT,16.607,16.679,16.359,16.412,623300,10229599.6
2023-04-11,VIRT,16.883,17.105,16.75,16.856,1546600,26069489.6
2023-04-12,VIRT,16.999,17.092,16.75,16.883,809400,13665100.2
2023-04-13,VIRT,16.901,17.248,16.856,17.079,1154100,19710873.9
2023-04-14,VIRT,17.061,17.221,17.061,17.079,789900,13490702.1
2023-04-17,VIRT,17.074,17.523,16.963,17.461,1140900,19921254.9
2023-04-18,VIRT,17.47,17.47,17.336,17.434,895500,15612147.0
2023-04-19,VIRT,17.328,17.763,17.292,17.639,1163800,20528268.2
2023-04-20,VIRT,17.781,18.048,16.732,17.31,1728300,29916873.0
2023-04-21,VIRT,17.336,17.648,17.168,17.363,957200,16619863.6
2023-04-24,VIRT,17.408,17.416,17.141,17.265,689100,11897311.5
2023-04-25,VIRT,17.283,17.532,17.256,17.47,907800,15859266.0
2023-04-26,VIRT,17.408,17.532,17.345,17.514,971200,17009596.8
2023-04-27,VIRT,17.577,17.701,17.488,17.692,813200,14387134.4
2023-04-28,VIRT,17.692,17.861,17.652,17.825,793300,14140572.5
2023-05-01,VIRT,17.745,17.808,17.074,17.159,1503800,25803704.2
2023-05-02,VIRT,17.088,17.15,16.714,16.892,1119600,18912283.2
2023-05-03,VIRT,16.687,16.723,15.145,15.238,3182400,48493411.2
2023-05-04,VIRT,15.114,15.163,14.598,14.989,2830500,42426364.5
2023-05-05,VIRT,15.309,15.834,15.265,15.665,2119200,33197268.0
2023-05-08,VIRT,15.71,15.741,15.425,15.612,1307000,20404884.0
2023-05-09,VIRT,15.585,15.741,15.372,15.621,1133100,17700155.1
2023-05-10,VIRT,15.825,15.825,15.554,15.567,864300,13454558.1
2023-05-11,VIRT,15.621,15.643,15.338,15.434,834700,12882759.8
2023-05-12,VIRT,15.558,15.656,15.518,15.585,748700,11668489.5
2023-05-15,VIRT,15.656,16.101,15.616,15.95,1030100,16430095.0
2023-05-16,VIRT,15.941,16.003,15.821,15.887,728400,11572090.8
2023-05-17,VIRT,15.967,16.163,15.612,16.074,711900,11443080.6
2023-05-18,VIRT,16.092,16.176,15.976,16.154,611300,9874940.2
2023-05-19,VIRT,16.181,16.354,16.007,16.092,822900,13242106.8
2023-05-22,VIRT,16.198,16.198,15.932,16.065,874300,14045629.5
2023-05-23,VIRT,16.092,16.132,15.941,15.958,709600,11323796.8
2023-05-24,VIRT,15.958,16.003,15.741,15.878,567500,9010765.0
2023-05-25,VIRT,15.87,16.003,15.656,15.683,505000,7919915.0
2023-05-26,VIRT,15.647,15.896,15.612,15.807,606800,9591687.6
2023-05-30,VIRT,15.852,15.99,15.665,15.825,602200,9529815.0
2023-05-31,VIRT,15.762,15.951,15.73,15.852,1100000,17437200.0
2023-06-01,VIRT,15.843,16.077,15.762,15.915,708200,11271003.0
2023-06-02,VIRT,15.951,16.424,15.951,16.267,901600,14666327.2
2023-06-05,VIRT,16.258,16.321,16.06,16.177,743400,12025981.8
2023-06-06,VIRT,16.168,16.411,16.159,16.348,546900,8940721.2
2023-06-07,VIRT,16.438,16.669,16.33,16.465,1199400,19748121.0
2023-06-08,VIRT,16.411,16.695,16.131,16.654,1247200,20770868.8
2023-06-09,VIRT,16.582,16.668,16.384,16.564,798400,13224697.6
2023-06-12,VIRT,16.501,16.501,16.118,16.294,859400,14003063.6
2023-06-13,VIRT,16.393,16.708,16.303,16.636,1697100,28232955.6
2023-06-14,VIRT,16.672,16.744,16.411,16.555,767300,12702651.5
2023-06-15,VIRT,16.555,16.774,16.542,16.753,596700,9996515.1
2023-06-16,VIRT,16.708,16.852,16.645,16.726,1052500,17604115.0
2023-06-20,VIRT,16.744,16.834,16.645,16.807,826400,13889304.8
2023-06-21,VIRT,16.771,16.771,16.438,16.618,714700,11876884.6
2023-06-22,VIRT,16.555,16.555,16.064,16.249,775500,12601099.5
2023-06-23,VIRT,16.204,16.204,15.933,15.987,1034200,16533755.4
2023-06-26,VIRT,15.969,16.15,15.924,15.942,997400,15900550.8
2023-06-27,VIRT,15.933,16.068,15.888,15.906,901300,14336077.8
2023-06-28,VIRT,15.825,15.834,15.231,15.329,2090100,32039142.9
2023-06-29,VIRT,15.393,15.573,15.32,15.474,1296100,20055851.4
2023-06-30,VIRT,15.564,15.618,15.311,15.402,860600,13254961.2
2023-07-03,VIRT,15.393,15.474,15.316,15.32,421300,6454316.0
2023-07-05,VIRT,15.275,15.275,15.019,15.104,1018300,15380403.2
2023-07-06,VIRT,15.05,15.158,14.915,15.149,2365800,35839504.2
2023-07-07,VIRT,15.068,15.447,14.942,15.284,1415600,21636030.4
2023-07-10,VIRT,15.266,15.42,15.167,15.329,836100,12816576.9
2023-07-11,VIRT,15.347,15.573,15.275,15.555,812200,12633771.0
2023-07-12,VIRT,15.546,15.785,15.492,15.762,835200,13164422.4
2023-07-13,VIRT,15.825,16.334,15.789,16.321,874200,14267818.2
2023-07-14,VIRT,16.411,16.411,16.005,16.005,663500,10619317.5
2023-07-17,VIRT,15.996,16.122,15.897,15.987,686700,10978272.9
2023-07-18,VIRT,16.086,16.388,16.086,16.348,463200,7572393.6
2023-07-19,VIRT,16.42,16.843,16.384,16.717,772700,12917225.9
2023-07-20,VIRT,16.645,16.731,16.519,16.609,602200,10001939.8
2023-07-21,VIRT,16.681,16.807,16.564,16.69,708900,11831541.0
2023-07-24,VIRT,16.681,17.1,16.654,16.898,1395000,23572710.0
2023-07-25,VIRT,16.843,16.879,16.627,16.681,1109500,18507569.5
2023-07-26,VIRT,16.402,17.267,16.303,16.843,1670500,28136231.5
2023-07-27,VIRT,16.546,17.015,16.456,16.789,1311300,22015415.7
2023-07-28,VIRT,16.934,17.213,16.925,17.033,1134300,19320531.9
2023-07-31,VIRT,16.979,17.06,16.6,16.726,1096300,18336713.8
2023-08-01,VIRT,16.744,16.825,16.447,16.546,829300,13721597.8
2023-08-02,VIRT,16.402,16.483,16.253,16.411,708000,11618988.0
2023-08-03,VIRT,16.321,16.546,16.141,16.537,658200,10884653.4
2023-08-04,VIRT,16.546,17.168,16.546,17.042,897500,15295195.0
2023-08-07,VIRT,17.051,17.429,17.042,17.294,976400,16885861.6
2023-08-08,VIRT,17.123,17.123,16.907,17.015,586100,9972491.5
2023-08-09,VIRT,16.952,17.033,16.726,16.762,782300,13112912.6
2023-08-10,VIRT,16.861,17.024,16.843,16.997,583800,9922848.6
2023-08-11,VIRT,16.934,17.114,16.907,16.934,542500,9186695.0
2023-08-14,VIRT,16.888,17.087,16.788,17.024,652700,11111564.8
2023-08-15,VIRT,16.934,16.961,16.726,16.888,679600,11477084.8
2023-08-16,VIRT,16.843,17.015,16.807,16.988,982700,16694107.6
2023-08-17,VIRT,17.042,17.506,17.042,17.348,1143400,19835703.2
2023-08-18,VIRT,17.24,17.344,17.069,17.078,768800,13129566.4
2023-08-21,VIRT,17.06,17.082,16.879,16.988,390200,6628717.6
2023-08-22,VIRT,17.051,17.068,16.717,16.735,422500,7070537.5
2023-08-23,VIRT,16.681,16.997,16.681,16.943,463200,7847997.6
2023-08-24,VIRT,16.943,17.217,16.907,16.97,538300,9134951.0
2023-08-25,VIRT,16.979,17.114,16.884,16.997,405100,6885484.7
2023-08-28,VIRT,16.988,17.24,16.988,17.186,528100,9075926.6
2023-08-29,VIRT,17.24,17.312,17.154,17.159,552600,9482063.4
2023-08-30,VIRT,17.15,17.21,17.033,17.051,555200,9466715.2
2023-08-31,VIRT,17.169,17.274,17.032,17.105,885900,15153319.5
2023-09-01,VIRT,17.197,17.379,17.183,17.252,493500,8513862.0
2023-09-05,VIRT,17.206,17.206,16.918,16.932,524100,8874061.2
2023-09-06,VIRT,16.868,16.982,16.512,16.603,729800,12116869.4
2023-09-07,VIRT,16.576,16.704,16.38,16.476,1230600,20275365.6
2023-09-08,VIRT,16.53,16.85,16.384,16.786,539600,9057725.6
2023-09-11,VIRT,16.832,16.978,16.622,16.658,542800,9041962.4
2023-09-12,VIRT,16.704,16.946,16.704,16.85,493000,8307050.0
2023-09-13,VIRT,16.133,16.384,15.408,15.417,2847600,43901449.2
2023-09-14,VIRT,16.165,16.923,16.101,16.375,3050000,49943750.0
2023-09-15,VIRT,16.32,16.412,15.581,15.627,2371900,37065681.3
2023-09-18,VIRT,15.654,15.923,15.453,15.873,1012300,16068237.9
2023-09-19,VIRT,15.882,15.983,15.773,15.882,778000,12356196.0
2023-09-20,VIRT,15.965,16.197,15.891,15.901,906100,14407896.1
2023-09-21,VIRT,15.773,15.992,15.54,15.946,1128800,17999844.8
2023-09-22,VIRT,15.955,15.969,15.64,15.663,718400,11252299.2
2023-09-25,VIRT,15.663,15.955,15.645,15.937,770100,12273083.7
2023-09-26,VIRT,15.8,15.887,15.554,15.609,993000,15499737.0
2023-09-27,VIRT,15.7,15.773,15.485,15.508,802700,12448271.6
2023-09-28,VIRT,15.554,15.901,15.517,15.764,795900,12546567.6
2023-09-29,VIRT,15.882,15.965,15.691,15.764,704500,11105738.0
2023-10-02,VIRT,15.828,16.091,15.709,15.955,812500,12963437.5
2023-10-03,VIRT,15.545,15.855,15.467,15.7,1316500,20669050.0
2023-10-04,VIRT,15.727,15.846,15.362,15.554,903800,14057705.2
2023-10-05,VIRT,15.554,15.691,15.399,15.654,924700,14475253.8
2023-10-06,VIRT,15.609,15.951,15.577,15.91,621900,9894429.0
2023-10-09,VIRT,15.864,16.193,15.855,16.12,566100,9125532.0
2023-10-10,VIRT,16.193,16.32,15.91,15.91,633500,10078985.0
2023-10-11,VIRT,15.891,16.097,15.828,16.038,664800,10662062.4
2023-10-12,VIRT,16.083,16.247,15.955,16.22,611100,9912042.0
2023-10-13,VIRT,16.33,16.485,16.243,16.439,727600,11961016.4
2023-10-16,VIRT,16.476,16.959,16.476,16.932,757500,12825990.0
2023-10-17,VIRT,16.932,17.078,16.9,17.014,838900,14273044.6
2023-10-18,VIRT,16.932,17.124,16.695,16.777,1005800,16874306.6
2023-10-19,VIRT,16.713,16.959,16.631,16.749,610200,10220239.8
2023-10-20,VIRT,16.749,16.941,16.631,16.631,1098300,18265827.3
2023-10-23,VIRT,16.585,16.772,16.43,16.485,581400,9584379.0
2023-10-24,VIRT,16.485,16.781,16.457,16.759,736500,12343003.5
2023-10-25,VIRT,16.686,16.859,16.594,16.622,696100,11570574.2
2023-10-26,VIRT,16.722,17.042,16.654,16.768,763200,12797337.6
2023-10-27,VIRT,16.859,16.896,16.603,16.695,740900,12369325.5
2023-10-30,VIRT,16.823,16.859,16.649,16.74,798800,13371912.0
2023-10-31,VIRT,16.713,16.877,16.704,16.877,514900,8689967.3
2023-11-01,VIRT,16.896,16.982,16.626,16.695,1176900,19648345.5
2023-11-02,VIRT,17.206,17.288,16.129,16.275,1311900,21351172.5
2023-11-03,VIRT,16.74,16.941,16.448,16.467,870500,14334523.5
2023-11-06,VIRT,16.394,16.581,16.298,16.448,645500,10617184.0
2023-11-07,VIRT,16.462,16.462,15.882,15.891,827300,13146624.3
2023-11-08,VIRT,15.919,16.211,15.91,16.184,959300,15525311.2
2023-11-09,VIRT,16.184,16.33,15.891,15.937,762200,12147181.4
2023-11-10,VIRT,15.928,15.992,15.765,15.855,836100,13256365.5
2023-11-13,VIRT,15.864,15.974,15.713,15.818,761300,12042243.4
2023-11-14,VIRT,15.928,16.247,15.928,16.156,667400,10782514.4
2023-11-15,VIRT,16.211,16.302,16.147,16.238,722600,11733578.8
2023-11-16,VIRT,16.266,16.33,15.864,15.965,609300,9727474.5
2023-11-17,VIRT,16.019,16.111,15.923,16.111,736700,11868973.7
2023-11-20,VIRT,16.111,16.339,15.937,16.284,532100,8664716.4
2023-11-21,VIRT,16.257,16.257,15.987,16.01,552800,8850328.0
2023-11-22,VIRT,16.001,16.156,15.937,16.147,546300,8821106.1
2023-11-24,VIRT,16.12,16.43,16.12,16.43,299600,4922428.0
2023-11-27,VIRT,16.339,16.348,16.138,16.211,594500,9637439.5
2023-11-28,VIRT,16.476,16.489,16.202,16.238,1097800,17826076.4
2023-11-29,VIRT,16.33,16.512,16.247,16.503,1109800,18315029.4
2023-11-30,VIRT,16.642,16.665,16.448,16.633,865000,14387545.0
2023-12-01,VIRT,16.605,16.892,16.549,16.892,1213200,20493374.4
2023-12-04,VIRT,16.679,17.021,16.651,16.938,1677800,28418576.4
2023-12-05,VIRT,16.947,17.271,16.864,16.947,1574000,26674578.0
2023-12-06,VIRT,16.938,17.067,16.864,16.947,1032500,17497777.5
2023-12-07,VIRT,16.993,17.146,16.827,17.067,771700,13170603.9
2023-12-08,VIRT,17.021,17.451,16.966,17.419,853200,14861890.8
2023-12-11,VIRT,17.484,17.729,17.484,17.622,1112100,19597426.2
2023-12-12,VIRT,17.622,18.159,17.576,18.103,1212700,21953508.1
2023-12-13,VIRT,18.131,18.603,18.011,18.575,1330600,24715895.0
2023-12-14,VIRT,18.649,19.204,18.649,19.186,1242000,23829012.0
2023-12-15,VIRT,19.204,19.218,18.991,19.13,1276500,24419445.0
2023-12-18,VIRT,19.213,19.213,18.825,18.88,759000,14329920.0
2023-12-19,VIRT,18.936,19.13,18.686,19.084,1173600,22396982.4
2023-12-20,VIRT,19.065,19.116,18.76,18.769,590600,11084971.4
2023-12-21,VIRT,18.853,19.112,18.779,19.093,492200,9397574.6
2023-12-22,VIRT,19.112,19.186,18.964,18.964,426400,8086249.6
2023-12-26,VIRT,18.964,19.065,18.843,18.853,554700,10457759.1
2023-12-27,VIRT,18.908,18.913,18.806,18.843,463500,8733730.5
2023-12-28,VIRT,18.834,18.945,18.834,18.862,391300,7380700.6
2023-12-29,VIRT,18.899,18.945,18.742,18.742,472600,8857469.2
2024-01-02,VIRT,18.788,18.899,18.687,18.825,750600,14130045.0
2024-01-03,VIRT,18.705,18.816,18.298,18.742,954800,17894861.6
2024-01-04,VIRT,18.668,19.311,18.621,19.093,884100,16880121.3
2024-01-05,VIRT,19.093,19.371,19.093,19.176,684500,13125972.0
2024-01-08,VIRT,18.954,19.459,18.603,19.417,746200,14488965.4
2024-01-09,VIRT,19.324,19.324,18.603,18.631,1097500,20447522.5
2024-01-10,VIRT,18.64,18.64,17.743,17.881,1403800,25101347.8
2024-01-11,VIRT,17.817,17.881,17.585,17.807,1136000,20228752.0
2024-01-12,VIRT,17.937,18.002,17.502,17.65,1192200,21042330.0
2024-01-16,VIRT,17.493,17.77,17.41,17.622,774200,13642952.4
2024-01-17,VIRT,17.373,17.65,17.336,17.437,639600,11152705.2
2024-01-18,VIRT,17.447,17.447,17.188,17.345,874300,15164733.5
2024-01-19,VIRT,17.382,17.419,17.169,17.252,934600,16123719.2
2024-01-22,VIRT,17.336,17.484,17.234,17.4,1050700,18282180.0
2024-01-23,VIRT,17.382,17.641,17.326,17.474,813900,14222088.6
2024-01-24,VIRT,17.641,17.817,17.585,17.761,1523900,27065987.9
2024-01-25,VIRT,16.818,17.169,15.657,16.152,3206400,51789772.8
2024-01-26,VIRT,16.096,16.161,15.758,15.939,1842000,29359638.0
2024-01-29,VIRT,15.948,16.11,15.763,15.967,1400300,22358590.1
2024-01-30,VIRT,15.957,16.058,15.869,15.893,1002900,15939089.7
2024-01-31,VIRT,15.865,15.948,15.49,15.532,1357300,21081583.6
2024-02-01,VIRT,15.532,15.763,15.37,15.485,1335900,20686411.5
2024-02-02,VIRT,15.393,15.67,15.226,15.587,1175600,18324077.2
2024-02-05,VIRT,15.55,15.587,14.958,14.977,1417000,21222409.0
2024-02-06,VIRT,14.94,15.115,14.903,15.032,1167600,17551363.2
2024-02-07,VIRT,14.986,15.162,14.819,15.069,1218200,18357055.8
2024-02-08,VIRT,15.513,15.55,15.083,15.365,1388000,21326620.0
2024-02-09,VIRT,15.3,15.587,15.263,15.393,1374200,21153060.6
2024-02-12,VIRT,15.365,15.652,15.319,15.411,841300,12965274.3
2024-02-13,VIRT,15.291,15.439,15.179,15.421,1274300,19650980.3
2024-02-14,VIRT,15.43,15.689,15.43,15.569,1180300,18376090.7
2024-02-15,VIRT,15.578,15.726,15.504,15.569,905700,14100843.3
2024-02-16,VIRT,15.448,15.62,15.402,15.522,821600,12752875.2
2024-02-20,VIRT,15.439,15.67,15.402,15.532,841600,13071731.2
2024-02-21,VIRT,15.467,15.522,15.402,15.43,592500,9142275.0
2024-02-22,VIRT,15.43,15.592,15.374,15.578,1032000,16076496.0
2024-02-23,VIRT,15.55,15.902,15.541,15.809,772400,12210871.6
2024-02-26,VIRT,15.735,16.017,15.735,15.809,942200,14895239.8
2024-02-27,VIRT,15.976,16.207,15.8,16.198,1235200,20007769.6
2024-02-28,VIRT,16.152,16.374,16.119,16.179,1008700,16319757.3
2024-02-29,VIRT,16.376,17.042,16.273,16.93,1625600,27521408.0
2024-03-01,VIRT,16.883,17.436,16.789,17.417,1599000,27849783.0
2024-03-04,VIRT,17.436,17.793,17.314,17.699,2307300,40836902.7
2024-03-05,VIRT,17.614,18.083,17.577,17.924,1171600,20999758.4
2024-03-06,VIRT,17.849,17.971,17.619,17.924,890400,15959529.6
2024-03-07,VIRT,18.036,18.161,17.811,17.83,951000,16956330.0
2024-03-08,VIRT,17.905,18.004,17.708,17.933,974800,17481088.4
2024-03-11,VIRT,17.961,18.435,17.9,18.318,783600,14353984.8
2024-03-12,VIRT,18.299,18.43,17.975,17.999,1036100,18648763.9
2024-03-13,VIRT,17.943,18.13,17.708,17.961,893500,16048153.5
2024-03-14,VIRT,18.055,18.074,17.553,17.83,740700,13206681.0
2024-03-15,VIRT,17.774,18.13,17.774,18.111,1221100,22115342.1
2024-03-18,VIRT,18.018,18.172,17.98,17.999,739000,13301261.0
2024-03-19,VIRT,17.999,18.149,17.905,18.074,864000,15615936.0
2024-03-20,VIRT,18.055,18.111,17.9,17.98,790000,14204200.0
2024-03-21,VIRT,18.008,18.89,17.877,18.871,1606600,30318148.6
2024-03-22,VIRT,18.843,19.335,18.73,18.993,1480800,28124834.4
2024-03-25,VIRT,18.993,19.134,18.824,18.89,757800,14314842.0
2024-03-26,VIRT,19.049,19.687,18.923,18.974,1975000,37473650.0
2024-03-27,VIRT,19.077,19.171,18.881,19.012,822400,15635468.8
2024-03-28,VIRT,19.021,19.462,19.021,19.246,984300,18943837.8
2024-04-01,VIRT,19.218,19.772,19.148,19.734,934700,18445369.8
2024-04-02,VIRT,19.828,19.879,19.631,19.781,903800,17878067.8
2024-04-03,VIRT,19.659,20.048,19.659,19.959,1360800,27160207.2
2024-04-04,VIRT,20.137,20.241,19.345,19.415,813500,15794102.5
2024-04-05,VIRT,19.481,19.532,19.199,19.471,658600,12823600.6
2024-04-08,VIRT,19.565,19.734,19.5,19.546,564800,11039580.8
2024-04-09,VIRT,19.631,19.64,19.359,19.359,817400,15824046.6
2024-04-10,VIRT,19.34,19.34,19.059,19.284,480400,9264033.6
2024-04-11,VIRT,19.265,19.293,18.899,18.899,821500,15525528.5
2024-04-12,VIRT,19.368,19.781,19.134,19.34,957600,18519984.0
2024-04-15,VIRT,19.378,19.602,19.185,19.368,688400,13332931.2
2024-04-16,VIRT,19.228,19.392,19.04,19.303,560300,10815470.9
2024-04-17,VIRT,19.462,19.575,19.143,19.209,568100,10912632.9
2024-04-18,VIRT,19.321,19.321,19.082,19.293,663500,12800905.5
2024-04-19,VIRT,19.293,19.837,19.171,19.753,896500,17708564.5
2024-04-22,VIRT,19.884,19.959,19.631,19.772,841600,16640115.2
2024-04-23,VIRT,19.65,19.997,19.617,19.875,1087200,21608100.0
2024-04-24,VIRT,20.719,21.385,20.466,20.484,2634700,53969194.8
2024-04-25,VIRT,20.503,21.169,20.503,21.01,1815000,38133150.0
2024-04-26,VIRT,20.906,20.981,20.649,20.653,1084900,22406439.7
2024-04-29,VIRT,20.766,20.766,20.114,20.278,1325400,26876461.2
2024-04-30,VIRT,20.222,20.428,20.053,20.353,879000,17890287.0
2024-05-01,VIRT,20.391,20.916,20.269,20.625,1486000,30648750.0
2024-05-02,VIRT,20.663,20.756,20.419,20.7,1238000,25626600.0
2024-05-03,VIRT,20.831,21.277,20.691,21.141,965500,20411635.5
2024-05-06,VIRT,21.113,21.455,21.108,21.357,860100,18369155.7
2024-05-07,VIRT,21.479,21.497,20.963,20.972,545800,11446517.6
2024-05-08,VIRT,20.944,21.141,20.899,21.028,567900,11941801.2
2024-05-09,VIRT,21.122,21.357,21.047,21.244,853300,18127505.2
2024-05-10,VIRT,21.16,21.207,20.888,21.113,678900,14333615.7
2024-05-13,VIRT,21.103,21.666,21.085,21.582,821800,17736087.6
2024-05-14,VIRT,21.685,22.74,21.685,22.595,1537200,34733034.0
2024-05-15,VIRT,22.623,22.623,22.257,22.51,715400,16103654.0
2024-05-16,VIRT,22.473,22.529,21.994,22.032,673500,14838552.0
2024-05-17,VIRT,22.004,22.501,21.884,22.004,1497500,32950990.0
2024-05-20,VIRT,22.051,22.051,21.633,21.722,899500,19538939.0
2024-05-21,VIRT,21.469,21.601,21.047,21.282,949600,20209387.2
2024-05-22,VIRT,21.263,21.413,20.902,20.963,1268200,26585276.6
2024-05-23,VIRT,20.925,21.31,20.86,21.169,579700,12271669.3
2024-05-24,VIRT,21.263,21.685,21.263,21.591,806300,17408823.3
2024-05-28,VIRT,21.619,21.873,21.582,21.685,688000,14919280.0
2024-05-29,VIRT,21.591,21.694,21.395,21.638,564300,12210323.4
2024-05-30,VIRT,21.694,21.783,21.375,21.591,710100,15331769.1
2024-05-31,VIRT,21.733,21.776,20.425,20.852,2117500,44154110.0
2024-06-03,VIRT,21.032,22.093,20.956,21.686,1954200,42378781.2
2024-06-04,VIRT,21.648,21.724,20.809,21.003,1387900,29150063.7
2024-06-05,VIRT,21.136,21.321,20.776,21.307,1196500,25493825.5
2024-06-06,VIRT,21.278,21.345,20.838,21.316,893500,19045846.0
2024-06-07,VIRT,21.269,21.468,20.833,20.861,968400,20201792.4
2024-06-10,VIRT,23.326,24.34,22.236,23.003,4978200,114513534.6
2024-06-11,VIRT,22.653,23.112,22.207,22.7,2004200,45495340.0
2024-06-12,VIRT,22.88,23.245,22.624,22.861,1868600,42718064.6
2024-06-13,VIRT,22.747,22.98,22.217,22.255,1312500,29209687.5
2024-06-14,VIRT,22.112,22.487,22.065,22.198,1204300,26733051.4
2024-06-17,VIRT,22.264,22.492,22.065,22.188,1386300,30759224.4
2024-06-18,VIRT,22.169,22.558,21.989,22.008,1254500,27609036.0
2024-06-20,VIRT,22.008,22.15,21.563,21.97,1873700,41165189.0
2024-06-21,VIRT,22.103,22.103,21.506,21.819,16222000,353947818.0
2024-06-24,VIRT,21.885,22.492,21.62,22.33,1793000,40037690.0
2024-06-25,VIRT,22.311,22.311,21.719,21.847,1700500,37150823.5
2024-06-26,VIRT,21.809,21.932,21.624,21.857,1386700,30309101.9
2024-06-27,VIRT,21.875,21.894,21.558,21.591,1099800,23745781.8
2024-06-28,VIRT,21.8,21.847,21.198,21.278,1552600,33036222.8
2024-07-01,VIRT,21.411,21.591,21.184,21.439,1133600,24303250.4
2024-07-02,VIRT,21.174,21.496,20.999,21.003,1175300,24684825.9
2024-07-03,VIRT,21.032,21.307,20.947,21.146,757600,16020209.6
2024-07-05,VIRT,21.108,21.155,20.932,21.022,1269900,26695837.8
2024-07-08,VIRT,21.089,21.335,20.463,20.549,1127800,23175162.2
2024-07-09,VIRT,20.634,21.094,20.473,20.909,1361500,28467603.5
2024-07-10,VIRT,21.108,21.34,20.956,21.326,894100,19067576.6
2024-07-11,VIRT,21.373,21.752,21.174,21.24,708300,15044292.0
2024-07-12,VIRT,21.326,21.748,21.326,21.354,710700,15176287.8
2024-07-15,VIRT,21.487,21.951,21.473,21.866,957600,20938881.6
2024-07-16,VIRT,21.857,22.065,21.61,21.866,1170800,25600712.8
2024-07-17,VIRT,21.771,22.501,21.544,22.283,2566900,57198232.7
2024-07-18,VIRT,23.961,26.918,22.994,26.463,5291800,140036903.4
2024-07-19,VIRT,26.747,27.97,26.596,27.941,2997500,83753147.5
2024-07-22,VIRT,27.856,28.14,27.306,28.074,2145300,60227152.2
2024-07-23,VIRT,27.752,27.889,26.804,26.956,1649700,44469313.2
2024-07-24,VIRT,27.088,27.136,26.586,26.889,1429600,38440514.4
2024-07-25,VIRT,26.539,26.88,26.359,26.434,1502500,39717085.0
2024-07-26,VIRT,26.804,26.804,26.453,26.51,728800,19320488.0
2024-07-29,VIRT,26.965,26.965,26.245,26.434,1099200,29056252.8
2024-07-30,VIRT,26.453,26.648,25.998,26.368,1625000,42848000.0
2024-07-31,VIRT,26.359,26.477,25.61,25.894,1132700,29330133.8
2024-08-01,VIRT,26.036,26.197,25.354,25.667,1047700,26891315.9
2024-08-02,VIRT,25.212,26.235,25.117,26.216,1601500,41984924.0
2024-08-05,VIRT,26.008,26.624,25.477,26.397,1524600,40244866.2
2024-08-06,VIRT,26.415,26.757,26.017,26.188,1365200,35751857.6
2024-08-07,VIRT,26.558,26.558,26.065,26.273,798700,20984245.1
2024-08-08,VIRT,26.349,26.785,26.349,26.567,598900,15910976.3
2024-08-09,VIRT,26.747,27.723,26.671,27.667,1119300,30967673.1
2024-08-12,VIRT,27.591,27.667,27.088,27.316,848800,23185820.8
2024-08-13,VIRT,27.259,27.761,27.155,27.761,906800,25173674.8
2024-08-14,VIRT,27.856,28.948,27.847,28.738,1468000,42187384.0
2024-08-15,VIRT,28.785,28.851,27.269,27.6,1539800,42498480.0
2024-08-16,VIRT,27.515,28.245,27.468,28.065,873300,24509164.5
2024-08-19,VIRT,28.15,28.406,28.046,28.074,910900,25572606.6
2024-08-20,VIRT,28.33,28.652,27.984,28.15,847600,23859940.0
2024-08-21,VIRT,28.065,28.349,27.705,28.169,812300,22881678.7
2024-08-22,VIRT,28.074,28.539,28.046,28.377,590700,16762293.9
2024-08-23,VIRT,28.368,28.576,28.159,28.52,1079400,30784488.0
2024-08-26,VIRT,28.52,29.344,28.501,29.06,1139200,33105152.0
2024-08-27,VIRT,28.984,29.373,28.979,29.278,518200,15171859.6
2024-08-28,VIRT,29.136,29.325,28.188,28.605,935200,26751396.0
2024-08-29,VIRT,28.671,29.321,28.671,29.259,431400,12622332.6
2024-08-30,VIRT,29.268,29.364,28.829,29.335,1678100,49227063.5
2024-09-03,VIRT,29.182,29.754,28.963,29.66,1379100,40904106.0
2024-09-04,VIRT,29.727,30.243,29.641,29.803,903300,26921049.9
2024-09-05,VIRT,29.899,30.329,29.746,30.033,789400,23708050.2
2024-09-06,VIRT,30.033,30.033,29.364,29.737,904200,26888195.4
2024-09-09,VIRT,29.756,30.424,29.392,30.09,701400,21105126.0
2024-09-10,VIRT,30.052,30.205,29.643,29.947,506600,15171150.2
2024-09-11,VIRT,29.861,29.861,29.144,29.402,637400,18740834.8
2024-09-12,VIRT,29.469,29.951,29.469,29.784,609300,18147391.2
2024-09-13,VIRT,29.765,30.778,29.765,30.606,950200,29081821.2
2024-09-16,VIRT,30.558,31.303,30.558,30.978,1035500,32077719.0
2024-09-17,VIRT,30.95,31.413,30.873,30.911,720300,22265193.3
2024-09-18,VIRT,30.864,31.122,30.424,30.921,971400,30036659.4
2024-09-19,VIRT,31.303,31.303,30.109,30.224,1181700,35715700.8
2024-09-20,VIRT,30.52,30.52,29.144,29.565,4372000,129258180.0
2024-09-23,VIRT,29.603,30.061,29.507,29.756,3799800,113066848.8
2024-09-24,VIRT,29.746,30.243,29.612,29.908,1612500,48226650.0
2024-09-25,VIRT,30.08,30.08,29.206,29.278,1227700,35944600.6
2024-09-26,VIRT,29.374,29.679,29.307,29.67,834600,24762582.0
2024-09-27,VIRT,29.689,29.808,29.23,29.574,1458900,43145508.6
2024-09-30,VIRT,29.593,29.966,28.877,29.097,3192500,92892172.5
2024-10-01,VIRT,29.097,29.985,28.935,29.316,5570200,163295983.2
2024-10-02,VIRT,29.154,29.899,29.154,29.784,1286100,38305202.4
2024-10-03,VIRT,29.717,30.119,29.23,30.09,1125200,33857268.0
2024-10-04,VIRT,30.262,30.654,30.109,30.338,805900,24449394.2
2024-10-07,VIRT,30.386,30.606,30.133,30.291,834500,25277839.5
2024-10-08,VIRT,30.529,31.184,30.453,30.644,1529100,46857740.4
2024-10-09,VIRT,30.472,30.558,30.08,30.357,819500,24877561.5
2024-10-10,VIRT,30.319,30.816,30.176,30.711,1068000,32799348.0
2024-10-11,VIRT,30.95,31.36,30.757,31.093,624500,19417578.5
2024-10-14,VIRT,31.093,31.408,30.902,31.236,839200,26213251.2
2024-10-15,VIRT,31.37,31.838,31.332,31.714,873600,27705350.4
2024-10-16,VIRT,31.723,31.977,31.633,31.924,857600,27378022.4
2024-10-17,VIRT,31.972,32.048,31.294,31.37,740000,23213800.0
2024-10-18,VIRT,31.37,31.733,31.313,31.504,768900,24223425.6
2024-10-21,VIRT,31.418,31.489,31.217,31.274,969600,30323270.4
2024-10-22,VIRT,31.198,31.571,31.16,31.308,786600,24626872.8
2024-10-23,VIRT,31.16,31.365,30.496,30.902,1275800,39424771.6
2024-10-24,VIRT,30.883,30.883,28.485,29.479,2010700,59273425.3
2024-10-25,VIRT,29.698,30.004,29.545,29.584,1104100,32663694.4
2024-10-28,VIRT,29.651,30.0,29.268,29.565,852900,25215988.5
2024-10-29,VIRT,29.345,29.717,29.268,29.622,806600,23893105.2
2024-10-30,VIRT,29.612,30.176,29.555,29.823,881600,26291956.8
2024-10-31,VIRT,29.641,29.842,29.144,29.574,893100,26412539.4
2024-11-01,VIRT,29.612,30.176,29.45,30.147,1125000,33915375.0
2024-11-04,VIRT,30.185,30.701,29.899,29.985,638400,19142424.0
2024-11-05,VIRT,30.176,30.701,30.176,30.386,583000,17715038.0
2024-11-06,VIRT,31.026,31.934,29.708,31.914,1689100,53905937.4
2024-11-07,VIRT,31.714,32.22,31.68,31.895,845700,26973601.5
2024-11-08,VIRT,32.096,32.765,32.01,32.66,866100,28286826.0
2024-11-11,VIRT,33.214,35.325,32.956,34.264,1349200,46228988.8
2024-11-12,VIRT,33.892,34.005,33.137,33.529,1018300,34142580.7
2024-11-13,VIRT,34.006,34.312,33.3,33.376,941700,31430179.2
2024-11-14,VIRT,33.109,33.978,33.109,33.615,614500,20656417.5
2024-11-15,VIRT,33.729,33.901,32.927,33.357,877000,29254089.0
2024-11-18,VIRT,33.29,34.503,33.29,34.331,762300,26170521.3
2024-11-19,VIRT,34.035,35.535,34.035,35.248,1055300,37197214.4
2024-11-20,VIRT,35.258,35.563,34.885,35.334,622400,21991881.6
2024-11-21,VIRT,35.353,36.194,35.329,36.137,933400,33730275.8
2024-11-22,VIRT,36.203,36.385,35.029,35.048,894000,31332912.0
2024-11-25,VIRT,35.325,35.506,34.713,35.153,1165600,40974336.8
2024-11-26,VIRT,34.914,35.105,34.627,35.067,499300,17508953.1
2024-11-27,VIRT,35.812,36.729,35.487,35.669,893000,31852417.0
2024-11-29,VIRT,36.005,36.193,35.572,35.87,712200,25546614.0
2024-12-02,VIRT,36.005,36.668,35.572,36.351,868600,31574478.6
2024-12-03,VIRT,36.457,36.765,36.217,36.481,543500,19827423.5
2024-12-04,VIRT,36.467,36.476,35.957,36.217,533700,19329012.9
2024-12-05,VIRT,36.226,36.373,35.544,35.601,751700,26761271.7
2024-12-06,VIRT,35.64,35.726,34.573,34.899,851300,29709518.7
2024-12-09,VIRT,34.938,34.938,34.198,34.457,1312800,45235149.6
2024-12-10,VIRT,34.313,34.539,33.986,34.111,520500,17754775.5
2024-12-11,VIRT,34.39,35.967,34.351,35.371,1471100,52034278.1
2024-12-12,VIRT,35.371,36.044,35.361,35.409,486100,17212314.9
2024-12-13,VIRT,35.284,35.88,35.063,35.082,704000,24697728.0
2024-12-16,VIRT,35.313,35.38,34.736,35.169,726900,25564346.1
2024-12-17,VIRT,35.053,36.495,34.803,34.89,1435600,50088084.0
2024-12-18,VIRT,34.784,34.967,33.361,33.4,829700,27711980.0
2024-12-19,VIRT,33.784,34.13,33.217,33.227,665100,22099277.7
2024-12-20,VIRT,33.169,34.457,32.832,34.044,3091900,105260643.6
2024-12-23,VIRT,33.986,34.201,33.698,34.044,439800,14972551.2
2024-12-24,VIRT,34.217,35.034,34.207,35.015,245700,8603185.5
2024-12-26,VIRT,34.851,35.592,34.847,35.524,620200,22031984.8
2024-12-27,VIRT,35.409,35.592,34.909,35.197,380600,13395978.2
2024-12-30,VIRT,34.957,35.044,34.371,34.553,456000,15756168.0
2024-12-31,VIRT,34.851,34.938,34.265,34.303,563600,19333170.8
2025-01-02,VIRT,34.428,35.176,34.303,34.678,805600,27936596.8
2025-01-03,VIRT,34.976,35.116,34.011,34.399,809600,27849430.4
2025-01-06,VIRT,34.486,34.967,34.049,34.957,1071600,37459921.2
2025-01-07,VIRT,35.274,35.813,33.563,34.784,1251200,43521740.8
2025-01-08,VIRT,34.717,35.717,34.64,35.563,862500,30673087.5
2025-01-10,VIRT,35.38,35.38,33.188,33.303,1046100,34838268.3
2025-01-13,VIRT,33.082,33.496,32.664,32.89,922900,30354181.0
2025-01-14,VIRT,33.313,34.111,33.068,34.053,678500,23104960.5
2025-01-15,VIRT,34.746,35.351,34.395,34.601,612300,21186192.3
2025-01-16,VIRT,34.592,35.592,34.582,35.505,538000,19101690.0
2025-01-17,VIRT,35.659,36.01,35.399,35.822,662900,23746403.8
2025-01-21,VIRT,35.813,36.063,35.495,35.726,686100,24511608.6
2025-01-22,VIRT,36.024,36.265,35.77,35.967,713800,25673244.6
2025-01-23,VIRT,35.842,37.303,35.63,37.111,1027100,38116708.1
2025-01-24,VIRT,36.841,38.072,36.841,37.995,958000,36399210.0
2025-01-27,VIRT,37.495,37.62,36.332,36.832,787900,29019932.8
2025-01-28,VIRT,36.909,37.596,36.678,37.428,694900,26008717.2
2025-01-29,VIRT,38.5,38.745,36.957,38.082,1231100,46882750.2
2025-01-30,VIRT,38.524,38.88,37.492,38.139,853300,32544008.7
2025-01-31,VIRT,38.303,39.216,38.12,38.514,1131700,43586293.8
2025-02-03,VIRT,37.832,38.591,37.341,38.312,840100,32185911.2
2025-02-04,VIRT,38.312,39.12,38.082,38.543,835600,32206530.8
2025-02-05,VIRT,38.793,39.783,38.623,39.38,1053000,41467140.0
2025-02-06,VIRT,39.764,39.783,38.04,38.649,1228700,47488026.3
2025-02-07,VIRT,38.322,38.37,37.322,37.37,1171700,43786429.0
2025-02-10,VIRT,37.447,37.514,36.284,36.861,1785100,65800571.1
2025-02-11,VIRT,36.534,36.717,35.947,36.14,890500,32182670.0
2025-02-12,VIRT,35.957,36.178,35.236,35.399,1091600,38641548.4
2025-02-13,VIRT,35.495,35.51,34.861,35.419,820200,29050663.8
2025-02-14,VIRT,35.294,35.755,35.005,35.351,553600,19570313.6
2025-02-18,VIRT,35.409,36.322,34.976,36.274,1041400,37775743.6
2025-02-19,VIRT,36.688,37.87,36.476,36.793,1817400,66867598.2
2025-02-20,VIRT,36.947,36.995,34.736,35.62,1062700,37853374.0
2025-02-21,VIRT,35.822,36.063,33.957,34.025,1184400,40299210.0
2025-02-24,VIRT,34.448,34.688,33.39,34.361,1014700,34866106.7
2025-02-25,VIRT,34.217,34.351,33.054,33.746,929800,31377030.8
2025-02-26,VIRT,33.832,34.38,33.746,34.178,1154400,39455083.2
2025-02-27,VIRT,34.294,34.621,33.65,34.14,994200,33941988.0
2025-02-28,VIRT,34.101,35.427,34.092,35.389,1493700,52860549.3
2025-03-03,VIRT,35.466,36.037,34.963,35.301,1011100,35692841.1
2025-03-04,VIRT,34.682,35.408,33.898,34.759,1274800,44310773.2
2025-03-05,VIRT,34.856,35.563,34.595,35.108,773100,27141994.8
2025-03-06,VIRT,34.672,35.466,33.879,35.398,1329500,47061641.0
2025-03-07,VIRT,34.982,35.708,34.092,35.437,1221100,43272120.7
2025-03-10,VIRT,34.556,34.847,33.448,33.975,1172600,39839085.0
2025-03-11,VIRT,34.004,34.634,33.506,34.382,1069200,36761234.4
2025-03-12,VIRT,34.982,35.505,33.685,34.246,965000,33047390.0
2025-03-13,VIRT,34.314,34.367,32.911,33.095,868800,28752936.0
2025-03-14,VIRT,33.588,34.719,33.491,34.566,678100,23439204.6
2025-03-17,VIRT,34.479,35.345,34.101,34.924,786800,27478203.2
2025-03-18,VIRT,34.866,35.669,34.837,35.137,768900,27016839.3
2025-03-19,VIRT,35.059,36.318,34.837,36.085,554000,19991090.0
2025-03-20,VIRT,35.689,36.773,35.689,36.511,587200,21439259.2
2025-03-21,VIRT,36.066,36.637,36.037,36.376,1425800,51864900.8
2025-03-24,VIRT,37.053,37.75,37.024,37.634,641800,24153501.2
2025-03-25,VIRT,37.75,38.631,37.479,38.544,781600,30125990.4
2025-03-26,VIRT,38.544,39.11,37.116,37.305,791100,29511985.5
2025-03-27,VIRT,37.315,37.75,36.424,36.502,999300,36476448.6
2025-03-28,VIRT,36.376,36.686,35.698,36.55,717800,26235590.0
2025-03-31,VIRT,35.95,37.02,35.684,36.899,767200,28308912.8
2025-04-01,VIRT,36.744,37.566,36.318,37.315,1098900,41005453.5
2025-04-02,VIRT,36.879,38.516,36.879,38.041,827100,31463711.1
2025-04-03,VIRT,36.202,37.034,35.727,36.202,1101600,39880123.2
2025-04-04,VIRT,35.089,35.19,33.554,33.98,1209400,41095412.0
2025-04-07,VIRT,32.823,35.727,32.475,34.024,1351200,45973228.8
2025-04-08,VIRT,33.201,34.237,31.352,31.768,1707000,54227976.0
2025-04-09,VIRT,31.004,35.079,30.975,34.682,2205500,76491151.0
2025-04-10,VIRT,33.879,35.001,33.646,34.401,975900,33571935.9
2025-04-11,VIRT,34.285,35.95,34.062,35.844,989900,35481975.6
2025-04-14,VIRT,36.608,37.266,36.531,37.005,1135900,42033979.5
2025-04-15,VIRT,37.005,37.479,36.637,37.412,1208800,45223625.6
2025-04-16,VIRT,37.179,37.421,36.289,36.589,921200,33705786.8
2025-04-17,VIRT,36.686,37.673,36.686,37.228,1170200,43564205.6
2025-04-21,VIRT,36.995,37.247,35.456,35.969,750400,26991137.6
2025-04-22,VIRT,36.666,37.557,36.536,37.354,879400,32849107.6
2025-04-23,VIRT,38.476,39.812,37.419,37.857,1760900,66662391.3
2025-04-24,VIRT,37.896,38.283,36.705,37.305,1105700,41248138.5
2025-04-25,VIRT,37.266,38.204,37.029,37.131,1793100,66579596.1
2025-04-28,VIRT,37.634,38.031,37.053,37.944,1218800,46246147.2
2025-04-29,VIRT,37.731,37.974,36.85,37.286,1099700,41003414.2
2025-04-30,VIRT,36.753,37.983,36.298,37.896,1347300,51057280.8
2025-05-01,VIRT,37.963,39.346,37.712,38.544,1145700,44159860.8
2025-05-02,VIRT,38.651,39.89,38.651,39.841,935300,37263287.3
2025-05-05,VIRT,39.551,40.954,39.318,40.596,1107900,44976308.4
2025-05-06,VIRT,40.219,40.567,40.035,40.044,550700,22052230.8
2025-05-07,VIRT,40.209,40.769,40.194,40.286,995900,40120827.4
2025-05-08,VIRT,40.848,41.516,40.693,41.119,761800,31324454.2
2025-05-09,VIRT,41.371,42.058,41.07,41.767,911000,38049737.0
2025-05-12,VIRT,43.094,43.152,40.896,41.167,956500,39376235.5
2025-05-13,VIRT,41.196,41.932,40.974,41.003,1034200,42405302.6
2025-05-14,VIRT,40.838,41.012,40.517,40.848,983500,40174008.0
2025-05-15,VIRT,39.764,40.199,37.818,39.667,1876100,74419258.7
2025-05-16,VIRT,39.657,40.161,39.493,40.122,939200,37682582.4
2025-05-19,VIRT,39.686,41.269,39.541,40.79,713100,29087349.0
2025-05-20,VIRT,40.77,41.138,40.616,40.828,817600,33380972.8
2025-05-21,VIRT,40.654,40.954,40.112,40.18,633900,25470102.0
2025-05-22,VIRT,40.151,40.587,39.628,39.667,529800,21015576.6
2025-05-23,VIRT,39.377,39.812,39.099,39.444,724100,28561400.4
2025-05-27,VIRT,39.691,40.277,39.28,39.967,862300,34463544.1
2025-05-28,VIRT,39.996,40.249,39.551,39.667,685400,27187761.8
2025-05-29,VIRT,39.87,39.87,38.96,39.309,675100,26537505.9
2025-05-30,VIRT,39.143,39.221,38.428,39.134,1319200,51625572.8
2025-06-02,VIRT,39.026,39.781,38.53,39.669,909200,36067054.8
2025-06-03,VIRT,39.474,39.796,39.065,39.211,1000500,39230605.5
2025-06-04,VIRT,39.28,40.059,39.134,39.708,1138900,45223441.2
2025-06-05,VIRT,39.776,40.312,39.445,39.805,931700,37086318.5
2025-06-06,VIRT,40.312,40.94,40.136,40.75,764700,31161525.0
2025-06-09,VIRT,40.876,41.032,40.049,40.302,492700,19856795.4
2025-06-10,VIRT,40.136,40.312,38.545,38.851,814500,31644139.5
2025-06-11,VIRT,38.851,39.659,38.569,39.659,775200,30743656.8
2025-06-12,VIRT,39.611,40.068,39.377,40.049,711300,28486853.7
2025-06-13,VIRT,39.552,40.068,39.231,40.039,782100,31314501.9
2025-06-16,VIRT,40.312,41.208,40.312,40.818,882300,36013721.4
2025-06-17,VIRT,40.896,41.052,40.088,40.828,606200,24749933.6
2025-06-18,VIRT,40.779,41.806,40.779,41.558,803500,33391853.0
2025-06-20,VIRT,41.928,41.928,41.208,41.402,952000,39414704.0
2025-06-23,VIRT,41.305,41.646,40.545,41.295,680200,28088859.0
2025-06-24,VIRT,41.451,42.095,41.451,41.811,706800,29552014.8
2025-06-25,VIRT,41.928,42.208,41.763,41.957,493900,20722562.3
2025-06-26,VIRT,42.045,42.795,41.943,42.6,696700,29679420.0
2025-06-27,VIRT,42.59,43.574,42.437,43.252,985800,42637821.6
2025-06-30,VIRT,43.252,43.613,43.014,43.613,665400,29020090.2
2025-07-01,VIRT,43.72,43.778,42.017,42.24,1001300,42294912.0
2025-07-02,VIRT,42.405,43.496,42.376,43.282,711500,30795143.0
2025-07-03,VIRT,43.223,43.525,42.912,43.34,532000,23056880.0
2025-07-07,VIRT,43.389,43.934,43.272,43.661,1227500,53593877.5
2025-07-08,VIRT,43.788,43.788,41.529,41.675,1320700,55040172.5
2025-07-09,VIRT,42.103,42.103,41.412,41.879,808600,33863359.4
2025-07-10,VIRT,42.045,42.912,42.045,42.892,1062200,45559882.4
2025-07-11,VIRT,42.707,43.296,42.678,42.804,548700,23486554.8
2025-07-14,VIRT,43.369,43.992,43.028,43.622,621900,27128521.8
2025-07-15,VIRT,43.973,43.973,42.994,43.009,668800,28764419.2
2025-07-16,VIRT,43.019,43.652,42.688,43.467,618500,26884339.5
2025-07-17,VIRT,43.817,44.304,43.282,43.934,1056600,46420664.4
2025-07-18,VIRT,44.09,44.567,42.96,43.155,846500,36530707.5
2025-07-21,VIRT,43.058,43.267,42.342,42.376,808900,34277946.4
2025-07-22,VIRT,42.259,42.444,40.769,41.509,1159600,48133836.4
2025-07-23,VIRT,41.383,42.357,41.324,42.055,786700,33084668.5
2025-07-24,VIRT,42.366,42.999,42.128,42.619,487500,20776762.5
2025-07-25,VIRT,42.473,43.077,42.057,43.038,925400,39827365.2
2025-07-28,VIRT,43.038,43.263,41.626,42.259,825900,34901708.1
2025-07-29,VIRT,42.444,43.038,42.357,42.882,1217500,52208835.0
2025-07-30,VIRT,42.454,44.061,40.01,43.613,1446100,63068759.3
2025-07-31,VIRT,43.856,44.172,42.912,42.98,969700,41677706.0
2025-08-01,VIRT,42.571,42.994,41.703,42.23,847400,35785702.0
2025-08-04,VIRT,42.736,42.907,42.133,42.269,975400,41229182.6
2025-08-05,VIRT,42.055,42.425,41.548,41.763,808600,33769561.8
2025-08-06,VIRT,41.831,41.889,41.12,41.334,764000,31579176.0
2025-08-07,VIRT,41.509,41.553,41.081,41.334,860000,35547240.0
2025-08-08,VIRT,41.324,41.967,41.169,41.324,794500,32831918.0
2025-08-11,VIRT,41.31,41.431,40.808,40.935,773700,31671409.5
2025-08-12,VIRT,41.354,41.514,40.604,41.003,959400,39338278.2
2025-08-13,VIRT,41.315,41.315,40.039,40.73,864800,35223304.0
2025-08-14,VIRT,40.789,41.052,40.312,40.73,720200,29333746.0
2025-08-15,VIRT,40.662,40.857,40.098,40.682,828300,33696900.6
2025-08-18,VIRT,40.575,40.76,40.059,40.37,808900,32655293.0
2025-08-19,VIRT,40.253,40.36,39.64,40.098,1083700,43454202.6
2025-08-20,VIRT,40.195,40.672,39.883,40.321,865800,34909921.8
2025-08-21,VIRT,40.224,40.653,40.136,40.487,550600,22292142.2
2025-08-22,VIRT,40.458,41.164,40.37,40.945,740500,30319772.5
2025-08-25,VIRT,41.354,41.86,40.915,41.276,784300,32372766.8
2025-08-26,VIRT,41.305,42.172,41.271,42.025,944100,39675802.5
2025-08-27,VIRT,41.87,42.473,41.597,41.607,900000,37446300.0
2025-08-28,VIRT,41.675,41.81,41.003,41.276,931800,38460976.8
2025-08-29,VIRT,41.315,41.379,40.022,41.05,994500,40824225.0
2025-09-02,VIRT,40.62,40.629,39.963,40.492,775200,31389398.4
2025-09-03,VIRT,40.483,40.913,40.218,40.6,530300,21530180.0
2025-09-04,VIRT,40.864,41.413,38.813,39.591,1807400,71556773.4
2025-09-05,VIRT,39.493,39.567,37.721,38.083,1806600,68800747.8
2025-09-08,VIRT,38.064,38.093,37.535,37.692,1215100,45799549.2
2025-09-09,VIRT,37.652,37.995,37.182,37.261,1504700,56066626.7
2025-09-10,VIRT,37.231,38.044,37.065,37.809,2029300,76725803.7
2025-09-11,VIRT,37.398,37.535,35.949,36.311,1989900,72255258.9
2025-09-12,VIRT,36.281,36.33,35.518,35.87,952200,34155414.0
2025-09-15,VIRT,36.037,36.174,35.322,35.478,937500,33260625.0
2025-09-16,VIRT,35.586,35.586,34.509,34.666,1308200,45350061.2
2025-09-17,VIRT,34.705,34.959,34.088,34.44,1234100,42502404.0
2025-09-18,VIRT,34.431,34.764,34.303,34.48,855500,29497640.0
2025-09-19,VIRT,34.392,34.754,34.049,34.734,1666400,57880737.6
2025-09-22,VIRT,34.489,34.695,34.019,34.147,758800,25910743.6
2025-09-23,VIRT,34.166,34.644,34.112,34.294,877000,30075838.0
2025-09-24,VIRT,34.47,34.862,34.313,34.509,1288200,44454493.8
2025-09-25,VIRT,34.47,34.764,34.166,34.333,750600,25770349.8
2025-09-26,VIRT,34.44,34.597,34.279,34.48,557600,19226048.0
2025-09-29,VIRT,34.548,35.141,34.294,35.126,809600,28438009.6
2025-09-30,VIRT,35.048,35.243,34.313,34.764,941500,32730306.0
2025-10-01,VIRT,34.274,34.362,33.236,33.412,1140600,38109727.2
2025-10-02,VIRT,33.52,33.76,33.236,33.54,1220700,40942278.0
2025-10-03,VIRT,33.089,33.417,32.673,32.942,1888900,62224143.8
2025-10-06,VIRT,32.952,33.177,31.625,31.728,1058200,33574569.6
2025-10-07,VIRT,31.865,32.056,31.229,31.708,1225400,38854983.2
2025-10-08,VIRT,32.11,32.286,31.566,32.159,885100,28463930.9
2025-10-09,VIRT,32.482,32.658,32.149,32.531,762000,24788622.0
2025-10-10,VIRT,32.737,32.737,32.09,32.521,863000,28065623.0
2025-10-13,VIRT,32.786,33.099,32.276,32.306,767200,24785163.2
2025-10-14,VIRT,32.218,32.952,32.09,32.815,675700,22173095.5
2025-10-15,VIRT,33.06,33.451,32.815,32.903,972800,32008038.4
2025-10-16,VIRT,33.109,33.118,32.296,32.413,1030300,33395113.9
2025-10-17,VIRT,32.462,32.688,32.085,32.541,755200,24574963.2
2025-10-20,VIRT,32.717,33.011,32.071,32.315,759700,24549705.5
2025-10-21,VIRT,32.462,32.864,32.34,32.619,693900,22634324.1
2025-10-22,VIRT,32.629,32.795,32.247,32.717,1014300,33184853.1
2025-10-23,VIRT,32.864,32.864,32.325,32.766,699600,22923093.6
2025-10-24,VIRT,32.864,33.319,32.609,32.854,880300,28921376.2
2025-10-27,VIRT,33.216,33.373,32.903,33.158,680100,22550755.8
2025-10-28,VIRT,34.068,34.431,33.745,33.853,1768400,59865645.2
2025-10-29,VIRT,33.07,33.823,31.968,33.677,1274900,42934807.3
2025-10-30,VIRT,33.951,34.773,33.613,33.902,1225900,41560461.8
2025-10-31,VIRT,34.166,34.773,33.402,34.117,1302000,44420334.0
2025-11-03,VIRT,33.853,34.352,33.123,34.215,2324500,79532767.5
2025-11-04,VIRT,34.088,34.695,33.853,34.019,1322600,44993529.4
2025-11-05,VIRT,33.98,34.152,33.569,33.657,944600,31792402.2
2025-11-06,VIRT,33.98,34.45,33.569,34.343,933600,32062624.8
2025-11-07,VIRT,34.274,34.92,33.961,34.901,735300,25662705.3
2025-11-10,VIRT,34.901,35.415,34.676,35.204,951000,33479004.0
2025-11-11,VIRT,35.214,35.459,34.818,34.891,640000,22330240.0
2025-11-12,VIRT,34.842,35.518,34.842,35.263,694300,24483100.9
2025-11-13,VIRT,35.146,35.297,34.746,34.852,747000,26034444.0
2025-11-14,VIRT,34.538,34.783,34.333,34.45,448500,15450825.0
2025-11-17,VIRT,34.529,34.685,33.608,33.647,1109500,37331346.5
2025-11-18,VIRT,33.53,33.892,33.324,33.804,609000,20586636.0
2025-11-19,VIRT,33.824,34.166,32.805,33.138,773200,25622301.6
2025-11-20,VIRT,33.461,33.853,32.937,33.011,715200,23609467.2
2025-11-21,VIRT,33.285,33.559,32.883,33.275,566500,18850287.5
2025-11-24,VIRT,33.197,33.412,32.903,33.216,763200,25350451.2
2025-11-25,VIRT,33.187,34.186,33.167,33.98,976600,33184868.0
2025-11-26,VIRT,34.029,35.106,34.029,34.607,928100,32118756.7
2025-11-28,VIRT,34.744,35.141,34.744,35.018,331000,11590958.0
2025-12-01,VIRT,35.186,35.186,34.082,34.525,985200,34014030.0
2025-12-02,VIRT,34.249,34.831,33.825,33.835,752400,25457454.0
2025-12-03,VIRT,34.052,34.673,33.677,34.397,1007200,34644658.4
2025-12-04,VIRT,34.515,35.018,34.368,34.949,551500,19274373.5
2025-12-05,VIRT,35.028,35.028,34.713,34.88,635500,22166240.0
2025-12-08,VIRT,34.772,35.176,34.318,34.732,540300,18765699.6
2025-12-09,VIRT,34.9,35.403,34.732,35.058,722700,25336416.6
2025-12-10,VIRT,35.432,35.738,35.127,35.265,1135600,40046934.0
2025-12-11,VIRT,35.107,35.339,33.658,33.746,920500,31063193.0
2025-12-12,VIRT,33.756,34.003,33.111,33.234,1260600,41894780.4
2025-12-15,VIRT,33.234,33.323,32.406,32.908,1378000,45347224.0
2025-12-16,VIRT,32.928,33.717,32.879,33.372,1566300,52270563.6
2025-12-17,VIRT,33.401,34.027,33.106,33.204,1005400,33383301.6
2025-12-18,VIRT,33.382,33.608,32.83,33.086,782300,25883177.8
2025-12-19,VIRT,33.056,33.564,32.889,33.362,1331600,44424839.2
2025-12-22,VIRT,33.451,33.451,32.692,32.761,841300,27561829.3
2025-12-23,VIRT,32.79,33.046,32.613,32.908,900600,29636944.8
2025-12-24,VIRT,33.007,33.411,32.77,33.303,381200,12695103.6
2025-12-26,VIRT,33.234,33.687,33.145,33.638,608500,20468723.0
2025-12-29,VIRT,33.579,33.983,33.48,33.815,835500,28252432.5
2025-12-30,VIRT,33.796,33.973,33.323,33.49,582100,19494529.0
2025-12-31,VIRT,33.865,33.865,32.83,32.849,728500,23930496.5
2026-01-02,VIRT,33.027,33.194,32.061,32.139,1495800,48073516.2
2026-01-05,VIRT,32.199,33.599,32.199,33.244,1216700,40447974.8
2026-01-06,VIRT,33.175,33.175,31.104,32.701,2338300,76464748.3
2026-01-07,VIRT,32.583,32.795,31.893,32.445,893200,28979874.0
2026-01-08,VIRT,32.514,32.632,32.061,32.07,738000,23667660.0
2026-01-09,VIRT,32.248,32.77,32.031,32.672,794800,25967705.6
2026-01-12,VIRT,32.839,33.796,32.8,33.441,1017200,34016185.2
2026-01-13,VIRT,33.451,33.589,32.766,33.569,929600,31205742.4
2026-01-14,VIRT,33.963,34.875,33.559,34.683,1440700,49967798.1
2026-01-15,VIRT,34.624,35.472,34.624,35.373,1629300,57633228.9
2026-01-16,VIRT,35.689,36.675,35.472,36.369,1333800,48508972.2
2026-01-20,VIRT,35.955,36.398,35.711,36.113,967800,34950161.4
2026-01-21,VIRT,36.142,36.546,36.004,36.389,705900,25686995.1
2026-01-22,VIRT,36.882,37.138,36.339,36.586,808300,29572463.8
2026-01-23,VIRT,36.527,37.246,36.211,36.635,968700,35488324.5
2026-01-26,VIRT,36.684,37.069,36.428,36.98,908600,33600028.0
2026-01-27,VIRT,36.842,37.286,36.517,37.108,1061600,39393852.8
2026-01-28,VIRT,37.118,37.463,36.231,36.96,1791700,66221232.0
2026-01-29,VIRT,39.356,40.391,37.956,40.086,2136900,85659773.4
2026-01-30,VIRT,40.421,41.486,39.997,40.924,2193500,89766794.0
2026-02-02,VIRT,40.401,40.697,38.661,38.981,1865100,72703463.1
2026-02-03,VIRT,39.1,39.336,37.108,37.759,1980600,74785475.4
2026-02-04,VIRT,37.927,37.927,36.615,37.286,1540000,57420440.0
2026-02-05,VIRT,36.97,38.045,36.931,37.67,1615100,60840817.0
2026-02-06,VIRT,37.68,38.351,37.296,37.986,1056300,40124611.8
2026-02-09,VIRT,37.907,38.991,37.611,38.705,1134800,43922434.0
2026-02-10,VIRT,38.765,39.046,38.311,38.824,1157300,44931015.2
2026-02-11,VIRT,39.05,39.05,37.089,37.394,1053600,39398318.4
2026-02-12,VIRT,37.443,37.798,36.477,37.059,1345600,49866590.4
2026-02-13,VIRT,37.079,38.158,36.916,37.798,894800,33821650.4
2026-02-17,VIRT,38.498,38.76,38.143,38.528,1027900,39602931.2
2026-02-18,VIRT,38.666,39.425,38.666,38.804,1100200,42692160.8
2026-02-19,VIRT,38.459,38.942,37.936,38.814,1081400,41973459.6
2026-02-20,VIRT,38.548,39.79,38.548,39.258,1138200,44683455.6
2026-02-23,VIRT,39.09,39.524,38.696,39.415,1141800,45004047.0
2026-02-24,VIRT,39.415,40.322,39.184,40.273,995300,40083716.9
2026-02-25,VIRT,40.46,40.569,39.76,40.174,917200,36847592.8
2026-02-26,VIRT,40.381,41.17,40.125,41.15,731500,30101225.0
2026-02-27,VIRT,41.359,41.874,40.724,41.061,1552500,63747202.5
2026-03-02,VIRT,40.992,42.638,40.883,42.37,1169300,49543241.0
2026-03-03,VIRT,41.973,42.008,40.647,41.289,1215000,50166135.0
2026-03-04,VIRT,41.388,41.468,40.516,40.714,860000,35014040.0
2026-03-05,VIRT,40.506,41.16,40.218,40.546,784200,31796173.2
2026-03-06,VIRT,40.288,41.091,39.871,40.665,858800,34923102.0
2026-03-09,VIRT,40.407,41.904,39.861,41.587,1223500,50881694.5
2026-03-10,VIRT,41.656,41.656,40.516,40.704,835600,34012262.4
2026-03-11,VIRT,40.843,41.785,39.871,40.079,1076300,43137027.7
2026-03-12,VIRT,39.713,39.911,39.266,39.336,1045000,41106120.0
2026-03-13,VIRT,39.613,39.698,38.741,38.761,953100,36943109.1
2026-03-16,VIRT,40.436,40.436,38.374,38.533,1441400,55541466.2
2026-03-17,VIRT,38.89,40.189,38.751,39.514,1437800,56813229.2
2026-03-18,VIRT,39.286,40.327,39.023,39.544,919800,36372571.2
2026-03-19,VIRT,39.128,39.604,38.8,39.247,652700,25616516.9
2026-03-20,VIRT,40.04,41.488,39.564,41.279,2628900,108518363.1
2026-03-23,VIRT,41.478,42.558,40.922,42.519,1430500,60823429.5
2026-03-24,VIRT,42.291,43.372,42.291,42.965,1493300,64159634.5
2026-03-25,VIRT,43.223,43.857,42.866,43.372,998600,43311279.2
2026-03-26,VIRT,43.292,43.629,42.975,43.074,626800,26998783.2
2026-03-27,VIRT,42.965,42.965,42.102,42.162,609200,25685090.4
2026-03-30,VIRT,42.192,43.034,41.92,42.479,612100,26001395.9
2026-03-31,VIRT,43.034,43.808,42.896,43.609,829500,36173665.5
2026-04-01,VIRT,43.907,44.373,43.629,44.016,825900,36352814.4
2026-04-02,VIRT,43.55,45.91,43.55,45.831,1310000,60038610.0
2026-04-06,VIRT,46.237,47.11,45.806,47.09,1596700,75188603.0
2026-04-07,VIRT,47.011,47.893,46.768,47.258,1120100,52933685.8
2026-04-08,VIRT,46.475,48.686,45.747,48.528,3056000,148301568.0
2026-04-09,VIRT,48.528,49.311,48.072,49.242,2092800,103053657.6
2026-04-10,VIRT,49.023,49.023,47.804,48.191,1189000,57299099.0
2026-04-13,VIRT,48.191,50.501,48.106,50.461,2000700,100957322.7
2026-04-14,VIRT,50.511,51.77,50.124,50.848,1433800,72905862.4
2026-04-15,VIRT,51.344,51.403,50.134,50.164,1012600,50796066.4
2026-04-16,VIRT,49.728,50.134,48.895,50.114,1292000,64747288.0
2026-04-17,VIRT,50.045,50.303,49.48,50.223,814700,40916678.1
2026-04-20,VIRT,50.213,50.625,49.916,50.134,991500,49707861.0
2026-04-21,VIRT,50.075,50.322,47.219,47.387,1582200,74975711.4
2026-04-22,VIRT,47.387,47.873,46.773,47.844,1167100,55838732.4
2026-04-23,VIRT,47.725,47.953,46.892,47.794,1065500,50924507.0
2026-04-24,VIRT,47.675,48.27,47.159,48.121,826100,39752758.1
2026-04-27,VIRT,48.002,48.786,46.466,47.239,1736300,82021075.7
2026-04-28,VIRT,47.645,48.538,47.1,48.498,1172700,56873604.6
2026-04-29,VIRT,50.957,51.711,48.508,50.392,2151200,108403270.4
2026-04-30,VIRT,50.094,50.878,49.133,49.242,1431300,70480074.6
2026-05-01,VIRT,49.261,49.559,47.645,47.715,1708900,81540163.5
2026-05-04,VIRT,47.734,49.271,47.521,49.133,1691900,83128122.7
2026-05-05,VIRT,49.311,50.377,48.389,50.184,1458900,73213437.6
2026-05-06,VIRT,50.293,50.57,49.152,49.767,1427400,71037415.8
2026-05-07,VIRT,49.331,49.569,48.213,49.123,963700,47339835.1
2026-05-08,VIRT,49.341,50.957,48.805,50.878,1655300,84218353.4
2026-05-11,VIRT,50.689,51.711,50.194,51.106,1479100,75590884.6
2026-05-12,VIRT,51.026,51.621,50.124,51.413,998600,51341021.8
2026-05-13,VIRT,51.661,53.297,50.674,53.139,1285600,68315498.4
2026-05-14,VIRT,53.426,54.626,53.039,54.527,1260100,68709472.7
2026-05-15,VIRT,54.765,54.864,53.793,54.031,1007700,54447038.7
2026-05-18,VIRT,54.547,56.004,54.405,54.616,1806600,98669265.6
2026-05-19,VIRT,54.705,55.28,53.689,53.704,2148800,115399155.2
2026-05-20,VIRT,53.704,54.041,52.896,53.317,827800,44135812.6
2026-05-21,VIRT,53.277,53.486,51.82,52.306,1079400,56459096.4
2026-05-22,VIRT,52.365,52.97,51.959,52.028,685900,35686005.2
2026-05-26,VIRT,52.058,52.742,50.937,51.463,697400,35890296.2
2026-05-27,VIRT,51.165,51.468,48.929,49.48,1394000,68975120.0
2026-05-28,VIRT,48.885,49.539,48.21,48.389,1486000,71906054.0
2026-05-29,VIRT,48.587,50.541,48.389,49.728,1674300,83259590.4
2026-06-01,VIRT,49.498,51.815,49.498,51.362,1803700,92641639.4
2026-06-02,VIRT,51.81,51.81,48.822,49.329,1367500,67457407.5
2026-06-03,VIRT,49.678,50.654,48.96,50.594,1178400,59619969.6
2026-06-04,VIRT,50.913,51.83,50.485,51.282,1125100,57697378.2
2026-06-05,VIRT,51.242,52.089,50.714,51.989,1076200,55950561.8
2026-06-08,VIRT,52.786,53.832,52.418,52.826,978800,51706088.8
2026-06-09,VIRT,53.085,54.739,52.886,54.361,1106100,60128702.1
2026-06-10,VIRT,53.553,55.755,53.267,55.347,1741500,96386800.5
2026-06-11,VIRT,54.869,56.084,54.849,55.237,1039900,57440956.3
2026-06-12,VIRT,55.745,57.559,55.745,57.409,1122300,64430120.7
2026-06-15,VIRT,56.562,58.157,56.543,57.489,1232700,70866690.3
2026-06-16,VIRT,58.137,58.704,57.688,58.485,1165600,68170116.0
2026-06-17,VIRT,58.784,60.478,58.082,60.448,1095800,66238918.4
2026-06-18,VIRT,60.568,63.168,60.329,62.839,2968400,186531287.6
2026-06-22,VIRT,63.557,64.643,60.558,61.883,2109000,130511247.0
2026-06-23,VIRT,60.956,63.537,60.339,63.178,1458900,92170384.2
2026-06-24,VIRT,62.78,63.547,61.205,62.122,1328200,82510440.4
2026-06-25,VIRT,62.64,62.849,60.219,60.827,1100300,66927948.1
2026-06-26,VIRT,61.156,61.185,58.715,60.488,1901000,114987688.0
2026-06-29,VIRT,60.707,61.614,56.602,57.937,1192900,69113047.3
2026-06-30,VIRT,59.003,61.895,58.276,59.352,1523800,90440577.6
2026-07-01,VIRT,62.829,62.829,60.837,61.504,927000,57014208.0
2026-07-02,VIRT,62.122,62.74,60.637,61.544,1069500,65821308.0
2026-07-06,VIRT,61.544,63.671,61.459,62.74,893300,56045642.0
2026-07-07,VIRT,62.869,63.333,61.385,62.999,1093300,68876806.7
2026-07-08,VIRT,63.248,64.434,62.665,64.035,987300,63221755.5
2026-07-09,VIRT,65.191,67.213,64.727,66.576,1360500,90576648.0
2026-07-10,VIRT,67.692,67.771,65.065,65.559,1049500,68804170.5
2026-07-13,VIRT,66.895,66.895,63.766,64.434,1104400,71160909.6
2026-07-14,VIRT,61.853,62.77,58.426,59.352,2213700,131387522.4
2026-07-15,VIRT,60.149,61.255,59.681,60.368,1627800,98267030.4
2026-07-16,VIRT,59.781,59.781,56.931,58.077,1657700,96274242.9
2026-07-17,VIRT,57.35,57.424,55.267,55.506,1401200,77775007.2
2026-07-20,VIRT,55.945,57.17,55.397,56.453,912600,51519007.8
2026-07-21,VIRT,56.533,58.037,56.453,57.389,957700,54961445.3
2026-07-22,VIRT,57.27,59.681,56.969,59.342,1153000,68421326.0
2026-07-23,VIRT,58.974,60.159,58.565,59.452,1082300,64344899.6
2026-07-24,VIRT,59.233,59.87,58.754,59.522,695000,41367790.0
2026-07-27,VIRT,60.169,60.747,58.525,58.635,923400,54143559.0
2026-07-28,VIRT,58.994,59.033,57.718,58.455,1015800,59378589.0
2026-07-29,VIRT,58.306,58.764,57.648,57.718,836800,48298422.4
2026-07-30,VIRT,55.437,59.701,53.314,58.944,1281400,75530841.6
2026-07-31,VIRT,58.966,59.537,57.569,58.515,982900,57514393.5
2026-08-03,VIRT,57.868,58.784,55.868,58.655,1337000,78421735.0
2026-08-04,VIRT,58.944,59.701,56.612,56.792,1324500,75221004.0
2026-08-05,VIRT,57.35,59.272,57.162,58.256,897300,52273108.8
2026-08-06,VIRT,58.097,58.356,54.879,55.377,1514600,83874004.2
2026-08-07,VIRT,55.247,55.985,55.247,55.646,594400,33075982.4
2026-08-10,VIRT,55.596,56.493,54.978,55.466,1078000,59792348.0
2026-08-11,VIRT,55.566,56.129,54.46,54.879,765000,41982435.0
2026-08-12,VIRT,55.287,56.921,55.287,56.881,818200,46540034.2
2026-08-13,VIRT,56.971,57.768,56.752,56.991,1034300,58945791.3
2026-08-14,VIRT,57.21,60.099,56.423,59.801,1484100,88750664.1
2026-08-17,VIRT,59.352,62.112,59.233,59.282,1314600,77932117.2
2026-08-18,VIRT,58.964,62.6,58.196,60.827,2355600,143284081.2
2026-08-19,VIRT,60.408,61.564,59.352,59.761,2795200,167043947.2
2026-08-20,VIRT,60.667,63.756,56.543,60.966,5152700,314139508.2
2026-08-21,VIRT,60.438,68.429,60.359,67.682,3022000,204535004.0
2026-08-24,VIRT,66.556,67.343,64.673,66.048,1414500,93424896.0
2026-08-25,VIRT,65.739,66.436,63.567,64.962,1119700,72737951.4
2026-08-26,VIRT,64.683,65.946,64.513,65.5,968900,63462950.0
2026-08-27,VIRT,65.181,66.815,65.161,66.795,997900,66654730.5
2026-08-28,VIRT,67.243,68.509,65.659,66.147,963000,63699561.0
2026-08-31,VIRT,66.257,67.423,65.341,65.4,1070600,70017240.0
2026-09-01,VIRT,65.38,66.47,63.64,65.32,758300,49532156.0
2026-09-02,VIRT,65.64,66.08,62.06,62.69,1155200,72419488.0
2026-09-03,VIRT,63.37,65.035,63.3,64.19,1579200,101368848.0
2026-09-04,VIRT,64.0,64.87,63.5,64.43,947300,61034539.0
