date,symbol,open,high,low,close,volume,quote_volume
2010-09-09,VOO,77.004,77.004,75.982,76.117,26500,2017100.5
2010-09-10,VOO,76.388,76.523,76.102,76.463,8600,657581.8
2010-09-13,VOO,77.349,77.485,77.004,77.425,33750,2613093.75
2010-09-14,VOO,77.259,77.74,76.914,77.41,59400,4598154.0
2010-09-15,VOO,77.094,77.665,76.929,77.605,9250,717846.25
2010-09-16,VOO,77.395,77.62,77.154,77.575,59550,4619591.25
2010-09-17,VOO,78.041,78.041,77.395,77.65,49350,3832027.5
2010-09-20,VOO,77.935,78.912,77.725,78.912,19000,1499328.0
2010-09-21,VOO,78.897,79.213,78.341,78.672,19250,1514436.0
2010-09-22,VOO,78.551,78.912,78.101,78.251,18100,1416343.1
2010-09-23,VOO,77.62,78.386,77.47,77.605,33350,2588126.75
2010-09-24,VOO,78.51,79.235,78.449,79.19,24100,1908479.0
2010-09-27,VOO,79.295,79.295,78.812,78.812,15000,1182180.0
2010-09-28,VOO,78.797,79.326,78.117,79.326,49850,3954401.1
2010-09-29,VOO,78.993,79.25,78.721,78.948,15900,1255273.2
2010-09-30,VOO,79.462,79.824,78.525,78.827,44750,3527508.25
2010-10-01,VOO,79.371,79.431,78.676,79.099,17100,1352592.9
2010-10-04,VOO,79.507,79.507,78.177,78.434,88700,6957095.8
2010-10-05,VOO,79.326,80.217,79.174,80.156,19850,1591096.6
2010-10-06,VOO,80.156,80.277,79.779,80.02,276900,22157538.0
2010-10-07,VOO,80.443,80.443,79.552,79.975,49900,3990752.5
2010-10-08,VOO,80.081,80.625,79.809,80.579,61550,4959637.45
2010-10-11,VOO,80.61,80.7,80.277,80.443,14200,1142290.6
2010-10-12,VOO,80.353,81.002,79.869,80.912,42050,3402349.6
2010-10-13,VOO,81.259,81.788,81.002,81.395,74450,6059857.75
2010-10-14,VOO,81.35,81.44,80.67,81.093,19100,1548876.3
2010-10-15,VOO,81.607,81.637,80.61,81.244,54950,4464357.8
2010-10-18,VOO,81.289,81.909,81.153,81.833,22850,1869884.05
2010-10-19,VOO,80.927,81.335,80.081,80.534,38550,3104585.7
2010-10-20,VOO,80.776,81.697,80.776,81.395,22800,1855806.0
2010-10-21,VOO,81.773,82.151,81.048,81.516,29400,2396570.4
2010-10-22,VOO,81.697,81.728,81.531,81.712,24850,2030543.2
2010-10-25,VOO,82.347,82.543,81.924,81.954,29600,2425838.4
2010-10-26,VOO,81.516,81.999,81.486,81.939,15000,1229085.0
2010-10-27,VOO,81.38,81.743,80.987,81.682,17150,1400846.3
2010-10-28,VOO,82.151,82.196,81.395,81.743,19250,1573552.75
2010-10-29,VOO,81.652,81.894,81.576,81.803,13400,1096160.2
2010-11-01,VOO,82.271,82.649,81.395,81.848,51550,4219264.4
2010-11-02,VOO,82.498,82.649,82.226,82.483,26100,2152806.3
2010-11-03,VOO,82.649,82.83,81.818,82.83,31850,2638135.5
2010-11-04,VOO,83.767,84.447,83.646,84.386,49000,4134914.0
2010-11-05,VOO,84.522,84.824,84.356,84.719,48300,4091927.7
2010-11-08,VOO,84.507,84.658,84.22,84.613,43400,3672204.2
2010-11-09,VOO,84.734,84.824,83.691,83.948,35700,2996943.6
2010-11-10,VOO,83.963,84.296,83.329,84.265,28200,2376273.0
2010-11-11,VOO,83.601,84.054,83.404,83.994,24000,2015856.0
2010-11-12,VOO,83.389,83.737,82.619,82.951,39450,3272416.95
2010-11-15,VOO,83.314,83.48,82.815,82.876,202750,16803109.0
2010-11-16,VOO,82.347,82.347,81.184,81.546,32850,2678786.1
2010-11-17,VOO,81.622,81.924,81.41,81.607,42450,3464217.15
2010-11-18,VOO,82.392,83.027,82.392,82.815,26100,2161471.5
2010-11-19,VOO,82.709,83.042,82.362,83.012,20250,1680993.0
2010-11-22,VOO,82.649,82.936,82.015,82.936,25350,2102427.6
2010-11-23,VOO,81.999,82.06,81.516,81.773,142400,11644475.2
2010-11-24,VOO,82.286,82.921,82.286,82.83,30100,2493183.0
2010-11-26,VOO,82.302,82.634,82.196,82.362,32650,2689119.3
2010-11-29,VOO,81.848,82.453,81.32,82.286,46000,3785156.0
2010-11-30,VOO,81.546,82.226,81.441,81.712,91950,7513418.4
2010-12-01,VOO,83.027,83.646,82.996,83.555,33350,2786559.25
2010-12-02,VOO,83.646,84.673,83.646,84.643,60650,5133597.95
2010-12-03,VOO,84.341,84.945,84.326,84.855,184100,15621805.5
2010-12-06,VOO,84.719,84.915,84.598,84.749,64150,5436648.35
2010-12-07,VOO,85.61,85.64,84.749,84.779,109000,9240911.0
2010-12-08,VOO,84.9,85.157,84.568,85.127,69050,5878019.35
2010-12-09,VOO,85.61,85.61,85.096,85.444,54850,4686603.4
2010-12-10,VOO,85.716,86.018,85.519,85.957,73950,6356520.15
2010-12-13,VOO,86.35,86.441,85.973,86.003,77050,6626531.15
2010-12-14,VOO,86.199,86.38,85.852,86.048,59650,5132763.2
2010-12-15,VOO,85.912,86.26,85.534,85.67,43600,3735212.0
2010-12-16,VOO,85.776,86.229,85.444,86.169,60600,5221841.4
2010-12-17,VOO,86.109,86.365,85.973,86.29,59150,5104053.5
2010-12-20,VOO,86.547,86.667,86.078,86.471,72600,6277794.6
2010-12-21,VOO,86.758,87.09,86.698,87.0,76200,6629400.0
2010-12-22,VOO,87.121,87.317,87.045,87.317,108250,9452065.25
2010-12-23,VOO,87.196,87.257,86.985,87.181,57400,5004189.4
2010-12-27,VOO,86.852,87.277,86.806,87.246,71800,6264262.8
2010-12-28,VOO,87.428,87.428,87.11,87.337,56650,4947641.05
2010-12-29,VOO,87.504,87.595,87.413,87.413,53600,4685336.8
2010-12-30,VOO,87.353,87.459,87.17,87.277,78900,6886155.3
2010-12-31,VOO,87.155,87.368,87.019,87.368,145750,12733886.0
2011-01-03,VOO,87.975,88.521,87.944,88.187,119200,10511890.4
2011-01-04,VOO,88.445,88.445,87.641,88.111,108350,9546826.85
2011-01-05,VOO,87.914,88.627,87.808,88.582,717750,63579730.5
2011-01-06,VOO,88.658,88.718,88.187,88.43,72450,6406753.5
2011-01-07,VOO,88.551,88.673,87.626,88.248,82250,7258398.0
2011-01-10,VOO,87.929,88.233,87.626,88.172,124500,10977414.0
2011-01-11,VOO,88.521,88.658,88.111,88.46,131700,11650182.0
2011-01-12,VOO,89.022,89.325,88.855,89.25,107350,9580987.5
2011-01-13,VOO,89.295,89.341,88.9,89.128,96050,8560744.4
2011-01-14,VOO,89.007,89.796,88.976,89.765,193400,17360551.0
2011-01-18,VOO,89.735,89.978,89.568,89.917,194900,17524823.3
2011-01-19,VOO,89.872,89.917,88.794,89.022,111950,9966012.9
2011-01-20,VOO,88.84,89.067,88.263,88.916,103450,9198360.2
2011-01-21,VOO,89.462,89.644,89.022,89.113,117950,10510878.35
2011-01-24,VOO,89.083,89.69,89.067,89.659,455900,40875538.1
2011-01-25,VOO,89.386,89.69,88.931,89.629,226550,20305449.95
2011-01-26,VOO,89.872,90.251,89.72,90.099,109250,9843315.75
2011-01-27,VOO,90.054,90.373,89.902,90.221,297250,26818192.25
2011-01-28,VOO,90.357,90.464,88.536,88.627,891400,79002107.8
2011-01-31,VOO,88.946,89.386,88.734,89.31,140550,12552520.5
2011-02-01,VOO,89.902,90.889,89.826,90.706,147400,13370064.4
2011-02-02,VOO,90.479,90.797,90.479,90.555,91000,8240505.0
2011-02-03,VOO,90.448,90.904,89.917,90.782,72250,6558999.5
2011-02-04,VOO,90.828,91.071,90.403,91.025,97050,8833976.25
2011-02-07,VOO,91.283,91.905,91.253,91.602,118050,10813616.1
2011-02-08,VOO,91.723,92.042,91.511,92.027,153500,14126144.5
2011-02-09,VOO,91.799,92.027,91.405,91.799,139650,12819730.35
2011-02-10,VOO,91.359,91.936,91.177,91.829,125200,11496990.8
2011-02-11,VOO,91.511,92.512,91.48,92.406,149200,13786975.2
2011-02-14,VOO,92.361,92.679,92.254,92.634,92200,8540854.8
2011-02-15,VOO,92.361,92.467,92.103,92.3,82150,7582445.0
2011-02-16,VOO,92.649,93.028,92.558,92.892,94300,8759715.6
2011-02-17,VOO,92.619,93.302,92.543,93.241,158250,14755388.25
2011-02-18,VOO,93.302,93.499,93.089,93.393,120800,11281874.4
2011-02-22,VOO,92.33,92.861,91.238,91.48,288400,26382832.0
2011-02-23,VOO,91.435,91.632,90.373,90.964,276000,25106064.0
2011-02-24,VOO,90.798,91.177,90.039,90.873,241300,21927654.9
2011-02-25,VOO,91.313,91.905,91.207,91.86,106350,9769311.0
2011-02-28,VOO,92.224,92.528,91.936,92.406,208350,19252790.1
2011-03-01,VOO,92.786,92.801,90.828,90.828,235350,21376369.8
2011-03-02,VOO,90.767,91.48,90.676,91.086,176350,16063016.1
2011-03-03,VOO,91.875,92.755,91.875,92.649,136450,12641956.05
2011-03-04,VOO,92.619,92.619,91.359,91.966,168250,15473279.5
2011-03-07,VOO,92.27,92.376,90.752,91.162,155200,14148342.4
2011-03-08,VOO,91.374,92.285,91.025,92.012,106350,9785476.2
2011-03-09,VOO,91.86,92.103,91.435,91.905,116450,10702337.25
2011-03-10,VOO,90.964,90.964,90.115,90.221,267850,24165694.85
2011-03-11,VOO,89.841,91.162,89.841,90.828,134350,12202741.8
2011-03-14,VOO,90.266,90.494,89.583,90.297,146100,13192391.7
2011-03-15,VOO,87.884,89.72,87.732,89.295,346800,30967506.0
2011-03-16,VOO,88.976,89.204,86.988,87.595,339900,29773540.5
2011-03-17,VOO,88.885,89.083,88.202,88.688,176200,15626825.6
2011-03-18,VOO,89.841,89.841,88.885,89.067,127700,11373855.9
2011-03-21,VOO,90.175,90.585,90.054,90.418,136100,12305889.8
2011-03-22,VOO,90.433,90.524,90.069,90.099,137800,12415642.2
2011-03-23,VOO,89.932,90.615,89.492,90.388,204150,18452710.2
2011-03-24,VOO,90.919,91.344,90.448,91.238,110800,10109170.4
2011-03-25,VOO,91.478,91.905,91.295,91.509,134300,12289658.7
2011-03-28,VOO,91.753,91.951,91.28,91.311,166150,15171322.65
2011-03-29,VOO,91.235,91.936,90.93,91.905,110950,10196859.75
2011-03-30,VOO,92.408,92.789,92.317,92.53,105550,9766541.5
2011-03-31,VOO,92.454,92.652,92.302,92.408,127500,11782020.0
2011-04-01,VOO,93.079,93.247,92.607,92.835,70400,6535584.0
2011-04-04,VOO,93.064,93.186,92.622,92.881,78800,7319022.8
2011-04-05,VOO,92.652,93.231,92.652,92.881,204950,19035960.95
2011-04-06,VOO,93.353,93.369,92.82,93.155,142900,13311849.5
2011-04-07,VOO,93.033,93.369,92.5,92.988,107150,9963664.2
2011-04-08,VOO,93.369,93.384,92.241,92.637,86850,8045523.45
2011-04-11,VOO,92.744,93.003,92.164,92.317,139650,12892069.05
2011-04-12,VOO,91.844,91.921,91.311,91.646,104800,9604500.8
2011-04-13,VOO,92.103,92.149,91.311,91.677,185100,16969412.7
2011-04-14,VOO,91.143,91.844,90.823,91.692,78450,7193237.4
2011-04-15,VOO,91.844,92.256,91.631,92.012,79700,7333356.4
2011-04-18,VOO,90.93,91.158,90.274,91.006,151650,13801059.9
2011-04-19,VOO,91.174,91.57,90.945,91.57,78900,7224873.0
2011-04-20,VOO,92.667,92.972,92.591,92.805,173250,16078466.25
2011-04-21,VOO,93.277,93.277,92.942,93.216,197850,18442785.6
2011-04-25,VOO,93.231,93.292,92.85,93.125,99000,9219375.0
2011-04-26,VOO,93.46,94.131,93.384,93.933,85050,7989001.65
2011-04-27,VOO,94.177,94.695,93.75,94.542,72850,6887384.7
2011-04-28,VOO,94.436,94.969,94.405,94.847,66050,6264644.35
2011-04-29,VOO,94.893,95.183,94.832,95.122,99000,9417078.0
2011-05-02,VOO,95.61,95.61,94.756,94.908,131000,12432948.0
2011-05-03,VOO,94.786,94.908,94.131,94.603,66500,6291099.5
2011-05-04,VOO,94.588,94.588,93.582,93.963,107000,10054041.0
2011-05-05,VOO,93.46,94.024,92.713,93.14,98950,9216203.0
2011-05-06,VOO,94.116,94.512,93.201,93.582,138550,12965786.1
2011-05-09,VOO,93.597,94.192,93.43,93.963,66000,6201558.0
2011-05-10,VOO,94.253,94.878,94.146,94.741,175550,16631782.55
2011-05-11,VOO,94.603,94.603,93.308,93.735,174400,16347384.0
2011-05-12,VOO,93.506,94.314,93.003,94.238,113500,10696013.0
2011-05-13,VOO,94.222,94.283,93.14,93.414,126400,11807529.6
2011-05-16,VOO,93.14,93.765,92.698,92.835,113500,10536772.5
2011-05-17,VOO,92.5,92.881,92.164,92.82,142400,13217568.0
2011-05-18,VOO,92.911,93.735,92.744,93.689,70550,6609758.95
2011-05-19,VOO,94.009,94.1,93.475,93.811,266650,25014703.15
2011-05-20,VOO,93.643,93.75,92.988,93.186,95450,8894603.7
2011-05-23,VOO,91.997,92.347,91.768,92.073,136200,12540342.6
2011-05-24,VOO,92.347,92.5,91.86,91.997,89650,8247531.05
2011-05-25,VOO,91.585,92.607,91.585,92.302,62300,5750414.6
2011-05-26,VOO,92.058,92.835,91.875,92.667,60450,5601720.15
2011-05-27,VOO,92.972,93.292,92.881,93.079,47600,4430560.4
2011-05-31,VOO,93.978,94.024,93.308,94.009,172500,16216552.5
2011-06-01,VOO,93.78,93.78,91.875,91.921,222000,20406462.0
2011-06-02,VOO,91.997,92.164,91.326,91.814,211800,19446205.2
2011-06-03,VOO,90.701,91.6,90.701,90.93,148450,13498558.5
2011-06-06,VOO,90.747,90.838,89.893,89.969,113250,10188989.25
2011-06-07,VOO,90.335,90.655,89.832,89.847,203700,18301833.9
2011-06-08,VOO,89.71,90.0,89.375,89.482,87600,7838623.2
2011-06-09,VOO,89.771,90.533,89.527,90.167,43350,3908739.45
2011-06-10,VOO,89.817,89.832,88.719,88.902,106750,9490288.5
2011-06-13,VOO,89.1,89.344,88.552,88.963,77900,6930217.7
2011-06-14,VOO,89.802,90.442,89.802,90.106,75400,6793992.4
2011-06-15,VOO,89.39,89.603,88.338,88.536,79700,7056319.2
2011-06-16,VOO,88.567,89.1,88.064,88.704,66050,5858899.2
2011-06-17,VOO,89.542,89.558,88.704,88.948,58800,5230142.4
2011-06-20,VOO,88.674,89.603,88.658,89.451,53700,4803518.7
2011-06-21,VOO,89.893,90.823,89.817,90.671,132450,12009373.95
2011-06-22,VOO,90.442,90.899,90.091,90.137,106050,9559028.85
2011-06-23,VOO,89.055,89.863,88.414,89.832,260750,23423694.0
2011-06-24,VOO,89.855,89.886,88.691,88.844,114500,10172638.0
2011-06-27,VOO,88.905,89.932,88.706,89.595,77850,6974970.75
2011-06-28,VOO,89.978,90.774,89.886,90.744,59500,5399268.0
2011-06-29,VOO,91.218,91.678,90.881,91.555,125350,11476419.25
2011-06-30,VOO,91.862,92.551,91.77,92.428,124850,11539635.8
2011-07-01,VOO,92.474,93.899,92.321,93.822,139550,13092860.1
2011-07-05,VOO,93.746,93.899,93.439,93.669,91850,8603497.65
2011-07-06,VOO,93.501,93.93,93.256,93.807,94850,8897593.95
2011-07-07,VOO,94.65,95.048,94.496,94.833,195400,18530368.2
2011-07-08,VOO,93.746,94.19,93.455,94.19,105600,9946464.0
2011-07-11,VOO,93.011,93.317,92.245,92.444,92750,8574181.0
2011-07-12,VOO,92.26,92.995,92.03,92.03,132400,12184772.0
2011-07-13,VOO,92.536,93.302,92.153,92.352,129700,11978054.4
2011-07-14,VOO,92.612,92.965,91.54,91.755,55900,5129104.5
2011-07-15,VOO,92.26,92.352,91.632,92.26,40350,3722691.0
2011-07-18,VOO,91.862,91.923,90.805,91.479,94000,8599026.0
2011-07-19,VOO,92.015,93.041,91.969,92.965,233300,21688734.5
2011-07-20,VOO,93.256,93.271,92.796,92.965,90750,8436573.75
2011-07-21,VOO,93.439,94.389,93.271,94.205,234250,22067521.25
2011-07-22,VOO,94.205,94.359,93.746,94.282,90250,8508950.5
2011-07-25,VOO,93.348,94.205,93.286,93.746,183650,17216452.9
2011-07-26,VOO,93.685,93.822,93.194,93.348,138850,12961369.8
2011-07-27,VOO,92.827,92.857,91.372,91.494,470300,43029628.2
2011-07-28,VOO,91.463,92.275,91.111,91.234,169150,15432231.1
2011-07-29,VOO,90.345,91.418,89.947,90.529,194600,17616943.4
2011-08-01,VOO,91.739,91.77,89.365,90.207,435950,39325741.65
2011-08-02,VOO,89.579,89.993,87.91,87.956,258400,22727830.4
2011-08-03,VOO,88.048,88.492,86.531,88.4,380550,33640620.0
2011-08-04,VOO,87.22,87.282,84.126,84.264,504200,42485908.8
2011-08-05,VOO,85.306,85.52,81.905,84.08,538450,45272876.0
2011-08-08,VOO,81.2,82.901,78.535,78.688,790300,62187126.4
2011-08-09,VOO,79.96,82.257,77.294,82.211,579800,47665937.8
2011-08-10,VOO,80.772,81.415,78.489,78.642,403100,31700590.2
2011-08-11,VOO,79.439,83.253,79.087,82.089,919300,75464417.7
2011-08-12,VOO,83.085,83.483,82.196,82.748,307200,25420185.6
2011-08-15,VOO,83.559,84.555,83.376,84.448,225950,19081025.6
2011-08-16,VOO,83.651,84.524,82.901,83.728,263800,22087446.4
2011-08-17,VOO,84.249,84.861,83.176,83.82,160550,13457301.0
2011-08-18,VOO,81.629,81.721,79.454,80.343,524000,42099732.0
2011-08-19,VOO,79.163,81.047,78.765,78.811,1438400,113361742.4
2011-08-22,VOO,80.664,80.71,78.719,78.872,246400,19434060.8
2011-08-23,VOO,79.286,81.629,78.887,81.599,301950,24638818.05
2011-08-24,VOO,81.43,82.778,81.231,82.717,151000,12490267.0
2011-08-25,VOO,83.268,83.621,80.894,81.476,294150,23966165.4
2011-08-26,VOO,80.925,82.931,79.669,82.548,197500,16303230.0
2011-08-29,VOO,83.743,84.984,83.667,84.953,159000,13507527.0
2011-08-30,VOO,84.632,85.719,83.988,85.107,129900,11055399.3
2011-08-31,VOO,85.765,86.47,84.953,85.535,214950,18385748.25
2011-09-01,VOO,85.581,86.393,84.662,84.708,274900,23286229.2
2011-09-02,VOO,82.962,83.36,82.257,82.518,150350,12406581.3
2011-09-06,VOO,80.205,82.058,80.144,81.951,197950,16222200.45
2011-09-07,VOO,83.268,84.279,82.947,84.264,199700,16827520.8
2011-09-08,VOO,83.743,84.693,83.238,83.376,115650,9642434.4
2011-09-09,VOO,82.456,82.671,80.756,81.185,174200,14142427.0
2011-09-12,VOO,80.189,81.767,79.929,81.767,161350,13193105.45
2011-09-13,VOO,82.028,82.763,81.476,82.441,193500,15952333.5
2011-09-14,VOO,82.916,84.601,81.767,83.605,459000,38374695.0
2011-09-15,VOO,84.509,85.091,83.804,85.045,128700,10945291.5
2011-09-16,VOO,85.352,85.826,84.785,85.551,79000,6758529.0
2011-09-19,VOO,84.141,85.091,83.621,84.754,82150,6962541.1
2011-09-20,VOO,85.106,85.888,84.586,84.616,154550,13077402.8
2011-09-21,VOO,84.708,84.907,82.058,82.058,139000,11406062.0
2011-09-22,VOO,79.807,80.419,78.413,79.485,420500,33423442.5
2011-09-23,VOO,79.023,80.347,78.915,79.854,329200,26287936.8
2011-09-26,VOO,80.656,81.903,79.577,81.795,193850,15855960.75
2011-09-27,VOO,83.521,84.168,82.304,82.735,617550,51092999.25
2011-09-28,VOO,82.951,83.367,80.933,81.087,197300,15998465.1
2011-09-29,VOO,82.458,82.766,80.224,81.672,119300,9743469.6
2011-09-30,VOO,80.532,81.241,79.623,79.731,183300,14614692.3
2011-10-03,VOO,79.192,80.163,77.282,77.282,333100,25742634.2
2011-10-04,VOO,76.358,79.192,75.665,78.977,285650,22559780.05
2011-10-05,VOO,79.238,80.733,78.561,80.548,281000,22633988.0
2011-10-06,VOO,80.502,82.119,79.916,82.104,583800,47932315.2
2011-10-07,VOO,82.535,82.535,81.01,81.472,627150,51095164.8
2011-10-10,VOO,82.982,84.229,82.92,84.229,168200,14167317.8
2011-10-11,VOO,83.767,84.507,83.644,84.198,663200,55840113.6
2011-10-12,VOO,84.938,85.955,84.722,84.969,509150,43261966.35
2011-10-13,VOO,84.491,85.061,83.875,84.845,364000,30883580.0
2011-10-14,VOO,85.877,86.309,85.431,86.247,423450,36521292.15
2011-10-17,VOO,85.862,85.955,84.445,84.63,309650,26205679.5
2011-10-18,VOO,84.599,86.91,83.952,86.324,259100,22366548.4
2011-10-19,VOO,86.139,86.632,85.03,85.246,107900,9198043.4
2011-10-20,VOO,85.492,85.862,84.414,85.631,68200,5840034.2
2011-10-21,VOO,86.648,87.356,86.447,87.279,87200,7610728.8
2011-10-24,VOO,87.464,88.542,87.372,88.388,138550,12246157.4
2011-10-25,VOO,87.942,87.942,86.447,86.679,102400,8875929.6
2011-10-26,VOO,87.618,87.849,86.109,87.51,1922200,168211722.0
2011-10-27,VOO,89.944,91.115,89.189,90.53,309200,27991876.0
2011-10-28,VOO,90.144,90.714,90.021,90.622,693650,62859950.3
2011-10-31,VOO,89.544,89.605,88.296,88.296,153450,13549021.2
2011-11-01,VOO,85.908,86.956,85.616,85.955,307150,26401078.25
2011-11-02,VOO,87.233,87.618,86.509,87.31,122650,10708571.5
2011-11-03,VOO,88.296,89.097,87.064,88.927,173650,15442173.55
2011-11-04,VOO,88.157,88.496,87.356,88.419,147450,13037381.55
2011-11-07,VOO,88.296,88.974,87.526,88.927,79500,7069696.5
2011-11-08,VOO,89.42,90.129,88.589,89.99,135700,12211643.0
2011-11-09,VOO,87.988,88.358,86.571,86.74,246850,21411769.0
2011-11-10,VOO,87.88,87.957,86.74,87.526,121800,10660666.8
2011-11-11,VOO,88.604,89.42,88.589,89.236,132650,11837155.4
2011-11-14,VOO,88.897,88.943,87.972,88.373,359550,31774512.15
2011-11-15,VOO,88.204,89.282,87.895,88.835,402200,35729437.0
2011-11-16,VOO,87.957,88.928,87.279,87.403,91900,8032335.7
2011-11-17,VOO,87.233,87.449,85.431,86.001,989950,85136689.95
2011-11-18,VOO,86.278,86.401,85.569,85.877,188150,16157757.55
2011-11-21,VOO,84.645,84.768,83.552,84.337,236700,19962567.9
2011-11-22,VOO,84.106,84.568,83.474,83.89,263300,22088237.0
2011-11-23,VOO,83.182,83.197,82.104,82.119,249100,20455842.9
2011-11-25,VOO,81.949,82.858,81.872,81.872,75650,6193616.8
2011-11-28,VOO,84.152,84.584,83.675,84.322,155550,13116287.1
2011-11-29,VOO,84.537,85.107,84.26,84.568,134950,11412451.6
2011-11-30,VOO,86.956,88.173,86.74,88.034,424450,37366031.3
2011-12-01,VOO,87.911,88.45,87.664,87.972,107350,9443794.2
2011-12-02,VOO,88.881,89.097,87.911,87.926,127300,11192979.8
2011-12-05,VOO,89.343,89.559,88.358,88.881,194500,17287354.5
2011-12-06,VOO,88.866,89.497,88.589,88.958,67600,6013560.8
2011-12-07,VOO,88.65,89.59,88.08,89.251,86600,7729136.6
2011-12-08,VOO,88.589,88.773,87.094,87.325,93450,8160521.25
2011-12-09,VOO,87.711,88.989,87.649,88.804,882200,78342888.8
2011-12-12,VOO,88.019,88.019,86.771,87.526,127200,11133307.2
2011-12-13,VOO,87.972,88.388,86.263,86.694,162800,14113783.2
2011-12-14,VOO,86.34,86.648,85.569,85.723,945150,81021093.45
2011-12-15,VOO,86.663,86.74,85.924,86.047,82550,7103179.85
2011-12-16,VOO,86.663,87.11,85.985,86.109,1480000,127441320.0
2011-12-19,VOO,86.478,86.648,85.061,85.231,454150,38707658.65
2011-12-20,VOO,86.524,87.926,86.524,87.772,143850,12626002.2
2011-12-21,VOO,87.726,88.096,87.048,88.034,182650,16079410.1
2011-12-22,VOO,88.342,88.866,88.188,88.866,1439800,127949266.8
2011-12-23,VOO,89.072,89.63,88.917,89.568,256450,22969713.6
2011-12-27,VOO,89.397,91.427,89.382,89.661,388650,34846747.65
2011-12-28,VOO,89.661,89.661,88.406,88.561,180300,15967548.3
2011-12-29,VOO,88.809,91.551,88.731,89.366,259100,23154730.6
2011-12-30,VOO,89.351,89.537,89.026,89.026,254300,22639311.8
2012-01-03,VOO,90.575,91.009,90.343,90.343,163250,14748494.75
2012-01-04,VOO,90.219,90.591,89.847,90.498,448450,40583828.1
2012-01-05,VOO,90.095,90.885,89.63,90.792,253500,23015772.0
2012-01-06,VOO,90.885,90.885,90.25,90.606,166900,15122141.4
2012-01-09,VOO,90.761,90.839,90.296,90.746,177000,16062042.0
2012-01-10,VOO,91.706,91.846,91.412,91.52,261200,23905024.0
2012-01-11,VOO,91.257,91.691,91.086,91.613,203800,18670729.4
2012-01-12,VOO,91.83,91.923,91.102,91.815,202250,18569583.75
2012-01-13,VOO,91.195,91.427,90.513,91.427,147200,13458054.4
2012-01-17,VOO,92.187,92.342,91.474,91.675,324250,29725618.75
2012-01-18,VOO,91.675,92.698,91.505,92.698,172100,15953325.8
2012-01-19,VOO,92.977,93.24,92.76,93.194,224500,20922053.0
2012-01-20,VOO,93.039,93.24,92.807,93.194,345200,32170568.8
2012-01-23,VOO,93.194,93.736,92.869,93.287,130950,12215932.65
2012-01-24,VOO,92.729,93.209,92.574,93.147,203100,18918155.7
2012-01-25,VOO,93.039,94.17,92.698,93.969,254050,23872824.45
2012-01-26,VOO,94.418,94.527,93.101,93.488,137600,12863948.8
2012-01-27,VOO,93.008,93.581,92.977,93.364,104100,9719192.4
2012-01-30,VOO,92.512,93.132,92.187,93.054,329650,30675251.1
2012-01-31,VOO,93.597,93.69,92.667,93.008,157450,14644109.6
2012-02-01,VOO,93.752,94.325,93.643,93.891,99050,9299903.55
2012-02-02,VOO,94.093,94.263,93.721,94.077,143050,13457714.85
2012-02-03,VOO,94.992,95.41,94.821,95.41,223150,21290741.5
2012-02-06,VOO,94.976,95.317,94.837,95.27,150200,14309554.0
2012-02-07,VOO,95.115,95.704,94.744,95.565,164250,15696551.25
2012-02-08,VOO,95.611,95.844,95.208,95.766,259750,24875218.5
2012-02-09,VOO,95.999,96.092,95.41,95.875,259000,24831625.0
2012-02-10,VOO,95.053,95.301,94.868,95.224,123500,11760164.0
2012-02-13,VOO,95.906,96.061,95.534,95.952,230400,22107340.8
2012-02-14,VOO,95.689,95.859,95.193,95.813,203400,19488364.2
2012-02-15,VOO,96.154,96.262,95.208,95.394,188100,17943611.4
2012-02-16,VOO,95.394,96.495,95.239,96.433,438550,42290692.15
2012-02-17,VOO,96.774,96.789,96.324,96.665,604200,58404993.0
2012-02-21,VOO,96.929,97.13,96.433,96.727,758200,73338411.4
2012-02-22,VOO,96.541,96.758,96.262,96.402,190900,18403141.8
2012-02-23,VOO,96.371,96.913,96.045,96.867,328050,31777219.35
2012-02-24,VOO,97.068,97.238,96.851,97.006,162950,15807127.7
2012-02-27,VOO,96.417,97.471,96.247,97.176,267800,26023732.8
2012-02-28,VOO,97.269,97.548,97.068,97.517,141900,13837662.3
2012-02-29,VOO,97.657,97.936,96.944,96.991,229600,22269133.6
2012-03-01,VOO,97.347,97.796,97.006,97.626,193450,18885749.7
2012-03-02,VOO,97.595,97.672,97.13,97.362,142800,13903293.6
2012-03-05,VOO,97.176,97.223,96.588,96.944,667900,64748897.6
2012-03-06,VOO,95.921,95.968,95.224,95.425,411100,39229217.5
2012-03-07,VOO,95.751,96.324,95.658,96.185,170350,16385114.75
2012-03-08,VOO,96.789,97.316,96.572,97.114,253600,24628110.4
2012-03-09,VOO,97.331,97.734,97.223,97.486,152950,14910483.7
2012-03-12,VOO,97.517,97.641,97.176,97.533,174700,17039015.1
2012-03-13,VOO,98.075,99.315,97.905,99.284,192100,19072456.4
2012-03-14,VOO,99.33,99.532,98.897,99.206,709950,70431299.7
2012-03-15,VOO,99.346,99.795,99.082,99.718,501650,50023534.7
2012-03-16,VOO,99.966,100.028,99.718,99.857,272250,27186068.25
2012-03-19,VOO,99.857,100.601,99.764,100.276,143500,14389606.0
2012-03-20,VOO,99.733,100.105,99.454,99.997,1310800,131076067.6
2012-03-21,VOO,100.028,100.136,99.64,99.842,162100,16184388.2
2012-03-22,VOO,99.098,99.361,98.819,99.067,633200,62729224.4
2012-03-23,VOO,99.222,99.516,98.649,99.454,111950,11133875.3
2012-03-26,VOO,100.147,100.801,100.131,100.801,203000,20462603.0
2012-03-27,VOO,100.941,101.003,100.474,100.521,573550,57653819.55
2012-03-28,VOO,100.49,100.614,99.462,100.038,201350,20142651.3
2012-03-29,VOO,99.447,99.976,99.042,99.867,2612050,260857597.35
2012-03-30,VOO,100.334,100.427,99.805,100.194,270750,27127525.5
2012-04-02,VOO,100.194,101.268,99.991,101.003,374700,37845824.1
2012-04-03,VOO,100.816,101.034,100.007,100.614,333850,33589983.9
2012-04-04,VOO,99.82,99.914,99.26,99.556,383000,38129948.0
2012-04-05,VOO,99.244,99.836,99.151,99.524,722350,71891161.4
2012-04-09,VOO,98.295,98.824,98.17,98.419,474850,46734262.15
2012-04-10,VOO,98.233,98.497,96.676,96.707,392650,37972003.55
2012-04-11,VOO,97.797,97.921,97.392,97.501,172850,16853047.85
2012-04-12,VOO,97.61,98.886,97.594,98.84,105550,10432562.0
2012-04-13,VOO,98.606,98.606,97.563,97.657,2416850,236022320.45
2012-04-16,VOO,98.186,98.295,97.236,97.548,826850,80657563.8
2012-04-17,VOO,98.186,99.244,98.124,99.042,497450,49268442.9
2012-04-18,VOO,98.622,99.026,98.528,98.7,420750,41528025.0
2012-04-19,VOO,98.731,99.073,97.625,98.061,831200,81508303.2
2012-04-20,VOO,98.513,98.824,98.186,98.217,112100,11010125.7
2012-04-23,VOO,97.236,97.485,96.816,97.376,324950,31642331.2
2012-04-24,VOO,97.47,97.999,97.439,97.734,469300,45866566.2
2012-04-25,VOO,98.715,99.135,98.653,99.104,171750,17021112.0
2012-04-26,VOO,98.933,99.914,98.84,99.789,157100,15676851.9
2012-04-27,VOO,100.132,100.256,99.571,99.991,185050,18503334.55
2012-04-30,VOO,99.789,99.82,99.338,99.556,247600,24650065.6
2012-05-01,VOO,99.587,100.863,99.462,100.209,527450,52855237.05
2012-05-02,VOO,99.665,100.023,99.322,99.898,154250,15409266.5
2012-05-03,VOO,99.976,100.007,98.995,99.166,177000,17552382.0
2012-05-04,VOO,98.653,98.715,97.517,97.548,365200,35624529.6
2012-05-07,VOO,97.205,97.952,97.174,97.625,990350,96682918.75
2012-05-08,VOO,97.05,97.376,96.1,97.205,403050,39178475.25
2012-05-09,VOO,96.193,97.268,95.758,96.66,373700,36121842.0
2012-05-10,VOO,97.392,97.423,96.692,96.832,130100,12597843.2
2012-05-11,VOO,96.271,97.439,96.225,96.52,365300,35258756.0
2012-05-14,VOO,95.618,96.147,95.369,95.493,953250,91028702.25
2012-05-15,VOO,95.4,95.976,94.808,94.964,1532500,145532330.0
2012-05-16,VOO,95.353,95.742,94.559,94.559,331350,31332124.65
2012-05-17,VOO,94.621,94.699,93.127,93.127,288750,26890421.25
2012-05-18,VOO,93.516,93.703,92.271,92.396,760350,70253298.6
2012-05-21,VOO,92.645,93.999,92.536,93.952,271550,25512665.6
2012-05-22,VOO,94.232,94.855,93.532,94.154,654450,61619085.3
2012-05-23,VOO,93.47,94.279,92.551,94.154,176000,16571104.0
2012-05-24,VOO,94.466,94.559,93.579,94.326,112050,10569228.3
2012-05-25,VOO,94.341,94.559,93.874,94.108,336400,31657931.2
2012-05-29,VOO,94.855,95.369,94.528,95.182,306600,29182801.2
2012-05-30,VOO,94.403,94.435,93.625,93.812,809500,75940814.0
2012-05-31,VOO,93.812,94.279,92.816,93.579,424150,39691532.85
2012-06-01,VOO,92.1,92.427,91.244,91.29,641850,58594486.5
2012-06-04,VOO,91.399,91.648,90.543,91.259,213600,19492922.4
2012-06-05,VOO,91.026,92.006,90.979,91.789,252350,23162954.15
2012-06-06,VOO,92.551,93.999,92.505,93.983,254650,23932770.95
2012-06-07,VOO,95.042,95.073,93.843,93.968,201000,18887568.0
2012-06-08,VOO,93.859,94.793,93.47,94.746,219550,20801484.3
2012-06-11,VOO,95.571,95.602,93.485,93.594,304600,28508732.4
2012-06-12,VOO,93.843,94.684,93.392,94.684,168300,15935317.2
2012-06-13,VOO,94.357,94.902,93.719,94.061,144900,13629438.9
2012-06-14,VOO,94.232,95.415,94.045,95.104,2181350,207455110.4
2012-06-15,VOO,95.431,96.069,95.275,95.944,229250,21995162.0
2012-06-18,VOO,95.633,96.427,95.4,96.147,482500,46390927.5
2012-06-19,VOO,96.66,97.517,96.614,97.127,175200,17016650.4
2012-06-20,VOO,97.159,97.423,96.271,96.972,235700,22856300.4
2012-06-21,VOO,97.112,97.143,94.73,94.839,155400,14737980.6
2012-06-22,VOO,95.322,95.695,94.948,95.524,285800,27300759.2
2012-06-25,VOO,94.538,94.554,93.662,94.006,283200,26622499.2
2012-06-26,VOO,94.257,94.742,93.74,94.46,352750,33320765.0
2012-06-27,VOO,94.789,95.493,94.742,95.305,301100,28696335.5
2012-06-28,VOO,94.695,95.164,93.991,95.086,171750,16331020.5
2012-06-29,VOO,96.792,97.496,96.526,97.449,305000,29721945.0
2012-07-02,VOO,97.715,97.809,97.042,97.715,258700,25278870.5
2012-07-03,VOO,97.715,98.419,97.605,98.356,161050,15840233.8
2012-07-05,VOO,98.059,98.341,97.574,97.934,308900,30251812.6
2012-07-06,VOO,96.995,97.167,96.51,97.026,478350,46412387.1
2012-07-09,VOO,96.964,97.026,96.432,96.901,177800,17228997.8
2012-07-10,VOO,97.371,97.48,95.696,96.009,322300,30943700.7
2012-07-11,VOO,96.056,96.307,95.493,96.025,199700,19176192.5
2012-07-12,VOO,95.477,95.978,94.914,95.524,432700,41333234.8
2012-07-13,VOO,95.821,97.245,95.821,97.151,480650,46695628.15
2012-07-16,VOO,96.932,97.214,96.588,96.932,164400,15935620.8
2012-07-17,VOO,97.324,97.793,96.322,97.621,293450,28646882.45
2012-07-18,VOO,97.386,98.513,97.324,98.325,242900,23883142.5
2012-07-19,VOO,98.56,98.888,98.231,98.575,516500,50913987.5
2012-07-20,VOO,98.028,98.169,97.59,97.668,606900,59274709.2
2012-07-23,VOO,96.244,96.964,95.821,96.698,451450,43654312.1
2012-07-24,VOO,96.776,96.776,95.227,95.931,533700,51198374.7
2012-07-25,VOO,96.087,96.307,95.383,95.868,509100,48806398.8
2012-07-26,VOO,97.308,97.652,96.823,97.433,412450,40186240.85
2012-07-27,VOO,97.996,99.545,97.824,99.311,901950,89573556.45
2012-07-30,VOO,99.17,99.718,98.966,99.264,348300,34573651.2
2012-07-31,VOO,99.139,99.405,98.622,98.622,681600,67220755.2
2012-08-01,VOO,99.264,99.295,98.356,98.513,526450,51862168.85
2012-08-02,VOO,97.793,98.466,97.073,97.824,478100,46769654.4
2012-08-03,VOO,99.233,99.937,99.154,99.733,239850,23920960.05
2012-08-06,VOO,100.046,100.343,99.921,99.999,547200,54719452.8
2012-08-07,VOO,100.375,100.875,100.343,100.453,380200,38192230.6
2012-08-08,VOO,100.109,100.688,100.109,100.562,322000,32380964.0
2012-08-09,VOO,100.469,100.86,100.343,100.672,360650,36307356.8
2012-08-10,VOO,100.296,100.875,100.093,100.828,336450,33923580.6
2012-08-13,VOO,100.656,100.813,100.25,100.75,329900,33237425.0
2012-08-14,VOO,101.141,101.188,100.5,100.797,456950,46059189.15
2012-08-15,VOO,100.735,101.063,100.672,100.907,213000,21493191.0
2012-08-16,VOO,101.032,101.783,100.813,101.595,632400,64248678.0
2012-08-17,VOO,101.814,101.877,101.548,101.83,355350,36185290.5
2012-08-20,VOO,101.689,101.814,101.376,101.799,288100,29328291.9
2012-08-21,VOO,102.049,102.44,101.282,101.486,304100,30861892.6
2012-08-22,VOO,101.22,101.658,101.001,101.501,350050,35530425.05
2012-08-23,VOO,101.314,101.314,100.531,100.703,159950,16107444.85
2012-08-24,VOO,100.5,101.533,100.406,101.329,410950,41641152.55
2012-08-27,VOO,101.595,101.705,101.204,101.329,221650,22459572.85
2012-08-28,VOO,101.094,101.548,100.922,101.235,193400,19578849.0
2012-08-29,VOO,101.314,101.58,101.032,101.329,176900,17925100.1
2012-08-30,VOO,100.86,100.875,100.375,100.562,148950,14978709.9
2012-08-31,VOO,101.157,101.517,100.516,101.094,805400,81421107.6
2012-09-04,VOO,101.032,101.251,100.328,100.828,347800,35067978.4
2012-09-05,VOO,101.048,101.282,100.703,100.828,417050,42050317.4
2012-09-06,VOO,101.501,102.925,101.501,102.925,261200,26884010.0
2012-09-07,VOO,103.113,103.348,103.019,103.348,513200,53038193.6
2012-09-10,VOO,103.254,103.426,102.706,102.737,187450,19258050.65
2012-09-11,VOO,102.847,103.363,102.784,103.019,348400,35891819.6
2012-09-12,VOO,103.426,103.488,103.066,103.348,290700,30043263.6
2012-09-13,VOO,103.395,105.288,103.238,104.991,335050,35177234.55
2012-09-14,VOO,105.178,106.07,105.116,105.429,855800,90226138.2
2012-09-17,VOO,105.225,105.382,104.818,105.116,338400,35571254.4
2012-09-18,VOO,104.944,105.116,104.74,105.006,216950,22781051.7
2012-09-19,VOO,105.131,105.382,104.865,105.084,397500,41770890.0
2012-09-20,VOO,104.584,105.116,104.286,105.069,448550,47128699.95
2012-09-21,VOO,105.585,105.585,104.991,105.006,1295000,135982770.0
2012-09-24,VOO,104.508,105.09,104.429,104.869,489850,51370079.65
2012-09-25,VOO,105.105,105.278,103.737,103.8,287900,29884020.0
2012-09-26,VOO,103.721,103.737,102.903,103.139,175550,18106051.45
2012-09-27,VOO,103.611,104.382,103.344,104.146,586850,61118080.1
2012-09-28,VOO,103.753,104.067,103.328,103.674,263900,27359568.6
2012-10-01,VOO,104.036,104.854,103.69,103.863,493550,51261583.65
2012-10-02,VOO,104.35,104.492,103.564,104.004,272950,28387891.8
2012-10-03,VOO,104.319,104.696,103.784,104.429,149150,15575585.35
2012-10-04,VOO,104.854,105.31,104.728,105.231,226600,23845344.6
2012-10-05,VOO,105.75,105.939,104.901,105.2,251250,26431500.0
2012-10-08,VOO,104.838,105.011,104.665,104.885,139750,14657678.75
2012-10-09,VOO,104.775,104.822,103.784,103.863,360050,37395873.15
2012-10-10,VOO,103.768,103.863,103.029,103.155,291950,30116102.25
2012-10-11,VOO,103.863,104.02,103.218,103.218,436200,45023691.6
2012-10-12,VOO,103.249,103.611,102.652,102.856,503150,51751996.4
2012-10-15,VOO,103.108,103.816,102.793,103.721,361350,37479583.35
2012-10-16,VOO,104.193,104.854,104.162,104.775,839250,87932418.75
2012-10-17,VOO,104.854,105.341,104.744,105.263,163500,17210500.5
2012-10-18,VOO,104.979,105.483,104.633,104.995,211900,22248440.5
2012-10-19,VOO,104.775,104.775,102.998,103.202,353600,36492227.2
2012-10-22,VOO,103.076,103.407,102.432,103.265,503500,51993927.5
2012-10-23,VOO,102.164,102.259,101.409,101.755,519000,52810845.0
2012-10-24,VOO,102.149,102.306,101.378,101.535,365650,37126272.75
2012-10-25,VOO,102.29,102.416,101.221,101.818,485500,49432639.0
2012-10-26,VOO,101.708,102.101,101.079,101.74,307100,31244354.0
2012-10-31,VOO,102.18,102.243,101.284,101.645,586700,59635121.5
2012-11-01,VOO,102.007,102.935,101.928,102.841,317650,32667443.65
2012-11-02,VOO,103.47,103.47,101.834,101.913,902700,91996865.1
2012-11-05,VOO,101.755,102.337,101.488,102.149,371250,37922816.25
2012-11-06,VOO,102.416,103.297,102.337,102.903,275100,28308615.3
2012-11-07,VOO,102.007,102.007,100.12,100.654,1039850,104665061.9
2012-11-08,VOO,100.576,101.079,99.318,99.318,819250,81366271.5
2012-11-09,VOO,99.082,100.387,99.019,99.428,1032750,102684267.0
2012-11-12,VOO,99.774,99.915,99.349,99.569,179700,17892549.3
2012-11-13,VOO,99.019,100.23,98.893,99.208,438750,43527510.0
2012-11-14,VOO,99.522,99.632,97.635,97.997,340050,33323879.85
2012-11-15,VOO,97.902,98.248,97.32,97.619,615400,60074732.6
2012-11-16,VOO,97.855,98.358,97.021,98.122,403450,39587320.9
2012-11-19,VOO,99.286,100.151,99.239,100.12,334250,33465110.0
2012-11-20,VOO,100.01,100.356,99.412,100.23,368750,36959812.5
2012-11-21,VOO,100.293,100.481,100.104,100.45,143850,14449732.5
2012-11-23,VOO,100.906,101.787,100.827,101.724,182700,18584974.8
2012-11-26,VOO,101.284,101.598,100.938,101.598,396800,40314086.4
2012-11-27,VOO,101.457,101.787,100.969,101.111,294950,29822689.45
2012-11-28,VOO,100.639,101.897,100.088,101.865,253350,25807497.75
2012-11-29,VOO,102.274,102.636,101.818,102.322,293200,30000810.4
2012-11-30,VOO,102.353,102.526,102.007,102.227,387400,39602739.8
2012-12-03,VOO,102.809,102.872,101.755,101.865,406950,41453961.75
2012-12-04,VOO,101.865,102.133,101.409,101.677,243700,24778684.9
2012-12-05,VOO,101.803,102.322,101.095,101.897,256950,26182434.15
2012-12-06,VOO,101.803,102.274,101.677,102.211,119900,12255098.9
2012-12-07,VOO,102.652,102.746,102.023,102.526,295350,30281054.1
2012-12-10,VOO,102.416,102.825,102.369,102.589,231750,23775000.75
2012-12-11,VOO,103.029,103.753,102.982,103.249,586950,60602000.55
2012-12-12,VOO,103.721,104.083,103.234,103.328,353600,36536780.8
2012-12-13,VOO,103.312,103.564,102.447,102.699,354800,36437605.2
2012-12-14,VOO,102.479,102.668,102.164,102.369,316050,32353722.45
2012-12-17,VOO,102.573,103.595,102.573,103.595,457200,47363634.0
2012-12-18,VOO,103.706,104.791,103.564,104.649,802550,83986054.95
2012-12-19,VOO,104.838,104.838,103.879,103.879,1522250,158129807.75
2012-12-20,VOO,103.973,104.539,103.706,104.523,1862200,194642730.6
2012-12-21,VOO,103.092,103.753,102.982,103.548,747750,77428017.0
2012-12-24,VOO,103.39,103.39,103.136,103.247,257950,26632563.65
2012-12-26,VOO,103.437,103.501,102.534,102.756,389650,40038875.4
2012-12-27,VOO,102.82,103.026,101.505,102.661,716400,73546340.4
2012-12-28,VOO,102.059,102.566,101.489,101.521,543150,55141131.15
2012-12-31,VOO,101.315,103.39,101.22,103.263,1265050,130632858.15
2013-01-02,VOO,105.291,105.893,104.99,105.813,2166600,229254445.8
2013-01-03,VOO,105.845,106.114,105.37,105.718,1146100,121163399.8
2013-01-04,VOO,105.829,106.304,105.623,106.162,574300,60968836.6
2013-01-07,VOO,105.766,105.956,105.449,105.877,598200,63335621.4
2013-01-08,VOO,105.687,105.813,105.148,105.56,476100,50257116.0
2013-01-09,VOO,105.798,106.114,105.671,105.877,1214600,128598204.2
2013-01-10,VOO,106.463,106.701,105.877,106.653,508050,54185056.65
2013-01-11,VOO,106.685,106.701,106.336,106.701,562500,60019312.5
2013-01-14,VOO,106.574,106.669,106.209,106.605,475600,50701338.0
2013-01-15,VOO,106.099,106.764,106.035,106.653,532350,56776724.55
2013-01-16,VOO,106.431,106.811,106.336,106.653,399400,42597208.2
2013-01-17,VOO,107.128,107.635,106.922,107.318,605700,65002512.6
2013-01-18,VOO,107.334,107.683,106.938,107.619,2081350,223992805.65
2013-01-22,VOO,107.603,108.142,107.334,108.142,1458050,157676443.1
2013-01-23,VOO,108.19,108.427,107.984,108.3,812900,88037070.0
2013-01-24,VOO,108.158,108.871,108.079,108.364,1635550,177234740.2
2013-01-25,VOO,108.744,108.966,108.427,108.966,613600,66861537.6
2013-01-28,VOO,109.013,109.013,108.475,108.839,1188650,129371477.35
2013-01-29,VOO,108.649,109.409,108.585,109.282,680750,74393721.5
2013-01-30,VOO,109.282,109.457,108.76,108.855,754750,82158311.25
2013-01-31,VOO,108.744,109.061,108.506,108.601,443950,48213413.95
2013-02-01,VOO,109.282,109.821,109.108,109.647,2253350,247073067.45
2013-02-04,VOO,109.045,109.203,108.395,108.443,541400,58711040.2
2013-02-05,VOO,109.077,109.869,109.013,109.552,416600,45639363.2
2013-02-06,VOO,109.187,109.71,109.124,109.647,415650,45574775.55
2013-02-07,VOO,109.678,109.742,108.712,109.504,480050,52567395.2
2013-02-08,VOO,109.71,110.154,109.71,110.106,441050,48562251.3
2013-02-11,VOO,110.09,110.17,109.837,110.059,288100,31707997.9
2013-02-12,VOO,110.106,110.47,109.979,110.233,409550,45145925.15
2013-02-13,VOO,110.502,110.676,110.059,110.328,1064700,117466221.6
2013-02-14,VOO,110.043,110.597,109.9,110.486,272850,30146105.1
2013-02-15,VOO,110.581,110.661,109.916,110.344,331350,36562484.4
2013-02-19,VOO,110.518,111.167,110.502,111.104,363800,40419635.2
2013-02-20,VOO,111.072,111.104,109.726,109.726,1033200,113368903.2
2013-02-21,VOO,109.457,109.473,108.76,109.203,1410350,154014451.05
2013-02-22,VOO,109.647,110.154,109.362,110.154,1352350,148966761.9
2013-02-25,VOO,110.74,110.866,108.079,108.079,1063400,114931208.6
2013-02-26,VOO,108.586,108.934,107.889,108.807,1571400,170979319.8
2013-02-27,VOO,108.712,110.486,108.633,110.17,783400,86307178.0
2013-02-28,VOO,110.17,110.867,109.789,110.043,2426700,267041348.1
2013-03-01,VOO,109.552,110.486,109.092,110.328,1540500,169960284.0
2013-03-04,VOO,110.09,110.946,109.916,110.946,536550,59528076.3
2013-03-05,VOO,111.484,112.213,111.468,111.896,532500,59584620.0
2013-03-06,VOO,112.34,112.355,111.849,112.102,1884400,211245008.8
2013-03-07,VOO,112.26,112.419,112.118,112.308,454300,51021524.4
2013-03-08,VOO,112.752,112.894,112.213,112.752,714350,80544391.2
2013-03-11,VOO,112.688,113.195,112.53,113.163,360050,40744338.15
2013-03-12,VOO,113.116,113.227,112.577,112.91,489850,55308963.5
2013-03-13,VOO,112.989,113.243,112.625,113.068,456800,51649462.4
2013-03-14,VOO,113.401,113.749,113.338,113.67,670500,76215735.0
2013-03-15,VOO,113.575,113.718,113.179,113.512,767850,87160189.2
2013-03-18,VOO,112.466,113.401,112.355,112.894,819550,92522277.7
2013-03-19,VOO,113.148,113.274,111.912,112.625,603900,68014237.5
2013-03-20,VOO,113.274,113.591,113.132,113.401,1279950,145147609.95
2013-03-21,VOO,112.72,113.132,112.276,112.482,312100,35105632.2
2013-03-22,VOO,112.824,113.318,112.745,113.302,437050,49518639.1
2013-03-25,VOO,113.684,113.875,112.458,112.984,615400,69530353.6
2013-03-26,VOO,113.413,113.843,113.27,113.827,1374550,156460902.85
2013-03-27,VOO,113.159,113.843,112.92,113.763,392950,44703170.85
2013-03-28,VOO,113.763,114.289,113.604,114.018,366400,41776195.2
2013-04-01,VOO,114.114,114.75,113.429,113.7,618150,70283655.0
2013-04-02,VOO,114.098,114.527,113.954,114.257,799350,91331332.95
2013-04-03,VOO,114.368,114.432,112.824,113.111,771900,87310380.9
2013-04-04,VOO,113.238,113.779,113.031,113.556,975050,110722777.8
2013-04-05,VOO,112.204,113.206,112.045,113.111,642150,72634228.65
2013-04-08,VOO,113.159,113.827,112.761,113.811,315950,35958585.45
2013-04-09,VOO,114.05,114.639,113.7,114.225,369050,42154736.25
2013-04-10,VOO,114.543,115.737,114.511,115.626,1110200,128367985.2
2013-04-11,VOO,115.641,116.358,115.53,116.007,450400,52249552.8
2013-04-12,VOO,115.641,115.896,115.084,115.753,1241200,143672623.6
2013-04-15,VOO,115.132,115.212,113.031,113.111,671850,75993625.35
2013-04-16,VOO,113.923,114.734,113.604,114.702,673400,77240326.8
2013-04-17,VOO,113.907,113.907,112.427,113.015,767850,86778567.75
2013-04-18,VOO,113.222,113.222,111.869,112.092,3966900,444657754.8
2013-04-19,VOO,112.538,113.334,112.299,113.286,731400,82857380.4
2013-04-22,VOO,113.509,114.034,112.761,113.795,527900,60072380.5
2013-04-23,VOO,114.352,115.068,113.795,115.005,875050,100635125.25
2013-04-24,VOO,115.005,115.355,114.798,115.037,1775750,204276952.75
2013-04-25,VOO,115.371,116.055,115.212,115.546,300450,34715795.7
2013-04-26,VOO,115.355,115.562,114.941,115.291,259750,29946837.25
2013-04-29,VOO,115.625,116.326,115.45,116.039,519050,60230042.95
2013-04-30,VOO,116.071,116.405,115.594,116.405,486350,56613571.75
2013-05-01,VOO,116.119,116.151,115.212,115.355,462400,53340152.0
2013-05-02,VOO,115.673,116.501,115.546,116.389,404700,47102628.3
2013-05-03,VOO,117.44,117.965,117.376,117.488,475850,55906664.8
2013-05-06,VOO,117.695,118.077,117.631,117.854,699750,82468336.5
2013-05-07,VOO,118.156,118.538,117.822,118.458,391950,46429613.1
2013-05-08,VOO,118.395,119.079,118.315,119.079,294900,35116397.1
2013-05-09,VOO,119.0,119.302,118.427,118.729,397550,47200713.95
2013-05-10,VOO,118.84,119.159,118.474,119.143,671150,79962824.45
2013-05-13,VOO,118.952,119.366,118.665,119.127,1208650,143982848.55
2013-05-14,VOO,119.318,120.496,119.286,120.384,363000,43699392.0
2013-05-15,VOO,120.241,121.307,120.193,121.069,707050,85601836.45
2013-05-16,VOO,120.846,121.228,120.337,120.512,676650,81544444.8
2013-05-17,VOO,120.973,121.737,120.814,121.657,660750,80384862.75
2013-05-20,VOO,121.562,122.151,121.451,121.657,665450,80956650.65
2013-05-21,VOO,121.801,122.294,121.371,121.817,481200,58618340.4
2013-05-22,VOO,122.008,123.233,120.4,121.005,978050,118348940.25
2013-05-23,VOO,119.636,120.894,119.477,120.575,1134700,136816452.5
2013-05-24,VOO,119.843,120.48,119.525,120.416,684800,82460876.8
2013-05-28,VOO,121.864,122.294,120.862,121.275,566800,68738670.0
2013-05-29,VOO,120.559,120.83,119.779,120.352,881200,106054182.4
2013-05-30,VOO,120.496,121.419,120.448,120.878,444800,53766534.4
2013-05-31,VOO,120.543,121.18,118.968,119.111,814800,97051642.8
2013-06-03,VOO,119.413,119.843,118.538,119.732,1002250,120001397.0
2013-06-04,VOO,119.827,120.336,118.602,119.366,1190650,142123127.9
2013-06-05,VOO,118.872,119.079,117.44,117.535,1122300,131909530.5
2013-06-06,VOO,117.504,118.554,116.787,118.458,1172500,138892005.0
2013-06-07,VOO,119.429,120.209,118.904,120.114,1464650,175924970.1
2013-06-10,VOO,120.528,120.528,119.795,120.066,1841250,221071522.5
2013-06-11,VOO,118.984,119.907,118.554,118.84,1502800,178592752.0
2013-06-12,VOO,119.7,119.779,117.774,117.917,1058300,124791561.1
2013-06-13,VOO,117.79,119.843,117.551,119.62,1280150,153131543.0
2013-06-14,VOO,119.509,119.986,118.697,118.888,1172650,139414013.2
2013-06-17,VOO,119.748,120.384,119.191,119.843,1048100,125607448.3
2013-06-18,VOO,119.923,120.957,119.923,120.766,1033300,124787507.8
2013-06-19,VOO,120.703,120.909,119.095,119.159,990950,118080611.05
2013-06-20,VOO,117.949,118.124,115.832,116.135,1686200,195826837.0
2013-06-21,VOO,116.946,117.058,115.371,116.501,1565400,182370665.4
2013-06-24,VOO,115.332,116.067,114.1,115.028,1863750,214383435.0
2013-06-25,VOO,116.115,116.579,115.348,116.179,1520750,176679214.25
2013-06-26,VOO,117.123,117.571,116.675,117.267,1710800,200620383.6
2013-06-27,VOO,118.035,118.563,117.939,118.051,756150,89264263.65
2013-06-28,VOO,117.699,118.259,117.139,117.315,1026450,120417981.75
2013-07-01,VOO,118.163,119.011,118.003,118.195,1394400,164811108.0
2013-07-02,VOO,118.019,118.899,117.571,118.019,1208750,142655466.25
2013-07-03,VOO,117.619,118.499,117.379,118.131,513250,60630735.75
2013-07-05,VOO,119.075,119.491,118.195,119.443,626450,74825067.35
2013-07-08,VOO,120.066,120.434,119.842,120.066,836550,100441212.3
2013-07-09,VOO,120.85,121.138,120.354,120.978,792000,95814576.0
2013-07-10,VOO,120.914,121.426,120.626,121.01,771550,93365265.5
2013-07-11,VOO,122.434,122.802,122.034,122.722,1298350,159336108.7
2013-07-12,VOO,122.69,122.994,122.466,122.754,971450,119249373.3
2013-07-15,VOO,123.042,123.346,122.866,123.202,643900,79329767.8
2013-07-16,VOO,123.266,123.33,122.402,122.738,698900,85781588.2
2013-07-17,VOO,123.202,123.394,122.898,123.042,702400,86424700.8
2013-07-18,VOO,123.314,124.017,123.282,123.745,432700,53544461.5
2013-07-19,VOO,123.49,123.969,123.314,123.969,367600,45571004.4
2013-07-22,VOO,124.129,124.369,123.841,124.193,420100,52173479.3
2013-07-23,VOO,124.433,124.465,123.857,123.937,1034850,128256204.45
2013-07-24,VOO,124.433,124.449,123.234,123.474,790000,97544460.0
2013-07-25,VOO,123.218,123.858,123.058,123.698,314200,38865911.6
2013-07-26,VOO,123.234,123.937,122.738,123.857,876850,108604010.45
2013-07-29,VOO,123.586,123.857,123.154,123.49,927100,114487579.0
2013-07-30,VOO,123.937,124.033,123.25,123.506,446950,55201006.7
2013-07-31,VOO,123.777,124.433,123.442,123.538,623550,77032119.9
2013-08-01,VOO,124.513,125.137,124.481,125.041,491850,61501415.85
2013-08-02,VOO,124.785,125.249,124.593,125.233,558650,69961415.45
2013-08-05,VOO,125.041,125.265,124.833,125.153,317900,39786138.7
2013-08-06,VOO,124.865,124.929,124.097,124.401,413650,51458473.65
2013-08-07,VOO,123.969,124.129,123.522,123.969,431150,53449234.35
2013-08-08,VOO,124.545,124.657,123.745,124.401,499050,62082319.05
2013-08-09,VOO,124.257,124.625,123.649,124.049,618400,76711901.6
2013-08-12,VOO,123.442,124.049,123.394,123.889,330550,40951508.95
2013-08-13,VOO,124.097,124.465,123.394,124.369,2052850,255310901.65
2013-08-14,VOO,124.225,124.401,123.601,123.665,496300,61374939.5
2013-08-15,VOO,122.626,122.626,121.698,121.858,750750,91484893.5
2013-08-16,VOO,121.666,122.066,121.234,121.506,615000,74726190.0
2013-08-19,VOO,121.33,121.746,120.722,120.738,825050,99614886.9
2013-08-20,VOO,120.93,121.746,120.786,121.218,933300,113132759.4
2013-08-21,VOO,120.978,121.618,120.29,120.594,498450,60110079.3
2013-08-22,VOO,120.802,121.826,120.802,121.65,635800,77345070.0
2013-08-23,VOO,122.034,122.21,121.458,122.05,424400,51798020.0
2013-08-26,VOO,122.21,122.578,121.538,121.666,704050,85658947.3
2013-08-27,VOO,120.434,120.866,119.571,119.666,803600,96163597.6
2013-08-28,VOO,119.603,120.482,119.443,120.066,665900,79951949.4
2013-08-29,VOO,119.794,120.882,119.73,120.258,923100,111010159.8
2013-08-30,VOO,120.482,120.482,119.539,119.73,870300,104201019.0
2013-09-03,VOO,121.026,121.282,119.922,120.434,1569400,189009119.6
2013-09-04,VOO,120.466,121.618,120.258,121.442,700250,85039760.5
2013-09-05,VOO,121.49,121.89,121.41,121.41,692800,84112848.0
2013-09-06,VOO,122.002,122.322,120.498,121.618,1109250,134904766.5
2013-09-09,VOO,121.97,122.866,121.97,122.818,1185400,145588457.2
2013-09-10,VOO,123.554,123.745,123.298,123.745,1038650,128527744.25
2013-09-11,VOO,123.57,124.129,123.346,124.129,807650,100252786.85
2013-09-12,VOO,124.097,124.241,123.618,123.825,855500,105932287.5
2013-09-13,VOO,123.905,124.177,123.65,124.081,540000,67003740.0
2013-09-16,VOO,125.425,125.473,124.593,124.833,693950,86627860.35
2013-09-17,VOO,124.897,125.345,124.897,125.345,2351450,294742500.25
2013-09-18,VOO,125.313,127.137,124.993,126.849,990900,125694674.1
2013-09-19,VOO,127.137,127.201,126.465,126.641,2964000,375363924.0
2013-09-20,VOO,126.897,126.897,125.617,125.649,611450,76828081.05
2013-09-23,VOO,125.525,125.638,124.721,125.188,1400700,175350831.6
2013-09-24,VOO,125.107,125.574,124.609,124.914,1632400,203909613.6
2013-09-25,VOO,124.914,125.123,124.368,124.512,789000,98239968.0
2013-09-26,VOO,124.689,125.284,124.48,125.011,622250,77788094.75
2013-09-27,VOO,124.352,124.545,124.062,124.48,1405950,175012656.0
2013-09-30,VOO,123.307,124.094,123.066,123.789,1521800,188382100.2
2013-10-01,VOO,123.821,124.802,123.725,124.737,1110450,138514201.65
2013-10-02,VOO,123.934,124.593,123.58,124.577,1253600,156169727.2
2013-10-03,VOO,124.271,124.368,122.857,123.467,1447700,178743175.9
2013-10-04,VOO,123.532,124.48,123.371,124.368,538450,66965949.6
2013-10-07,VOO,123.275,124.03,123.162,123.307,690850,85186640.95
2013-10-08,VOO,123.258,123.403,121.763,121.876,2071600,252478321.6
2013-10-09,VOO,122.101,122.374,121.152,121.876,1340100,163326027.6
2013-10-10,VOO,123.146,124.625,123.146,124.625,1441200,179609550.0
2013-10-11,VOO,124.384,125.413,124.287,125.365,1235900,154938603.5
2013-10-14,VOO,124.609,125.959,124.496,125.911,1408450,177339347.95
2013-10-15,VOO,125.541,126.008,124.802,124.979,1655750,206933979.25
2013-10-16,VOO,125.686,126.763,125.638,126.683,3102850,393078346.55
2013-10-17,VOO,126.2,127.615,126.184,127.551,2548900,325114743.9
2013-10-18,VOO,128.001,128.499,127.776,128.403,1671950,214683395.85
2013-10-21,VOO,128.483,128.66,128.146,128.467,1009100,129636049.7
2013-10-22,VOO,128.821,129.528,128.628,129.158,1364950,176294212.1
2013-10-23,VOO,128.741,128.773,128.114,128.564,948250,121910813.0
2013-10-24,VOO,128.789,129.126,128.499,128.982,795600,102618079.2
2013-10-25,VOO,129.255,129.576,128.998,129.576,1019700,132128647.2
2013-10-28,VOO,129.536,129.954,129.384,129.737,1155000,149846235.0
2013-10-29,VOO,130.051,130.533,129.89,130.533,844500,110235118.5
2013-10-30,VOO,130.646,130.718,129.359,129.802,3362100,436407304.2
2013-10-31,VOO,129.737,130.252,129.255,129.319,1437500,185896062.5
2013-11-01,VOO,129.641,130.043,129.038,129.689,1341300,173951855.7
2013-11-04,VOO,130.147,130.276,129.721,130.276,2940900,383128688.4
2013-11-05,VOO,129.689,130.147,129.287,129.882,1147000,148974654.0
2013-11-06,VOO,130.388,130.694,130.003,130.485,1510400,197084544.0
2013-11-07,VOO,130.742,130.814,128.692,128.813,1242100,159998627.3
2013-11-08,VOO,128.789,130.581,128.757,130.581,1629500,212781739.5
2013-11-11,VOO,130.445,130.718,130.292,130.557,1109900,144905214.3
2013-11-12,VOO,130.292,130.597,129.882,130.324,929600,121149190.4
2013-11-13,VOO,129.681,131.377,129.681,131.329,1336300,175494942.7
2013-11-14,VOO,131.514,132.133,131.281,132.06,1720600,227222436.0
2013-11-15,VOO,132.229,132.631,132.084,132.631,710300,94207799.3
2013-11-18,VOO,132.856,132.928,131.835,132.141,1319800,174399691.8
2013-11-19,VOO,132.052,132.454,131.618,131.883,1156500,152522689.5
2013-11-20,VOO,132.101,132.486,131.088,131.465,1468000,192990620.0
2013-11-21,VOO,131.827,132.591,131.731,132.494,2121600,281099270.4
2013-11-22,VOO,132.559,133.17,132.406,133.17,1405200,187130484.0
2013-11-25,VOO,133.379,133.411,132.84,133.089,810000,107802090.0
2013-11-26,VOO,133.105,133.443,132.864,133.025,773300,102868232.5
2013-11-27,VOO,133.194,133.467,133.041,133.387,826300,110217678.1
2013-11-29,VOO,133.515,133.845,133.154,133.194,614400,81834393.6
2013-12-02,VOO,133.395,133.612,132.752,132.985,1409000,187375865.0
2013-12-03,VOO,132.543,132.84,131.956,132.47,1076900,142656943.0
2013-12-04,VOO,131.908,132.904,131.337,132.318,1374100,181818163.8
2013-12-05,VOO,132.149,132.35,131.666,131.811,1168500,154021153.5
2013-12-06,VOO,133.073,133.371,132.679,133.306,1208700,161126962.2
2013-12-09,VOO,133.636,133.781,133.427,133.612,1586300,211948715.6
2013-12-10,VOO,133.29,133.571,133.041,133.154,1747700,232713245.8
2013-12-11,VOO,133.17,133.194,131.457,131.642,1079100,142054882.2
2013-12-12,VOO,131.538,131.707,130.919,131.208,3453800,453166190.4
2013-12-13,VOO,131.449,131.57,130.927,131.168,2151000,282142368.0
2013-12-16,VOO,131.795,132.406,131.747,132.004,1838100,242636552.4
2013-12-17,VOO,132.092,132.117,131.273,131.538,1479800,194649932.4
2013-12-18,VOO,131.763,133.845,130.228,133.829,3112400,416529379.6
2013-12-19,VOO,133.459,133.813,133.089,133.708,1242900,166185673.2
2013-12-20,VOO,133.789,134.761,133.789,134.383,1303500,175168240.5
2013-12-23,VOO,135.099,135.806,134.842,135.806,1480200,201020041.2
2013-12-24,VOO,135.155,135.51,135.147,135.494,585700,79358835.8
2013-12-26,VOO,135.737,136.205,135.737,136.125,968100,131782612.5
2013-12-27,VOO,136.359,136.391,135.995,136.133,929700,126562850.1
2013-12-30,VOO,136.149,136.23,135.939,136.076,1112800,151425372.8
2013-12-31,VOO,136.31,136.771,136.197,136.706,774400,105865126.4
2014-01-02,VOO,136.205,136.27,135.13,135.478,1731300,234553061.4
2014-01-03,VOO,135.68,135.947,135.236,135.357,1710500,231528148.5
2014-01-06,VOO,135.866,135.906,134.823,135.017,1339000,180787763.0
2014-01-07,VOO,135.559,136.076,135.478,135.858,824700,112042092.6
2014-01-08,VOO,135.834,136.1,135.413,135.914,3147500,427789315.0
2014-01-09,VOO,136.319,136.327,135.365,135.995,1117200,151933614.0
2014-01-10,VOO,136.222,136.383,135.502,136.31,990200,134974162.0
2014-01-13,VOO,136.011,136.375,134.282,134.581,1338500,180136668.5
2014-01-14,VOO,134.993,136.068,134.734,135.979,866000,117757814.0
2014-01-15,VOO,136.286,136.933,136.254,136.747,943100,128966095.7
2014-01-16,VOO,136.44,136.585,136.117,136.537,778500,106294054.5
2014-01-17,VOO,136.343,136.577,135.753,135.947,904300,122936872.1
2014-01-21,VOO,136.763,136.812,135.543,136.375,1366400,186342800.0
2014-01-22,VOO,136.634,136.65,136.173,136.456,751200,102505747.2
2014-01-23,VOO,135.785,135.785,134.637,135.357,1294000,175151958.0
2014-01-24,VOO,134.46,134.5,132.439,132.447,1828900,242232318.3
2014-01-27,VOO,132.601,132.908,131.162,131.801,2882100,379863662.1
2014-01-28,VOO,131.93,132.746,131.881,132.617,1067400,141555385.8
2014-01-29,VOO,131.534,132.197,130.984,131.235,1346400,176694804.0
2014-01-30,VOO,132.455,133.126,132.003,132.706,2086700,276917610.2
2014-01-31,VOO,131.049,132.746,131.009,131.882,1322100,174361192.2
2014-02-03,VOO,131.752,132.067,128.713,128.996,2969400,383040722.4
2014-02-04,VOO,129.546,130.184,129.093,129.869,1116700,145024712.3
2014-02-05,VOO,129.392,129.974,128.649,129.651,1701400,220588211.4
2014-02-06,VOO,130.047,131.405,130.023,131.389,1109600,145789234.4
2014-02-07,VOO,132.035,133.175,131.615,133.086,1258200,167448805.2
2014-02-10,VOO,133.061,133.32,132.706,133.296,937400,124951670.4
2014-02-11,VOO,133.449,135.074,133.328,134.767,1497400,201800105.8
2014-02-12,VOO,134.961,135.373,134.549,134.888,1855000,250217240.0
2014-02-13,VOO,133.918,135.648,133.918,135.551,1336600,181177466.6
2014-02-14,VOO,135.421,136.512,135.268,136.27,917200,124986844.0
2014-02-18,VOO,136.375,136.618,135.995,136.472,1174300,160259069.6
2014-02-19,VOO,136.116,136.973,135.429,135.535,1928100,261325033.5
2014-02-20,VOO,135.72,136.642,135.236,136.302,1080000,147206160.0
2014-02-21,VOO,136.601,136.917,136.116,136.238,706200,96211275.6
2014-02-24,VOO,136.48,137.854,136.407,136.884,978600,133954682.4
2014-02-25,VOO,137.054,137.418,136.456,136.836,1001000,136972836.0
2014-02-26,VOO,137.062,137.426,136.513,136.836,709000,97016724.0
2014-02-27,VOO,136.706,137.612,136.561,137.595,1034200,142300749.0
2014-02-28,VOO,137.571,138.581,137.046,137.903,853900,117755371.7
2014-03-03,VOO,136.739,137.305,136.084,136.957,2235900,306222156.3
2014-03-04,VOO,138.339,139.196,138.307,138.913,1281500,178017009.5
2014-03-05,VOO,139.01,139.26,138.84,138.937,983100,136588964.7
2014-03-06,VOO,139.446,139.689,139.163,139.382,1037000,144539134.0
2014-03-07,VOO,139.883,139.923,138.84,139.349,1205600,167999154.4
2014-03-10,VOO,139.204,139.398,138.581,139.374,885300,123387802.2
2014-03-11,VOO,139.6,139.753,138.339,138.606,945700,131079694.2
2014-03-12,VOO,138.0,138.727,137.684,138.703,1065000,147718695.0
2014-03-13,VOO,139.123,139.204,136.755,137.167,1659400,227614919.8
2014-03-14,VOO,136.868,137.571,136.585,136.771,1323500,181016418.5
2014-03-17,VOO,137.442,138.315,137.385,138.0,1695400,233965200.0
2014-03-18,VOO,138.258,139.155,138.145,138.978,779700,108361146.6
2014-03-19,VOO,139.034,139.196,137.385,138.218,1166300,161203653.4
2014-03-20,VOO,137.943,139.139,137.693,139.002,818200,113731436.4
2014-03-21,VOO,139.664,139.972,138.396,138.541,825200,114324033.2
2014-03-24,VOO,138.987,139.149,137.339,137.956,2004900,276587984.4
2014-03-25,VOO,138.654,139.036,137.842,138.63,1202100,166647123.0
2014-03-26,VOO,139.149,139.352,137.574,137.607,1155600,159018649.2
2014-03-27,VOO,137.469,137.842,136.787,137.331,980700,134680511.7
2014-03-28,VOO,137.72,138.662,137.615,137.939,548900,75714717.1
2014-03-31,VOO,138.865,139.312,138.727,139.117,822000,114354174.0
2014-04-01,VOO,139.539,140.123,139.45,140.05,1247500,174712375.0
2014-04-02,VOO,140.229,140.692,139.969,140.529,1972800,277235611.2
2014-04-03,VOO,140.724,140.757,139.904,140.31,718300,100784673.0
2014-04-04,VOO,141.082,141.122,138.451,138.622,2270800,314782837.6
2014-04-07,VOO,138.313,138.548,136.86,137.128,1645000,225575560.0
2014-04-08,VOO,137.038,137.923,136.576,137.696,2064000,284204544.0
2014-04-09,VOO,138.086,139.206,137.704,139.182,768800,107003121.6
2014-04-10,VOO,139.174,139.23,136.088,136.21,1286900,175288649.0
2014-04-11,VOO,135.52,136.437,134.862,134.984,1762400,237895801.6
2014-04-14,VOO,136.056,136.397,134.984,136.072,1456600,198202475.2
2014-04-15,VOO,136.381,137.103,135.041,137.014,2160100,295963941.4
2014-04-16,VOO,137.956,138.467,137.363,138.459,2410000,333686190.0
2014-04-17,VOO,138.305,139.027,138.045,138.622,925500,128294661.0
2014-04-21,VOO,138.711,139.173,138.556,139.133,804400,111918585.2
2014-04-22,VOO,139.295,140.148,139.23,139.742,1053300,147190248.6
2014-04-23,VOO,139.718,139.774,139.36,139.409,724500,101001820.5
2014-04-24,VOO,140.156,140.156,139.076,139.718,543900,75992620.2
2014-04-25,VOO,139.279,139.344,138.28,138.597,1357900,188200866.3
2014-04-28,VOO,139.149,139.612,137.607,139.019,647800,90056508.2
2014-04-29,VOO,139.474,139.88,139.182,139.685,1065900,148890241.5
2014-04-30,VOO,139.441,140.221,139.238,140.123,605300,84816451.9
2014-05-01,VOO,140.05,140.481,139.669,140.132,623900,87428354.8
2014-05-02,VOO,140.099,140.667,139.693,139.904,754800,105599539.2
2014-05-05,VOO,139.23,140.229,138.849,140.197,792600,111120142.2
2014-05-06,VOO,139.864,139.953,138.922,138.979,567700,78898378.3
2014-05-07,VOO,139.425,139.823,138.378,139.799,1160600,162250719.4
2014-05-08,VOO,139.612,140.619,139.182,139.628,1390700,194180659.6
2014-05-09,VOO,139.628,139.88,138.995,139.872,955400,133633708.8
2014-05-12,VOO,140.424,141.252,140.424,141.195,780100,110146219.5
2014-05-13,VOO,141.341,141.666,141.179,141.325,994800,140590110.0
2014-05-14,VOO,141.195,141.244,140.456,140.643,1335700,187856855.1
2014-05-15,VOO,140.375,140.399,138.727,139.376,3191100,444762753.6
2014-05-16,VOO,139.482,139.937,138.914,139.92,699600,97888032.0
2014-05-19,VOO,139.628,140.538,139.49,140.399,926900,130135833.1
2014-05-20,VOO,140.343,140.359,139.165,139.474,669400,93363895.6
2014-05-21,VOO,139.937,140.757,139.896,140.684,991300,139460049.2
2014-05-22,VOO,140.74,141.317,140.505,141.065,859000,121174835.0
2014-05-23,VOO,141.195,141.707,141.122,141.65,613900,86958935.0
2014-05-27,VOO,142.153,142.527,142.08,142.486,890000,126812540.0
2014-05-28,VOO,142.502,142.721,142.153,142.34,990900,141044706.0
2014-05-29,VOO,142.746,143.152,142.38,143.152,541000,77445232.0
2014-05-30,VOO,143.022,143.452,142.876,143.339,874700,125378623.3
2014-06-02,VOO,143.566,143.582,142.843,143.533,1620200,232552166.6
2014-06-03,VOO,143.176,143.533,143.071,143.444,1252900,179720987.6
2014-06-04,VOO,143.192,143.826,143.054,143.704,984900,141534069.6
2014-06-05,VOO,143.899,144.824,143.403,144.678,853600,123497140.8
2014-06-06,VOO,145.019,145.401,144.938,145.368,586800,85301942.4
2014-06-09,VOO,145.36,145.888,145.222,145.514,461800,67198365.2
2014-06-10,VOO,145.352,145.571,145.052,145.547,959900,139710565.3
2014-06-11,VOO,145.035,145.182,144.719,145.076,558100,80966915.6
2014-06-12,VOO,144.857,144.938,143.688,143.996,891400,128358034.4
2014-06-13,VOO,144.297,144.573,143.842,144.451,731200,105622571.2
2014-06-16,VOO,144.264,144.849,144.11,144.573,756700,109398389.1
2014-06-17,VOO,144.378,145.068,144.215,144.954,2934400,425353017.6
2014-06-18,VOO,144.995,146.115,144.654,146.034,501900,73294464.6
2014-06-19,VOO,146.172,146.31,145.742,146.213,746900,109206489.7
2014-06-20,VOO,146.554,146.602,146.342,146.505,830300,121643101.5
2014-06-23,VOO,146.553,146.577,146.202,146.439,737700,108028050.3
2014-06-24,VOO,146.219,146.912,145.419,145.574,391700,57021335.8
2014-06-25,VOO,145.281,146.382,145.273,146.194,586000,85669684.0
2014-06-26,VOO,146.276,146.292,145.15,146.121,676800,98894692.8
2014-06-27,VOO,145.811,146.439,145.729,146.374,1032300,151101880.2
2014-06-30,VOO,146.333,146.651,146.211,146.333,1261200,184555179.6
2014-07-01,VOO,146.7,147.768,146.659,147.36,1199000,176684640.0
2014-07-02,VOO,147.344,147.638,147.263,147.466,511500,75428859.0
2014-07-03,VOO,147.866,148.249,147.776,148.209,327900,48597731.1
2014-07-07,VOO,147.923,148.021,147.483,147.727,1151800,170151958.6
2014-07-08,VOO,147.426,147.466,146.39,146.773,749400,109991686.2
2014-07-09,VOO,147.091,147.515,146.798,147.385,930300,137112265.5
2014-07-10,VOO,145.99,147.181,145.852,146.822,614600,90236801.2
2014-07-11,VOO,146.749,147.091,146.398,147.018,520400,76508167.2
2014-07-14,VOO,147.776,147.948,147.629,147.744,493100,72852566.4
2014-07-15,VOO,147.817,148.127,146.847,147.491,1207000,178021637.0
2014-07-16,VOO,148.143,148.233,147.621,148.054,539400,79860327.6
2014-07-17,VOO,147.581,148.119,146.137,146.316,1103900,161518232.4
2014-07-18,VOO,146.814,147.972,146.749,147.858,571500,84500847.0
2014-07-21,VOO,147.377,147.678,146.904,147.54,866000,127769640.0
2014-07-22,VOO,148.086,148.461,147.956,148.2,1509500,223707900.0
2014-07-23,VOO,148.429,148.69,148.135,148.551,750900,111546945.9
2014-07-24,VOO,148.722,148.836,148.404,148.551,535800,79593625.8
2014-07-25,VOO,148.143,148.241,147.564,147.842,635700,93983159.4
2014-07-28,VOO,147.899,148.103,147.026,147.907,485700,71838429.9
2014-07-29,VOO,148.184,148.339,147.263,147.279,639000,94111281.0
2014-07-30,VOO,147.793,147.972,146.683,147.279,1128500,166204351.5
2014-07-31,VOO,146.267,146.39,144.318,144.318,2430500,350764899.0
2014-08-01,VOO,143.96,144.857,143.25,143.968,3398000,489203264.0
2014-08-04,VOO,144.196,145.256,143.593,144.979,2212000,320693548.0
2014-08-05,VOO,144.384,144.742,143.046,143.511,1251300,179575314.3
2014-08-06,VOO,142.883,144.204,142.867,143.601,1185800,170282065.8
2014-08-07,VOO,144.269,144.384,142.475,142.826,1527100,218109584.6
2014-08-08,VOO,143.12,144.571,142.801,144.481,1209900,174807561.9
2014-08-11,VOO,145.061,145.55,144.848,144.889,1191200,172591776.8
2014-08-12,VOO,144.734,145.158,144.269,144.718,513900,74370580.2
2014-08-13,VOO,145.289,145.843,145.061,145.737,781600,113908039.2
2014-08-14,VOO,145.917,146.374,145.795,146.374,842000,123246908.0
2014-08-15,VOO,146.92,147.042,145.313,146.333,1694300,247932001.9
2014-08-18,VOO,147.173,147.638,147.075,147.548,1039100,153317126.8
2014-08-19,VOO,147.939,148.453,147.801,148.331,583000,86476973.0
2014-08-20,VOO,148.151,148.926,148.143,148.739,1507800,224268664.2
2014-08-21,VOO,148.902,149.383,148.771,149.163,756600,112856725.8
2014-08-22,VOO,149.081,149.318,148.624,148.926,656500,97769919.0
2014-08-25,VOO,149.685,149.946,149.465,149.701,1097200,164251937.2
2014-08-26,VOO,149.831,150.198,149.774,149.823,749500,112292338.5
2014-08-27,VOO,149.905,149.978,149.522,149.799,602600,90268877.4
2014-08-28,VOO,149.261,149.75,149.122,149.685,447700,67013974.5
2014-08-29,VOO,149.921,150.109,149.432,150.052,617200,92612094.4
2014-09-02,VOO,150.304,150.304,149.464,150.011,553800,83076091.8
2014-09-03,VOO,150.59,150.614,149.725,149.946,627600,94106109.6
2014-09-04,VOO,150.158,150.729,149.326,149.701,536700,80344526.7
2014-09-05,VOO,149.676,150.443,149.146,150.419,502300,75555463.7
2014-09-08,VOO,150.256,150.435,149.571,150.035,635900,95407256.5
2014-09-09,VOO,149.889,149.962,148.763,149.065,515300,76813194.5
2014-09-10,VOO,149.155,149.693,148.649,149.652,849800,127174269.6
2014-09-11,VOO,149.04,149.815,148.926,149.791,525700,78745128.7
2014-09-12,VOO,149.644,149.66,148.494,148.902,724000,107805048.0
2014-09-15,VOO,148.951,149.032,148.339,148.804,1021700,152033046.8
2014-09-16,VOO,148.518,150.158,148.429,149.913,565100,84715836.3
2014-09-17,VOO,150.15,150.81,149.407,150.125,975000,146371875.0
2014-09-18,VOO,150.59,150.924,150.411,150.908,740000,111671920.0
2014-09-19,VOO,151.397,151.56,150.533,150.761,964000,145333604.0
2014-09-22,VOO,150.528,150.561,149.324,149.594,836700,125165299.8
2014-09-23,VOO,149.094,149.709,148.734,148.75,752200,111889750.0
2014-09-24,VOO,148.824,150.012,148.414,149.947,968500,145223669.5
2014-09-25,VOO,149.545,149.562,147.488,147.538,1603000,236503414.0
2014-09-26,VOO,147.792,149.037,147.603,148.726,916900,136366869.4
2014-09-29,VOO,147.439,148.685,147.308,148.431,1482800,220093486.8
2014-09-30,VOO,148.562,148.98,147.734,147.98,767700,113604246.0
2014-10-01,VOO,147.775,147.841,145.702,146.038,2380200,347599647.6
2014-10-02,VOO,145.899,146.538,144.547,146.03,1263800,184552714.0
2014-10-03,VOO,147.07,147.947,146.579,147.66,1217400,179761284.0
2014-10-06,VOO,148.267,148.463,146.972,147.48,1307000,192756360.0
2014-10-07,VOO,146.718,147.046,145.202,145.219,930600,135140801.4
2014-10-08,VOO,145.309,147.939,144.53,147.759,1897500,280372702.5
2014-10-09,VOO,147.497,147.677,144.711,144.776,1428600,206826993.6
2014-10-10,VOO,144.751,145.489,143.121,143.154,2469900,353576064.6
2014-10-13,VOO,143.096,143.604,140.72,140.802,2109200,296979578.4
2014-10-14,VOO,141.539,142.596,140.531,141.031,2431300,342888670.3
2014-10-15,VOO,139.138,140.368,136.721,139.982,5460300,764343714.6
2014-10-16,VOO,137.516,140.9,137.401,139.892,4452600,622883119.2
2014-10-17,VOO,141.539,142.564,140.974,141.621,2259400,319978487.4
2014-10-20,VOO,141.375,143.072,141.31,143.014,1379400,197273511.6
2014-10-21,VOO,144.039,145.891,143.883,145.792,2884200,420493286.4
2014-10-22,VOO,146.095,146.448,144.719,144.801,2374200,343786534.2
2014-10-23,VOO,146.226,147.374,145.997,146.464,1812400,265451353.6
2014-10-24,VOO,146.702,147.636,146.153,147.562,1152600,170079961.2
2014-10-27,VOO,147.095,147.603,146.571,147.374,1476000,217524024.0
2014-10-28,VOO,147.898,149.086,147.824,149.07,1330000,198263100.0
2014-10-29,VOO,149.16,149.611,147.882,148.898,1600700,238341028.6
2014-10-30,VOO,148.455,150.225,148.357,149.84,1588900,238080776.0
2014-10-31,VOO,151.61,151.635,150.856,151.536,1946100,294904209.6
2014-11-03,VOO,151.758,152.102,151.266,151.626,2270000,344191020.0
2014-11-04,VOO,151.233,151.471,150.324,151.086,1639400,247690388.4
2014-11-05,VOO,152.2,152.233,151.381,152.077,1826500,277768640.5
2014-11-06,VOO,152.061,152.725,151.512,152.692,1758600,268524151.2
2014-11-07,VOO,152.692,152.97,152.249,152.823,1396400,213402037.2
2014-11-10,VOO,152.806,153.315,152.634,153.282,1876400,287618344.8
2014-11-11,VOO,153.347,153.511,153.052,153.429,1031600,158277356.4
2014-11-12,VOO,152.815,153.462,152.79,153.306,2742900,420503027.4
2014-11-13,VOO,153.429,153.921,152.725,153.446,1163600,178549765.6
2014-11-14,VOO,153.388,153.667,153.11,153.503,1464500,224805143.5
2014-11-17,VOO,153.175,153.716,153.036,153.585,584600,89785791.0
2014-11-18,VOO,153.626,154.724,153.626,154.47,1252600,193489122.0
2014-11-19,VOO,154.257,154.445,153.536,154.191,1880800,290002432.8
2014-11-20,VOO,153.47,154.576,153.47,154.47,866800,133894596.0
2014-11-21,VOO,156.043,156.084,154.83,155.339,1586200,246398721.8
2014-11-24,VOO,155.707,155.863,155.502,155.74,1365900,212725266.0
2014-11-25,VOO,155.969,156.15,155.412,155.691,1736700,270388559.7
2014-11-26,VOO,155.773,156.117,155.593,156.051,824400,128648444.4
2014-11-28,VOO,155.937,156.207,155.494,155.715,430200,66988593.0
2014-12-01,VOO,155.109,155.191,154.347,154.65,2083600,322228740.0
2014-12-02,VOO,154.634,155.797,154.634,155.625,1446800,225158250.0
2014-12-03,VOO,155.773,156.412,155.666,156.223,2240100,349955142.3
2014-12-04,VOO,155.978,156.502,155.339,156.068,1573000,245494964.0
2014-12-05,VOO,156.223,156.666,155.978,156.346,2215900,346447101.4
2014-12-08,VOO,155.978,156.371,154.749,155.281,1527800,237238311.8
2014-12-09,VOO,153.585,155.257,153.216,155.158,1763100,273559069.8
2014-12-10,VOO,154.757,154.757,152.495,152.725,1749800,267238205.0
2014-12-11,VOO,153.216,154.929,153.077,153.437,1972600,302669826.2
2014-12-12,VOO,152.413,153.151,150.914,150.946,2614400,394633222.4
2014-12-15,VOO,151.807,152.184,149.357,149.898,2801400,419924257.2
2014-12-16,VOO,149.217,152.036,148.677,148.742,3837500,570797425.0
2014-12-17,VOO,149.111,152.044,149.004,151.741,5588600,848019752.6
2014-12-18,VOO,153.02,154.527,152.413,154.503,3820200,590232360.6
2014-12-19,VOO,155.109,155.797,154.536,155.216,1800800,279512972.8
2014-12-22,VOO,155.339,155.904,155.15,155.904,3005800,468616243.2
2014-12-23,VOO,156.461,156.486,155.937,156.142,1926800,300854405.6
2014-12-24,VOO,156.355,156.551,156.101,156.125,952700,148740287.5
2014-12-26,VOO,156.559,156.936,156.502,156.633,650300,101858439.9
2014-12-29,VOO,156.486,157.027,156.428,156.854,878600,137811924.4
2014-12-30,VOO,156.469,156.584,155.937,156.002,3224500,503028449.0
2014-12-31,VOO,156.305,156.437,154.363,154.38,1366000,210883080.0
2015-01-02,VOO,155.109,155.461,153.446,154.38,1865000,287918700.0
2015-01-05,VOO,153.446,153.569,151.315,151.667,2734700,414763744.9
2015-01-06,VOO,151.897,152.315,149.43,150.176,2245300,337190172.8
2015-01-07,VOO,151.372,152.339,150.963,152.053,2305600,350573396.8
2015-01-08,VOO,153.339,154.912,153.29,154.724,1740600,269312594.4
2015-01-09,VOO,155.117,155.15,152.946,153.421,2525200,387418709.2
2015-01-12,VOO,153.61,153.724,151.749,152.282,1847500,281340995.0
2015-01-13,VOO,153.413,154.388,150.692,151.881,2158500,327835138.5
2015-01-14,VOO,150.037,151.102,149.226,150.987,5216300,787593488.1
2015-01-15,VOO,151.495,151.799,149.463,149.578,1940700,290286024.6
2015-01-16,VOO,149.389,151.659,149.209,151.43,1472800,223026104.0
2015-01-20,VOO,152.102,152.331,150.43,151.807,1637600,248599143.2
2015-01-21,VOO,151.405,153.019,151.02,152.602,1586500,242103073.0
2015-01-22,VOO,153.306,154.994,152.085,154.937,6074900,941226781.3
2015-01-23,VOO,154.642,154.888,153.88,154.085,3109800,479173533.0
2015-01-26,VOO,153.88,154.47,153.175,154.388,2018000,311554984.0
2015-01-27,VOO,152.528,153.38,151.61,152.364,1979100,301543592.4
2015-01-28,VOO,153.454,153.495,150.242,150.356,2530800,380520964.8
2015-01-29,VOO,150.561,152.028,149.308,151.815,4338200,658603833.0
2015-01-30,VOO,150.742,151.905,149.652,149.947,2302500,345252967.5
2015-02-02,VOO,150.365,151.807,148.701,151.667,3397800,515334132.6
2015-02-03,VOO,152.52,153.937,152.241,153.88,1435000,220817800.0
2015-02-04,VOO,153.257,154.339,152.946,153.355,1861200,285424326.0
2015-02-05,VOO,153.962,155.027,153.929,154.912,1033800,160148025.6
2015-02-06,VOO,155.273,155.732,154.003,154.478,1454700,224719146.6
2015-02-09,VOO,153.896,154.535,153.413,153.773,2289300,352032528.9
2015-02-10,VOO,154.724,155.633,153.929,155.412,1798000,279430776.0
2015-02-11,VOO,155.289,155.879,154.691,155.519,1744400,271287343.6
2015-02-12,VOO,156.264,157.043,156.076,156.961,2008500,315256168.5
2015-02-13,VOO,157.1,157.69,156.887,157.649,1073100,169173141.9
2015-02-17,VOO,157.387,158.051,157.158,157.903,1700400,268498261.2
2015-02-18,VOO,157.559,157.969,157.33,157.936,1863000,294234768.0
2015-02-19,VOO,157.403,158.125,157.24,157.83,1017600,160607808.0
2015-02-20,VOO,157.436,158.821,156.879,158.788,1374000,218174712.0
2015-02-23,VOO,158.551,158.747,158.174,158.747,1497700,237755381.9
2015-02-24,VOO,158.715,159.37,158.501,159.214,1244200,198094058.8
2015-02-25,VOO,159.083,159.501,158.731,159.042,1983600,315475711.2
2015-02-26,VOO,158.96,159.091,158.321,158.862,994200,157940600.4
2015-02-27,VOO,158.78,159.01,158.305,158.313,966600,153025345.8
2015-03-02,VOO,158.403,159.354,158.395,159.354,1016600,161999276.4
2015-03-03,VOO,158.936,158.985,157.895,158.674,1388100,220255379.4
2015-03-04,VOO,158.149,158.19,157.108,158.01,1497500,236619975.0
2015-03-05,VOO,158.272,158.42,157.723,158.182,1135800,179663115.6
2015-03-06,VOO,157.33,157.78,155.642,155.945,1815600,283133742.0
2015-03-09,VOO,156.117,156.895,156.035,156.609,1132000,177281388.0
2015-03-10,VOO,155.338,155.388,154.027,154.036,2390500,368223058.0
2015-03-11,VOO,154.265,154.437,153.618,153.675,1857500,285451312.5
2015-03-12,VOO,154.224,155.691,154.216,155.658,2646900,412011160.2
2015-03-13,VOO,155.429,155.519,153.741,154.708,1792200,277267677.6
2015-03-16,VOO,155.355,156.822,155.322,156.822,1054700,165400163.4
2015-03-17,VOO,156.084,156.617,155.552,156.289,1460900,228322600.1
2015-03-18,VOO,155.83,158.772,155.273,158.149,2287400,361750022.6
2015-03-19,VOO,157.789,158.026,157.125,157.42,1372000,215980240.0
2015-03-20,VOO,158.305,159.288,158.256,158.846,1350100,214457984.6
2015-03-23,VOO,158.832,159.36,158.536,158.561,707100,112118483.1
2015-03-24,VOO,158.445,158.832,157.581,157.638,1587700,250281852.6
2015-03-25,VOO,157.836,158.025,155.307,155.34,1216700,189002178.0
2015-03-26,VOO,154.739,155.785,154.138,154.953,1906200,295371408.6
2015-03-27,VOO,154.871,155.48,154.698,155.274,1837000,285238338.0
2015-03-30,VOO,156.279,157.465,156.255,157.21,1414700,222404987.0
2015-03-31,VOO,156.469,157.951,155.802,155.826,2765200,430890055.2
2015-04-01,VOO,155.802,155.802,154.402,155.324,3379900,524979587.6
2015-04-02,VOO,155.225,156.23,155.06,155.785,1803500,280958247.5
2015-04-06,VOO,155.027,157.342,154.912,156.881,1242500,194924642.5
2015-04-07,VOO,156.881,157.581,156.461,156.461,1372300,214711430.3
2015-04-08,VOO,156.683,157.358,156.329,157.029,1412100,221740650.9
2015-04-09,VOO,156.856,157.894,156.452,157.712,794800,125349497.6
2015-04-10,VOO,157.918,158.602,157.754,158.577,1056900,167600031.3
2015-04-13,VOO,158.429,158.989,157.803,157.861,1227800,193821735.8
2015-04-14,VOO,157.655,158.314,157.119,158.149,2647800,418746922.2
2015-04-15,VOO,158.577,159.302,158.503,158.874,934900,148531302.6
2015-04-16,VOO,158.585,159.261,158.379,158.816,823300,130753212.8
2015-04-17,VOO,157.745,157.943,156.279,156.971,2059300,323250380.3
2015-04-20,VOO,157.861,158.709,157.762,158.404,1430300,226565241.2
2015-04-21,VOO,159.047,159.17,157.968,158.248,1089500,172411196.0
2015-04-22,VOO,158.536,159.187,157.721,159.03,1125400,178972362.0
2015-04-23,VOO,158.668,159.994,158.544,159.442,956400,152490328.8
2015-04-24,VOO,159.796,160.018,159.384,159.763,978300,156296142.9
2015-04-27,VOO,160.298,160.389,158.956,159.129,898200,142929667.8
2015-04-28,VOO,159.096,159.656,158.083,159.623,1103800,176191867.4
2015-04-29,VOO,158.8,159.5,158.248,158.972,1408900,223975650.8
2015-04-30,VOO,158.462,158.791,156.749,157.391,2506100,394437585.1
2015-05-01,VOO,158.099,159.104,158.009,159.038,1921200,305543805.6
2015-05-04,VOO,159.483,160.035,159.368,159.533,1060000,169104980.0
2015-05-05,VOO,159.285,159.615,157.581,157.671,1138300,179476899.3
2015-05-06,VOO,158.207,158.454,156.098,157.037,1588100,249390459.7
2015-05-07,VOO,156.971,158.05,156.683,157.671,1320700,208236089.7
2015-05-08,VOO,159.203,159.928,159.145,159.738,1322900,211317400.2
2015-05-11,VOO,159.722,159.944,158.923,158.972,1090100,173295377.2
2015-05-12,VOO,158.256,159.014,157.498,158.511,1852700,293673329.7
2015-05-13,VOO,158.923,159.458,158.347,158.561,589000,93392429.0
2015-05-14,VOO,159.483,160.274,159.228,160.216,902300,144562896.8
2015-05-15,VOO,160.34,160.504,159.961,160.381,719000,115313939.0
2015-05-18,VOO,160.298,161.114,160.175,160.875,984500,158381437.5
2015-05-19,VOO,160.966,161.237,160.57,160.793,980400,157641457.2
2015-05-20,VOO,160.908,161.386,160.439,160.686,3401300,546541291.8
2015-05-21,VOO,160.644,161.369,160.463,161.172,756200,121878266.4
2015-05-22,VOO,160.859,161.221,160.76,160.817,831600,133735417.2
2015-05-26,VOO,160.381,160.414,158.709,159.088,1235300,196521406.4
2015-05-27,VOO,159.5,160.801,159.203,160.554,1420100,228002735.4
2015-05-28,VOO,160.323,160.496,159.78,160.406,1114500,178772487.0
2015-05-29,VOO,160.331,160.373,159.162,159.36,1530900,243964224.0
2015-06-01,VOO,159.969,160.307,159.03,159.73,1157400,184871502.0
2015-06-02,VOO,159.31,160.191,158.75,159.565,1094400,174627936.0
2015-06-03,VOO,160.035,160.546,159.565,160.002,1213800,194210427.6
2015-06-04,VOO,159.384,159.887,158.363,158.701,1383400,219546963.4
2015-06-05,VOO,158.528,158.972,157.787,158.38,1567800,248308164.0
2015-06-08,VOO,158.272,158.396,157.325,157.399,1130100,177876609.9
2015-06-09,VOO,157.391,157.844,156.79,157.358,1466100,230702563.8
2015-06-10,VOO,158.099,159.598,158.034,159.228,1247700,198668775.6
2015-06-11,VOO,159.738,160.084,159.475,159.722,724700,115750533.4
2015-06-12,VOO,158.964,159.137,158.305,158.552,2147700,340522130.4
2015-06-15,VOO,157.49,158.108,156.872,157.819,1392600,219778739.4
2015-06-16,VOO,157.721,158.8,157.589,158.742,819800,130136691.6
2015-06-17,VOO,159.005,159.524,158.091,159.014,1170600,186141788.4
2015-06-18,VOO,159.458,161.04,159.45,160.587,1041600,167267419.2
2015-06-19,VOO,160.439,160.48,159.656,159.656,691400,110386158.4
2015-06-22,VOO,160.833,161.288,160.568,160.75,1027000,165090250.0
2015-06-23,VOO,160.924,161.155,160.527,160.866,1727200,277847755.2
2015-06-24,VOO,160.676,160.957,159.691,159.716,2160600,345082389.6
2015-06-25,VOO,160.121,160.27,159.17,159.219,2287600,364229384.4
2015-06-26,VOO,159.55,159.757,158.706,159.219,1631900,259829486.1
2015-06-29,VOO,157.862,158.4,155.777,155.851,2746800,428091526.8
2015-06-30,VOO,157.366,157.366,155.76,156.257,2679400,418675005.8
2015-07-01,VOO,157.755,157.837,156.762,157.44,2782300,438045312.0
2015-07-02,VOO,157.92,158.044,156.952,157.324,3087100,485674920.4
2015-07-06,VOO,156.158,157.548,155.959,156.869,1741100,273124615.9
2015-07-07,VOO,157.101,157.961,154.892,157.837,3507500,553613277.5
2015-07-08,VOO,156.687,156.877,154.991,155.156,1874000,290762344.0
2015-07-09,VOO,157.134,157.324,155.421,155.438,2224900,345834006.2
2015-07-10,VOO,157.366,157.804,156.679,157.415,1648600,259514369.0
2015-07-13,VOO,158.532,159.269,158.524,159.178,1026100,163332545.8
2015-07-14,VOO,159.178,160.138,159.095,159.881,1128900,180489660.9
2015-07-15,VOO,159.939,160.303,159.385,159.815,1174800,187750662.0
2015-07-16,VOO,160.783,161.081,160.568,161.04,949500,152907480.0
2015-07-17,VOO,161.089,161.288,160.725,161.23,872100,140608683.0
2015-07-20,VOO,161.428,161.735,161.023,161.304,1103500,177998964.0
2015-07-21,VOO,161.205,161.395,160.411,160.667,772400,124099190.8
2015-07-22,VOO,160.014,160.659,160.014,160.353,1193800,191429411.4
2015-07-23,VOO,160.527,160.551,159.153,159.434,899300,143378996.2
2015-07-24,VOO,159.583,159.608,157.515,157.771,1589100,250713896.1
2015-07-27,VOO,157.035,157.482,156.513,156.877,1745600,273844491.2
2015-07-28,VOO,157.705,158.954,156.911,158.781,931300,147872745.3
2015-07-29,VOO,158.93,160.113,158.797,159.906,2471200,395159707.2
2015-07-30,VOO,159.509,160.096,158.888,159.931,924400,147840216.4
2015-07-31,VOO,160.46,160.46,159.459,159.658,1437200,229460477.6
2015-08-03,VOO,159.699,159.707,158.317,159.161,3081700,490486453.7
2015-08-04,VOO,159.161,159.501,158.425,158.847,1601700,254425239.9
2015-08-05,VOO,159.732,160.32,159.128,159.401,1369900,218363429.9
2015-08-06,VOO,159.509,159.641,157.539,158.185,1321200,208994022.0
2015-08-07,VOO,157.945,158.036,156.96,157.771,1854100,292523211.1
2015-08-10,VOO,158.789,159.823,158.789,159.774,1346700,215167645.8
2015-08-11,VOO,158.574,158.905,157.63,158.309,4996300,790959256.7
2015-08-12,VOO,157.117,158.673,155.81,158.45,3758700,595566015.0
2015-08-13,VOO,158.392,158.971,157.854,158.276,1155900,182951228.4
2015-08-14,VOO,158.143,158.938,158.028,158.888,742500,117974340.0
2015-08-17,VOO,158.392,159.774,157.928,159.774,1926300,307772656.2
2015-08-18,VOO,159.567,159.831,159.103,159.285,1023800,163075983.0
2015-08-19,VOO,158.69,159.327,157.316,158.028,1771900,280009813.2
2015-08-20,VOO,156.687,157.159,154.693,154.71,4195700,649116747.0
2015-08-21,VOO,153.146,153.932,149.803,149.803,6145900,920674257.7
2015-08-24,VOO,142.322,148.562,139.079,143.696,12325000,1771053200.0
2015-08-25,VOO,148.247,148.777,141.801,141.95,8132200,1154365790.0
2015-08-26,VOO,145.823,147.709,142.885,147.585,7086100,1045802068.5
2015-08-27,VOO,149.604,151.259,148.065,151.193,7168800,1083872378.4
2015-08-28,VOO,150.572,151.582,150.125,151.193,2945000,445263385.0
2015-08-31,VOO,150.332,151.044,149.439,149.861,1923000,288182703.0
2015-09-01,VOO,146.551,147.701,144.664,145.285,8531800,1239542563.0
2015-09-02,VOO,147.684,148.222,145.963,148.214,2424000,359270736.0
2015-09-03,VOO,148.909,150.216,147.875,148.338,2420200,359007627.6
2015-09-04,VOO,146.361,147.031,145.334,146.038,2317700,338472272.6
2015-09-08,VOO,148.669,149.894,148.049,149.778,2248500,336775833.0
2015-09-09,VOO,151.259,151.3,147.428,147.759,2125500,314061754.5
2015-09-10,VOO,147.494,149.588,147.345,148.586,1774400,263650998.4
2015-09-11,VOO,148.189,149.29,147.56,149.207,2185000,326017295.0
2015-09-14,VOO,149.422,149.422,148.264,148.644,905300,134567413.2
2015-09-15,VOO,149.124,150.945,148.752,150.581,1641500,247178711.5
2015-09-16,VOO,150.878,152.02,150.523,151.896,2098900,318814514.4
2015-09-17,VOO,151.756,153.899,151.209,151.499,3106200,470586193.8
2015-09-18,VOO,149.281,150.63,148.686,149.05,3205200,477735060.0
2015-09-21,VOO,149.859,150.733,148.853,149.818,1467600,219872896.8
2015-09-22,VOO,147.904,148.279,146.856,147.863,2469500,365147678.5
2015-09-23,VOO,148.062,148.445,147.114,147.597,1670300,246531269.1
2015-09-24,VOO,146.449,147.497,145.317,147.139,2562400,377028973.6
2015-09-25,VOO,148.47,148.661,146.266,147.039,3436300,505270115.7
2015-09-28,VOO,146.29,146.299,143.096,143.337,3732900,535062687.3
2015-09-29,VOO,143.637,144.677,142.547,143.412,3219500,461714934.0
2015-09-30,VOO,145.209,146.274,144.469,146.166,4123600,602730117.6
2015-10-01,VOO,146.382,146.765,144.743,146.573,3948400,578728833.2
2015-10-02,VOO,144.743,148.695,144.203,148.695,2307200,343069104.0
2015-10-05,VOO,149.851,151.548,149.734,151.365,2049100,310162021.5
2015-10-06,VOO,151.298,151.739,150.225,150.857,1325400,199945867.8
2015-10-07,VOO,151.731,152.388,150.608,152.122,1693800,257664243.6
2015-10-08,VOO,151.764,153.711,151.465,153.461,3109600,477202325.6
2015-10-09,VOO,153.611,153.96,152.987,153.544,1651000,253501144.0
2015-10-12,VOO,153.627,153.835,153.212,153.727,885100,136063767.7
2015-10-13,VOO,153.045,154.151,152.554,152.704,1022300,156109299.2
2015-10-14,VOO,152.604,153.17,151.722,151.989,1184100,179970174.9
2015-10-15,VOO,152.563,154.301,152.247,154.268,2523100,389233590.8
2015-10-16,VOO,154.659,155.008,153.993,154.892,1241200,192251950.4
2015-10-19,VOO,154.443,155.083,154.151,155.075,768900,119237167.5
2015-10-20,VOO,154.742,155.449,154.476,154.875,1151200,178292100.0
2015-10-21,VOO,155.383,155.399,153.777,153.869,1556900,239558646.1
2015-10-22,VOO,154.742,156.705,154.7,156.531,1498300,234530397.3
2015-10-23,VOO,158.053,158.577,157.338,158.236,1624300,257022734.8
2015-10-26,VOO,158.144,158.153,157.545,157.862,1150500,181620231.0
2015-10-27,VOO,157.288,157.853,156.93,157.554,1442400,227255889.6
2015-10-28,VOO,157.92,159.384,157.271,159.384,2251900,358916829.6
2015-10-29,VOO,158.918,159.592,158.793,159.326,1779000,283440954.0
2015-10-30,VOO,159.567,159.717,158.519,158.519,2011600,318876820.4
2015-11-02,VOO,158.868,160.623,158.76,160.399,2403500,385518996.5
2015-11-03,VOO,160.166,161.43,159.95,160.906,3920400,630815882.4
2015-11-04,VOO,161.189,161.297,159.95,160.449,1786700,286674228.3
2015-11-05,VOO,160.54,160.915,159.475,160.249,2185100,350160089.9
2015-11-06,VOO,159.933,160.407,158.985,160.182,2172600,348011413.2
2015-11-09,VOO,159.625,159.725,157.845,158.685,2127800,337649943.0
2015-11-10,VOO,158.269,159.093,157.978,158.985,1257500,199923637.5
2015-11-11,VOO,159.284,159.342,158.377,158.377,1114700,176542841.9
2015-11-12,VOO,157.521,157.895,156.206,156.256,2454900,383592854.4
2015-11-13,VOO,155.848,156.073,154.376,154.451,3224000,497950024.0
2015-11-16,VOO,154.31,156.847,154.193,156.822,1687100,264574396.2
2015-11-17,VOO,157.105,157.878,156.248,156.63,1879900,294448737.0
2015-11-18,VOO,157.146,159.309,157.13,159.151,2858600,454949048.6
2015-11-19,VOO,159.134,159.45,158.802,159.068,2154800,342759726.4
2015-11-20,VOO,159.725,160.266,159.301,159.658,1317600,210365380.8
2015-11-23,VOO,159.625,160.166,159.051,159.475,1308100,208609247.5
2015-11-24,VOO,158.577,160.033,158.203,159.733,1572000,251100276.0
2015-11-25,VOO,159.841,159.974,159.442,159.683,758700,121151492.1
2015-11-27,VOO,159.783,160.033,159.301,159.841,894500,142977774.5
2015-11-30,VOO,160.091,160.108,159.084,159.193,1551000,246908343.0
2015-12-01,VOO,159.758,160.798,159.534,160.732,1812900,291391042.8
2015-12-02,VOO,160.698,160.923,158.818,159.035,1999600,318006386.0
2015-12-03,VOO,159.351,159.509,156.165,156.772,2724400,427109636.8
2015-12-04,VOO,157.213,160.149,157.088,159.85,2900700,463676895.0
2015-12-07,VOO,159.617,159.617,158.036,158.843,1752800,278420010.4
2015-12-08,VOO,157.429,158.652,156.947,157.828,1721700,271732467.6
2015-12-09,VOO,157.321,159.151,155.724,156.647,4500300,704958494.1
2015-12-10,VOO,156.805,158.203,156.472,157.005,4083800,641177019.0
2015-12-11,VOO,155.092,155.682,153.686,153.877,3084400,474618218.8
2015-12-14,VOO,154.16,154.8,152.488,154.8,2722600,421458480.0
2015-12-15,VOO,156.181,157.188,155.998,156.414,3799300,594263710.2
2015-12-16,VOO,157.454,158.951,156.14,158.61,6361700,1009029237.0
2015-12-17,VOO,159.001,159.018,156.239,156.298,3096000,483898608.0
2015-12-18,VOO,155.516,155.624,153.395,153.395,4531400,695094103.0
2015-12-21,VOO,154.593,154.869,153.53,154.752,2168400,335564236.8
2015-12-22,VOO,155.522,156.392,154.643,156.149,2423300,378395871.7
2015-12-23,VOO,157.112,158.107,156.961,158.024,2275500,359583612.0
2015-12-24,VOO,157.898,158.3,157.605,157.748,1170800,184691358.4
2015-12-28,VOO,157.195,157.471,156.484,157.405,2668300,420003761.5
2015-12-29,VOO,158.518,159.421,158.442,159.162,1757100,279663550.2
2015-12-30,VOO,158.969,158.986,157.882,157.99,2535800,400631042.0
2015-12-31,VOO,157.421,157.957,156.425,156.425,2395200,374669160.0
2016-01-04,VOO,153.781,154.241,152.367,154.233,4193500,646776085.5
2016-01-05,VOO,154.451,154.911,153.497,154.509,2882500,445372192.5
2016-01-06,VOO,152.241,153.455,151.622,152.551,2755100,420293260.1
2016-01-07,VOO,149.915,151.463,148.534,148.836,4952500,737110290.0
2016-01-08,VOO,149.764,150.233,146.986,147.254,7357300,1083391854.2
2016-01-11,VOO,148.149,148.384,145.656,147.271,4493300,661732784.3
2016-01-12,VOO,148.744,149.254,146.66,148.492,2998800,445297809.6
2016-01-13,VOO,149.313,149.488,144.534,144.861,4125700,597653027.7
2016-01-14,VOO,145.43,148.267,143.982,147.212,5081400,748043056.8
2016-01-15,VOO,143.262,144.819,142.342,144.057,8087300,1165032176.1
2016-01-19,VOO,145.773,145.848,142.861,144.216,5863300,845581672.8
2016-01-20,VOO,141.915,143.831,138.877,142.526,8577600,1222531017.6
2016-01-21,VOO,142.919,144.886,141.698,143.221,3004600,430321816.6
2016-01-22,VOO,145.631,146.325,144.919,146.158,2611700,381720848.6
2016-01-25,VOO,145.689,145.882,143.79,143.99,2756400,396894036.0
2016-01-26,VOO,144.643,146.158,144.258,145.94,2263700,330364378.0
2016-01-27,VOO,145.513,146.961,143.513,144.283,3543000,511194669.0
2016-01-28,VOO,145.714,145.898,143.639,145.07,2616400,379561148.0
2016-01-29,VOO,145.89,148.744,145.672,148.744,4453100,662371906.4
2016-02-01,VOO,147.79,149.279,147.204,148.61,3923200,583026752.0
2016-02-02,VOO,147.162,147.354,145.438,145.915,5101200,744341598.0
2016-02-03,VOO,146.836,147.12,143.572,146.769,3871000,568142799.0
2016-02-04,VOO,146.4,147.865,145.798,146.953,3562200,523475976.6
2016-02-05,VOO,146.476,146.601,143.639,144.191,2371900,342006632.9
2016-02-08,VOO,142.501,142.777,140.267,142.208,3402000,483791616.0
2016-02-09,VOO,140.735,143.405,140.559,142.25,2360700,335809575.0
2016-02-10,VOO,143.036,144.476,142.024,142.158,1953600,277719868.8
2016-02-11,VOO,139.965,141.187,138.953,140.334,3439200,482636692.8
2016-02-12,VOO,141.873,143.212,141.17,143.212,1800300,257824563.6
2016-02-16,VOO,144.936,145.614,143.974,145.614,2361000,343794654.0
2016-02-17,VOO,146.71,148.325,146.543,147.999,2265400,335276934.6
2016-02-18,VOO,148.283,148.3,147.112,147.371,1646000,242572666.0
2016-02-19,VOO,146.677,147.446,146.149,147.338,1136900,167508572.2
2016-02-22,VOO,148.769,149.58,148.71,149.446,2603100,389022882.6
2016-02-23,VOO,148.886,149.112,147.463,147.572,2076000,306359472.0
2016-02-24,VOO,146.267,148.493,145.271,148.267,2599800,385464546.6
2016-02-25,VOO,148.702,150.049,147.974,150.049,2546000,382024754.0
2016-02-26,VOO,150.794,150.928,149.572,149.773,2560800,383538698.4
2016-02-29,VOO,149.739,150.585,148.434,148.434,3128400,464360925.6
2016-03-01,VOO,149.656,152.091,149.229,152.091,3041400,462569567.4
2016-03-02,VOO,151.764,152.752,151.388,152.735,3839200,586380212.0
2016-03-03,VOO,152.526,153.329,152.049,153.296,3150400,482943718.4
2016-03-04,VOO,153.513,154.526,152.76,153.79,2821000,433841590.0
2016-03-07,VOO,153.011,154.3,152.928,153.957,3449900,531136254.3
2016-03-08,VOO,152.995,153.413,152.116,152.225,3385400,515342515.0
2016-03-09,VOO,153.011,153.321,152.308,153.061,1641600,251264937.6
2016-03-10,VOO,153.455,154.3,151.488,153.145,2090500,320149622.5
2016-03-11,VOO,154.451,155.656,154.359,155.63,2231000,347210530.0
2016-03-14,VOO,155.145,155.815,154.869,155.396,1412800,219543468.8
2016-03-15,VOO,154.559,155.195,154.325,155.195,1325300,205679933.5
2016-03-16,VOO,154.71,156.426,154.693,156.124,2700700,421644086.8
2016-03-17,VOO,155.999,157.522,155.647,157.112,1937300,304373077.6
2016-03-18,VOO,157.614,157.982,157.246,157.697,2623400,413702309.8
2016-03-21,VOO,157.475,158.115,157.248,157.938,1535400,242498005.2
2016-03-22,VOO,157.231,158.342,157.08,157.854,1521600,240190646.4
2016-03-23,VOO,157.475,157.627,156.634,156.844,1633300,256173305.2
2016-03-24,VOO,155.852,156.752,155.65,156.735,1874800,293846778.0
2016-03-28,VOO,157.122,157.273,156.415,156.844,1271200,199380092.8
2016-03-29,VOO,156.474,158.35,156.171,158.35,1604900,254135915.0
2016-03-30,VOO,159.15,159.612,158.653,159.015,1908400,303464226.0
2016-03-31,VOO,158.88,159.25,158.434,158.636,3007800,477145360.8
2016-04-01,VOO,157.66,159.814,157.408,159.654,2971800,474459757.2
2016-04-04,VOO,159.629,159.764,158.863,159.15,1259500,200449425.0
2016-04-05,VOO,157.946,158.342,157.324,157.534,1737500,273715325.0
2016-04-06,VOO,157.652,159.326,157.4,159.25,1860800,296332400.0
2016-04-07,VOO,158.308,158.586,156.701,157.374,2635300,414727702.2
2016-04-08,VOO,158.426,158.813,157.316,157.803,2043800,322517771.4
2016-04-11,VOO,158.384,158.998,157.349,157.391,1355300,213312022.3
2016-04-12,VOO,157.568,159.158,157.181,158.922,1590700,252797225.4
2016-04-13,VOO,159.747,160.563,159.604,160.512,1972900,316674124.8
2016-04-14,VOO,160.554,160.95,160.193,160.496,3214800,515962540.8
2016-04-15,VOO,160.521,160.563,160.033,160.319,2059700,330209044.3
2016-04-18,VOO,159.839,161.48,159.722,161.48,2345300,378719044.0
2016-04-19,VOO,161.833,162.187,161.228,161.968,1633300,264542334.4
2016-04-20,VOO,162.035,162.733,161.572,162.102,1636800,265328553.6
2016-04-21,VOO,162.119,162.22,161.0,161.202,1814700,292533269.4
2016-04-22,VOO,160.942,161.48,160.428,161.244,1863900,300542691.6
2016-04-25,VOO,160.748,160.992,160.142,160.984,2368000,381210112.0
2016-04-26,VOO,161.295,161.665,160.807,161.219,1715300,276538950.7
2016-04-27,VOO,160.866,161.901,160.521,161.556,1971700,318539965.2
2016-04-28,VOO,160.874,161.867,159.722,160.1,1578800,252765880.0
2016-04-29,VOO,159.528,159.831,158.207,159.192,2785500,443429316.0
2016-05-02,VOO,159.688,160.647,159.293,160.462,1638900,262981171.8
2016-05-03,VOO,159.377,159.562,158.401,159.091,2351900,374166122.9
2016-05-04,VOO,158.157,158.821,157.719,158.157,2079600,328903297.2
2016-05-05,VOO,158.645,158.922,157.803,158.14,1611600,254858424.0
2016-05-06,VOO,157.501,158.771,157.324,158.712,1551400,246225796.8
2016-05-09,VOO,158.628,159.234,158.468,158.88,1569000,249282720.0
2016-05-10,VOO,159.52,160.866,159.461,160.849,1021100,164242913.9
2016-05-11,VOO,160.445,160.748,159.335,159.343,2725500,434289346.5
2016-05-12,VOO,159.966,160.092,158.468,159.436,1783200,284306275.2
2016-05-13,VOO,159.091,159.604,157.711,157.963,1658700,262013228.1
2016-05-16,VOO,158.148,159.982,158.106,159.536,1075000,171501200.0
2016-05-17,VOO,159.301,159.553,157.602,158.132,3327100,526120977.2
2016-05-18,VOO,157.745,159.175,157.139,158.106,1942000,307041852.0
2016-05-19,VOO,157.45,157.82,156.457,157.593,1796000,283037028.0
2016-05-20,VOO,158.14,159.049,158.081,158.577,1588700,251931279.9
2016-05-23,VOO,158.569,158.821,158.182,158.367,1415400,224152651.8
2016-05-24,VOO,159.116,160.697,159.074,160.378,1985400,318414481.2
2016-05-25,VOO,161.009,161.884,160.992,161.472,2006700,324025862.4
2016-05-26,VOO,161.648,161.833,161.261,161.547,1225300,197943539.1
2016-05-27,VOO,161.69,162.229,161.665,162.178,988600,160329170.8
2016-05-31,VOO,162.506,162.599,161.429,161.985,2821900,457105471.5
2016-06-01,VOO,161.429,162.422,161.219,162.288,2375500,385515144.0
2016-06-02,VOO,161.909,162.776,161.463,162.776,1601700,260718319.2
2016-06-03,VOO,162.246,162.59,161.185,162.304,1897100,307906918.4
2016-06-06,VOO,162.616,163.415,162.473,163.087,1177600,192051251.2
2016-06-07,VOO,163.255,163.869,163.23,163.381,1551200,253436607.2
2016-06-08,VOO,163.499,164.012,163.39,163.92,1041100,170657112.0
2016-06-09,VOO,163.23,163.793,163.003,163.667,1521600,249035707.2
2016-06-10,VOO,162.431,162.733,161.631,162.094,1932900,313311492.6
2016-06-13,VOO,161.556,162.346,160.79,160.874,2318200,372938106.8
2016-06-14,VOO,160.546,161.068,159.68,160.521,2051200,329260675.2
2016-06-15,VOO,160.908,161.497,160.151,160.285,1590700,254965349.5
2016-06-16,VOO,159.511,160.967,158.645,160.807,2744400,441318730.8
2016-06-17,VOO,160.773,160.773,159.621,160.21,1701000,272517210.0
2016-06-20,VOO,162.002,162.59,161.16,161.236,1192800,192322300.8
2016-06-21,VOO,161.619,162.042,161.196,161.695,1826500,295335917.5
2016-06-22,VOO,161.873,162.515,161.306,161.425,2245900,362544407.5
2016-06-23,VOO,162.777,163.555,162.338,163.513,2582200,422223268.6
2016-06-24,VOO,158.11,160.494,157.265,157.552,10310500,1624439896.0
2016-06-27,VOO,156.47,156.47,154.111,154.77,7717000,1194360090.0
2016-06-28,VOO,156.309,157.637,156.022,157.628,4475900,705527165.2
2016-06-29,VOO,158.913,160.528,158.837,160.342,4147800,665066547.6
2016-06-30,VOO,160.757,162.541,160.249,162.507,3822200,621134255.4
2016-07-01,VOO,162.414,163.285,162.397,162.845,2170900,353520210.5
2016-07-05,VOO,162.109,162.185,161.129,161.704,2233000,361085032.0
2016-07-06,VOO,161.247,162.752,160.621,162.659,2197800,357491950.2
2016-07-07,VOO,162.811,163.403,161.864,162.549,1704900,277129790.1
2016-07-08,VOO,163.716,165.179,163.53,165.018,2048200,337989867.6
2016-07-11,VOO,165.398,166.066,165.221,165.593,3590400,594545107.2
2016-07-12,VOO,166.43,167.022,166.219,166.76,2356700,393003292.0
2016-07-13,VOO,167.149,167.149,166.303,166.701,2767300,461311677.3
2016-07-14,VOO,167.901,168.087,167.318,167.673,3691100,618897810.3
2016-07-15,VOO,168.197,168.197,167.039,167.419,2346500,392848683.5
2016-07-18,VOO,167.538,168.036,167.326,167.901,1155700,194043185.7
2016-07-19,VOO,167.521,167.74,167.309,167.715,1003200,168251688.0
2016-07-20,VOO,168.189,168.628,167.757,168.392,1096900,184709184.8
2016-07-21,VOO,168.315,168.527,167.385,167.757,4509800,756550518.6
2016-07-22,VOO,167.935,168.578,167.664,168.535,1678900,282953411.5
2016-07-25,VOO,168.341,168.4,167.554,168.129,1172600,197148065.4
2016-07-26,VOO,168.003,168.468,167.385,168.121,1405300,236260441.3
2016-07-27,VOO,168.501,168.544,167.284,168.011,2120100,356200121.1
2016-07-28,VOO,167.825,168.434,167.394,168.197,937200,157634228.4
2016-07-29,VOO,167.943,168.764,167.681,168.493,1758600,296311789.8
2016-08-01,VOO,168.535,168.856,167.901,168.298,2111500,355361227.0
2016-08-02,VOO,168.079,168.206,166.464,167.25,4085800,683350050.0
2016-08-03,VOO,167.191,167.766,166.903,167.732,2057500,345108590.0
2016-08-04,VOO,167.833,168.172,167.453,167.893,1384700,232481437.1
2016-08-05,VOO,168.544,169.288,168.417,169.245,1818600,307788957.0
2016-08-08,VOO,169.448,169.533,168.924,169.161,1441900,243913245.9
2016-08-09,VOO,169.262,169.719,168.983,169.271,1821100,308259418.1
2016-08-10,VOO,169.389,169.44,168.535,168.84,1222300,206373132.0
2016-08-11,VOO,169.364,169.854,169.102,169.668,1644700,279052959.6
2016-08-12,VOO,169.372,169.694,169.136,169.499,1718400,291267081.6
2016-08-15,VOO,169.854,170.294,169.82,169.989,1051100,178675437.9
2016-08-16,VOO,169.617,169.66,169.102,169.11,1731200,292763232.0
2016-08-17,VOO,169.144,169.55,168.375,169.389,3157700,534879645.3
2016-08-18,VOO,169.415,169.829,169.313,169.795,5211200,884835704.0
2016-08-19,VOO,169.389,169.71,168.941,169.558,1190800,201909666.4
2016-08-22,VOO,169.355,169.736,169.0,169.541,880300,149246942.3
2016-08-23,VOO,170.099,170.378,169.829,169.854,1214400,206270697.6
2016-08-24,VOO,169.761,169.837,168.645,169.034,1161300,196299184.2
2016-08-25,VOO,168.662,169.279,168.535,168.899,1262600,213251877.4
2016-08-26,VOO,169.068,169.989,167.783,168.577,2890600,487288676.2
2016-08-29,VOO,168.704,169.651,168.67,169.431,1140700,193269941.7
2016-08-30,VOO,169.338,169.584,168.637,169.11,1407400,238005414.0
2016-08-31,VOO,168.848,168.95,167.96,168.696,2343900,395406554.4
2016-09-01,VOO,168.679,168.924,167.614,168.662,2196100,370398618.2
2016-09-02,VOO,169.448,169.804,168.916,169.415,1555800,263575857.0
2016-09-06,VOO,169.685,169.981,169.034,169.947,1589600,270147751.2
2016-09-07,VOO,169.795,170.074,169.372,169.939,1455400,247329220.6
2016-09-08,VOO,169.626,169.88,169.262,169.541,2180400,369667196.4
2016-09-09,VOO,168.324,168.408,165.441,165.449,3435600,568416584.4
2016-09-12,VOO,164.773,168.214,164.705,167.817,2799900,469870818.3
2016-09-13,VOO,166.673,166.893,164.864,165.424,3365300,556701387.2
2016-09-14,VOO,165.467,166.562,164.864,165.322,2967100,490526906.2
2016-09-15,VOO,165.195,167.369,165.076,167.021,1874400,313064162.4
2016-09-16,VOO,166.477,166.622,165.755,166.367,1774100,295151694.7
2016-09-19,VOO,166.995,167.547,166.155,166.418,2061400,343054065.2
2016-09-20,VOO,167.191,167.335,166.401,166.435,1294100,215383533.5
2016-09-21,VOO,167.046,168.448,166.443,168.303,2238800,376796756.4
2016-09-22,VOO,169.229,169.611,168.991,169.314,2215200,375064372.8
2016-09-23,VOO,168.991,169.102,168.346,168.405,1413400,238023627.0
2016-09-26,VOO,167.709,167.819,166.885,167.063,2451600,409571650.8
2016-09-27,VOO,166.91,168.167,166.596,168.082,1468000,246744376.0
2016-09-28,VOO,168.312,169.068,167.42,168.991,1419900,239950320.9
2016-09-29,VOO,168.762,169.102,166.919,167.403,2074600,347294263.8
2016-09-30,VOO,168.167,169.297,167.947,168.745,3147400,531108013.0
2016-10-03,VOO,168.312,168.456,167.692,168.21,2136000,359296560.0
2016-10-04,VOO,168.371,168.558,166.868,167.428,2846600,476600544.8
2016-10-05,VOO,167.964,168.533,167.921,168.125,1126700,189426437.5
2016-10-06,VOO,167.938,168.448,167.445,168.32,1117400,188080768.0
2016-10-07,VOO,168.516,168.668,167.012,167.7,1795100,301038270.0
2016-10-10,VOO,167.7,168.966,167.7,168.473,1297400,218576870.2
2016-10-11,VOO,168.159,168.218,165.772,166.426,2643500,439947131.0
2016-10-12,VOO,166.562,167.089,166.112,166.639,1458700,243076309.3
2016-10-13,VOO,165.467,166.554,164.694,166.104,2407100,399828938.4
2016-10-14,VOO,167.012,167.411,166.129,166.146,1218800,202498744.8
2016-10-17,VOO,166.155,166.401,165.45,165.653,1323200,219192049.6
2016-10-18,VOO,167.055,167.106,166.307,166.63,1263300,210503679.0
2016-10-19,VOO,166.876,167.377,166.571,167.089,1041300,173989775.7
2016-10-20,VOO,166.774,167.284,166.205,166.817,1309600,218463543.2
2016-10-21,VOO,166.07,166.944,165.934,166.859,1376300,229648041.7
2016-10-24,VOO,167.624,167.862,167.267,167.539,817000,136879363.0
2016-10-25,VOO,167.42,167.641,166.868,167.063,1465300,244797413.9
2016-10-26,VOO,166.256,167.191,166.061,166.69,1202300,200411387.0
2016-10-27,VOO,167.343,167.369,166.163,166.248,1635500,271898604.0
2016-10-28,VOO,166.214,166.8,165.101,165.721,2632000,436177672.0
2016-10-31,VOO,166.027,166.239,165.594,165.721,1816300,300999052.3
2016-11-01,VOO,166.053,166.07,163.445,164.566,2456600,404272835.6
2016-11-02,VOO,164.269,164.6,163.148,163.479,3395900,555158336.1
2016-11-03,VOO,163.734,163.912,162.545,162.842,1512200,246249672.4
2016-11-04,VOO,162.893,163.666,162.486,162.621,2221300,361230027.3
2016-11-07,VOO,164.906,166.239,164.77,166.188,2699100,448558030.8
2016-11-08,VOO,165.874,167.462,165.628,166.953,3055900,510191672.7
2016-11-09,VOO,165.56,169.297,165.543,168.736,6119100,1032512457.6
2016-11-10,VOO,169.458,170.231,167.828,169.127,5126400,867012652.8
2016-11-11,VOO,168.515,168.974,167.904,168.813,1954200,329894364.6
2016-11-14,VOO,169.263,169.424,168.21,168.838,2651000,447589538.0
2016-11-15,VOO,169.254,170.214,169.068,170.206,2532400,431029674.4
2016-11-16,VOO,169.671,170.104,169.56,169.917,1195000,203050815.0
2016-11-17,VOO,170.036,170.817,169.959,170.724,1178200,201147016.8
2016-11-18,VOO,170.843,170.978,170.231,170.418,1668300,284308349.4
2016-11-21,VOO,170.919,171.709,170.8,171.675,2641300,453445177.5
2016-11-22,VOO,172.049,172.176,171.361,171.989,2773400,476994292.6
2016-11-23,VOO,171.675,172.159,171.361,172.142,1466300,252411814.6
2016-11-25,VOO,172.473,172.83,172.371,172.83,1843100,318542973.0
2016-11-28,VOO,172.465,172.719,171.853,172.015,2193000,377228895.0
2016-11-29,VOO,171.989,172.703,171.7,172.286,1689600,291094425.6
2016-11-30,VOO,172.855,172.991,171.819,171.896,2360100,405691749.6
2016-12-01,VOO,172.134,172.159,170.911,171.225,3284100,562320022.5
2016-12-02,VOO,171.301,171.751,171.004,171.344,2118900,363060801.6
2016-12-05,VOO,172.1,172.66,171.913,172.329,2070500,356807194.5
2016-12-06,VOO,172.55,172.94,172.099,172.932,2413300,417336795.6
2016-12-07,VOO,172.787,175.225,172.66,175.123,2253900,394709729.7
2016-12-08,VOO,175.165,176.032,174.911,175.582,2983000,523761106.0
2016-12-09,VOO,175.819,176.677,175.785,176.652,1972000,348357744.0
2016-12-12,VOO,176.584,177.008,176.091,176.456,2419600,426952937.6
2016-12-13,VOO,177.102,178.095,177.051,177.662,2670200,474393072.4
2016-12-14,VOO,177.365,178.002,175.785,176.193,4232900,745807349.7
2016-12-15,VOO,176.414,177.696,176.295,176.847,2812500,497382187.5
2016-12-16,VOO,177.348,177.365,176.27,176.541,3074000,542687034.0
2016-12-19,VOO,176.737,177.331,176.592,176.94,2042000,361311480.0
2016-12-20,VOO,177.433,177.764,177.229,177.62,3195300,567549186.0
2016-12-21,VOO,177.552,177.671,177.136,177.136,1546600,273958537.6
2016-12-22,VOO,177.038,177.107,176.474,176.91,1863700,329707167.0
2016-12-23,VOO,176.885,177.09,176.705,177.064,1278900,226447149.6
2016-12-27,VOO,177.312,177.884,177.312,177.5,1818500,322783750.0
2016-12-28,VOO,177.756,177.816,175.97,176.098,2228000,392346344.0
2016-12-29,VOO,176.132,176.449,175.628,176.064,1772700,312108652.8
2016-12-30,VOO,176.363,176.414,174.774,175.457,4251000,745867707.0
2017-01-03,VOO,176.628,177.184,175.671,176.679,4750200,839260585.8
2017-01-04,VOO,177.073,177.91,177.004,177.722,4622400,821502172.8
2017-01-05,VOO,177.543,177.79,176.91,177.585,2772100,492283378.5
2017-01-06,VOO,177.748,178.688,177.243,178.278,2194600,391248898.8
2017-01-09,VOO,178.047,178.166,177.662,177.713,1705200,303036207.6
2017-01-10,VOO,177.671,178.457,177.337,177.688,2189400,389030107.2
2017-01-11,VOO,177.619,178.192,177.004,178.192,5677600,1011702899.2
2017-01-12,VOO,177.731,177.919,176.508,177.799,3244600,576886635.4
2017-01-13,VOO,177.91,178.423,177.867,178.149,2822700,502861182.3
2017-01-17,VOO,177.577,177.936,177.184,177.517,1690000,300003730.0
2017-01-18,VOO,177.765,177.944,177.261,177.893,1980500,352317086.5
2017-01-19,VOO,177.987,178.124,176.876,177.295,1666900,295533035.5
2017-01-20,VOO,177.876,178.354,177.38,177.867,2082500,370408027.5
2017-01-23,VOO,177.619,177.936,176.756,177.457,4586600,813924276.2
2017-01-24,VOO,177.637,178.953,177.543,178.585,1940100,346472758.5
2017-01-25,VOO,179.448,180.123,179.286,180.072,2873000,517346856.0
2017-01-26,VOO,180.021,180.235,179.679,179.935,2485100,447156468.5
2017-01-27,VOO,180.021,180.115,179.491,179.679,1428200,256617547.8
2017-01-30,VOO,179.021,179.055,177.654,178.594,2782300,496902086.2
2017-01-31,VOO,178.047,178.585,177.577,178.585,3787100,676319253.5
2017-02-01,VOO,179.141,179.346,178.072,178.611,2698800,482035366.8
2017-02-02,VOO,178.26,178.953,177.953,178.688,1661300,296854374.4
2017-02-03,VOO,179.534,180.089,179.269,180.012,4264400,767643172.8
2017-02-06,VOO,179.568,179.927,179.329,179.636,1345500,241700238.0
2017-02-07,VOO,180.021,180.183,179.457,179.679,1194600,214644533.4
2017-02-08,VOO,179.679,179.987,179.149,179.91,1096100,197199351.0
2017-02-09,VOO,179.91,181.209,179.91,180.935,1237100,223834688.5
2017-02-10,VOO,181.286,181.858,181.183,181.662,1412400,256579408.8
2017-02-13,VOO,182.123,182.884,182.089,182.627,1756300,320747800.1
2017-02-14,VOO,182.499,183.388,182.166,183.388,2528100,463623202.8
2017-02-15,VOO,183.174,184.499,183.149,184.319,2050200,377890813.8
2017-02-16,VOO,184.371,184.507,183.508,184.174,1920100,353632497.4
2017-02-17,VOO,183.602,184.456,183.559,184.456,1452600,267940785.6
2017-02-21,VOO,184.866,185.721,184.807,185.542,1893000,351231006.0
2017-02-22,VOO,185.208,185.61,185.063,185.456,1471400,272879958.4
2017-02-23,VOO,185.909,185.909,184.849,185.559,1717200,318641914.8
2017-02-24,VOO,184.781,185.806,184.73,185.781,1637700,304253543.7
2017-02-27,VOO,185.721,186.217,185.465,186.054,1942200,361354078.8
2017-02-28,VOO,185.738,185.943,185.208,185.507,2181000,404590767.0
2017-03-01,VOO,187.071,188.575,187.046,188.14,3325500,625659570.0
2017-03-02,VOO,188.003,188.028,186.943,187.037,1657100,309939012.7
2017-03-03,VOO,186.9,187.234,186.567,187.14,1765900,330470526.0
2017-03-06,VOO,186.362,186.858,185.986,186.559,1530600,285547205.4
2017-03-07,VOO,186.285,186.584,185.807,185.995,1743200,324226484.0
2017-03-08,VOO,186.259,186.473,185.507,185.601,1784400,331186424.4
2017-03-09,VOO,185.73,186.165,184.986,185.798,1636200,304002687.6
2017-03-10,VOO,186.772,186.781,185.67,186.447,1819900,339314895.3
2017-03-13,VOO,186.456,186.653,186.183,186.559,1388100,258962547.9
2017-03-14,VOO,186.106,186.14,185.354,185.926,1428400,265576698.4
2017-03-15,VOO,186.413,187.883,186.191,187.473,3358800,629684312.4
2017-03-16,VOO,187.678,187.712,186.858,187.157,1710900,320206911.3
2017-03-17,VOO,187.413,187.533,186.781,186.781,1588500,296701618.5
2017-03-20,VOO,186.806,187.063,186.285,186.618,1035900,193317586.2
2017-03-21,VOO,187.157,187.268,184.089,184.234,3468700,639052475.8
2017-03-22,VOO,184.232,184.885,183.691,184.61,2600300,480041383.0
2017-03-23,VOO,184.421,185.469,184.112,184.421,2436700,449378650.7
2017-03-24,VOO,184.713,185.254,183.631,184.361,2647600,488114183.6
2017-03-27,VOO,182.764,184.353,182.55,184.061,2082900,383380656.9
2017-03-28,VOO,183.872,185.846,183.777,185.426,3057200,566884367.2
2017-03-29,VOO,185.211,185.855,185.005,185.7,1748500,324696450.0
2017-03-30,VOO,185.597,186.422,185.434,186.198,2494800,464526770.4
2017-03-31,VOO,185.932,186.404,185.752,185.752,1331400,247310212.8
2017-04-03,VOO,185.889,186.044,184.37,185.52,2843700,527563224.0
2017-04-04,VOO,185.203,185.666,184.876,185.623,2481600,460642036.8
2017-04-05,VOO,186.216,187.109,184.885,185.057,2311800,427814772.6
2017-04-06,VOO,185.202,186.035,184.782,185.537,1635500,303445763.5
2017-04-07,VOO,185.331,186.001,184.936,185.374,1835900,340328126.6
2017-04-10,VOO,185.503,186.207,185.022,185.503,1311900,243361385.7
2017-04-11,VOO,185.134,185.348,183.949,185.271,1787300,331134858.3
2017-04-12,VOO,185.014,185.185,184.267,184.507,2002700,369512168.9
2017-04-13,VOO,184.164,184.799,183.279,183.279,1806800,331148497.2
2017-04-17,VOO,183.734,184.893,183.563,184.885,1746900,322975606.5
2017-04-18,VOO,184.207,184.799,183.717,184.378,2695900,497064650.2
2017-04-19,VOO,184.859,185.194,183.786,183.975,2032400,373910790.0
2017-04-20,VOO,184.576,185.881,184.267,185.477,2734000,507094118.0
2017-04-21,VOO,185.426,185.469,184.533,184.936,2594400,479797958.4
2017-04-24,VOO,186.954,187.126,186.508,186.911,2366400,442306190.4
2017-04-25,VOO,187.521,188.336,187.418,188.036,1745100,328141623.6
2017-04-26,VOO,187.993,188.8,187.864,187.898,2824500,530717901.0
2017-04-27,VOO,188.199,188.336,187.572,188.044,1154200,217040384.8
2017-04-28,VOO,188.311,188.319,187.538,187.684,1257600,236031398.4
2017-05-01,VOO,188.165,188.517,187.727,188.139,1506700,283469031.3
2017-05-02,VOO,188.276,188.354,187.83,188.199,2573000,484236027.0
2017-05-03,VOO,187.838,188.173,187.375,188.01,1654600,311081346.0
2017-05-04,VOO,188.259,188.328,187.435,188.182,1439100,270812716.2
2017-05-05,VOO,188.508,188.937,188.13,188.937,1729700,326804328.9
2017-05-08,VOO,188.997,189.1,188.517,188.946,2225000,420404850.0
2017-05-09,VOO,189.135,189.306,188.405,188.705,1636900,308891214.5
2017-05-10,VOO,188.68,189.075,188.499,189.057,1066900,201704913.3
2017-05-11,VOO,188.663,188.826,187.701,188.671,1855700,350116774.7
2017-05-12,VOO,188.457,188.542,188.13,188.379,1056500,199022413.5
2017-05-15,VOO,188.783,189.504,188.74,189.332,1440600,272751679.2
2017-05-16,VOO,189.641,189.693,188.886,189.298,2452500,464253345.0
2017-05-17,VOO,187.692,188.087,185.812,185.941,3507700,652225245.7
2017-05-18,VOO,185.735,187.375,185.563,186.619,2894500,540168695.5
2017-05-19,VOO,187.066,188.431,187.023,187.778,2436500,457521097.0
2017-05-22,VOO,188.25,188.929,188.225,188.826,1865000,352160490.0
2017-05-23,VOO,189.152,189.349,188.8,189.195,1259000,238196505.0
2017-05-24,VOO,189.435,189.744,189.126,189.65,1453900,275732135.0
2017-05-25,VOO,190.113,190.809,189.925,190.534,1564600,298109496.4
2017-05-26,VOO,190.397,190.663,190.32,190.543,1196000,227889428.0
2017-05-30,VOO,190.225,190.577,190.105,190.363,1511700,287771747.1
2017-05-31,VOO,190.637,190.672,189.676,190.32,2326200,442722384.0
2017-06-01,VOO,190.723,191.848,190.483,191.805,2112900,405264784.5
2017-06-02,VOO,191.874,192.595,191.607,192.406,1857600,357413385.6
2017-06-05,VOO,192.311,192.56,192.157,192.277,1831200,352097642.4
2017-06-06,VOO,191.779,192.277,191.633,191.728,1449400,277890563.2
2017-06-07,VOO,192.054,192.26,191.401,192.045,1328800,255189396.0
2017-06-08,VOO,192.166,192.586,191.668,192.114,1116100,214418435.4
2017-06-09,VOO,192.423,193.119,190.689,191.891,2117600,406348381.6
2017-06-12,VOO,191.642,191.874,191.041,191.814,1812100,347586149.4
2017-06-13,VOO,192.312,192.809,192.011,192.749,2170700,418400254.3
2017-06-14,VOO,193.024,193.041,191.788,192.543,1886000,363136098.0
2017-06-15,VOO,191.341,192.26,191.041,192.157,2170900,417153631.3
2017-06-16,VOO,192.32,192.372,191.41,192.208,1603600,308224748.8
2017-06-19,VOO,192.947,193.84,192.852,193.78,1433100,277706118.0
2017-06-20,VOO,193.488,193.488,192.475,192.509,1366000,262967294.0
2017-06-21,VOO,192.809,192.921,192.011,192.432,1422000,273638304.0
2017-06-22,VOO,192.466,192.887,192.208,192.32,1344400,258555008.0
2017-06-23,VOO,192.432,192.889,192.087,192.648,1257400,242235595.2
2017-06-26,VOO,193.191,193.579,192.536,192.708,1321700,254702163.6
2017-06-27,VOO,192.51,192.777,191.147,191.173,3476700,664651169.1
2017-06-28,VOO,192.096,193.053,191.897,192.863,2875800,554635415.4
2017-06-29,VOO,193.027,193.122,190.104,191.199,4613000,882000987.0
2017-06-30,VOO,191.958,192.251,191.346,191.518,2982300,571164131.4
2017-07-03,VOO,192.406,192.786,191.872,191.941,1762500,338296012.5
2017-07-05,VOO,192.191,192.475,191.466,192.277,2043800,392975732.6
2017-07-06,VOO,191.604,191.682,190.362,190.552,2540700,484135466.4
2017-07-07,VOO,191.052,191.915,190.932,191.759,2148000,411898332.0
2017-07-10,VOO,191.639,192.32,191.501,191.958,1800100,345543595.8
2017-07-11,VOO,191.829,192.122,190.794,191.811,1638700,314320685.7
2017-07-12,VOO,192.734,193.433,192.734,193.252,1492100,288351309.2
2017-07-13,VOO,193.329,193.717,193.096,193.579,1485500,287561604.5
2017-07-14,VOO,193.64,194.83,193.528,194.459,1642400,319379461.6
2017-07-17,VOO,194.442,194.795,194.347,194.485,1176200,228753257.0
2017-07-18,VOO,194.166,194.649,193.821,194.631,3146500,612406441.5
2017-07-19,VOO,194.899,195.658,194.882,195.658,1255300,245609487.4
2017-07-20,VOO,195.891,195.994,195.261,195.718,1698100,332348735.8
2017-07-21,VOO,195.227,195.589,195.011,195.58,2461700,481459286.0
2017-07-24,VOO,195.494,195.632,195.106,195.511,1278200,249902160.2
2017-07-25,VOO,196.218,196.287,195.796,195.977,1349500,264470961.5
2017-07-26,VOO,196.27,196.287,195.761,196.037,1574100,308581841.7
2017-07-27,VOO,196.425,196.451,194.614,195.804,1834500,359202438.0
2017-07-28,VOO,195.382,195.71,194.994,195.58,2364100,462370678.0
2017-07-31,VOO,195.977,196.037,195.296,195.468,3020000,590313360.0
2017-08-01,VOO,196.037,196.055,195.503,195.908,1674500,328047946.0
2017-08-02,VOO,196.046,196.141,195.166,196.02,1889300,370340586.0
2017-08-03,VOO,195.934,195.934,195.39,195.675,1266400,247802820.0
2017-08-04,VOO,196.089,196.287,195.641,196.003,1039800,203803919.4
2017-08-07,VOO,196.063,196.348,195.951,196.322,848500,166579217.0
2017-08-08,VOO,196.072,197.176,195.546,195.934,1064700,208610929.8
2017-08-09,VOO,195.218,195.908,194.916,195.822,1536600,300900085.2
2017-08-10,VOO,195.123,195.218,193.062,193.131,3043300,587755572.3
2017-08-11,VOO,193.303,193.898,193.079,193.39,1584300,306387777.0
2017-08-14,VOO,194.537,195.494,194.537,195.287,2201900,430002445.3
2017-08-15,VOO,195.641,195.666,195.002,195.304,1309700,255789648.8
2017-08-16,VOO,195.735,196.115,195.235,195.615,1531400,299564811.0
2017-08-17,VOO,195.08,195.347,192.57,192.57,3396200,654006234.0
2017-08-18,VOO,192.406,193.424,191.854,192.217,2691100,517275168.7
2017-08-21,VOO,192.199,192.639,191.57,192.449,1281300,246584903.7
2017-08-22,VOO,192.95,194.571,192.924,194.399,1455700,282986624.3
2017-08-23,VOO,193.588,194.105,193.415,193.734,1462900,283413468.6
2017-08-24,VOO,194.088,194.2,193.088,193.286,1345100,259988998.6
2017-08-25,VOO,194.01,194.554,193.596,193.709,1220800,236479947.2
2017-08-28,VOO,194.192,194.235,193.355,193.778,801000,155216178.0
2017-08-29,VOO,192.544,194.192,192.458,193.924,1397400,270989397.6
2017-08-30,VOO,193.933,195.123,193.786,194.89,1377800,268519442.0
2017-08-31,VOO,195.459,196.279,195.39,196.037,2202700,431810699.9
2017-09-01,VOO,196.434,196.736,196.218,196.374,1393700,273686443.8
2017-09-05,VOO,195.865,196.08,194.036,194.925,2222300,433181827.5
2017-09-06,VOO,195.572,195.899,195.08,195.606,1523300,297966619.8
2017-09-07,VOO,195.891,195.891,195.209,195.563,1620300,316870728.9
2017-09-08,VOO,195.304,195.761,195.132,195.261,1896900,370390590.9
2017-09-11,VOO,196.512,197.512,196.503,197.391,2007200,396203215.2
2017-09-12,VOO,197.779,198.124,197.616,198.116,1535000,304108060.0
2017-09-13,VOO,197.823,198.237,197.745,198.237,1155800,229122324.6
2017-09-14,VOO,197.909,198.314,197.771,198.168,1857300,368057426.4
2017-09-15,VOO,198.038,198.478,197.926,198.444,1419700,281730946.8
2017-09-18,VOO,198.763,199.142,198.469,198.789,1325200,263435182.8
2017-09-19,VOO,199.047,199.099,198.745,199.03,1302400,259216672.0
2017-09-20,VOO,199.105,199.191,198.194,199.139,1850500,368506719.5
2017-09-21,VOO,198.983,199.018,198.402,198.576,1899900,377274542.4
2017-09-22,VOO,198.298,198.74,198.272,198.55,1599200,317521160.0
2017-09-25,VOO,198.359,198.688,197.527,198.255,1523300,302001841.5
2017-09-26,VOO,198.593,198.793,198.108,198.324,2335000,463086540.0
2017-09-27,VOO,198.975,199.434,198.168,199.096,2103600,418818345.6
2017-09-28,VOO,198.827,199.391,198.766,199.33,1084700,216213251.0
2017-09-29,VOO,199.304,200.101,199.157,200.041,1726200,345310774.2
2017-10-02,VOO,200.249,200.882,200.171,200.882,1960600,393849249.2
2017-10-03,VOO,201.029,201.332,200.83,201.289,1316400,264976839.6
2017-10-04,VOO,201.22,201.792,201.098,201.566,1006700,202916492.2
2017-10-05,VOO,201.861,202.789,201.775,202.763,1471800,298426583.4
2017-10-06,VOO,202.381,202.589,202.139,202.572,1101500,223133058.0
2017-10-09,VOO,202.78,202.789,201.965,202.217,768300,155363321.1
2017-10-10,VOO,202.711,203.066,202.234,202.728,1027600,208323292.8
2017-10-11,VOO,202.624,203.058,202.503,203.058,1036400,210449311.2
2017-10-12,VOO,202.737,203.084,202.537,202.745,1079400,218842953.0
2017-10-13,VOO,203.17,203.257,202.867,202.971,1067900,216752730.9
2017-10-16,VOO,203.205,203.448,202.884,203.292,1767300,359277951.6
2017-10-17,VOO,203.257,203.448,203.04,203.422,1332100,270978446.2
2017-10-18,VOO,203.768,203.794,203.439,203.604,1527800,311066191.2
2017-10-19,VOO,202.875,203.708,202.52,203.708,1653600,336851548.8
2017-10-20,VOO,204.41,204.748,204.176,204.722,1296300,265381128.6
2017-10-23,VOO,205.008,205.008,203.846,203.976,1101000,224577576.0
2017-10-24,VOO,204.306,204.488,203.95,204.263,1818400,371431839.2
2017-10-25,VOO,203.976,204.072,202.234,203.283,1943400,395060182.2
2017-10-26,VOO,203.803,204.072,203.43,203.474,3298200,671097946.8
2017-10-27,VOO,204.263,205.346,203.976,205.207,2825000,579709775.0
2017-10-30,VOO,204.263,205.121,204.176,204.462,1292500,264267135.0
2017-10-31,VOO,204.809,204.991,204.497,204.696,1357600,277895289.6
2017-11-01,VOO,205.476,205.788,204.696,205.051,2078300,426157493.3
2017-11-02,VOO,204.973,205.251,203.994,205.138,1908100,391423817.8
2017-11-03,VOO,205.303,205.832,204.878,205.823,1934200,398102846.6
2017-11-06,VOO,205.658,206.222,205.632,206.135,1688600,348079561.0
2017-11-07,VOO,206.222,206.508,205.545,206.048,1502700,309628329.6
2017-11-08,VOO,205.806,206.421,205.58,206.352,4711000,972124272.0
2017-11-09,VOO,205.216,205.745,204.132,205.606,1644100,338036824.6
2017-11-10,VOO,205.207,205.606,204.93,205.485,1019000,209389215.0
2017-11-13,VOO,204.869,205.901,204.852,205.727,900000,185154300.0
2017-11-14,VOO,204.965,205.32,204.271,205.225,2763300,567098242.5
2017-11-15,VOO,204.358,204.791,203.56,204.176,2436200,497413571.2
2017-11-16,VOO,205.034,206.256,205.017,205.918,1072300,220805871.4
2017-11-17,VOO,205.597,205.788,205.268,205.363,1370500,281449991.5
2017-11-20,VOO,205.554,205.858,205.329,205.632,1420400,292079692.8
2017-11-21,VOO,206.369,207.184,206.317,207.002,1151500,238362803.0
2017-11-22,VOO,207.063,207.141,206.698,206.854,2143500,443391549.0
2017-11-24,VOO,207.288,207.427,207.175,207.288,1219300,252746258.4
2017-11-27,VOO,207.349,207.643,207.036,207.227,2654000,549980458.0
2017-11-28,VOO,207.695,209.334,207.565,209.282,1800500,376812241.0
2017-11-29,VOO,209.438,209.941,208.779,209.204,2442100,510897088.4
2017-11-30,VOO,210.045,211.865,209.984,210.955,5451700,1150063373.5
2017-12-01,VOO,210.868,211.267,207.635,210.565,3775600,795009214.0
2017-12-04,VOO,212.125,212.446,210.296,210.339,2162000,454752918.0
2017-12-05,VOO,210.573,211.154,209.464,209.594,1886300,395357162.2
2017-12-06,VOO,209.55,210.01,209.204,209.585,1204800,252508008.0
2017-12-07,VOO,209.516,210.573,209.394,210.279,2670000,561444930.0
2017-12-08,VOO,211.041,211.449,210.825,211.423,1685700,356395751.1
2017-12-11,VOO,211.536,212.134,211.432,212.108,2513300,533091036.4
2017-12-12,VOO,212.333,212.888,212.116,212.472,1855000,394135560.0
2017-12-13,VOO,212.697,213.079,212.359,212.42,1808300,384119086.0
2017-12-14,VOO,212.732,212.801,211.518,211.579,1932900,408961049.1
2017-12-15,VOO,212.515,213.729,212.446,213.356,3170800,676509204.8
2017-12-18,VOO,214.57,214.994,214.509,214.682,2089600,448599507.2
2017-12-19,VOO,214.916,214.942,213.798,213.902,3170300,678133510.6
2017-12-20,VOO,214.743,214.786,213.486,213.738,2570000,549306660.0
2017-12-21,VOO,214.31,214.821,213.963,214.171,2262400,484540470.4
2017-12-22,VOO,214.197,214.232,213.633,214.128,1888500,404380728.0
2017-12-26,VOO,213.983,214.027,213.635,213.878,1492300,319170139.4
2017-12-27,VOO,214.026,214.297,213.739,214.0,1379100,295127400.0
2017-12-28,VOO,214.392,214.462,214.079,214.401,2346700,503134826.7
2017-12-29,VOO,214.941,214.95,213.434,213.661,2326700,497125048.7
2018-01-02,VOO,214.41,215.229,214.053,215.229,2784300,599262104.7
2018-01-03,VOO,215.359,216.631,215.307,216.509,2917700,631708309.3
2018-01-04,VOO,217.127,217.868,217.04,217.458,2918000,634542444.0
2018-01-05,VOO,218.164,218.983,217.72,218.852,2190200,479329650.4
2018-01-08,VOO,218.774,219.401,218.521,219.305,2476200,543043041.0
2018-01-09,VOO,219.662,220.324,219.427,219.767,2129800,468059756.6
2018-01-10,VOO,219.079,219.654,218.478,219.392,1953600,428604211.2
2018-01-11,VOO,219.915,221.012,219.793,221.012,2280300,503973663.6
2018-01-12,VOO,221.274,222.606,221.16,222.476,2054900,457165932.4
2018-01-16,VOO,223.678,224.209,221.073,221.666,3719600,824508853.6
2018-01-17,VOO,222.554,224.166,221.892,223.808,1867700,418006201.6
2018-01-18,VOO,223.721,224.096,223.007,223.504,3154200,704976316.8
2018-01-19,VOO,223.991,224.462,223.451,224.453,2541200,570379963.6
2018-01-22,VOO,224.253,226.282,224.253,226.256,1607800,363774396.8
2018-01-23,VOO,226.334,227.023,226.047,226.77,2161100,490072647.0
2018-01-24,VOO,227.371,227.894,225.62,226.657,2935500,665351623.5
2018-01-25,VOO,227.493,227.537,226.064,226.761,3585600,813074241.6
2018-01-26,VOO,227.632,229.409,227.319,229.401,2857300,655467477.3
2018-01-29,VOO,228.939,229.305,227.763,227.815,5145000,1172108175.0
2018-01-30,VOO,226.186,226.779,225.132,225.385,6678900,1505323876.5
2018-01-31,VOO,226.326,226.805,224.688,225.594,5585800,1260122965.2
2018-02-01,VOO,224.984,226.578,224.688,225.368,3125700,704432757.6
2018-02-02,VOO,224.183,224.296,220.455,220.542,5532200,1220082452.4
2018-02-05,VOO,218.861,220.786,210.725,211.483,8559200,1810125293.6
2018-02-06,VOO,208.008,215.856,207.023,215.394,11701700,2520475969.8
2018-02-07,VOO,214.898,218.007,214.209,214.218,6240200,1336763163.6
2018-02-08,VOO,214.497,214.654,206.178,206.257,6985700,1440849524.9
2018-02-09,VOO,208.704,210.969,202.45,209.436,9713100,2034272811.6
2018-02-12,VOO,211.23,213.687,209.628,212.311,4236200,899391858.2
2018-02-13,VOO,211.344,213.408,210.769,213.025,3077700,655627042.5
2018-02-14,VOO,211.666,216.126,211.527,215.812,3650800,787886449.6
2018-02-15,VOO,217.415,218.608,215.133,218.608,2923800,639166070.4
2018-02-16,VOO,217.999,220.377,217.911,218.582,3007500,657385365.0
2018-02-20,VOO,217.763,219.079,216.544,217.258,3454400,750496035.2
2018-02-21,VOO,217.641,219.889,216.117,216.117,2798000,604695366.0
2018-02-22,VOO,217.04,218.547,215.856,216.378,3177700,687584370.6
2018-02-23,VOO,217.607,219.932,217.154,219.932,2923100,642883229.2
2018-02-26,VOO,220.864,222.554,220.368,222.467,1892000,420907564.0
2018-02-27,VOO,222.667,223.286,219.627,219.627,2947100,647262731.7
2018-02-28,VOO,220.699,221.091,217.188,217.188,2716600,590012920.8
2018-03-01,VOO,217.354,218.661,212.929,214.323,5182300,1110686082.9
2018-03-02,VOO,212.746,215.899,211.953,215.464,3276500,705967796.0
2018-03-05,VOO,214.297,218.451,214.236,217.938,3024600,659175274.8
2018-03-06,VOO,218.826,218.852,217.093,218.486,1932000,422114952.0
2018-03-07,VOO,216.492,218.695,216.335,218.39,2730200,596248378.0
2018-03-08,VOO,218.983,219.523,218.077,219.41,3021600,662969256.0
2018-03-09,VOO,220.725,223.216,220.42,223.207,2450800,547035715.6
2018-03-12,VOO,223.547,224.078,222.624,222.99,2029200,452491308.0
2018-03-13,VOO,224.035,224.479,220.995,221.518,3080600,682408350.8
2018-03-14,VOO,222.406,222.563,219.906,220.35,2352700,518417445.0
2018-03-15,VOO,220.856,221.43,219.697,220.141,2161500,475834771.5
2018-03-16,VOO,220.577,221.317,220.35,220.368,1554600,342584092.8
2018-03-19,VOO,219.723,219.732,215.908,217.424,2715800,590480099.2
2018-03-20,VOO,217.755,218.338,217.18,217.807,1991400,433740859.8
2018-03-21,VOO,217.711,219.61,217.162,217.302,2777300,603512844.6
2018-03-22,VOO,215.246,216.091,211.692,211.901,3589400,760597449.4
2018-03-23,VOO,212.311,212.615,207.241,207.389,3815500,791292729.5
2018-03-26,VOO,210.726,213.343,208.539,213.098,5529000,1178218842.0
2018-03-27,VOO,213.92,214.419,208.058,209.405,3363600,704354658.0
2018-03-28,VOO,209.536,211.076,207.848,208.819,4384100,915483377.9
2018-03-29,VOO,209.878,213.168,209.204,211.829,2910800,616591853.2
2018-04-02,VOO,211.05,211.497,204.689,206.929,4696400,971821355.6
2018-04-03,VOO,208.093,210.009,206.448,209.554,3287900,688992596.6
2018-04-04,VOO,206.395,212.468,206.246,211.969,4598000,974633462.0
2018-04-05,VOO,213.422,214.288,212.459,213.5,3436600,733714100.0
2018-04-06,VOO,211.707,213.08,207.366,208.801,4931600,1029723011.6
2018-04-09,VOO,210.14,212.853,209.414,209.65,2956000,619725400.0
2018-04-10,VOO,212.415,213.842,211.383,213.107,2903800,618820106.6
2018-04-11,VOO,211.759,213.5,211.715,211.978,2068300,438434097.4
2018-04-12,VOO,213.255,214.603,213.045,213.754,1723600,368426394.4
2018-04-13,VOO,215.119,215.119,212.197,213.159,2887700,615539244.3
2018-04-16,VOO,214.62,215.565,213.868,214.892,2149200,461845886.4
2018-04-17,VOO,216.502,217.718,216.029,217.202,2301800,499955563.6
2018-04-18,VOO,217.587,218.077,216.957,217.324,1365100,296668992.4
2018-04-19,VOO,216.677,216.913,215.224,216.134,1997100,431641211.4
2018-04-20,VOO,216.091,216.248,213.483,214.384,2103900,451042497.6
2018-04-23,VOO,214.865,215.329,213.29,214.288,1472600,315560508.8
2018-04-24,VOO,215.233,215.364,210.018,211.365,3653500,772222027.5
2018-04-25,VOO,211.33,212.31,209.659,211.908,2354800,499000958.4
2018-04-26,VOO,212.827,214.795,212.433,214.087,2106800,451038491.6
2018-04-27,VOO,214.585,214.883,213.413,214.314,2178600,466904480.4
2018-04-30,VOO,214.83,215.303,212.503,212.564,2146100,456183600.4
2018-05-01,VOO,212.153,213.089,210.674,213.019,2323100,494864438.9
2018-05-02,VOO,212.818,213.527,211.199,211.567,1636400,346208238.8
2018-05-03,VOO,210.779,211.672,208.189,211.068,2666500,562812822.0
2018-05-04,VOO,210.228,214.437,209.913,213.868,1785200,381797153.6
2018-05-07,VOO,214.55,215.425,213.912,214.533,3127200,670887597.6
2018-05-08,VOO,214.235,214.848,213.133,214.524,1924500,412851438.0
2018-05-09,VOO,215.137,216.922,214.699,216.607,1506200,326253463.4
2018-05-10,VOO,217.324,218.934,217.228,218.637,1537600,336176251.2
2018-05-11,VOO,218.794,219.564,218.304,219.171,1703500,373357798.5
2018-05-14,VOO,219.739,220.299,218.943,219.416,1478200,324340731.2
2018-05-15,VOO,218.322,218.339,217.062,217.911,2600600,566699346.6
2018-05-16,VOO,217.954,219.232,217.946,218.838,2588700,566505930.6
2018-05-17,VOO,218.576,219.626,217.954,218.654,1714200,374816686.8
2018-05-18,VOO,218.348,218.628,217.788,218.112,1702800,371401113.6
2018-05-21,VOO,219.433,220.229,219.136,219.713,1262900,277475547.7
2018-05-22,VOO,220.221,220.457,218.847,219.083,1055400,231220198.2
2018-05-23,VOO,217.989,219.766,217.841,219.766,1484100,326154720.6
2018-05-24,VOO,219.407,219.634,217.674,219.346,2025300,444241453.8
2018-05-25,VOO,218.794,219.319,218.313,218.794,1654700,362038431.8
2018-05-29,VOO,217.254,217.954,215.233,216.265,4465800,965796237.0
2018-05-30,VOO,217.473,219.529,217.386,219.118,1359700,297934744.6
2018-05-31,VOO,218.751,219.022,217.254,217.701,2378800,517867138.8
2018-06-01,VOO,218.961,220.203,218.908,219.993,1953900,429844322.7
2018-06-04,VOO,220.658,221.209,220.474,220.964,2031500,448888366.0
2018-06-05,VOO,221.087,221.498,220.396,221.271,1491200,329959315.2
2018-06-06,VOO,221.708,223.1,221.139,223.038,2763200,616298601.6
2018-06-07,VOO,223.458,223.747,222.154,222.933,2615900,583170434.7
2018-06-08,VOO,222.574,223.677,222.426,223.633,1517500,339363077.5
2018-06-11,VOO,223.826,224.596,223.747,223.922,2648000,592945456.0
2018-06-12,VOO,224.351,224.561,223.66,224.298,1182200,265165095.6
2018-06-13,VOO,224.473,224.683,223.336,223.406,2507800,560257566.8
2018-06-14,VOO,224.281,224.552,223.537,224.053,1913800,428792631.4
2018-06-15,VOO,223.371,224.071,222.373,223.861,2000100,447744386.1
2018-06-18,VOO,222.417,223.45,222.006,223.327,2015800,450182566.6
2018-06-19,VOO,221.236,222.662,220.877,222.478,1863300,414543257.4
2018-06-20,VOO,223.108,223.458,222.54,222.881,1578200,351750794.2
2018-06-21,VOO,222.837,222.846,221.017,221.489,4037600,894283986.4
2018-06-22,VOO,222.609,222.714,221.664,221.883,3092000,686062236.0
2018-06-25,VOO,220.833,220.956,217.316,218.812,6690000,1463852280.0
2018-06-26,VOO,219.337,220.098,218.681,219.293,2968600,650993199.8
2018-06-27,VOO,219.871,221.148,217.386,217.473,3433800,746758787.4
2018-06-28,VOO,217.409,219.431,216.82,218.798,2638400,577276643.2
2018-06-29,VOO,219.765,220.978,218.991,219.352,3711600,814146883.2
2018-07-02,VOO,217.637,219.686,217.426,219.607,1943100,426718361.7
2018-07-03,VOO,220.38,220.451,218.411,218.719,1157900,253254730.1
2018-07-05,VOO,219.844,220.609,218.824,220.591,1948100,429733327.1
2018-07-06,VOO,220.583,222.763,220.24,222.429,2622200,583253323.8
2018-07-09,VOO,223.343,224.459,223.308,224.398,3979500,892991841.0
2018-07-10,VOO,224.838,225.321,224.574,225.18,1314500,295999110.0
2018-07-11,VOO,223.827,224.539,223.325,223.642,2335100,522226434.2
2018-07-12,VOO,224.758,225.637,224.187,225.558,2874000,648253692.0
2018-07-13,VOO,225.488,226.077,225.048,225.752,1814500,409627004.0
2018-07-16,VOO,225.84,225.945,225.198,225.611,993500,224144528.5
2018-07-17,VOO,224.925,226.868,224.882,226.578,1825900,413708770.2
2018-07-18,VOO,226.605,227.097,226.183,226.991,2606800,591720138.8
2018-07-19,VOO,226.376,226.728,225.717,226.13,2050500,463679565.0
2018-07-20,VOO,225.936,226.508,225.743,225.919,2710700,612398633.3
2018-07-23,VOO,225.699,226.473,225.409,226.35,1447000,327528450.0
2018-07-24,VOO,227.554,228.196,226.657,227.413,2916000,663136308.0
2018-07-25,VOO,227.29,229.673,227.194,229.497,2608700,598688823.9
2018-07-26,VOO,228.697,229.462,228.662,228.82,2166500,495738530.0
2018-07-27,VOO,229.216,229.224,226.446,227.334,2666200,606117910.8
2018-07-30,VOO,227.343,227.501,225.62,226.024,1601400,361954833.6
2018-07-31,VOO,226.833,227.774,226.464,227.167,1992500,452630247.5
2018-08-01,VOO,227.378,227.862,226.244,226.886,1651700,374747606.2
2018-08-02,VOO,225.699,228.222,225.479,228.038,1767300,403011557.4
2018-08-03,VOO,228.222,229.154,228.038,229.154,2017600,462341110.4
2018-08-06,VOO,229.066,230.183,228.75,230.016,1843000,423919488.0
2018-08-07,VOO,230.508,231.018,230.402,230.657,2619200,604136814.4
2018-08-08,VOO,230.534,230.921,230.147,230.534,1560400,359725253.6
2018-08-09,VOO,230.622,230.983,230.121,230.244,1084400,249676593.6
2018-08-10,VOO,228.89,229.418,228.073,228.679,2395500,547800544.5
2018-08-13,VOO,228.934,229.515,227.607,227.818,3684700,839440984.6
2018-08-14,VOO,228.521,229.514,228.178,229.286,1531800,351220294.8
2018-08-15,VOO,228.073,228.178,226.279,227.598,2587800,588978104.4
2018-08-16,VOO,228.89,230.235,228.881,229.444,1693100,388471636.4
2018-08-17,VOO,229.198,230.666,228.882,230.209,2278800,524600269.2
2018-08-20,VOO,230.684,230.983,230.244,230.719,1245500,287360514.5
2018-08-21,VOO,231.22,232.064,231.088,231.22,1937900,448081238.0
2018-08-22,VOO,230.895,231.607,230.675,231.15,1708100,394827315.0
2018-08-23,VOO,230.93,231.765,230.517,230.816,2308100,532746409.6
2018-08-24,VOO,231.352,232.345,231.308,232.266,2328900,540924287.4
2018-08-27,VOO,233.304,234.156,233.198,234.016,2371000,554851936.0
2018-08-28,VOO,234.517,234.578,233.752,234.147,3026900,708739554.3
2018-08-29,VOO,234.367,235.651,234.147,235.431,2116100,498195539.1
2018-08-30,VOO,235.0,235.352,233.954,234.473,2625500,615608861.5
2018-08-31,VOO,234.139,234.921,233.699,234.482,3172400,743870696.8
2018-09-04,VOO,234.156,234.429,233.198,234.156,3623300,848417434.8
2018-09-05,VOO,233.769,233.963,232.547,233.497,4595500,1073035463.5
2018-09-06,VOO,233.576,233.84,231.827,232.811,1687900,392961686.9
2018-09-07,VOO,231.765,233.198,231.607,232.249,2634100,611767090.9
2018-09-10,VOO,233.216,233.471,232.539,232.688,2832700,659135297.6
2018-09-11,VOO,232.117,233.893,231.809,233.567,3420400,798892566.8
2018-09-12,VOO,233.506,234.077,232.82,233.594,3019800,705407161.2
2018-09-13,VOO,234.534,235.097,234.262,234.921,2087500,490397587.5
2018-09-14,VOO,235.141,235.273,234.262,235.044,1861000,437416884.0
2018-09-17,VOO,234.921,234.956,233.488,233.717,2515300,587868370.1
2018-09-18,VOO,233.936,235.536,233.928,234.991,1823600,428529587.6
2018-09-19,VOO,235.035,235.633,234.93,235.255,2077500,488742262.5
2018-09-20,VOO,236.389,237.453,236.301,237.145,3349700,794364606.5
2018-09-21,VOO,237.849,237.954,236.811,236.978,1352500,320512745.0
2018-09-24,VOO,236.424,236.548,235.624,236.187,2070900,489119658.3
2018-09-25,VOO,236.574,236.635,235.739,235.897,2360400,556811278.8
2018-09-26,VOO,236.071,237.148,234.861,235.205,2568400,604100522.0
2018-09-27,VOO,235.682,236.883,235.435,235.859,3077500,725856072.5
2018-09-28,VOO,235.347,236.362,235.285,235.832,1774300,418436717.6
2018-10-01,VOO,237.078,237.714,236.133,236.707,1968800,466028741.6
2018-10-02,VOO,236.645,237.263,236.274,236.68,3034100,718110788.0
2018-10-03,VOO,237.572,237.97,236.424,236.883,2505800,593581421.4
2018-10-04,VOO,236.292,236.371,233.466,234.941,5004400,1175738740.4
2018-10-05,VOO,235.073,235.585,232.274,233.616,2564700,599154955.2
2018-10-08,VOO,232.936,233.89,231.708,233.554,3219600,751950458.4
2018-10-09,VOO,233.227,234.42,232.742,233.254,2078000,484701812.0
2018-10-10,VOO,232.803,232.803,225.518,225.721,5803900,1310062111.9
2018-10-11,VOO,225.023,226.33,219.407,220.97,9037000,1996905890.0
2018-10-12,VOO,224.652,224.873,221.04,223.955,7116700,1593820548.5
2018-10-15,VOO,223.593,224.803,222.577,222.727,3306200,736380007.4
2018-10-16,VOO,224.432,227.929,224.043,227.469,3308500,752581186.5
2018-10-17,VOO,227.62,228.141,225.253,227.549,2845800,647558944.2
2018-10-18,VOO,226.737,227.266,223.151,224.352,3046800,683555673.6
2018-10-19,VOO,224.9,226.622,223.557,224.176,2684200,601733219.2
2018-10-22,VOO,224.794,225.067,222.692,223.248,2102000,469267296.0
2018-10-23,VOO,219.893,223.054,217.985,221.906,5206500,1155353589.0
2018-10-24,VOO,221.826,222.144,214.815,215.283,4065700,875276093.1
2018-10-25,VOO,216.987,220.59,216.069,219.142,4443800,973823219.6
2018-10-26,VOO,215.777,218.109,212.863,215.265,5278700,1136319355.5
2018-10-29,VOO,218.153,219.318,210.876,214.152,5126200,1097785982.4
2018-10-30,VOO,213.985,217.579,213.534,217.429,3619100,786897293.9
2018-10-31,VOO,219.645,221.729,219.248,219.707,4073400,894954493.8
2018-11-01,VOO,220.449,222.136,219.416,221.985,2870700,637252339.5
2018-11-02,VOO,222.93,223.337,218.789,220.608,3184500,702526176.0
2018-11-05,VOO,221.058,222.356,220.237,221.862,1912100,424222330.2
2018-11-06,VOO,221.818,223.407,221.765,223.266,2255200,503509483.2
2018-11-07,VOO,225.253,228.123,224.882,227.982,3090800,704646765.6
2018-11-08,VOO,227.39,228.229,226.648,227.593,2466900,561449171.7
2018-11-09,VOO,226.516,226.639,224.14,225.491,3078700,694219141.7
2018-11-12,VOO,224.917,225.156,220.731,221.138,2710200,599328207.6
2018-11-13,VOO,221.623,223.434,220.14,220.767,3097000,683715399.0
2018-11-14,VOO,222.506,222.842,217.826,219.257,3619900,793688414.3
2018-11-15,VOO,218.144,222.003,216.74,221.526,3911900,866587559.4
2018-11-16,VOO,220.572,222.957,220.122,222.091,2342800,520314794.8
2018-11-19,VOO,221.606,221.844,217.552,218.409,2973700,649482843.3
2018-11-20,VOO,215.336,216.643,213.561,214.391,5000900,1072147951.9
2018-11-21,VOO,215.689,216.749,215.053,215.106,2425500,521739603.0
2018-11-23,VOO,213.534,214.903,213.472,213.72,830900,177579948.0
2018-11-26,VOO,215.68,217.102,215.344,217.067,2498500,542341899.5
2018-11-27,VOO,216.122,217.773,215.583,217.747,2849700,620513625.9
2018-11-28,VOO,218.762,222.833,217.906,222.833,3723300,829674108.9
2018-11-29,VOO,222.136,223.646,221.094,222.374,3279400,729253295.6
2018-11-30,VOO,222.224,224.255,221.968,223.849,2992800,669935287.2
2018-12-03,VOO,227.531,227.611,225.244,226.613,3943500,893648365.5
2018-12-04,VOO,225.942,226.313,219.062,219.583,3837400,842627804.2
2018-12-06,VOO,215.848,219.089,212.942,219.027,7712700,1689289542.9
2018-12-07,VOO,218.683,220.104,213.154,213.94,3928400,840441896.0
2018-12-10,VOO,213.711,215.141,209.843,214.197,5983700,1281690588.9
2018-12-11,VOO,217.199,217.349,212.995,214.258,4543200,973416945.6
2018-12-12,VOO,217.067,218.268,215.345,215.442,4117000,886974714.0
2018-12-13,VOO,216.236,217.031,214.329,215.371,2610800,562290606.8
2018-12-14,VOO,213.402,214.267,210.858,211.397,5088500,1075693634.5
2018-12-17,VOO,210.482,211.512,205.705,207.081,6127200,1268826703.2
2018-12-18,VOO,208.653,209.256,205.527,207.001,4691400,971124491.4
2018-12-19,VOO,207.063,210.428,202.242,203.698,8215600,1673501288.8
2018-12-20,VOO,202.748,204.124,198.477,200.351,12141900,2432641806.9
2018-12-21,VOO,201.319,203.734,195.84,196.364,11811600,2319373022.4
2018-12-24,VOO,195.103,196.045,190.957,190.957,8493500,1621893279.5
2018-12-26,VOO,192.564,200.75,190.744,200.617,11598000,2326755966.0
2018-12-27,VOO,197.962,202.544,194.979,202.482,9578400,1939453588.8
2018-12-28,VOO,203.609,205.163,201.123,202.224,7436100,1503757886.4
2018-12-31,VOO,203.601,204.187,201.949,204.044,6683900,1363809691.6
2019-01-02,VOO,200.821,204.968,200.679,204.204,4891300,998823025.2
2019-01-03,VOO,202.526,202.81,198.859,199.33,3329600,663689168.0
2019-01-04,VOO,202.029,206.539,201.683,205.909,5100100,1050156490.9
2019-01-07,VOO,206.246,208.857,205.385,207.454,3706000,768824524.0
2019-01-08,VOO,209.585,209.949,207.259,209.469,3546600,742902755.4
2019-01-09,VOO,210.171,211.263,209.061,210.437,4565000,960644905.0
2019-01-10,VOO,209.23,211.467,208.519,211.316,2813500,594537566.0
2019-01-11,VOO,210.295,211.316,209.754,211.219,2551000,538819669.0
2019-01-14,VOO,209.629,210.775,209.265,210.055,2653400,557359937.0
2019-01-15,VOO,210.402,212.728,210.402,212.515,5103700,1084612805.5
2019-01-16,VOO,212.843,213.776,212.666,212.985,4066700,866146099.5
2019-01-17,VOO,212.204,215.356,212.16,214.575,3059000,656384925.0
2019-01-18,VOO,216.253,217.86,215.543,217.46,4943300,1074970018.0
2019-01-22,VOO,216.102,216.271,213.065,214.566,5786300,1241543245.8
2019-01-23,VOO,215.472,216.058,212.719,214.886,3076400,661075290.4
2019-01-24,VOO,214.779,215.596,213.9,215.099,2197100,472594012.9
2019-01-25,VOO,216.741,217.629,216.35,216.928,3677500,797752720.0
2019-01-28,VOO,214.948,215.303,213.651,215.25,2407800,518278950.0
2019-01-29,VOO,215.356,215.862,214.22,214.983,2436900,523892072.7
2019-01-30,VOO,216.342,219.112,215.649,218.384,6028400,1316506105.6
2019-01-31,VOO,218.295,220.666,218.135,220.204,5308100,1168864852.4
2019-02-01,VOO,220.47,221.34,219.716,220.39,3718500,819520215.0
2019-02-04,VOO,220.461,221.989,219.831,221.962,2541700,564160815.4
2019-02-05,VOO,222.362,223.152,221.9,222.948,3613300,805578008.4
2019-02-06,VOO,222.637,223.054,221.926,222.672,2052200,456967478.4
2019-02-07,VOO,221.118,221.598,218.97,220.488,3907800,861623006.4
2019-02-08,VOO,219.316,220.825,218.597,220.772,2512600,554711727.2
2019-02-11,VOO,221.332,221.536,220.39,220.888,2986600,659704100.8
2019-02-12,VOO,222.308,224.066,222.273,223.747,5980500,1338118933.5
2019-02-13,VOO,224.475,225.221,224.093,224.421,3569100,800980991.1
2019-02-14,VOO,223.436,224.954,222.708,223.924,3247800,727260367.2
2019-02-15,VOO,225.549,226.41,225.354,226.393,2806600,635394593.8
2019-02-19,VOO,225.656,227.378,225.656,226.783,2509300,569066581.9
2019-02-20,VOO,226.774,227.636,226.313,227.307,2156300,490142084.1
2019-02-21,VOO,226.703,226.979,225.558,226.481,2020000,457491620.0
2019-02-22,VOO,227.023,228.017,226.81,227.84,2119400,482884096.0
2019-02-25,VOO,229.154,229.616,228.08,228.177,2941300,671137010.1
2019-02-26,VOO,227.786,228.754,227.662,228.008,4629600,1055585836.8
2019-02-27,VOO,227.351,228.204,226.499,227.893,2136400,486870605.2
2019-02-28,VOO,227.671,228.079,227.165,227.36,2207000,501783520.0
2019-03-01,VOO,228.905,229.26,227.591,228.923,2867000,656322241.0
2019-03-04,VOO,229.846,230.051,225.957,228.044,3384200,771746504.8
2019-03-05,VOO,228.177,228.337,227.263,227.778,2475900,563955550.2
2019-03-06,VOO,227.849,227.849,226.055,226.321,2514900,569174682.9
2019-03-07,VOO,225.949,226.055,223.702,224.501,6441200,1446055841.2
2019-03-08,VOO,222.752,224.146,222.273,224.048,4522300,1013212270.4
2019-03-11,VOO,224.67,227.405,224.652,227.316,1884200,428308807.2
2019-03-12,VOO,227.76,228.594,227.627,228.124,2271900,518274915.6
2019-03-13,VOO,228.932,230.486,228.799,229.678,1974300,453453275.4
2019-03-14,VOO,229.678,230.068,229.109,229.598,1557500,357598885.0
2019-03-15,VOO,229.98,231.356,229.846,230.716,3151200,727032259.2
2019-03-18,VOO,230.85,231.729,230.645,231.542,1830000,423721860.0
2019-03-19,VOO,232.457,233.149,230.743,231.613,4061800,940765683.4
2019-03-20,VOO,231.329,232.421,229.82,230.788,3415200,788187177.6
2019-03-21,VOO,230.078,233.81,230.078,233.426,2968300,692878395.8
2019-03-22,VOO,232.212,232.694,228.908,228.988,4317400,988632791.2
2019-03-25,VOO,228.658,229.721,227.64,228.783,2893600,662006488.8
2019-03-26,VOO,230.372,231.363,229.229,230.435,3177600,732230256.0
2019-03-27,VOO,230.497,231.015,227.89,229.363,2714300,622559990.9
2019-03-28,VOO,229.872,230.56,228.819,230.256,1716700,395280475.2
2019-03-29,VOO,231.56,231.899,230.524,231.738,2831100,656073451.8
2019-04-01,VOO,233.453,234.631,233.212,234.408,3303900,774460591.2
2019-04-02,VOO,234.533,234.694,233.765,234.489,1512600,354688061.4
2019-04-03,VOO,235.605,235.944,234.292,234.926,1933900,454323391.4
2019-04-04,VOO,235.158,235.685,234.533,235.489,1738500,409397626.5
2019-04-05,VOO,236.096,236.667,235.828,236.623,1505000,356117615.0
2019-04-08,VOO,236.23,236.89,235.64,236.828,1720100,407367842.8
2019-04-09,VOO,235.917,236.203,235.087,235.569,2016900,475119116.1
2019-04-10,VOO,235.944,236.471,235.587,236.381,2990600,706921018.6
2019-04-11,VOO,236.828,236.828,235.801,236.337,1567700,370505514.9
2019-04-12,VOO,237.801,238.194,237.176,237.935,1903400,452885479.0
2019-04-15,VOO,238.015,238.078,237.033,237.774,1584500,376752903.0
2019-04-16,VOO,238.578,238.614,237.381,237.944,2447700,582415528.8
2019-04-17,VOO,238.926,238.944,236.971,237.364,1872400,444440353.6
2019-04-18,VOO,237.899,238.042,236.685,237.81,2788900,663228309.0
2019-04-22,VOO,237.114,238.14,237.033,238.042,1126500,268154313.0
2019-04-23,VOO,238.364,240.355,238.14,240.096,2618300,628643356.8
2019-04-24,VOO,240.087,240.373,239.498,239.623,1393400,333890688.2
2019-04-25,VOO,239.542,240.078,238.382,239.533,1237400,296398134.2
2019-04-26,VOO,239.542,240.667,238.81,240.632,2172600,522797083.2
2019-04-29,VOO,240.685,241.444,240.596,240.935,1892500,455969487.5
2019-04-30,VOO,240.685,241.355,239.39,241.087,2024600,488104740.2
2019-05-01,VOO,241.685,241.855,239.292,239.328,2669400,638862163.2
2019-05-02,VOO,239.185,240.007,237.444,238.855,3009000,718714695.0
2019-05-03,VOO,240.114,241.364,239.917,241.123,1969000,474771187.0
2019-05-06,VOO,237.194,240.507,236.89,240.167,3966900,952718472.3
2019-05-07,VOO,237.935,238.471,234.364,236.274,4752500,1122892185.0
2019-05-08,VOO,235.846,237.346,235.247,235.81,2662500,627844125.0
2019-05-09,VOO,233.881,235.578,232.328,235.087,3094800,727547247.6
2019-05-10,VOO,234.265,236.953,231.497,236.185,3131900,739707801.5
2019-05-13,VOO,231.587,232.453,229.533,230.39,5548200,1278249798.0
2019-05-14,VOO,231.247,233.774,231.113,232.39,4702600,1092837214.0
2019-05-15,VOO,230.926,234.337,230.721,233.765,2444100,571345036.5
2019-05-16,VOO,234.355,237.149,234.337,235.908,3221500,759977622.0
2019-05-17,VOO,233.837,236.631,233.81,234.48,2719500,637668360.0
2019-05-20,VOO,232.953,234.033,232.167,232.881,2762600,643357050.6
2019-05-21,VOO,234.381,235.283,234.158,234.855,2760500,648317227.5
2019-05-22,VOO,234.042,235.087,233.819,234.212,3421500,801356358.0
2019-05-23,VOO,232.221,232.239,230.078,231.471,3813200,882645217.2
2019-05-24,VOO,232.685,233.033,231.31,231.872,1833100,425044563.2
2019-05-28,VOO,232.113,233.006,229.729,229.792,2565900,589623292.8
2019-05-29,VOO,228.694,229.042,226.881,228.212,4593500,1048291822.0
2019-05-30,VOO,228.828,229.631,227.81,228.846,2977200,681320311.2
2019-05-31,VOO,226.462,227.229,225.694,225.783,3698600,835081003.8
2019-06-03,VOO,225.747,226.756,223.908,225.113,3825600,861192292.8
2019-06-04,VOO,227.22,230.149,226.819,230.069,3536300,813593004.7
2019-06-05,VOO,231.471,232.042,229.846,232.015,2646500,614027697.5
2019-06-06,VOO,232.301,234.167,231.712,233.524,2277500,531850910.0
2019-06-07,VOO,234.489,236.873,234.337,235.855,1877400,442794177.0
2019-06-10,VOO,237.292,238.489,236.881,236.962,2845900,674370155.8
2019-06-11,VOO,238.623,238.98,236.337,236.917,1894500,448839256.5
2019-06-12,VOO,236.721,237.239,236.042,236.471,1711900,404814704.9
2019-06-13,VOO,237.346,237.828,236.712,237.524,1813700,430797278.8
2019-06-14,VOO,237.248,237.765,236.533,237.167,1203300,285383051.1
2019-06-17,VOO,237.453,238.006,237.167,237.381,1782500,423131632.5
2019-06-18,VOO,238.98,240.774,238.667,239.748,2340700,561178143.6
2019-06-19,VOO,239.953,240.828,239.078,240.382,1684500,404923479.0
2019-06-20,VOO,242.81,243.033,240.837,242.623,3288100,797768686.3
2019-06-21,VOO,242.444,243.569,242.123,242.337,2226000,539442162.0
2019-06-24,VOO,242.498,242.792,241.882,242.024,3518400,851537241.6
2019-06-25,VOO,242.06,242.087,239.533,239.632,2287100,548062347.2
2019-06-26,VOO,240.453,240.917,239.31,239.399,2988700,715491791.3
2019-06-27,VOO,240.078,240.706,239.791,240.239,2054600,493595049.4
2019-06-28,VOO,241.164,241.927,240.697,241.568,2883300,696513014.4
2019-07-01,VOO,244.539,244.709,242.6,243.623,4497900,1095791891.7
2019-07-02,VOO,243.65,244.35,242.887,244.332,3040700,742940312.4
2019-07-03,VOO,244.942,246.253,244.808,246.208,2335800,575092646.4
2019-07-05,VOO,245.149,246.145,244.0,245.894,3362500,826818575.0
2019-07-08,VOO,244.835,245.077,244.153,244.664,3131800,766238715.2
2019-07-09,VOO,243.587,245.221,243.533,244.969,2532900,620481980.1
2019-07-10,VOO,245.939,246.989,245.436,246.109,2853200,702198198.8
2019-07-11,VOO,246.702,246.917,245.786,246.603,2249400,554708788.2
2019-07-12,VOO,247.168,247.886,246.872,247.815,2932300,726667924.5
2019-07-15,VOO,248.192,248.209,247.456,247.877,1466200,363437257.4
2019-07-16,VOO,247.823,247.958,246.809,247.07,1564000,386417480.0
2019-07-17,VOO,247.07,247.177,245.4,245.4,1758100,431437740.0
2019-07-18,VOO,244.942,246.63,244.548,246.298,3461100,852462007.8
2019-07-19,VOO,247.285,247.303,244.754,244.978,2319400,568201973.2
2019-07-22,VOO,245.31,246.019,244.835,245.571,1304100,320249141.1
2019-07-23,VOO,246.558,247.267,245.822,247.258,1753000,433443274.0
2019-07-24,VOO,246.621,248.425,246.522,248.398,1669900,414799820.2
2019-07-25,VOO,248.084,248.084,246.531,247.186,1874200,463276001.2
2019-07-26,VOO,247.895,249.107,247.806,248.954,1796900,447345442.6
2019-07-29,VOO,248.82,248.856,247.949,248.506,2925900,727103705.4
2019-07-30,VOO,247.222,248.218,246.854,247.904,1751100,434104694.4
2019-07-31,VOO,248.066,248.263,243.291,245.095,4910000,1203416450.0
2019-08-01,VOO,245.275,247.967,242.277,243.04,6921000,1682079840.0
2019-08-02,VOO,242.232,242.402,239.773,241.263,5310400,1281203035.2
2019-08-05,VOO,237.457,237.556,232.189,234.145,7354000,1721902330.0
2019-08-06,VOO,235.626,237.367,234.307,237.161,4366800,1035634654.8
2019-08-07,VOO,234.397,238.05,232.449,237.323,4261200,1011280767.6
2019-08-08,VOO,238.741,241.963,238.202,241.954,3618800,875583135.2
2019-08-09,VOO,241.182,241.693,238.741,240.266,2616300,628607935.8
2019-08-12,VOO,238.956,239.45,236.56,237.448,2104500,499709316.0
2019-08-13,VOO,237.143,242.42,236.865,241.128,3402300,820389794.4
2019-08-14,VOO,237.448,237.978,233.867,233.867,4354800,1018444011.6
2019-08-15,VOO,234.809,235.393,232.763,234.603,2775200,651070245.6
2019-08-16,VOO,236.111,238.453,236.066,238.041,2432700,579082340.7
2019-08-19,VOO,240.859,241.559,240.213,240.966,1430800,344774152.8
2019-08-20,VOO,240.518,240.975,239.001,239.1,1865000,445921500.0
2019-08-21,VOO,241.056,241.37,240.464,241.038,2007400,483859681.2
2019-08-22,VOO,241.684,242.25,239.369,240.948,1883700,453873747.6
2019-08-23,VOO,239.809,241.29,233.652,234.765,4184200,982303713.0
2019-08-26,VOO,236.775,237.367,235.393,237.367,2260000,536449420.0
2019-08-27,VOO,238.669,238.974,235.788,236.434,2490400,588815233.6
2019-08-28,VOO,235.806,238.247,235.151,238.076,3124000,743749424.0
2019-08-29,VOO,240.455,241.64,239.548,241.173,3128700,754557965.1
2019-08-30,VOO,242.465,242.519,240.23,241.074,4209200,1014728680.8
2019-09-03,VOO,239.486,240.356,238.453,239.737,3368500,807554084.5
2019-09-04,VOO,241.658,242.385,240.966,242.304,1486100,360087974.4
2019-09-05,VOO,244.637,246.316,244.539,245.508,1755800,431062946.4
2019-09-06,VOO,245.858,246.271,245.194,245.687,1890800,464544979.6
2019-09-09,VOO,246.639,246.666,244.987,245.75,2158500,530451375.0
2019-09-10,VOO,245.122,245.813,244.009,245.804,1870400,459751801.6
2019-09-11,VOO,246.055,247.572,245.472,247.572,2080300,515024031.6
2019-09-12,VOO,248.353,249.331,247.662,248.299,2433700,604285276.3
2019-09-13,VOO,248.802,249.098,247.85,248.236,2292000,568956912.0
2019-09-16,VOO,247.159,247.806,246.854,247.42,1432400,354404408.0
2019-09-17,VOO,247.231,248.147,247.123,248.093,1789200,443887995.6
2019-09-18,VOO,247.716,248.326,245.876,248.245,2028700,503614631.5
2019-09-19,VOO,248.613,249.493,247.922,248.191,2267900,562872368.9
2019-09-20,VOO,248.775,248.981,246.37,246.863,2052700,506735680.1
2019-09-23,VOO,246.45,247.626,246.217,247.034,1286400,317784537.6
2019-09-24,VOO,247.994,248.326,244.18,244.987,5124900,1255533876.3
2019-09-25,VOO,245.095,246.89,243.767,246.486,2649200,652990711.2
2019-09-26,VOO,246.496,246.685,244.702,246.0,2355000,579330000.0
2019-09-27,VOO,246.695,246.722,243.232,244.62,2836500,693864630.0
2019-09-30,VOO,245.125,246.433,245.098,245.829,2735200,672391480.8
2019-10-01,VOO,246.586,247.163,242.663,242.871,3696000,897651216.0
2019-10-02,VOO,241.437,241.437,237.397,238.587,4463500,1064933074.5
2019-10-03,VOO,238.389,240.535,235.9,240.481,2988800,718749612.8
2019-10-04,VOO,241.184,243.989,241.103,243.818,1907800,465155980.4
2019-10-07,VOO,243.087,244.53,242.492,242.772,1821900,442306306.8
2019-10-08,VOO,241.031,241.699,238.939,239.002,2153100,514595206.2
2019-10-09,VOO,240.815,242.077,240.229,241.23,1921200,463451076.0
2019-10-10,VOO,241.157,243.664,241.004,242.871,1559300,378708750.3
2019-10-11,VOO,245.378,247.407,245.234,245.405,2806500,688729132.5
2019-10-14,VOO,245.098,245.694,244.819,245.18,1215500,298016290.0
2019-10-15,VOO,246.072,248.218,245.982,247.551,1783800,441581473.8
2019-10-16,VOO,247.154,247.75,246.749,247.163,1150800,284435180.4
2019-10-17,VOO,248.209,248.642,247.263,247.831,3100600,768424798.6
2019-10-18,VOO,247.416,247.966,246.018,246.812,1152200,284376786.4
2019-10-21,VOO,248.038,248.642,247.605,248.534,3017500,749951345.0
2019-10-22,VOO,248.976,249.192,247.56,247.659,1601500,396625888.5
2019-10-23,VOO,247.461,248.426,247.254,248.39,1296500,322037635.0
2019-10-24,VOO,249.238,249.355,248.038,248.796,2220600,552476397.6
2019-10-25,VOO,248.291,250.284,248.246,249.833,5500900,1374306349.7
2019-10-28,VOO,250.897,251.663,250.897,251.285,1795900,451282731.5
2019-10-29,VOO,250.987,251.988,250.861,251.122,1599200,401594302.4
2019-10-30,VOO,251.321,252.222,250.139,252.006,1811300,456458467.8
2019-10-31,VOO,251.916,251.916,249.932,251.194,2312100,580785647.4
2019-11-01,VOO,252.547,253.593,252.421,253.584,2361900,598940049.6
2019-11-04,VOO,255.018,255.117,254.27,254.594,3797500,966820715.0
2019-11-05,VOO,254.829,255.045,254.044,254.269,2995600,761688216.4
2019-11-06,VOO,254.342,254.612,253.512,254.405,1457200,370718966.0
2019-11-07,VOO,255.622,256.317,254.829,255.307,2689600,686673707.2
2019-11-08,VOO,254.973,255.929,254.306,255.929,2328700,595981862.3
2019-11-11,VOO,254.693,255.541,254.522,255.433,1123700,287030062.1
2019-11-12,VOO,255.73,256.759,255.235,255.938,1737600,444717868.8
2019-11-13,VOO,255.054,256.398,254.838,256.046,1721400,440757584.4
2019-11-14,VOO,255.785,256.47,255.198,256.389,2244000,575336916.0
2019-11-15,VOO,257.588,258.301,257.011,258.301,1892400,488808812.4
2019-11-18,VOO,258.075,258.679,257.651,258.463,2278500,588907945.5
2019-11-19,VOO,259.031,259.031,257.805,258.337,3212500,829907612.5
2019-11-20,VOO,257.832,258.292,256.01,257.426,2816300,724988843.8
2019-11-21,VOO,257.48,257.588,256.262,257.029,2307200,593017308.8
2019-11-22,VOO,257.687,257.787,256.65,257.597,1266500,326246600.5
2019-11-25,VOO,258.454,259.572,258.427,259.554,2040300,529568026.2
2019-11-26,VOO,259.635,260.33,259.329,260.077,1795700,467020268.9
2019-11-27,VOO,260.672,261.322,260.402,261.304,1631500,426317476.0
2019-11-29,VOO,260.844,261.051,260.149,260.303,1988500,517612515.5
2019-12-02,VOO,260.645,260.645,257.769,258.183,4416100,1140161946.3
2019-12-03,VOO,255.676,256.497,254.396,256.371,3236000,829616556.0
2019-12-04,VOO,257.381,258.544,257.074,258.012,3188800,822748665.6
2019-12-05,VOO,258.661,258.661,257.273,258.49,1597200,412860228.0
2019-12-06,VOO,260.239,261.204,260.212,260.79,1609400,419715426.0
2019-12-09,VOO,260.501,261.087,259.96,259.996,1478900,384508084.4
2019-12-10,VOO,259.996,260.564,259.13,259.753,1822700,473451793.1
2019-12-11,VOO,260.122,260.69,259.789,260.429,1835400,477991386.6
2019-12-12,VOO,260.483,263.414,260.266,262.719,3276600,860825075.4
2019-12-13,VOO,262.503,264.009,261.79,262.819,3519600,925017752.4
2019-12-16,VOO,264.46,265.226,264.424,264.676,3141900,831585524.4
2019-12-17,VOO,265.118,265.299,264.676,264.73,3658200,968435286.0
2019-12-18,VOO,265.145,265.326,264.739,264.748,3294400,872185811.2
2019-12-19,VOO,264.929,265.921,264.902,265.849,2331600,619853528.4
2019-12-20,VOO,266.832,267.616,266.732,267.201,4985600,1332157305.6
2019-12-23,VOO,267.762,267.798,267.309,267.463,2325200,621904967.6
2019-12-24,VOO,267.644,267.681,267.182,267.463,1305900,349279931.7
2019-12-26,VOO,267.826,268.85,267.789,268.831,2390300,642586739.3
2019-12-27,VOO,269.593,269.593,268.36,268.831,2225400,598256507.4
2019-12-30,VOO,268.904,268.985,266.874,267.354,2345400,627052071.6
2019-12-31,VOO,266.892,268.215,266.566,268.043,2512700,673511646.1
2020-01-02,VOO,269.393,270.444,268.532,270.417,3142400,849758380.8
2020-01-03,VOO,267.517,269.457,267.354,268.442,3247900,871872771.8
2020-01-06,VOO,266.793,269.511,266.729,269.448,2777100,748284040.8
2020-01-07,VOO,268.967,269.375,268.279,268.705,2251800,605069919.0
2020-01-08,VOO,268.868,271.224,268.65,270.091,3719500,1004603474.5
2020-01-09,VOO,271.604,272.021,271.024,271.958,2168500,589740923.0
2020-01-10,VOO,272.52,272.628,270.753,271.178,3666800,994355490.4
2020-01-13,VOO,271.767,273.045,271.378,272.973,2728000,744670344.0
2020-01-14,VOO,272.655,273.58,272.139,272.61,2620100,714265461.0
2020-01-15,VOO,272.583,273.933,272.474,273.217,2822300,771100339.1
2020-01-16,VOO,274.513,275.51,274.305,275.501,2582600,711508882.6
2020-01-17,VOO,276.171,276.561,275.655,276.434,2218000,613130612.0
2020-01-21,VOO,275.546,276.579,275.474,275.863,2757900,760802567.7
2020-01-22,VOO,276.661,277.213,275.764,275.936,2765300,763045820.8
2020-01-23,VOO,275.329,276.353,274.259,276.208,2673100,738331604.8
2020-01-24,VOO,276.76,276.851,272.583,273.688,3448200,943730961.6
2020-01-27,VOO,268.986,270.698,268.632,269.339,4302000,1158696378.0
2020-01-28,VOO,270.671,272.954,270.236,272.257,3562500,969915562.5
2020-01-29,VOO,273.462,273.607,271.776,271.985,2739400,745075709.0
2020-01-30,VOO,270.073,273.018,269.402,272.837,4432700,1209404569.9
2020-01-31,VOO,272.248,272.393,267.064,267.943,6184700,1657147072.1
2020-02-03,VOO,269.239,271.55,269.158,269.892,3205200,865057838.4
2020-02-04,VOO,273.208,274.776,272.9,274.051,2292800,628344132.8
2020-02-05,VOO,276.742,277.358,275.356,277.15,3049900,845279785.0
2020-02-06,VOO,278.011,278.265,277.114,278.092,1925500,535466146.0
2020-02-07,VOO,277.132,277.821,276.144,276.679,2249000,622251071.0
2020-02-10,VOO,275.827,278.7,275.791,278.663,2246900,626127894.7
2020-02-11,VOO,279.941,280.63,278.745,279.171,2438800,680842234.8
2020-02-12,VOO,280.512,281.155,280.158,280.965,2115800,594465747.0
2020-02-13,VOO,279.642,281.563,279.424,280.693,2043400,573568076.2
2020-02-14,VOO,281.01,281.21,280.004,281.164,1637000,460265468.0
2020-02-18,VOO,280.222,280.747,279.125,280.394,3000300,841266118.2
2020-02-19,VOO,281.291,282.351,281.019,281.744,2257500,636037080.0
2020-02-20,VOO,281.228,281.989,277.893,280.639,4617300,1295794454.7
2020-02-21,VOO,279.37,279.624,276.942,277.73,2678000,743760940.0
2020-02-24,VOO,269.094,271.287,267.472,268.442,7097000,1905132874.0
2020-02-25,VOO,269.792,270.245,259.489,260.377,8465800,2204299606.6
2020-02-26,VOO,261.528,264.853,258.692,259.226,10233700,2652841116.2
2020-02-27,VOO,254.242,257.785,247.709,247.736,14897000,3690523192.0
2020-02-28,VOO,240.423,247.31,237.641,246.241,23179600,5707767883.6
2020-03-02,VOO,248.289,257.387,245.108,257.233,12428600,3197046063.8
2020-03-03,VOO,257.659,261.265,247.709,250.137,9805900,2452818408.3
2020-03-04,VOO,254.84,260.658,252.548,260.504,5253900,1368661965.6
2020-03-05,VOO,253.998,256.816,249.748,251.777,6220000,1566052940.0
2020-03-06,VOO,244.048,248.706,241.583,247.555,6669100,1650969050.5
2020-03-09,VOO,230.066,236.5,227.583,228.453,16425900,3752546132.7
2020-03-10,VOO,237.146,240.177,227.604,240.177,10879100,2612909600.7
2020-03-11,VOO,233.668,234.633,225.438,228.269,11480100,2620550946.9
2020-03-12,VOO,213.893,221.85,205.581,206.191,24669300,5086587636.3
2020-03-13,VOO,219.101,225.583,207.666,225.456,19533600,4403967321.6
2020-03-16,VOO,202.886,213.739,198.598,198.99,17271500,3436855785.0
2020-03-17,VOO,203.706,212.992,197.196,212.018,15115500,3204758079.0
2020-03-18,VOO,196.723,204.607,189.649,200.428,20177500,4044135970.0
2020-03-19,VOO,198.862,205.754,193.109,200.601,12441200,2495717161.2
2020-03-20,VOO,202.841,204.443,191.233,191.861,11533200,2212771285.2
2020-03-23,VOO,190.851,191.898,182.584,185.971,14128200,2627435482.2
2020-03-24,VOO,197.005,204.207,195.585,203.706,13160800,2680933924.8
2020-03-25,VOO,204.844,214.412,200.583,206.319,11876400,2450326971.6
2020-03-26,VOO,208.731,219.811,208.349,218.719,12411100,2714543380.9
2020-03-27,VOO,211.854,218.172,209.997,212.0,11170600,2368167200.0
2020-03-30,VOO,213.875,219.502,212.1,218.855,8727800,1910122669.0
2020-03-31,VOO,217.999,220.266,214.349,215.605,10386300,2239338211.5
2020-04-01,VOO,207.502,210.352,204.052,205.891,13710100,2822786199.1
2020-04-02,VOO,205.144,211.381,204.589,210.707,6547000,1379498729.0
2020-04-03,VOO,209.787,211.863,205.153,207.593,5490200,1139727088.6
2020-04-06,VOO,215.732,223.325,214.795,221.714,7624000,1690347536.0
2020-04-07,VOO,229.352,230.154,221.65,221.832,12936600,2869751851.2
2020-04-08,VOO,224.181,230.381,222.187,229.361,6958600,1596031454.6
2020-04-09,VOO,232.266,235.243,230.463,232.766,8812600,2051273651.6
2020-04-13,VOO,231.829,232.111,227.04,230.509,7666400,1767174197.6
2020-04-14,VOO,235.106,238.192,234.168,237.546,6631100,1575191280.6
2020-04-15,VOO,232.229,233.886,230.436,232.375,4888900,1136058137.5
2020-04-16,VOO,233.531,234.25,230.7,233.549,6165700,1439993069.3
2020-04-17,VOO,238.812,240.35,236.253,239.995,6738800,1617278306.0
2020-04-20,VOO,236.39,239.531,235.416,235.671,6498700,1531555127.7
2020-04-21,VOO,231.474,232.603,227.604,228.469,6526100,1491011540.9
2020-04-22,VOO,232.912,235.097,231.683,233.495,5626800,1313829666.0
2020-04-23,VOO,234.66,237.528,233.249,233.449,7665400,1789479964.6
2020-04-24,VOO,234.888,237.346,233.012,236.836,4768200,1129281415.2
2020-04-27,VOO,238.538,241.179,238.138,240.259,3892200,935136079.8
2020-04-28,VOO,243.518,243.801,238.802,239.148,5849500,1398896226.0
2020-04-29,VOO,243.974,246.723,242.999,245.312,6773100,1661522707.2
2020-04-30,VOO,244.065,244.52,241.47,243.172,7386600,1796214295.2
2020-05-01,VOO,238.657,239.303,235.561,236.545,4790700,1133216131.5
2020-05-04,VOO,234.815,237.528,233.549,237.291,4128900,979750809.9
2020-05-05,VOO,239.849,241.998,239.076,239.476,4437200,1062602907.2
2020-05-06,VOO,240.997,241.361,237.746,237.865,3021400,718685311.0
2020-05-07,VOO,240.76,242.444,240.259,240.678,3410200,820760115.6
2020-05-08,VOO,243.564,245.03,242.517,244.702,3201100,783315572.2
2020-05-11,VOO,242.881,245.995,242.562,244.738,3469300,849069543.4
2020-05-12,VOO,245.794,246.177,239.74,239.813,5159900,1237411098.7
2020-05-13,VOO,239.321,240.259,233.395,235.561,5617500,1323263917.5
2020-05-14,VOO,233.367,238.529,231.219,238.402,7737600,1844659315.2
2020-05-15,VOO,236.29,239.54,235.398,239.476,3385900,810841788.4
2020-05-18,VOO,245.194,248.271,244.957,246.796,6759200,1668143523.2
2020-05-19,VOO,246.368,247.861,244.301,244.465,4921100,1203036711.5
2020-05-20,VOO,247.561,249.263,247.351,248.453,4896200,1216475578.6
2020-05-21,VOO,248.362,249.081,245.767,246.668,3581300,883392108.4
2020-05-22,VOO,246.505,247.379,245.357,247.224,2296400,567725193.6
2020-05-26,VOO,252.668,252.859,249.955,250.401,4911800,1229919631.8
2020-05-27,VOO,252.896,254.052,248.416,254.052,5152400,1308977524.8
2020-05-28,VOO,254.944,256.774,252.923,253.551,4630600,1174093260.6
2020-05-29,VOO,253.123,255.235,250.692,254.689,7049300,1795379167.7
2020-06-01,VOO,254.07,256.273,253.615,255.8,3888200,994601560.0
2020-06-02,VOO,256.547,257.903,255.336,257.903,4343900,1120304841.7
2020-06-03,VOO,259.651,262.136,259.405,261.308,5568100,1454989074.8
2020-06-04,VOO,260.379,261.972,258.741,260.643,3818600,995291359.8
2020-06-05,VOO,265.505,268.919,265.487,267.308,6015500,1607991274.0
2020-06-08,VOO,268.054,270.685,267.553,270.549,5559700,1504171275.3
2020-06-09,VOO,268.109,269.839,267.326,268.628,4686400,1258898259.2
2020-06-10,VOO,269.056,269.839,266.379,266.953,5602600,1495630877.8
2020-06-11,VOO,260.707,261.217,251.093,251.567,7748200,1949191429.4
2020-06-12,VOO,257.967,258.695,249.909,254.598,6232200,1586705655.6
2020-06-15,VOO,249.372,257.967,248.335,256.92,4431400,1138515288.0
2020-06-16,VOO,264.066,264.203,257.493,261.945,5295000,1386998775.0
2020-06-17,VOO,262.865,263.129,260.27,260.743,2662800,694306460.4
2020-06-18,VOO,259.442,261.399,259.059,260.98,2756300,719339174.0
2020-06-19,VOO,264.057,264.267,258.258,259.442,3479500,902728439.0
2020-06-22,VOO,258.877,261.463,257.885,261.162,2518000,657605916.0
2020-06-23,VOO,263.575,264.412,261.982,262.346,2503600,656809445.6
2020-06-24,VOO,260.452,261.017,253.979,255.636,4532300,1158619042.8
2020-06-25,VOO,255.154,258.65,253.296,258.34,3897400,1006854316.0
2020-06-26,VOO,257.393,257.575,251.749,252.286,4479000,1129988994.0
2020-06-29,VOO,253.396,255.986,251.41,255.967,3464600,886823268.2
2020-06-30,VOO,255.592,260.772,255.464,259.381,5215700,1352853481.7
2020-07-01,VOO,260.241,262.2,259.857,261.156,3712600,969567765.6
2020-07-02,VOO,264.259,265.439,261.898,262.474,3661100,960943561.4
2020-07-06,VOO,266.007,266.839,265.302,266.547,3573800,952585668.6
2020-07-07,VOO,265.091,266.931,263.462,263.783,3420300,902216994.9
2020-07-08,VOO,264.478,265.897,262.913,265.741,2434200,646866742.2
2020-07-09,VOO,266.327,266.583,261.193,264.387,3164600,836679100.2
2020-07-10,VOO,264.222,267.233,262.959,267.041,2712400,724322008.4
2020-07-13,VOO,269.145,271.296,264.121,264.625,3657900,967971787.5
2020-07-14,VOO,263.371,268.432,262.309,268.166,4053100,1086903614.6
2020-07-15,VOO,271.058,271.571,268.459,270.546,6601400,1785982364.4
2020-07-16,VOO,268.871,270.07,268.276,269.759,3082900,831640021.1
2020-07-17,VOO,270.628,271.205,268.825,270.472,2246000,607480112.0
2020-07-20,VOO,270.271,273.337,269.603,272.724,2539900,692691687.6
2020-07-21,VOO,274.417,274.865,272.403,273.291,3305500,903363400.5
2020-07-22,VOO,272.916,275.057,272.815,274.847,4121100,1132671971.7
2020-07-23,VOO,274.481,275.112,270.317,271.561,3487100,946960363.1
2020-07-24,VOO,269.841,270.71,268.413,269.804,2851000,769211204.0
2020-07-27,VOO,270.408,271.909,269.731,271.772,2253300,612383847.6
2020-07-28,VOO,271.049,272.102,269.777,270.088,3135600,846887932.8
2020-07-29,VOO,270.884,273.868,270.793,273.355,2370800,648070034.0
2020-07-30,VOO,270.646,272.77,268.752,272.358,2951700,803919108.6
2020-07-31,VOO,274.042,274.636,270.189,274.636,4460300,1224958950.8
2020-08-03,VOO,276.055,277.126,275.579,276.366,3767700,1041264178.2
2020-08-04,VOO,275.661,277.528,275.661,277.528,2129200,590912617.6
2020-08-05,VOO,278.764,279.487,278.489,279.258,2615100,730287595.8
2020-08-06,VOO,278.736,281.216,278.434,281.134,4088200,1149332018.8
2020-08-07,VOO,280.246,281.5,279.414,281.28,3319600,933737088.0
2020-08-10,VOO,281.756,282.324,279.963,282.177,2118200,597707321.4
2020-08-11,VOO,283.257,283.806,279.185,279.899,3571200,999575308.8
2020-08-12,VOO,282.095,284.438,282.049,283.733,2947400,836274644.2
2020-08-13,VOO,283.056,284.41,282.379,283.248,4074200,1154009001.6
2020-08-14,VOO,282.919,283.715,282.177,283.248,2097600,594141004.8
2020-08-17,VOO,284.099,284.493,283.779,284.163,2183400,620441494.2
2020-08-18,VOO,284.548,285.115,283.038,284.758,2415800,687918376.4
2020-08-19,VOO,285.115,285.783,283.065,283.55,2498300,708392965.0
2020-08-20,VOO,281.967,284.859,281.884,284.447,2409300,685318157.1
2020-08-21,VOO,284.136,285.618,283.852,285.463,2316200,661189400.6
2020-08-24,VOO,287.686,288.428,286.78,288.364,2349600,677540054.4
2020-08-25,VOO,288.904,289.425,287.815,289.37,2890800,836510796.0
2020-08-26,VOO,289.874,292.509,289.416,292.326,2606000,761801556.0
2020-08-27,VOO,293.049,294.221,291.448,292.912,2295900,672496660.8
2020-08-28,VOO,293.891,294.934,292.802,294.815,3538700,1043261840.5
2020-08-31,VOO,294.66,295.438,293.58,293.781,5068000,1488882108.0
2020-09-01,VOO,294.504,296.6,293.708,296.527,3008000,891953216.0
2020-09-02,VOO,298.284,301.697,297.222,300.846,5273100,1586391042.6
2020-09-03,VOO,299.263,299.721,288.098,290.432,6892000,2001657344.0
2020-09-04,VOO,290.807,292.482,280.859,288.107,5133900,1479112527.3
2020-09-08,VOO,283.102,284.236,279.899,280.191,4278300,1198741155.3
2020-09-09,VOO,283.834,287.961,283.047,285.719,3339800,954244316.2
2020-09-10,VOO,287.403,288.007,279.871,280.722,3589000,1007511258.0
2020-09-11,VOO,282.369,283.321,278.361,280.933,3690100,1036670863.3
2020-09-14,VOO,283.77,286.213,283.339,284.584,3056100,869717162.4
2020-09-15,VOO,286.872,287.595,285.087,286.048,2570900,735400803.2
2020-09-16,VOO,287.183,288.437,284.648,284.895,2313400,659076093.0
2020-09-17,VOO,280.475,283.944,279.999,282.406,2848300,804377009.8
2020-09-18,VOO,283.184,283.221,276.879,279.121,3420800,954817116.8
2020-09-21,VOO,274.975,276.146,271.644,276.091,4536800,1252569648.8
2020-09-22,VOO,277.391,279.34,275.158,278.883,2741500,764557744.5
2020-09-23,VOO,279.377,279.624,271.955,272.422,2755800,750740547.6
2020-09-24,VOO,271.168,275.881,270.006,273.172,3130700,855219580.4
2020-09-25,VOO,272.33,278.242,271.543,277.547,2683800,744880638.6
2020-09-28,VOO,281.335,282.8,280.429,282.196,2437900,687965628.4
2020-09-29,VOO,282.002,282.617,279.989,280.586,2303900,646442085.4
2020-09-30,VOO,281.266,285.595,281.092,282.746,4304500,1217080157.0
2020-10-01,VOO,285.053,285.926,282.847,284.538,3005700,855235866.6
2020-10-02,VOO,280.053,283.601,279.585,281.891,3125100,880937564.1
2020-10-05,VOO,283.702,287.01,283.702,286.817,2364500,678178796.5
2020-10-06,VOO,286.974,288.876,282.314,282.81,3389800,958669338.0
2020-10-07,VOO,285.466,288.407,285.457,287.663,1707800,491270871.4
2020-10-08,VOO,289.464,290.282,288.628,290.209,1731700,502554925.3
2020-10-09,VOO,291.771,293.269,291.201,292.791,2794100,818087333.1
2020-10-12,VOO,295.144,298.894,294.703,297.515,2194300,652837164.5
2020-10-13,VOO,297.442,297.524,294.749,295.613,2229700,659128306.1
2020-10-14,VOO,296.137,297.129,293.113,293.766,1902100,558772308.6
2020-10-15,VOO,290.154,293.821,289.712,293.416,2481700,728170487.2
2020-10-16,VOO,294.694,296.127,293.085,293.168,1669600,489473292.8
2020-10-19,VOO,294.372,294.914,287.966,288.738,2229600,643770244.8
2020-10-20,VOO,289.942,292.874,289.299,289.878,3066600,888939874.8
2020-10-21,VOO,289.878,291.817,289.124,289.354,2607700,754548425.8
2020-10-22,VOO,289.556,291.486,287.654,290.944,2362400,687326105.6
2020-10-23,VOO,292.111,292.111,289.722,291.937,1429300,417265554.1
2020-10-26,VOO,288.867,289.575,283.399,286.56,3335800,955906848.0
2020-10-27,VOO,286.909,287.176,285.421,285.613,2196100,627234709.3
2020-10-28,VOO,280.43,280.991,275.366,275.78,5650500,1558294890.0
2020-10-29,VOO,276.009,281.459,274.511,278.684,5365200,1495195396.8
2020-10-30,VOO,277.149,278.344,272.379,275.55,5892100,1623568155.0
2020-11-02,VOO,278.813,280.596,276.294,278.757,4080400,1137440062.8
2020-11-03,VOO,281.754,285.586,281.312,283.674,3378300,958335874.2
2020-11-04,VOO,287.838,293.775,286.744,290.062,5750200,1667914512.4
2020-11-05,VOO,294.96,297.359,294.574,295.742,3950300,1168269622.6
2020-11-06,VOO,295.42,296.78,293.573,295.705,3640600,1076543623.0
2020-11-09,VOO,307.294,308.066,298.949,299.39,8097300,2424250647.0
2020-11-10,VOO,298.48,299.886,295.99,299.004,4120800,1232135683.2
2020-11-11,VOO,300.916,301.908,299.767,301.109,2773500,835125811.5
2020-11-12,VOO,300.291,300.934,296.605,298.324,2532700,755565194.8
2020-11-13,VOO,300.024,303.039,299.51,302.377,1996100,603574729.7
2020-11-16,VOO,304.803,306.154,303.664,306.044,3018800,923885627.2
2020-11-17,VOO,303.958,305.585,302.598,304.518,3052100,929419387.8
2020-11-18,VOO,304.785,305.254,300.796,300.824,2647800,796521787.2
2020-11-19,VOO,300.309,302.451,299.068,302.083,2962200,894830262.6
2020-11-20,VOO,301.826,302.055,299.978,300.061,3516800,1055254524.8
2020-11-23,VOO,301.706,302.919,299.666,301.835,2222600,670858471.0
2020-11-24,VOO,304.224,307.193,303.379,306.724,2659700,815793822.8
2020-11-25,VOO,306.66,306.66,305.263,306.219,2256900,691105661.1
2020-11-27,VOO,307.23,307.524,306.209,307.092,984700,302393492.4
2020-11-30,VOO,306.412,306.623,303.324,305.713,4175700,1276565774.1
2020-12-01,VOO,308.728,310.455,308.176,309.077,3224200,996526063.4
2020-12-02,VOO,308.084,309.821,307.56,309.729,2270300,703177748.7
2020-12-03,VOO,309.638,310.915,308.691,309.638,2851100,882808901.8
2020-12-04,VOO,310.18,312.33,310.134,312.303,2907000,907864821.0
2020-12-07,VOO,311.623,312.137,310.557,311.724,1943100,605710904.4
2020-12-08,VOO,310.538,313.121,310.501,312.624,1948200,609054076.8
2020-12-09,VOO,313.203,313.332,309.04,309.849,2545800,788813584.2
2020-12-10,VOO,308.562,310.639,307.735,309.702,2738600,848149897.2
2020-12-11,VOO,308.167,309.536,306.752,309.307,2387900,738594185.3
2020-12-14,VOO,311.338,312.284,307.781,307.891,2654600,817327448.6
2020-12-15,VOO,310.309,312.147,309.022,312.147,2757400,860714137.8
2020-12-16,VOO,312.321,313.433,311.522,312.624,2943200,920114956.8
2020-12-17,VOO,314.104,314.545,313.36,314.325,2627000,825731775.0
2020-12-18,VOO,314.674,314.775,311.283,313.066,6025700,1886441796.2
2020-12-21,VOO,309.564,312.827,307.064,312.101,3918100,1222842928.1
2020-12-22,VOO,312.343,312.417,310.498,311.485,2371900,738811271.5
2020-12-23,VOO,312.408,313.524,311.623,311.734,3682200,1147866934.8
2020-12-24,VOO,312.251,312.998,311.697,312.98,1447500,453038550.0
2020-12-28,VOO,315.361,316.025,314.761,315.702,2798800,883586757.6
2020-12-29,VOO,317.105,317.234,314.558,315.038,2555500,805079609.0
2020-12-30,VOO,315.859,316.441,315.204,315.462,2009100,633794704.2
2020-12-31,VOO,315.435,317.788,314.89,317.16,3507000,1112280120.0
2021-01-04,VOO,318.388,318.452,309.483,312.86,5402600,1690257436.0
2021-01-05,VOO,312.279,315.961,312.269,314.918,3299700,1039134924.6
2021-01-06,VOO,313.561,319.753,313.109,316.828,4805000,1522358540.0
2021-01-07,VOO,319.052,322.245,318.868,321.562,3638900,1170131961.8
2021-01-08,VOO,322.872,323.555,319.883,323.371,3758500,1215389903.5
2021-01-11,VOO,320.547,322.817,320.399,321.258,2975000,955742550.0
2021-01-12,VOO,321.414,322.199,319.264,321.285,2298400,738441444.0
2021-01-13,VOO,321.239,323.039,320.51,322.088,3039900,979115311.2
2021-01-14,VOO,322.845,323.279,320.722,320.999,3497400,1122661902.6
2021-01-15,VOO,319.541,320.27,317.013,318.711,3622100,1154403113.1
2021-01-19,VOO,320.953,321.682,319.624,321.23,3433800,1103039574.0
2021-01-20,VOO,323.279,326.407,322.956,325.595,2920600,950932757.0
2021-01-21,VOO,326.176,326.527,325.106,325.899,2580800,841080139.2
2021-01-22,VOO,324.257,325.789,323.897,324.737,1812200,588488391.4
2021-01-25,VOO,325.484,326.379,321.11,326.056,3549000,1157172744.0
2021-01-26,VOO,326.887,327.274,325.383,325.567,2430200,791192923.4
2021-01-27,VOO,322.559,322.577,315.592,317.668,5010400,1591643747.2
2021-01-28,VOO,319.264,323.971,318.904,320.335,3432200,1099453787.0
2021-01-29,VOO,318.655,319.495,312.435,313.921,5803600,1821871915.6
2021-02-01,VOO,317.105,320.076,315.047,319.08,3334000,1063812720.0
2021-02-02,VOO,322.107,325.143,322.06,323.666,2955200,956497763.2
2021-02-03,VOO,324.552,325.567,322.872,323.989,3392800,1099229879.2
2021-02-04,VOO,324.94,327.634,324.755,327.616,1988300,651398892.8
2021-02-05,VOO,329.351,329.563,327.893,328.926,2091800,688047406.8
2021-02-08,VOO,330.292,331.353,329.498,331.353,3371100,1117024098.3
2021-02-09,VOO,330.569,331.593,330.154,331.086,1891200,626149843.2
2021-02-10,VOO,332.7,332.774,328.797,330.956,2400000,794294400.0
2021-02-11,VOO,331.944,332.304,329.295,331.492,2237200,741613902.4
2021-02-12,VOO,330.781,333.31,330.698,333.18,2144500,714504510.0
2021-02-16,VOO,334.195,334.398,332.193,332.867,4408500,1467444169.5
2021-02-17,VOO,331.316,333.106,330.292,332.94,3211800,1069336692.0
2021-02-18,VOO,330.587,332.147,328.972,331.519,3010500,998037949.5
2021-02-19,VOO,332.645,332.867,330.495,330.91,2487100,823006261.0
2021-02-22,VOO,328.372,330.541,328.114,328.308,3291000,1080461628.0
2021-02-23,VOO,326.388,329.96,322.55,328.723,5251100,1726157345.3
2021-02-24,VOO,327.736,332.747,326.859,332.359,3301200,1097183530.8
2021-02-25,VOO,331.316,332.461,323.057,324.386,7049200,2286661791.2
2021-02-26,VOO,326.185,327.108,320.87,322.605,7579500,2445184597.5
2021-03-01,VOO,327.182,331.648,327.136,330.476,3721100,1229734243.6
2021-03-02,VOO,330.716,330.947,327.745,327.92,5462600,1791295792.0
2021-03-03,VOO,327.32,328.188,323.5,323.592,6317600,2044324819.2
2021-03-04,VOO,323.435,325.77,315.527,319.606,6604500,2110837827.0
2021-03-05,VOO,322.771,326.425,316.145,325.466,8721300,2838486625.8
2021-03-08,VOO,326.333,328.889,323.592,323.869,5663500,1834232081.5
2021-03-09,VOO,327.367,330.79,326.887,328.4,6075100,1995062840.0
2021-03-10,VOO,330.643,332.064,329.332,330.43,7231400,2389471502.0
2021-03-11,VOO,332.82,335.681,332.359,333.919,3340700,1115523203.3
2021-03-12,VOO,332.673,334.472,331.907,334.389,4847300,1620883799.7
2021-03-15,VOO,334.675,336.595,332.627,336.327,3154800,1061044419.6
2021-03-16,VOO,336.936,337.545,335.21,335.949,3698400,1242473781.6
2021-03-17,VOO,334.823,337.794,333.706,337.047,5011600,1689144745.2
2021-03-18,VOO,334.731,336.604,331.547,332.091,5067500,1682871142.5
2021-03-19,VOO,331.888,333.291,329.572,331.501,5382800,1784403582.8
2021-03-22,VOO,332.018,335.441,331.99,334.122,3417600,1141895347.2
2021-03-23,VOO,333.623,334.924,330.836,331.667,4954600,1643277318.2
2021-03-24,VOO,332.867,334.306,329.831,329.831,4099000,1351977269.0
2021-03-25,VOO,328.594,332.433,326.804,331.685,5487300,1820055100.5
2021-03-26,VOO,332.799,337.43,332.225,337.096,3322600,1120035169.6
2021-03-29,VOO,335.763,337.717,334.411,336.893,3143300,1058955766.9
2021-03-30,VOO,335.754,336.596,334.559,336.031,3696200,1242037782.2
2021-03-31,VOO,336.522,338.773,336.522,337.365,7470300,2520217759.5
2021-04-01,VOO,339.124,341.06,338.967,340.94,5132000,1749704080.0
2021-04-05,VOO,343.468,346.413,343.394,345.857,3764100,1301840333.7
2021-04-06,VOO,345.459,346.653,345.116,345.662,3583500,1238679777.0
2021-04-07,VOO,345.551,346.422,345.162,346.098,2768900,958310752.2
2021-04-08,VOO,347.246,347.792,346.403,347.783,3949400,1373534180.2
2021-04-09,VOO,347.663,350.422,347.579,350.284,2627500,920371210.0
2021-04-12,VOO,349.774,350.654,349.2,350.441,2747500,962836647.5
2021-04-13,VOO,350.395,352.015,349.978,351.395,2985500,1049089772.5
2021-04-14,VOO,351.404,352.376,349.774,350.265,3691100,1292863141.5
2021-04-15,VOO,352.21,354.256,352.163,354.025,3573800,1265214545.0
2021-04-16,VOO,355.201,355.747,353.932,355.266,3252500,1155502665.0
2021-04-19,VOO,354.33,354.766,352.247,353.515,3945700,1394864135.5
2021-04-20,VOO,352.358,352.978,349.561,350.922,4106700,1441131377.4
2021-04-21,VOO,350.311,354.377,350.182,354.219,3640100,1289392581.9
2021-04-22,VOO,354.053,354.793,350.015,350.969,3965000,1391592085.0
2021-04-23,VOO,351.506,356.034,351.404,354.71,3781100,1341193981.0
2021-04-26,VOO,355.358,356.025,354.979,355.479,3125200,1110942970.8
2021-04-27,VOO,355.794,355.96,354.423,355.368,3370600,1197803380.8
2021-04-28,VOO,355.701,356.692,354.904,355.201,3960400,1406738040.4
2021-04-29,VOO,357.831,358.146,354.506,357.572,4209900,1505342362.8
2021-04-30,VOO,355.525,356.312,354.432,355.21,5219200,1853912032.0
2021-05-03,VOO,357.053,357.405,355.571,356.016,4180800,1488431692.8
2021-05-04,VOO,354.238,354.645,350.469,353.849,5485600,1941074074.4
2021-05-05,VOO,355.349,355.525,353.238,353.914,4410700,1561008479.8
2021-05-06,VOO,353.997,356.877,352.154,356.794,4737300,1690240216.2
2021-05-07,VOO,357.479,359.942,356.84,359.34,3516600,1263655044.0
2021-05-10,VOO,359.692,359.924,355.692,355.821,5942700,2114537456.7
2021-05-11,VOO,351.673,353.515,349.08,352.7,7081500,2497645050.0
2021-05-12,VOO,350.089,351.228,344.616,345.172,7707400,2660378672.8
2021-05-13,VOO,346.542,351.024,346.505,349.274,7179100,2507472973.4
2021-05-14,VOO,351.728,355.414,351.728,354.636,5167900,1832723384.4
2021-05-17,VOO,353.664,354.451,351.904,353.784,3781600,1337869574.4
2021-05-18,VOO,353.988,354.191,350.552,350.728,3128300,1097182402.4
2021-05-19,VOO,346.403,349.904,345.07,349.802,5086300,1779197912.6
2021-05-20,VOO,350.58,354.673,350.469,353.534,4776700,1688725857.8
2021-05-21,VOO,354.895,356.025,352.839,353.265,3567500,1260272887.5
2021-05-24,VOO,355.321,357.831,355.09,356.831,2962500,1057111837.5
2021-05-25,VOO,357.831,358.164,355.553,356.081,4031800,1435647375.8
2021-05-26,VOO,356.618,357.229,355.673,356.729,2642700,942727728.3
2021-05-27,VOO,357.72,358.183,356.831,356.886,3015900,1076332487.4
2021-05-28,VOO,358.414,358.637,357.405,357.581,3370100,1205083728.1
2021-06-01,VOO,359.776,359.887,356.886,357.303,4389000,1568202867.0
2021-06-02,VOO,357.877,358.609,356.97,357.905,3209200,1148588726.0
2021-06-03,VOO,355.766,357.562,354.404,356.544,3391000,1209040704.0
2021-06-04,VOO,358.211,360.053,358.164,359.776,2628100,945527305.6
2021-06-07,VOO,359.794,359.952,358.618,359.47,2500600,898890682.0
2021-06-08,VOO,360.239,360.313,357.868,359.526,2386600,858044751.6
2021-06-09,VOO,360.313,360.359,358.766,358.961,2968100,1065432144.1
2021-06-10,VOO,360.109,361.498,358.924,360.618,2611800,941862092.4
2021-06-11,VOO,361.165,361.35,359.989,361.248,2241500,809737392.0
2021-06-14,VOO,361.359,362.156,360.239,362.156,2252200,815647743.2
2021-06-15,VOO,362.23,362.276,360.618,361.396,2405000,869157380.0
2021-06-16,VOO,361.554,361.702,357.479,359.414,4194300,1507490140.2
2021-06-17,VOO,358.961,360.155,356.997,359.285,4065300,1460601310.5
2021-06-18,VOO,356.34,356.886,354.238,354.516,5211100,1847418327.6
2021-06-21,VOO,356.071,359.665,355.284,359.479,4389800,1578040914.2
2021-06-22,VOO,359.535,362.174,358.822,361.387,2705400,977696389.8
2021-06-23,VOO,361.489,362.22,360.887,360.998,2404200,867911391.6
2021-06-24,VOO,362.915,363.498,362.711,363.063,2987800,1084759631.4
2021-06-25,VOO,363.85,364.795,363.517,364.406,2862800,1043221496.8
2021-06-28,VOO,364.897,365.286,363.785,365.165,2418500,883151552.5
2021-06-29,VOO,365.503,366.051,364.862,365.326,2927600,1069528397.6
2021-06-30,VOO,364.917,366.227,364.917,365.661,3795900,1388012589.9
2021-07-01,VOO,366.385,367.826,366.302,367.723,3414500,1255590183.5
2021-07-02,VOO,368.755,370.799,368.457,370.52,4363100,1616615812.0
2021-07-06,VOO,370.539,370.743,367.314,369.823,4331300,1601814359.9
2021-07-07,VOO,370.446,371.366,368.597,371.096,4747800,1761889588.8
2021-07-08,VOO,366.292,368.783,365.196,368.142,5817100,2141518828.2
2021-07-09,VOO,369.48,372.286,369.285,372.026,3332200,1239665037.2
2021-07-12,VOO,371.961,373.568,371.561,373.373,2929200,1093684191.6
2021-07-13,VOO,372.685,374.005,371.849,372.109,4313100,1604943327.9
2021-07-14,VOO,373.596,374.07,371.515,372.62,3332200,1241644364.0
2021-07-15,VOO,371.44,372.035,369.647,371.422,4483900,1665419105.8
2021-07-16,VOO,372.462,372.5,368.095,368.532,4516600,1664511631.2
2021-07-19,VOO,364.044,364.49,360.466,363.022,12336200,4478311996.4
2021-07-20,VOO,363.644,369.359,362.399,368.151,4043100,1488471308.1
2021-07-21,VOO,369.34,371.329,369.145,371.245,2996600,1112472767.0
2021-07-22,VOO,371.412,372.202,370.474,372.035,2575700,958250549.5
2021-07-23,VOO,373.698,376.096,373.15,375.752,3151900,1184332728.8
2021-07-26,VOO,375.324,376.718,375.231,376.709,2374300,894420178.7
2021-07-27,VOO,375.817,375.817,372.425,375.036,3626100,1359918039.6
2021-07-28,VOO,375.557,376.105,373.577,374.832,3763700,1410755198.4
2021-07-29,VOO,375.733,377.378,375.724,376.449,2274200,856120315.8
2021-07-30,VOO,374.088,375.891,373.977,374.609,5204500,1949652540.5
2021-08-02,VOO,376.123,376.662,373.484,373.847,5814700,2173808150.9
2021-08-03,VOO,374.544,376.941,372.537,376.867,4129600,1556309963.2
2021-08-04,VOO,375.687,376.198,374.785,375.064,3880200,1455323332.8
2021-08-05,VOO,376.049,377.434,375.752,377.406,3052800,1152145036.8
2021-08-06,VOO,377.666,378.353,377.415,378.056,2486900,940187466.4
2021-08-09,VOO,377.954,378.233,376.969,377.694,1984400,749495973.6
2021-08-10,VOO,378.103,378.809,377.471,378.168,2400700,907867917.6
2021-08-11,VOO,379.115,379.181,378.103,379.078,3554400,1347394843.2
2021-08-12,VOO,378.948,380.351,378.158,380.184,2319300,881760751.2
2021-08-13,VOO,380.639,380.937,380.212,380.937,2253800,858555810.6
2021-08-16,VOO,379.775,381.912,378.326,381.847,3379100,1290299197.7
2021-08-17,VOO,379.496,380.091,376.616,379.329,5186300,1967313992.7
2021-08-18,VOO,378.391,379.812,374.971,375.25,4878300,1830582075.0
2021-08-19,VOO,372.695,376.839,372.546,375.78,5505700,2068931946.0
2021-08-20,VOO,376.03,379.041,375.64,378.753,3263600,1236098290.8
2021-08-23,VOO,380.277,382.907,380.258,382.107,3259400,1245439555.8
2021-08-24,VOO,382.739,383.167,382.228,382.711,3006500,1150620621.5
2021-08-25,VOO,382.888,383.957,382.526,383.418,3261400,1250479465.2
2021-08-26,VOO,383.213,383.446,381.16,381.178,4707600,1794433552.8
2021-08-27,VOO,381.987,384.997,381.922,384.561,3882200,1492942714.2
2021-08-30,VOO,385.304,387.069,385.053,386.326,2811800,1086271446.8
2021-08-31,VOO,386.233,386.568,385.23,385.666,6062900,2338254391.4
2021-09-01,VOO,386.596,387.097,385.769,386.075,3256400,1257214630.0
2021-09-02,VOO,387.292,387.887,386.084,387.227,2835500,1097982158.5
2021-09-03,VOO,386.159,387.534,385.769,387.079,3740000,1447675460.0
2021-09-07,VOO,386.8,386.819,385.081,385.648,3542500,1366158040.0
2021-09-08,VOO,385.183,385.861,383.455,385.276,4012600,1545958477.6
2021-09-09,VOO,385.007,386.614,383.362,383.548,3887800,1491157914.4
2021-09-10,VOO,385.332,385.713,380.435,380.584,4035500,1535846732.0
2021-09-13,VOO,383.315,383.492,379.404,381.476,4738300,1807547730.8
2021-09-14,VOO,382.851,383.0,378.642,379.496,3657700,1388082519.2
2021-09-15,VOO,379.849,383.074,378.837,382.665,3891400,1489102581.0
2021-09-16,VOO,382.154,383.009,379.329,382.005,3351500,1280289757.5
2021-09-17,VOO,381.299,381.699,377.973,378.261,5396100,2041134182.1
2021-09-20,VOO,372.713,374.135,367.566,372.081,10942700,4071570758.7
2021-09-21,VOO,374.154,375.306,371.161,371.719,6418100,2385729713.9
2021-09-22,VOO,373.698,377.118,372.853,375.306,6004800,2253637468.8
2021-09-23,VOO,376.988,381.271,376.765,379.84,4098000,1556584320.0
2021-09-24,VOO,378.344,381.095,378.14,380.472,3417700,1300339154.4
2021-09-27,VOO,379.506,380.574,378.734,379.394,3546600,1345558760.4
2021-09-28,VOO,376.839,377.136,371.059,371.812,8234300,3061611551.6
2021-09-29,VOO,372.994,374.57,371.838,372.397,4724200,1759277907.4
2021-09-30,VOO,373.693,374.318,367.624,367.68,9511200,3497078016.0
2021-10-01,VOO,369.386,373.693,366.161,372.08,8482200,3156056976.0
2021-10-04,VOO,371.148,371.913,365.405,367.503,8820400,3241523461.2
2021-10-05,VOO,368.762,373.227,368.044,371.074,5523200,2049515916.8
2021-10-06,VOO,367.913,372.919,366.431,372.724,6590000,2456251160.0
2021-10-07,VOO,375.763,378.541,375.558,375.931,4409200,1657554965.2
2021-10-08,VOO,376.667,376.993,374.709,375.222,3960900,1486216819.8
2021-10-11,VOO,374.681,377.32,372.491,372.491,3695700,1376614988.7
2021-10-12,VOO,373.413,373.758,370.915,371.745,6201300,2305302268.5
2021-10-13,VOO,372.565,373.721,369.871,372.938,6492400,2421262671.2
2021-10-14,VOO,376.35,379.38,375.903,379.203,3785200,1435359195.6
2021-10-15,VOO,381.216,382.466,380.62,382.158,3501600,1338164452.8
2021-10-18,VOO,380.545,383.584,379.921,383.323,3402700,1304333172.1
2021-10-19,VOO,384.778,386.307,384.218,386.307,2838300,1096455158.1
2021-10-20,VOO,386.642,388.022,386.558,387.807,3208200,1244162417.4
2021-10-21,VOO,387.239,388.973,386.829,388.758,2579500,1002801261.0
2021-10-22,VOO,388.358,389.681,386.605,388.367,3648900,1417112346.3
2021-10-25,VOO,389.346,390.744,387.752,390.38,2511500,980439370.0
2021-10-26,VOO,391.798,392.972,390.483,390.753,3085300,1205590230.9
2021-10-27,VOO,391.229,391.816,389.01,389.057,2873500,1117955289.5
2021-10-28,VOO,390.409,392.888,390.381,392.86,3643600,1431424696.0
2021-10-29,VOO,390.753,393.895,390.492,393.56,4637400,1825095144.0
2021-11-01,VOO,394.52,394.874,392.739,394.389,3937300,1552827809.7
2021-11-02,VOO,394.482,396.17,394.352,395.918,2989200,1183478085.6
2021-11-03,VOO,395.405,398.687,394.986,398.305,3562900,1419120884.5
2021-11-04,VOO,398.864,400.281,398.575,400.169,4287300,1715644553.7
2021-11-05,VOO,402.313,403.441,400.216,401.53,4942900,1984722637.0
2021-11-08,VOO,402.621,403.05,401.334,402.015,3511600,1411715874.0
2021-11-09,VOO,402.323,402.5,399.321,400.607,4696000,1881250472.0
2021-11-10,VOO,399.088,400.617,396.03,397.382,6350700,2523653867.4
2021-11-11,VOO,398.724,398.836,397.503,397.512,3634600,1444797115.2
2021-11-12,VOO,398.687,401.027,397.82,400.467,3655500,1463907118.5
2021-11-15,VOO,401.754,401.81,399.61,400.654,3122300,1250961984.2
2021-11-16,VOO,400.421,403.283,400.374,402.183,3267000,1313931861.0
2021-11-17,VOO,402.024,402.164,400.719,401.213,3764900,1510526823.7
2021-11-18,VOO,402.211,402.891,399.75,402.602,4732200,1905193184.4
2021-11-19,VOO,402.612,403.656,401.223,401.847,4886200,1963504811.4
2021-11-22,VOO,403.6,405.912,400.607,400.784,4868300,1951136747.2
2021-11-23,VOO,400.468,402.071,398.109,401.307,6795200,2726961326.4
2021-11-24,VOO,399.526,402.5,398.733,402.295,4569600,1838327232.0
2021-11-26,VOO,396.384,397.624,392.385,393.541,7702500,3031249552.5
2021-11-29,VOO,397.801,399.917,395.788,398.295,6300800,2509577136.0
2021-11-30,VOO,396.021,397.727,390.269,390.669,8657600,3382255934.4
2021-12-01,VOO,395.713,398.277,385.924,386.176,8337000,3219549312.0
2021-12-02,VOO,386.344,393.466,385.98,392.068,10417700,4084446803.6
2021-12-03,VOO,393.522,394.52,384.806,388.6,10228900,3974950540.0
2021-12-06,VOO,390.996,394.958,388.749,393.242,7289500,2866537559.0
2021-12-07,VOO,398.053,401.894,398.016,401.325,4731900,1899029767.5
2021-12-08,VOO,401.754,402.863,400.16,402.453,4476500,1801580854.5
2021-12-09,VOO,401.297,402.099,399.573,399.712,5035400,2012709804.8
2021-12-10,VOO,402.211,403.628,399.89,403.525,6238300,2517310007.5
2021-12-13,VOO,403.068,403.348,399.703,399.945,5923900,2369234185.5
2021-12-14,VOO,396.953,399.228,394.529,397.223,6522900,2591045906.7
2021-12-15,VOO,397.242,403.646,394.967,403.432,6871300,2772102301.6
2021-12-16,VOO,405.119,405.343,398.398,399.787,7159500,2862275026.5
2021-12-17,VOO,397.0,399.74,394.035,395.638,8882700,3514333662.6
2021-12-20,VOO,390.977,391.751,388.096,391.359,9903400,3875784720.6
2021-12-21,VOO,394.525,398.455,392.532,398.305,6916700,2754956193.5
2021-12-22,VOO,398.08,402.422,397.959,402.328,4992200,2008501841.6
2021-12-23,VOO,403.189,406.174,403.152,404.808,5032700,2037277221.6
2021-12-27,VOO,406.062,410.59,406.033,410.581,4986300,2047280040.3
2021-12-28,VOO,411.021,411.872,409.505,410.272,4865800,1996301497.6
2021-12-29,VOO,410.291,411.647,409.393,410.768,4596700,1888177265.6
2021-12-30,VOO,411.123,412.031,409.187,409.608,3751800,1536767294.4
2021-12-31,VOO,409.102,410.178,408.316,408.485,5185600,2118239816.0
2022-01-03,VOO,409.757,411.011,407.615,410.992,6017300,2473062161.6
2022-01-04,VOO,412.237,412.873,409.093,410.824,6262200,2572662052.8
2022-01-05,VOO,410.553,411.142,402.833,402.955,7539600,3038119518.0
2022-01-06,VOO,402.525,404.986,400.373,402.412,7971500,3207827258.0
2022-01-07,VOO,402.534,403.61,399.718,401.018,6157500,2469268335.0
2022-01-10,VOO,398.015,400.644,392.766,400.494,10481500,4197777861.0
2022-01-11,VOO,400.167,404.162,397.453,404.003,7282400,2942111447.2
2022-01-12,VOO,405.669,407.053,403.404,405.21,8270300,3351208263.0
2022-01-13,VOO,406.164,406.754,398.679,399.624,7521300,3005691991.2
2022-01-14,VOO,396.677,400.073,395.61,399.746,9960800,3981789956.8
2022-01-18,VOO,395.432,397.641,390.483,392.738,10681500,4195030947.0
2022-01-19,VOO,394.076,395.357,388.368,388.611,8184100,3180431285.1
2022-01-20,VOO,390.333,394.618,383.896,384.335,8907600,3423502446.0
2022-01-21,VOO,383.353,385.43,376.756,376.784,16225900,6113659505.6
2022-01-24,VOO,371.704,378.834,361.954,378.356,22970700,8691102169.2
2022-01-25,VOO,372.555,378.253,367.465,373.762,16836300,6292769160.6
2022-01-26,VOO,379.563,381.94,368.972,372.92,14377300,5361582716.0
2022-01-27,VOO,377.009,379.854,369.421,371.03,12455200,4621252856.0
2022-01-28,VOO,372.228,380.19,367.999,380.125,12096800,4598296100.0
2022-01-31,VOO,379.573,387.339,378.338,387.077,9200400,3561263230.8
2022-02-01,VOO,387.685,390.211,384.466,389.603,8154900,3177173504.7
2022-02-02,VOO,392.026,394.085,389.743,393.318,6726500,2645653527.0
2022-02-03,VOO,387.919,389.641,383.428,384.176,7658300,2942135060.8
2022-02-04,VOO,383.942,389.463,381.809,385.982,8210000,3168912220.0
2022-02-07,VOO,386.646,387.947,383.531,384.71,5620900,2162416439.0
2022-02-08,VOO,384.298,388.733,383.016,387.825,5565700,2158517602.5
2022-02-09,VOO,391.624,393.795,391.437,393.514,6284500,2473038733.0
2022-02-10,VOO,388.237,393.729,384.691,386.6,9260500,3580109300.0
2022-02-11,VOO,386.571,388.49,377.608,378.89,10458600,3962658954.0
2022-02-14,VOO,378.412,379.872,374.492,377.655,10167600,3839844978.0
2022-02-15,VOO,381.921,383.896,381.248,383.718,6815000,2615038170.0
2022-02-16,VOO,381.94,385.393,380.181,384.176,7743800,2974982108.8
2022-02-17,VOO,381.276,381.734,375.418,376.008,7541000,2835476328.0
2022-02-18,VOO,376.279,377.365,371.46,373.603,10570800,3949282592.4
2022-02-22,VOO,371.507,374.614,366.324,369.514,10414700,3848377455.8
2022-02-23,VOO,372.153,372.696,362.459,362.862,12154900,4410551323.8
2022-02-24,VOO,353.458,368.813,353.215,368.438,21277200,7839329013.6
2022-02-25,VOO,369.542,376.625,368.092,376.485,11665200,4391772822.0
2022-02-28,VOO,371.629,376.934,370.525,375.54,11855900,4452364686.0
2022-03-01,VOO,374.277,376.064,367.521,369.907,9124400,3375179430.8
2022-03-02,VOO,372.134,378.104,371.255,376.7,8185200,3083364840.0
2022-03-03,VOO,378.965,379.451,373.22,374.81,8745300,3277825893.0
2022-03-04,VOO,371.395,372.798,368.064,371.779,6317700,2348788188.3
2022-03-07,VOO,371.208,371.461,360.756,360.803,8411500,3034894434.5
2022-03-08,VOO,360.944,367.475,357.089,358.081,9356100,3350241644.1
2022-03-09,VOO,365.734,369.449,363.713,367.624,5812600,2136851262.4
2022-03-10,VOO,363.451,366.792,361.664,365.987,6394800,2340413667.6
2022-03-11,VOO,368.298,368.831,360.869,361.318,5872800,2121948350.4
2022-03-14,VOO,362.169,365.163,357.659,358.679,6455000,2315272945.0
2022-03-15,VOO,361.037,367.128,359.886,366.548,5739400,2103765591.2
2022-03-16,VOO,370.057,374.782,365.425,374.745,7407300,2775848638.5
2022-03-17,VOO,372.995,379.47,372.677,379.329,5177500,1963975897.5
2022-03-18,VOO,377.991,383.886,377.299,383.521,5875000,2253185875.0
2022-03-21,VOO,383.474,385.262,380.284,383.54,4159500,1595334630.0
2022-03-22,VOO,384.747,388.789,384.747,387.994,4231700,1641874209.8
2022-03-23,VOO,385.645,387.011,382.96,382.997,3742600,1433404572.2
2022-03-24,VOO,384.813,388.765,383.799,388.69,2977300,1157246737.0
2022-03-25,VOO,389.413,390.887,386.991,390.662,3638000,1421228356.0
2022-03-28,VOO,390.08,393.413,388.38,393.356,3395300,1335561626.8
2022-03-29,VOO,397.083,398.736,394.539,398.332,5510600,2195048319.2
2022-03-30,VOO,397.365,398.069,393.919,395.853,4794300,1897838037.9
2022-03-31,VOO,395.215,395.872,389.657,389.77,5876600,2290522382.0
2022-04-01,VOO,391.188,391.319,387.611,390.85,4663100,1822572635.0
2022-04-04,VOO,390.972,394.267,390.286,394.164,5117200,2017016020.8
2022-04-05,VOO,392.952,395.074,388.202,389.291,4112000,1600764592.0
2022-04-06,VOO,385.63,387.413,382.701,385.348,5540700,2135097663.6
2022-04-07,VOO,384.541,388.953,382.794,387.291,4954100,1918678343.1
2022-04-08,VOO,386.653,388.878,384.897,386.353,4752800,1836258538.4
2022-04-11,VOO,383.508,384.034,379.218,379.659,3342800,1269124105.2
2022-04-12,VOO,382.41,384.644,376.814,378.269,6615800,2502552050.2
2022-04-13,VOO,377.941,383.226,377.856,382.541,4358700,1667381456.7
2022-04-14,VOO,382.776,383.771,377.725,377.894,3735700,1411698615.8
2022-04-18,VOO,376.983,379.49,375.941,377.96,4305900,1627457964.0
2022-04-19,VOO,377.95,384.7,377.744,383.996,3841500,1475120634.0
2022-04-20,VOO,385.686,386.221,382.729,383.705,5067100,1944271605.5
2022-04-21,VOO,387.151,388.371,377.218,378.016,4670200,1765410323.2
2022-04-22,VOO,377.096,377.302,367.173,367.698,6326400,2326204627.2
2022-04-25,VOO,365.595,369.951,361.446,369.707,8141200,3009858628.4
2022-04-26,VOO,367.454,367.633,359.042,359.136,8493000,3050142048.0
2022-04-27,VOO,360.038,364.966,358.16,360.066,6415700,2310075436.2
2022-04-28,VOO,364.478,370.74,360.385,369.088,7030200,2594762457.6
2022-04-29,VOO,365.595,367.501,354.874,355.531,8221900,2923140328.9
2022-05-02,VOO,355.616,358.883,349.551,357.766,10737000,3841333542.0
2022-05-03,VOO,358.273,361.502,356.752,359.315,5607700,2014930725.5
2022-05-04,VOO,359.897,370.768,357.014,370.214,7367500,2727551645.0
2022-05-05,VOO,366.346,366.431,353.325,357.212,10477300,3742617287.6
2022-05-06,VOO,354.883,357.953,350.133,354.968,7959600,2825403292.8
2022-05-09,VOO,349.579,350.706,342.2,343.514,10793200,3707615304.8
2022-05-10,VOO,349.147,350.386,340.707,344.397,7870800,2710679907.6
2022-05-11,VOO,343.58,348.64,338.229,338.848,8026900,2719899011.2
2022-05-12,VOO,335.947,341.496,332.361,338.585,7679200,2600061932.0
2022-05-13,VOO,342.416,347.908,341.393,346.575,5377400,1863672405.0
2022-05-16,VOO,345.213,348.631,343.092,345.336,4719800,1629916852.8
2022-05-17,VOO,350.8,352.583,347.439,352.245,4513300,1589787358.5
2022-05-18,VOO,348.283,348.452,337.036,338.294,6883600,2328680578.4
2022-05-19,VOO,335.318,340.069,334.079,336.032,6359500,2136995504.0
2022-05-20,VOO,339.299,339.806,328.362,336.116,8755900,2942998084.4
2022-05-23,VOO,338.999,343.205,336.896,342.491,5254900,1799755955.9
2022-05-24,VOO,338.773,340.989,333.938,340.022,5567300,1893004480.6
2022-05-25,VOO,338.482,344.697,338.229,342.857,5704600,1955862042.2
2022-05-26,VOO,344.031,351.241,343.862,349.673,4248300,1485515805.9
2022-05-27,VOO,352.001,358.498,351.87,358.441,3911800,1402149503.8
2022-05-31,VOO,356.968,359.427,353.86,356.451,5016500,1788136441.5
2022-06-01,VOO,358.263,359.23,351.213,353.466,4245800,1500745942.8
2022-06-02,VOO,353.381,360.263,351.306,360.178,3273700,1179114718.6
2022-06-03,VOO,355.916,357.315,353.447,354.348,2749500,974279826.0
2022-06-06,VOO,358.0,359.531,354.32,355.315,2659500,944960242.5
2022-06-07,VOO,352.208,359.202,351.785,358.789,2649900,950754971.1
2022-06-08,VOO,357.221,358.845,354.179,354.865,3436400,1219458086.0
2022-06-09,VOO,353.222,355.287,346.443,346.519,3022000,1047180418.0
2022-06-10,VOO,340.726,341.439,336.314,336.351,7629700,2566257224.7
2022-06-13,VOO,327.751,329.376,322.072,323.386,10399700,3363117384.2
2022-06-14,VOO,325.179,326.071,319.734,322.579,7584200,2446503651.8
2022-06-15,VOO,325.602,331.253,321.048,327.198,7887600,2580806944.8
2022-06-16,VOO,319.65,319.987,314.101,316.448,8821900,2791672611.2
2022-06-17,VOO,316.673,320.016,313.791,317.274,7084000,2247569016.0
2022-06-21,VOO,322.194,326.24,322.118,325.048,5628300,1829467658.4
2022-06-22,VOO,321.152,328.127,320.729,324.362,4876100,1581621548.2
2022-06-23,VOO,326.362,328.221,323.086,327.77,6708800,2198943376.0
2022-06-24,VOO,330.493,337.994,330.437,337.975,5458600,1844870335.0
2022-06-27,VOO,338.914,339.055,335.694,336.708,4608600,1551752488.8
2022-06-28,VOO,338.05,340.641,329.432,329.432,8797800,2898276849.6
2022-06-29,VOO,330.339,331.215,327.869,329.594,3775900,1244513984.6
2022-06-30,VOO,326.05,329.783,322.816,326.992,7159600,2341131923.2
2022-07-01,VOO,326.314,330.716,323.891,330.348,7481500,2471498562.0
2022-07-05,VOO,325.673,330.97,323.127,330.933,6180600,2045364499.8
2022-07-06,VOO,331.093,334.345,328.925,332.13,5450900,1810407417.0
2022-07-07,VOO,333.714,337.758,333.704,337.003,3737500,1259548712.5
2022-07-08,VOO,335.505,338.465,334.147,336.806,4791300,1613738587.8
2022-07-11,VOO,334.496,335.184,332.3,332.997,3491700,1162725624.9
2022-07-12,VOO,332.384,334.553,328.406,329.924,4080300,1346188897.2
2022-07-13,VOO,324.975,330.876,324.626,328.387,5603500,1840116554.5
2022-07-14,VOO,323.721,328.001,321.497,327.52,4624800,1514714496.0
2022-07-15,VOO,331.564,333.808,329.745,333.714,4520500,1508554137.0
2022-07-18,VOO,336.504,337.117,329.858,330.952,3544900,1173191744.8
2022-07-19,VOO,334.6,340.388,333.94,339.935,3620200,1230632687.0
2022-07-20,VOO,340.02,343.357,338.842,342.113,4270600,1461027777.8
2022-07-21,VOO,341.585,345.601,339.37,345.572,4604000,1591013488.0
2022-07-22,VOO,345.667,346.751,340.312,342.424,4533900,1552516173.6
2022-07-25,VOO,342.98,343.546,340.727,342.763,3902200,1337529778.6
2022-07-26,VOO,341.359,341.444,337.899,338.653,2987200,1011624241.6
2022-07-27,VOO,341.707,349.098,341.453,347.524,4500300,1563962257.2
2022-07-28,VOO,348.24,352.473,344.997,351.917,4345300,1529184940.1
2022-07-29,VOO,353.246,357.893,352.491,357.073,5246400,1873347787.2
2022-08-01,VOO,354.556,358.223,353.915,355.998,4421400,1574009557.2
2022-08-02,VOO,354.546,357.865,352.51,353.698,4132600,1461692354.8
2022-08-03,VOO,355.565,360.193,355.301,359.222,3854800,1384728965.6
2022-08-04,VOO,359.043,359.656,357.45,358.939,3410600,1224197353.4
2022-08-05,VOO,355.056,358.873,354.952,358.195,2852100,1021607959.5
2022-08-08,VOO,359.891,361.899,356.865,357.874,3450800,1234951599.2
2022-08-09,VOO,357.29,357.657,355.48,356.46,2360500,841423830.0
2022-08-10,VOO,362.917,364.086,361.136,363.926,3651000,1328693826.0
2022-08-11,VOO,366.575,368.253,363.304,363.926,3575400,1301181020.4
2022-08-12,VOO,365.708,370.204,364.897,370.157,3664400,1356403310.8
2022-08-15,VOO,368.102,372.127,368.074,371.741,3203900,1191020989.9
2022-08-16,VOO,370.694,374.135,369.94,372.391,3864800,1439216736.8
2022-08-17,VOO,369.111,372.212,367.913,369.846,3222300,1191754765.8
2022-08-18,VOO,369.921,371.43,368.743,370.987,3258100,1208712744.7
2022-08-19,VOO,368.3,368.536,365.048,365.868,2899000,1060651332.0
2022-08-22,VOO,361.447,361.551,357.356,358.157,4153700,1487676730.9
2022-08-23,VOO,357.799,359.976,356.818,357.308,2869200,1025188113.6
2022-08-24,VOO,357.177,359.703,356.498,358.393,2241200,803230391.6
2022-08-25,VOO,359.873,363.615,358.873,363.615,2631300,956780149.5
2022-08-26,VOO,363.445,363.917,351.153,351.153,5153200,1809561639.6
2022-08-29,VOO,348.57,351.662,347.637,348.834,4953200,1727844568.8
2022-08-30,VOO,350.012,350.154,343.15,345.044,5044500,1740574458.0
2022-08-31,VOO,346.534,347.646,342.292,342.33,4062500,1390715625.0
2022-09-01,VOO,340.397,343.791,337.956,343.385,6126800,2103851218.0
2022-09-02,VOO,346.854,347.967,338.21,339.784,4544200,1544046452.8
2022-09-06,VOO,340.642,341.509,336.532,338.644,5680300,1923599513.2
2022-09-07,VOO,338.286,345.374,338.125,344.715,4137000,1426085955.0
2022-09-08,VOO,342.546,347.354,341.5,346.967,3692000,1281002164.0
2022-09-09,VOO,349.013,353.132,348.768,352.322,2621600,923647355.2
2022-09-12,VOO,354.273,356.809,353.981,356.196,2961400,1054838834.4
2022-09-13,VOO,348.165,349.286,339.624,340.661,5549200,1890396021.2
2022-09-14,VOO,341.792,343.291,338.917,341.934,3555500,1215746337.0
2022-09-15,VOO,340.454,343.103,336.909,338.116,3807500,1287376670.0
2022-09-16,VOO,334.232,336.042,332.469,335.457,4452300,1493555201.1
2022-09-19,VOO,332.573,338.031,332.526,338.031,3412600,1153564590.6
2022-09-20,VOO,335.005,335.948,331.659,334.223,3624000,1211224152.0
2022-09-21,VOO,335.948,338.7,328.34,328.34,5102400,1675322016.0
2022-09-22,VOO,327.624,328.557,324.909,325.569,5555600,1808731136.4
2022-09-23,VOO,322.468,322.468,316.086,320.158,10491500,3358937657.0
2022-09-26,VOO,318.838,322.072,315.859,317.057,5405700,1713915024.9
2022-09-27,VOO,320.309,322.241,313.984,316.161,5795700,1832374307.7
2022-09-28,VOO,316.993,323.905,315.459,322.371,8683900,2799437526.9
2022-09-29,VOO,319.218,319.36,312.95,315.649,7230100,2282173834.9
2022-09-30,VOO,314.882,318.309,310.669,310.839,7736600,2404837007.4
2022-10-03,VOO,314.143,320.648,312.543,319.057,5739000,1831068123.0
2022-10-04,VOO,323.943,328.857,323.933,328.743,5110000,1679876730.0
2022-10-05,VOO,324.871,330.097,322.731,328.175,4755800,1560734665.0
2022-10-06,VOO,326.821,329.472,324.274,324.719,3879600,1259779832.4
2022-10-07,VOO,321.046,321.292,314.011,315.602,5168100,1631062696.2
2022-10-10,VOO,316.681,316.87,311.18,313.244,3933900,1232270571.6
2022-10-11,VOO,311.691,315.819,309.466,311.18,4968100,1545973358.0
2022-10-12,VOO,311.644,312.998,310.025,310.214,3235100,1003573311.4
2022-10-13,VOO,303.776,319.72,302.857,318.338,6396900,2036376352.2
2022-10-14,VOO,320.61,322.097,310.583,311.17,4879400,1518322898.0
2022-10-17,VOO,316.776,320.118,316.671,319.076,3889500,1241046102.0
2022-10-18,VOO,326.348,326.651,319.805,322.835,4903300,1582956855.5
2022-10-19,VOO,321.008,323.498,318.035,320.601,4403200,1411670323.2
2022-10-20,VOO,320.184,324.208,317.23,317.969,3459100,1099886567.9
2022-10-21,VOO,317.656,326.073,316.359,325.609,4362400,1420436701.6
2022-10-24,VOO,327.077,330.656,324.634,329.577,5639400,1858616533.8
2022-10-25,VOO,329.539,335.201,329.52,334.936,5203400,1742805982.4
2022-10-26,VOO,332.048,337.227,331.802,332.436,4277700,1422061477.2
2022-10-27,VOO,333.326,334.973,330.059,330.656,4145300,1370668316.8
2022-10-28,VOO,330.476,338.941,330.391,338.372,4388100,1484810173.2
2022-10-31,VOO,336.27,337.937,335.219,336.072,6431000,2161279032.0
2022-11-01,VOO,339.461,339.688,333.553,334.718,8014300,2682530467.4
2022-11-02,VOO,334.017,338.136,326.092,326.177,5022500,1638223982.5
2022-11-03,VOO,323.185,325.524,320.875,322.703,4534800,1463393564.4
2022-11-04,VOO,327.986,329.51,321.917,327.427,3655400,1196876655.8
2022-11-07,VOO,328.601,331.11,326.746,330.571,3316600,1096371778.6
2022-11-08,VOO,331.584,335.049,328.62,332.37,3237200,1075948164.0
2022-11-09,VOO,330.514,331.593,325.098,325.581,3570800,1162584634.8
2022-11-10,VOO,337.558,343.703,335.56,343.4,4603600,1580876240.0
2022-11-11,VOO,344.347,347.5,342.5,346.685,4877400,1690921419.0
2022-11-14,VOO,345.18,348.229,343.589,343.902,5274300,1813842318.6
2022-11-15,VOO,349.043,350.075,343.305,346.742,4597800,1594250367.6
2022-11-16,VOO,345.303,346.079,343.551,344.11,2755100,948057461.0
2022-11-17,VOO,339.717,343.684,339.499,343.116,3278500,1124905806.0
2022-11-18,VOO,346.023,346.146,342.018,344.631,2574400,887218046.4
2022-11-21,VOO,343.476,344.394,341.677,343.419,2397900,823484420.1
2022-11-22,VOO,345.123,348.125,343.892,347.992,2316000,805949472.0
2022-11-23,VOO,347.68,350.662,347.5,350.17,2590900,907255453.0
2022-11-25,VOO,349.744,350.643,349.431,350.132,1423400,498377888.8
2022-11-28,VOO,347.348,348.787,343.836,344.593,3553600,1224545684.8
2022-11-29,VOO,344.574,345.758,342.254,343.987,2507800,862650598.6
2022-11-30,VOO,344.12,354.667,342.415,354.572,4748800,1683791513.6
2022-12-01,VOO,355.879,356.949,352.262,354.62,4608600,1634301732.0
2022-12-02,VOO,349.999,354.942,349.999,354.108,3596000,1273372368.0
2022-12-05,VOO,351.533,352.395,346.524,347.803,3707000,1289305721.0
2022-12-06,VOO,347.566,348.058,340.787,342.775,3911000,1340593025.0
2022-12-07,VOO,341.847,344.271,341.147,342.112,3338000,1141969856.0
2022-12-08,VOO,343.817,345.729,342.368,344.811,3604500,1242871249.5
2022-12-09,VOO,343.694,346.004,342.122,342.292,4271400,1462066048.8
2022-12-12,VOO,343.012,347.178,342.349,347.178,2946200,1022855823.6
2022-12-13,VOO,357.053,357.129,347.291,349.744,6161800,2155052579.2
2022-12-14,VOO,349.469,352.972,344.877,347.632,4707100,1636338587.2
2022-12-15,VOO,343.192,343.921,337.501,339.082,5126800,1738405597.6
2022-12-16,VOO,336.734,337.852,333.08,335.04,4533100,1518769824.0
2022-12-19,VOO,335.295,335.494,330.675,332.152,5538500,1839623852.0
2022-12-20,VOO,331.497,334.085,330.318,332.658,5068200,1685977275.6
2022-12-21,VOO,335.065,338.632,334.589,337.633,3832400,1293944709.2
2022-12-22,VOO,334.856,335.112,327.587,332.886,6458200,2149844365.2
2022-12-23,VOO,331.954,334.827,330.451,334.751,4572000,1530481572.0
2022-12-27,VOO,334.646,334.913,331.878,333.419,4303200,1434768640.8
2022-12-28,VOO,333.372,335.065,329.071,329.328,4464600,1470317788.8
2022-12-29,VOO,331.935,335.95,331.516,335.17,4086600,1369705722.0
2022-12-30,VOO,332.772,334.389,330.841,334.247,5325400,1779998973.8
2023-01-03,VOO,335.997,337.767,330.299,332.962,4957300,1650592522.6
2023-01-04,VOO,334.97,337.31,332.211,335.36,3119100,1046021376.0
2023-01-05,VOO,333.666,333.733,331.126,331.697,3216500,1066903400.5
2023-01-06,VOO,334.485,340.269,331.773,339.241,3464800,1175402216.8
2023-01-09,VOO,341.277,344.131,338.889,338.994,3775300,1279804048.2
2023-01-10,VOO,338.528,341.486,337.691,341.41,3495700,1193466937.0
2023-01-11,VOO,342.876,345.825,342.162,345.768,5710500,1974508164.0
2023-01-12,VOO,346.747,348.336,343.056,347.061,4743500,1646283853.5
2023-01-13,VOO,344.084,348.888,343.884,348.412,3015200,1050531862.4
2023-01-17,VOO,348.374,349.83,347.118,347.88,4942000,1719222960.0
2023-01-18,VOO,348.831,349.773,342.086,342.229,3931800,1345575982.2
2023-01-19,VOO,340.354,341.877,338.537,339.765,3569900,1212927073.5
2023-01-20,VOO,341.011,346.205,339.517,346.015,3265100,1129773576.5
2023-01-23,VOO,346.776,351.999,345.958,350.229,3243300,1135897715.7
2023-01-24,VOO,348.736,350.676,347.642,349.858,2702400,945456259.2
2023-01-25,VOO,346.082,350.248,344.065,349.982,3061700,1071539889.4
2023-01-26,VOO,352.436,353.959,349.725,353.721,3460900,1224193008.9
2023-01-27,VOO,352.846,356.832,352.722,354.729,5549500,1968568585.5
2023-01-30,VOO,352.142,354.178,349.963,350.296,3280600,1149181057.6
2023-01-31,VOO,350.676,355.367,350.41,355.271,4181700,1485636740.7
2023-02-01,VOO,354.32,361.665,351.771,359.163,4941700,1774875797.1
2023-02-02,VOO,362.702,365.708,360.942,364.309,5207900,1897284841.1
2023-02-03,VOO,359.829,364.557,359.41,360.418,6472500,2332805505.0
2023-02-06,VOO,358.259,359.543,356.775,358.335,2880100,1032040633.5
2023-02-07,VOO,357.507,364.129,356.394,362.958,4504600,1634980606.8
2023-02-08,VOO,361.217,362.397,358.401,358.982,2921500,1048765913.0
2023-02-09,VOO,362.435,362.464,354.805,355.909,3327700,1184358379.3
2023-02-10,VOO,354.853,357.127,354.092,356.775,3256700,1161909142.5
2023-02-13,VOO,357.374,360.98,356.946,360.894,2980600,1075680656.4
2023-02-14,VOO,359.572,362.863,357.184,360.761,4718000,1702070398.0
2023-02-15,VOO,358.801,362.017,358.021,361.969,2820200,1020824973.8
2023-02-16,VOO,357.384,360.97,356.841,356.936,3077500,1098470540.0
2023-02-17,VOO,355.024,356.232,353.255,356.014,3285300,1169612794.2
2023-02-21,VOO,352.379,353.274,348.65,348.945,3109200,1084939794.0
2023-02-22,VOO,349.316,350.667,347.09,348.507,3872000,1349419104.0
2023-02-23,VOO,351.114,351.59,346.414,350.258,2867200,1004259737.6
2023-02-24,VOO,345.634,347.271,344.131,346.51,4055000,1405098050.0
2023-02-27,VOO,349.611,350.829,346.852,347.708,3300100,1147471170.8
2023-02-28,VOO,347.252,349.012,346.338,346.395,3022200,1046874969.0
2023-03-01,VOO,345.663,346.776,343.865,345.13,3764700,1299310911.0
2023-03-02,VOO,343.256,348.536,342.99,347.708,2727200,948269257.6
2023-03-03,VOO,349.421,353.588,348.859,353.217,4913600,1735567051.2
2023-03-06,VOO,354.149,356.223,353.236,353.645,2638300,933021603.5
2023-03-07,VOO,353.55,353.797,347.613,348.174,3546100,1234659821.4
2023-03-08,VOO,348.298,349.43,346.709,348.717,2906300,1013476217.1
2023-03-09,VOO,349.478,350.933,341.391,342.333,4409600,1509551596.8
2023-03-10,VOO,341.848,343.665,335.959,337.424,8360400,2820999609.6
2023-03-13,VOO,333.695,341.22,332.744,336.853,6478700,2182369531.1
2023-03-14,VOO,341.42,343.922,338.328,342.447,4798800,1643334663.6
2023-03-15,VOO,337.215,340.469,335.417,340.335,6610400,2249750484.0
2023-03-16,VOO,338.242,346.538,337.719,346.158,5016700,1736570838.6
2023-03-17,VOO,345.111,346.091,340.982,342.371,5189900,1776871252.9
2023-03-20,VOO,342.933,345.891,342.314,345.463,3099800,1070866207.4
2023-03-21,VOO,348.593,350.486,347.128,349.982,4117600,1441085883.2
2023-03-22,VOO,349.887,353.16,344.065,344.179,4094800,1409344169.2
2023-03-23,VOO,346.747,350.372,342.6,344.997,4787200,1651569638.4
2023-03-24,VOO,343.876,347.363,341.718,347.296,3740400,1299025958.4
2023-03-27,VOO,349.369,350.038,347.143,347.869,4144800,1441847431.2
2023-03-28,VOO,347.277,347.908,345.5,347.258,2413700,838176634.6
2023-03-29,VOO,350.965,352.436,349.904,352.197,3636100,1280623511.7
2023-03-30,VOO,354.623,354.862,352.588,354.298,3316700,1175100176.6
2023-03-31,VOO,355.149,359.505,355.024,359.247,4159800,1494395670.6
2023-04-03,VOO,358.798,361.004,358.435,360.67,3525300,1271469951.0
2023-04-04,VOO,361.272,361.472,357.393,358.635,2713300,973084345.5
2023-04-05,VOO,357.947,358.626,356.209,357.766,3227700,1154761318.2
2023-04-06,VOO,356.954,359.361,356.047,359.132,3076200,1104761858.4
2023-04-10,VOO,356.839,359.552,356.276,359.524,2671100,960324556.4
2023-04-11,VOO,360.039,360.861,358.884,359.571,3069000,1103523399.0
2023-04-12,VOO,361.472,361.683,357.575,358.139,3624200,1297967363.8
2023-04-13,VOO,359.094,363.163,358.645,362.781,2680900,972579582.9
2023-04-14,VOO,362.303,364.271,359.868,362.036,2981700,1079482741.2
2023-04-17,VOO,361.893,363.307,360.785,363.268,2721000,988452228.0
2023-04-18,VOO,364.758,364.835,362.275,363.517,3019300,1097566878.1
2023-04-19,VOO,361.788,364.271,361.73,363.498,2671300,971012207.4
2023-04-20,VOO,360.88,363.068,360.078,361.444,2953200,1067416420.8
2023-04-21,VOO,361.74,362.141,359.963,361.654,2762300,998996844.2
2023-04-24,VOO,361.549,362.495,360.355,362.132,2310400,836669772.8
2023-04-25,VOO,360.307,360.804,356.333,356.41,3795400,1352718514.0
2023-04-26,VOO,356.944,357.919,354.384,354.824,3766900,1336586525.6
2023-04-27,VOO,357.164,362.17,356.954,361.864,4302400,1556883673.6
2023-04-28,VOO,361.129,365.026,361.09,364.959,3386900,1236079637.1
2023-05-01,VOO,364.654,366.478,364.453,364.711,3069300,1119407472.3
2023-05-02,VOO,364.013,364.061,357.909,360.622,4311600,1554857815.2
2023-05-03,VOO,361.004,363.192,357.842,358.11,5513000,1974260430.0
2023-05-04,VOO,357.116,357.374,354.327,355.492,4421500,1571807878.0
2023-05-05,VOO,358.931,363.087,358.635,362.017,3139400,1136516169.8
2023-05-08,VOO,362.437,362.638,360.976,362.217,2957600,1071292999.2
2023-05-09,VOO,360.813,361.644,360.45,360.651,2271000,819038421.0
2023-05-10,VOO,363.268,363.794,358.836,362.227,3512900,1272467228.3
2023-05-11,VOO,361.539,361.931,359.82,361.721,2676600,968182428.6
2023-05-12,VOO,362.858,363.01,359.027,361.234,2531000,914283254.0
2023-05-15,VOO,361.797,362.848,360.049,362.485,3882600,1407384261.0
2023-05-16,VOO,361.463,362.313,360.049,360.087,2275300,819305951.1
2023-05-17,VOO,361.902,364.997,360.402,364.386,3222600,1174270323.6
2023-05-18,VOO,364.205,368.322,363.956,367.949,3340600,1229170429.4
2023-05-19,VOO,368.752,369.248,366.287,367.366,3649000,1340518534.0
2023-05-22,VOO,367.452,368.952,366.316,367.567,2784000,1023306528.0
2023-05-23,VOO,366.048,366.927,363.077,363.459,2887300,1049415170.7
2023-05-24,VOO,361.96,362.284,359.724,360.737,3611600,1302837749.2
2023-05-25,VOO,363.947,365.179,361.969,363.88,3315900,1206589692.0
2023-05-26,VOO,364.568,369.277,364.472,368.608,3042800,1121600422.4
2023-05-30,VOO,370.414,370.891,367.548,368.723,3968500,1463277225.5
2023-05-31,VOO,367.118,367.93,365.313,366.717,4205300,1542155000.1
2023-06-01,VOO,367.013,371.187,365.838,370.232,3563600,1319358755.2
2023-06-02,VOO,372.63,376.336,372.114,375.668,7368900,2768259925.2
2023-06-05,VOO,375.935,377.11,374.263,374.942,3481200,1305248090.4
2023-06-06,VOO,374.512,376.174,373.9,375.715,2894700,1087582210.5
2023-06-07,VOO,376.059,377.101,374.025,374.483,3942900,1476549020.7
2023-06-08,VOO,374.426,377.072,373.786,376.728,3455400,1301745931.2
2023-06-09,VOO,377.378,379.174,376.451,377.359,3060100,1154756275.9
2023-06-12,VOO,378.266,380.855,377.616,380.826,3792700,1444358770.2
2023-06-13,VOO,382.125,383.873,381.533,383.339,3913100,1500043840.9
2023-06-14,VOO,383.644,385.392,380.635,383.635,5161300,1980055325.5
2023-06-15,VOO,383.061,389.681,382.956,388.554,5285000,2053507890.0
2023-06-16,VOO,390.407,390.474,386.777,387.121,5141900,1990537469.9
2023-06-20,VOO,385.44,386.233,383.31,385.335,4242900,1634937871.5
2023-06-21,VOO,384.313,385.029,382.746,383.224,3423500,1311967364.0
2023-06-22,VOO,382.374,384.705,382.058,384.619,3141000,1208088279.0
2023-06-23,VOO,381.466,383.329,381.084,381.734,4215300,1609123330.2
2023-06-26,VOO,381.189,382.928,379.938,380.157,3250700,1235776359.9
2023-06-27,VOO,380.96,384.905,380.568,384.37,4302400,1653713488.0
2023-06-28,VOO,383.396,385.44,382.784,384.542,4320700,1661490619.4
2023-06-29,VOO,384.183,386.169,383.79,386.015,3914800,1511171522.0
2023-06-30,VOO,388.787,391.491,388.681,390.59,5173700,2020795483.0
2023-07-03,VOO,390.244,391.338,390.014,391.338,2372000,928253736.0
2023-07-05,VOO,389.372,391.127,389.372,390.465,4230100,1651705996.5
2023-07-06,VOO,387.233,387.78,385.104,387.281,6040300,2339293424.3
2023-07-07,VOO,386.514,390.014,386.207,386.38,3673200,1419251016.0
2023-07-10,VOO,386.13,387.55,385.584,387.415,3362300,1302605454.5
2023-07-11,VOO,388.182,390.321,387.223,389.899,3177800,1239021042.2
2023-07-12,VOO,393.38,394.282,392.038,392.968,4246400,1668699315.2
2023-07-13,VOO,394.675,396.852,394.282,396.171,3273400,1296826151.4
2023-07-14,VOO,396.977,397.715,395.193,395.855,3680900,1457102669.5
2023-07-17,VOO,395.74,398.233,395.72,397.236,2963700,1177288333.2
2023-07-18,VOO,396.948,400.803,396.593,400.247,3594000,1438487718.0
2023-07-19,VOO,400.938,402.184,400.381,401.11,3494900,1401839339.0
2023-07-20,VOO,400.199,401.024,397.821,398.492,4085000,1627839820.0
2023-07-21,VOO,400.017,400.199,398.454,398.54,3176700,1266042018.0
2023-07-24,VOO,399.509,400.966,398.971,400.228,3471100,1389231410.8
2023-07-25,VOO,399.988,402.453,399.979,401.407,3949300,1585276665.1
2023-07-26,VOO,400.506,402.683,399.509,401.503,6138800,2464746616.4
2023-07-27,VOO,404.505,404.85,397.917,398.78,4149400,1654697732.0
2023-07-28,VOO,401.762,403.383,401.024,402.664,2701200,1087675996.8
2023-07-31,VOO,403.095,403.719,401.877,403.441,3452100,1392718676.1
2023-08-01,VOO,402.079,402.865,401.398,402.194,3118000,1254040892.0
2023-08-02,VOO,399.393,399.624,395.96,396.622,4973700,1972678841.4
2023-08-03,VOO,394.809,397.216,394.243,395.5,3022300,1195319650.0
2023-08-04,VOO,397.178,399.077,393.227,393.563,5717300,2250117739.9
2023-08-07,VOO,395.394,397.264,394.771,397.111,2598000,1031694378.0
2023-08-08,VOO,394.886,395.826,392.364,395.394,3780100,1494628859.4
2023-08-09,VOO,395.749,395.816,392.095,392.767,3145900,1235605705.3
2023-08-10,VOO,394.924,398.041,391.875,392.997,4588300,1803188135.1
2023-08-11,VOO,391.232,393.591,390.647,392.632,2918900,1146053544.8
2023-08-14,VOO,391.817,394.867,391.577,394.848,2772900,1094874019.2
2023-08-15,VOO,393.285,394.838,389.755,390.321,4686100,1829083238.1
2023-08-16,VOO,389.928,391.386,387.319,387.434,3353700,1299337405.8
2023-08-17,VOO,388.72,388.959,383.963,384.298,7102500,2729476545.0
2023-08-18,VOO,381.853,385.545,381.546,384.653,4157700,1599271778.1
2023-08-21,VOO,385.66,387.818,383.598,387.195,3292400,1274800818.0
2023-08-22,VOO,388.739,388.787,385.584,386.111,2646100,1021688317.1
2023-08-23,VOO,387.022,390.964,386.936,390.273,3250000,1268387250.0
2023-08-24,VOO,391.856,392.316,384.951,385.085,3458800,1331931998.0
2023-08-25,VOO,386.562,389.17,383.33,387.636,4417800,1712498320.8
2023-08-28,VOO,389.707,390.743,388.499,390.187,3236700,1262918262.9
2023-08-29,VOO,390.11,396.056,389.909,395.73,3482700,1378208871.0
2023-08-30,VOO,396.104,398.022,395.5,397.38,3004500,1193928210.0
2023-08-31,VOO,397.974,399.067,396.708,396.871,4751100,1885573808.1
2023-09-01,VOO,399.393,399.796,396.277,397.715,3588000,1427001420.0
2023-09-05,VOO,397.226,397.485,395.855,395.979,4426700,1752880239.3
2023-09-06,VOO,395.212,395.241,391.117,393.246,3744100,1472352348.6
2023-09-07,VOO,390.484,392.652,390.187,392.076,2245800,880524280.8
2023-09-08,VOO,392.067,394.004,391.75,392.613,4124400,1619293057.2
2023-09-11,VOO,395.001,395.481,393.476,395.193,3346600,1322552893.8
2023-09-12,VOO,393.87,395.26,392.517,393.074,7595300,2985514952.2
2023-09-13,VOO,393.227,394.541,392.23,393.534,2529700,995522959.8
2023-09-14,VOO,395.759,397.523,394.56,396.938,3660900,1453150324.2
2023-09-15,VOO,395.442,395.759,391.741,391.99,4004000,1569527960.0
2023-09-18,VOO,391.836,393.524,391.434,392.421,3014600,1182992346.6
2023-09-19,VOO,391.491,392.057,389.084,391.635,3623300,1419011095.5
2023-09-20,VOO,392.68,393.045,387.76,387.971,4009400,1555530927.4
2023-09-21,VOO,385.334,385.574,381.393,381.613,4633100,1768051190.3
2023-09-22,VOO,382.457,383.924,380.309,380.693,7204200,2742588510.6
2023-09-25,VOO,379.542,382.304,379.168,382.275,3227900,1233945472.5
2023-09-26,VOO,379.503,380.117,375.898,376.665,5734700,2160060775.5
2023-09-27,VOO,377.7,378.228,373.49,376.751,4837700,1822608312.7
2023-09-28,VOO,376.282,380.518,375.762,378.949,4065800,1540730844.2
2023-09-29,VOO,381.818,381.933,376.696,378.044,5766600,2180028530.4
2023-10-02,VOO,377.274,379.064,375.416,378.015,5886200,2225071893.0
2023-10-03,VOO,376.003,377.303,371.623,372.932,6886700,2568270804.4
2023-10-04,VOO,373.259,376.263,371.979,375.676,4333700,1628067081.2
2023-10-05,VOO,375.339,376.205,372.509,375.358,3329100,1249604317.8
2023-10-06,VOO,373.221,381.307,371.989,379.835,4897200,1860127962.0
2023-10-09,VOO,378.111,382.848,377.668,382.366,2959500,1131612177.0
2023-10-10,VOO,382.925,386.689,382.559,384.34,3289600,1264324864.0
2023-10-11,VOO,385.331,386.121,383.136,385.967,4181800,1614036800.6
2023-10-12,VOO,386.496,386.804,381.413,383.647,3872900,1485826466.3
2023-10-13,VOO,384.889,385.996,380.22,381.625,3769800,1438649925.0
2023-10-16,VOO,383.695,386.612,383.473,385.62,5150900,1986290058.0
2023-10-17,VOO,382.79,387.478,382.482,385.63,4214600,1625276198.0
2023-10-18,VOO,384.003,384.889,379.507,380.47,7329300,2788578771.0
2023-10-19,VOO,381.192,382.761,376.542,377.245,6708900,2530898980.5
2023-10-20,VOO,376.773,377.197,372.403,372.547,7549600,2812580831.2
2023-10-23,VOO,371.093,375.387,369.524,371.892,5537100,2059203193.2
2023-10-24,VOO,373.789,375.695,372.123,374.674,4451500,1667861311.0
2023-10-25,VOO,373.134,373.211,368.821,369.389,5471200,2021001096.8
2023-10-26,VOO,368.35,369.091,364.037,364.855,6959400,2539171887.0
2023-10-27,VOO,366.328,366.675,361.919,363.238,5638800,2048226434.4
2023-10-30,VOO,365.731,368.513,364.576,367.608,5795800,2130582446.4
2023-10-31,VOO,368.08,370.131,366.357,369.832,4523200,1672824102.4
2023-11-01,VOO,370.718,374.559,370.265,373.904,5549200,2074868076.8
2023-11-02,VOO,377.303,381.134,377.293,381.009,4752200,1810630969.8
2023-11-03,VOO,383.069,385.89,382.992,384.532,5981400,2300039704.8
2023-11-06,VOO,385.187,385.774,383.589,385.274,4007100,1543831445.4
2023-11-07,VOO,385.322,387.035,384.33,386.361,3358600,1297632054.6
2023-11-08,VOO,386.987,387.478,384.648,386.679,3731900,1443047360.1
2023-11-09,VOO,387.777,387.844,383.348,383.762,4145600,1590923747.2
2023-11-10,VOO,385.639,389.991,384.244,389.75,3992800,1556193800.0
2023-11-13,VOO,388.527,390.357,387.786,389.355,2872900,1118577979.5
2023-11-14,VOO,394.737,398.077,394.592,396.835,6973100,2767170138.5
2023-11-15,VOO,398.106,399.242,396.98,397.702,4414800,1755774789.6
2023-11-16,VOO,397.336,398.501,396.383,398.26,3798900,1512949914.0
2023-11-17,VOO,398.491,399.309,397.461,398.847,4696200,1873065281.4
2023-11-20,VOO,398.539,402.592,398.53,401.851,3517600,1413551077.6
2023-11-21,VOO,400.859,401.283,399.8,400.802,5248200,2103489056.4
2023-11-22,VOO,402.467,403.661,401.495,402.534,3692800,1486477555.2
2023-11-24,VOO,402.583,402.871,402.246,402.756,1351300,544244182.8
2023-11-27,VOO,402.198,402.91,401.658,402.053,3632600,1460497727.8
2023-11-28,VOO,401.678,403.603,401.158,402.448,3382400,1361240115.2
2023-11-29,VOO,404.383,405.403,401.793,402.188,4092600,1645994608.8
2023-11-30,VOO,402.92,404.036,401.023,403.747,4405700,1778788157.9
2023-12-01,VOO,403.199,406.607,402.64,406.116,4973600,2019858537.6
2023-12-04,VOO,403.025,404.2,401.918,404.075,5806100,2346099857.5
2023-12-05,VOO,402.727,404.778,402.4,403.95,3419300,1381226235.0
2023-12-06,VOO,405.875,405.933,401.88,402.265,4201800,1690237077.0
2023-12-07,VOO,404.142,405.933,403.632,405.413,3248300,1316903047.9
2023-12-08,VOO,404.681,407.569,404.469,407.136,5125300,2086694140.8
2023-12-11,VOO,406.645,408.859,406.462,408.715,5247100,2144568476.5
2023-12-12,VOO,408.388,410.746,407.473,410.746,5982600,2457329019.6
2023-12-13,VOO,410.948,416.464,410.592,416.339,8659100,3605121034.9
2023-12-14,VOO,418.014,419.112,415.146,417.562,8349100,3486266894.2
2023-12-15,VOO,417.023,418.043,416.108,416.926,5326000,2220547876.0
2023-12-18,VOO,418.419,420.113,418.236,419.285,4280500,1794749442.5
2023-12-19,VOO,419.766,421.865,419.68,421.836,4061500,1713286914.0
2023-12-20,VOO,420.986,422.726,415.564,415.747,5783200,2404348050.4
2023-12-21,VOO,418.686,420.146,416.492,419.798,4621600,1940138436.8
2023-12-22,VOO,420.938,422.272,419.024,420.774,4037800,1699001257.2
2023-12-26,VOO,421.141,423.316,421.054,422.523,3835800,1620713723.4
2023-12-27,VOO,422.33,423.413,421.866,423.297,4271000,1807901487.0
2023-12-28,VOO,423.635,424.205,423.065,423.364,4703700,1991377246.8
2023-12-29,VOO,423.268,423.722,420.436,422.233,4376900,1848071617.7
2024-01-02,VOO,419.44,420.754,417.942,419.537,9076000,3807717812.0
2024-01-03,VOO,417.903,418.56,415.902,416.424,4805000,2000917320.0
2024-01-04,VOO,415.979,418.347,414.897,415.109,3945300,1637729537.7
2024-01-05,VOO,415.264,417.884,414.346,415.641,5724600,2379378468.6
2024-01-08,VOO,416.095,421.721,416.018,421.586,7222400,3044862726.4
2024-01-09,VOO,419.159,421.876,418.715,420.561,7939600,3339086115.6
2024-01-10,VOO,421.238,424.109,420.957,423.335,4278800,1811365798.0
2024-01-11,VOO,424.302,424.708,419.527,423.19,4796600,2029873154.0
2024-01-12,VOO,424.466,425.133,422.166,423.384,5182700,2194272256.8
2024-01-16,VOO,422.224,423.374,420.242,421.943,5730800,2418070944.4
2024-01-17,VOO,419.14,419.991,417.41,419.595,6044600,2536283937.0
2024-01-18,VOO,421.054,423.77,419.681,423.326,4331300,1833551903.8
2024-01-19,VOO,424.36,428.816,423.693,428.507,4836800,2072602657.6
2024-01-22,VOO,429.938,431.049,428.884,429.483,5870400,2521237003.2
2024-01-23,VOO,429.996,430.953,428.981,430.759,3251600,1400655964.4
2024-01-24,VOO,433.369,434.21,430.885,431.117,4568200,1969428679.4
2024-01-25,VOO,433.195,433.795,431.233,433.543,4167100,1806617035.3
2024-01-26,VOO,433.157,434.52,432.248,433.282,6404000,2774737928.0
2024-01-29,VOO,433.282,436.55,432.78,436.434,4543300,1982850592.2
2024-01-30,VOO,435.805,436.743,435.419,436.124,3410000,1487182840.0
2024-01-31,VOO,434.065,434.481,428.952,429.019,7108000,3049467052.0
2024-02-01,VOO,430.498,434.665,429.822,434.665,6138400,2668147636.0
2024-02-02,VOO,435.003,440.677,434.694,439.13,6253500,2746099455.0
2024-02-05,VOO,438.599,439.005,435.515,437.526,7101900,3107265899.4
2024-02-06,VOO,438.454,439.14,437.13,438.889,4383600,1923913820.4
2024-02-07,VOO,440.938,442.9,440.088,442.495,6763400,2992770683.0
2024-02-08,VOO,442.543,443.045,441.789,442.794,4184600,1852915772.4
2024-02-09,VOO,443.249,445.655,442.891,445.307,4002600,1782385798.2
2024-02-12,VOO,445.249,447.308,444.418,445.104,4564200,2031543676.8
2024-02-13,VOO,439.324,440.503,435.96,438.831,8152200,3577438078.2
2024-02-14,VOO,441.354,443.374,439.247,443.007,5624000,2491471368.0
2024-02-15,VOO,443.596,446.148,443.142,446.003,5695700,2540299287.1
2024-02-16,VOO,445.704,446.738,443.113,443.722,5527900,2452850843.8
2024-02-20,VOO,442.185,442.784,439.276,441.286,5306800,2341816544.8
2024-02-21,VOO,440.136,441.876,438.473,441.731,4208600,1859069086.6
2024-02-22,VOO,447.772,451.745,446.902,451.011,4328500,1952201113.5
2024-02-23,VOO,452.48,453.234,450.547,451.214,4050600,1827687428.4
2024-02-26,VOO,451.61,451.997,449.435,449.561,3450800,1551345098.8
2024-02-27,VOO,450.179,450.576,448.439,450.392,3586900,1615511064.8
2024-02-28,VOO,449.0,450.295,448.633,449.696,2800600,1259418617.6
2024-02-29,VOO,451.397,452.867,448.981,451.359,7332900,3309770411.1
2024-03-01,VOO,452.229,456.037,451.842,455.709,4839400,2205358134.6
2024-03-04,VOO,454.916,456.84,454.906,455.167,3970200,1807104023.4
2024-03-05,VOO,453.311,453.727,448.584,450.605,4616500,2080217982.5
2024-03-06,VOO,453.601,454.964,451.736,452.992,5325100,2412227699.2
2024-03-07,VOO,455.902,458.377,455.08,457.478,7149800,3270876204.4
2024-03-08,VOO,457.971,460.416,454.152,454.703,6285600,2858081176.8
2024-03-11,VOO,453.553,454.771,451.803,454.326,5323900,2418786191.4
2024-03-12,VOO,456.182,459.691,453.911,459.189,4811000,2209158279.0
2024-03-13,VOO,459.459,459.614,457.13,458.492,3544500,1625124894.0
2024-03-14,VOO,459.314,459.479,454.761,457.487,5153000,2357430511.0
2024-03-15,VOO,454.723,456.047,453.089,454.336,6807100,3092710585.6
2024-03-18,VOO,458.145,459.43,456.743,457.178,3939100,1800869859.8
2024-03-19,VOO,456.453,459.875,455.573,459.74,4550200,2091908948.0
2024-03-20,VOO,459.682,464.012,459.092,463.751,6179400,2865702929.4
2024-03-21,VOO,466.525,467.125,465.162,465.298,5044700,2347288820.6
2024-03-22,VOO,465.359,465.795,464.341,464.69,5881500,2733074235.0
2024-03-25,VOO,463.284,464.312,463.109,463.487,6081300,2818603493.1
2024-03-26,VOO,464.573,464.874,462.023,462.188,8073500,3731474818.0
2024-03-27,VOO,465.01,466.329,463.012,466.222,4951400,2308451610.8
2024-03-28,VOO,466.329,467.58,465.97,466.164,4065000,1894956660.0
2024-04-01,VOO,466.881,467.386,464.35,465.553,5734000,2669480902.0
2024-04-02,VOO,461.926,462.566,460.355,462.508,4817800,2228271042.4
2024-04-03,VOO,461.451,464.321,461.402,462.925,6224800,2881615540.0
2024-04-04,VOO,466.649,466.92,457.019,457.223,6871200,3141670677.6
2024-04-05,VOO,458.551,463.865,458.134,462.081,5588200,2582201044.2
2024-04-08,VOO,462.721,463.613,461.577,462.265,4736800,2189656852.0
2024-04-09,VOO,463.914,464.127,458.444,462.837,5250400,2430079384.8
2024-04-10,VOO,457.64,460.045,456.437,458.357,6933400,3177972423.8
2024-04-11,VOO,459.647,462.993,456.437,461.664,5109900,2359056873.6
2024-04-12,VOO,458.474,459.715,453.761,455.37,6959700,3169238589.0
2024-04-15,VOO,459.152,459.269,448.854,449.591,9530000,4284602230.0
2024-04-16,VOO,450.017,451.433,447.632,448.786,6761400,3034421660.4
2024-04-17,VOO,451.045,451.171,444.858,446.08,7156200,3192237696.0
2024-04-18,VOO,447.409,449.29,444.354,445.062,5637300,2508948012.6
2024-04-19,VOO,445.11,446.032,440.174,441.338,9787500,4319595675.0
2024-04-22,VOO,443.714,447.767,441.58,445.168,5818100,2590031940.8
2024-04-23,VOO,447.234,451.065,446.74,450.783,4257400,1919163544.2
2024-04-24,VOO,451.491,452.209,448.456,450.454,7687800,3463000261.2
2024-04-25,VOO,444.897,449.445,443.433,448.592,4876200,2187424310.4
2024-04-26,VOO,451.259,454.459,450.754,453.082,4907100,2223318682.2
2024-04-29,VOO,454.662,455.225,452.112,454.662,3253200,1479106418.4
2024-04-30,VOO,453.285,454.178,447.409,447.476,4364800,1953143244.8
2024-05-01,VOO,446.836,452.946,445.547,446.022,6115400,2727602938.8
2024-05-02,VOO,449.348,450.89,445.275,450.182,3972400,1788302976.8
2024-05-03,VOO,455.555,456.757,453.305,455.768,4586900,2090562239.2
2024-05-06,VOO,457.94,460.452,457.552,460.365,4782500,2201695612.5
2024-05-07,VOO,461.315,462.227,460.355,461.024,3451300,1591132131.2
2024-05-08,VOO,459.269,461.47,459.181,461.043,3214900,1482207140.7
2024-05-09,VOO,461.208,463.691,460.578,463.691,3486000,1616426826.0
2024-05-10,VOO,465.184,465.863,463.148,464.263,3347200,1553981113.6
2024-05-13,VOO,465.824,465.892,463.284,464.292,3108400,1443205252.8
2024-05-14,VOO,464.496,466.91,464.011,466.493,3257700,1519694246.1
2024-05-15,VOO,468.724,472.496,468.142,472.176,4399500,2077338312.0
2024-05-16,VOO,472.322,473.796,471.139,471.274,3347400,1577542587.6
2024-05-17,VOO,471.391,472.011,470.043,471.973,3274000,1545239602.0
2024-05-20,VOO,472.06,473.835,471.74,472.438,2599600,1228149824.8
2024-05-21,VOO,471.817,473.805,471.643,473.708,2453600,1162289948.8
2024-05-22,VOO,473.039,473.66,470.276,472.331,3250600,1535359148.6
2024-05-23,VOO,475.095,475.173,467.706,468.821,3811300,1786817477.3
2024-05-24,VOO,470.508,472.661,469.684,472.011,2555200,1206082507.2
2024-05-28,VOO,472.661,472.904,469.878,472.39,4034700,1905951933.0
2024-05-29,VOO,468.578,470.023,468.355,469.063,5605000,2629098115.0
2024-05-30,VOO,467.541,468.152,464.709,465.912,3386800,1577950761.6
2024-05-31,VOO,466.687,470.246,462.071,469.965,5334000,2506793310.0
2024-06-03,VOO,471.594,471.701,465.873,470.479,4211300,1981328212.7
2024-06-04,VOO,469.364,471.701,467.968,471.051,2560300,1206031875.3
2024-06-05,VOO,473.117,476.686,471.362,476.686,3026100,1442499504.6
2024-06-06,VOO,476.967,477.297,474.833,476.579,21344000,10172102176.0
2024-06-07,VOO,475.716,478.606,474.736,475.958,3063600,1458144928.8
2024-06-10,VOO,475.347,477.791,474.756,477.52,3461900,1653126488.0
2024-06-11,VOO,476.143,478.732,474.319,478.606,4028400,1928016410.4
2024-06-12,VOO,482.873,485.026,481.69,482.591,3698800,1785007590.8
2024-06-13,VOO,484.201,484.347,481.059,483.503,8808900,4259129576.7
2024-06-14,VOO,482.223,483.949,481.282,483.891,5812000,2812374492.0
2024-06-17,VOO,483.406,488.934,482.853,487.731,4609500,2248196044.5
2024-06-18,VOO,487.838,489.108,487.431,489.031,3431700,1678207682.7
2024-06-20,VOO,489.865,490.447,486.034,487.673,4810900,2346146035.7
2024-06-21,VOO,486.917,488.003,485.704,486.606,4338100,2110945488.6
2024-06-24,VOO,486.849,489.186,485.297,485.297,7022800,3408143771.6
2024-06-25,VOO,486.538,487.625,485.19,487.314,6325200,3082358512.8
2024-06-26,VOO,486.306,488.536,485.743,487.857,3202700,1562459613.9
2024-06-27,VOO,487.789,489.225,487.13,488.614,3619700,1768636095.8
2024-06-28,VOO,489.494,492.18,485.64,486.73,5598600,2725006578.0
2024-07-01,VOO,488.053,488.238,485.241,487.849,4368500,2131168356.5
2024-07-02,VOO,486.301,491.09,486.223,491.012,4210100,2067209621.2
2024-07-03,VOO,490.71,493.552,490.71,493.231,2131100,1051124584.1
2024-07-05,VOO,493.542,496.432,492.919,496.179,3156900,1566387485.1
2024-07-08,VOO,496.822,497.513,495.673,496.656,3143400,1561188470.4
2024-07-09,VOO,497.513,498.291,496.861,497.201,3140600,1561509460.6
2024-07-10,VOO,498.262,502.35,497.98,501.989,3446900,1730305884.1
2024-07-11,VOO,502.174,502.943,497.143,497.688,5537800,2756096606.4
2024-07-12,VOO,498.758,504.15,498.447,500.763,5238200,2623096746.6
2024-07-15,VOO,502.739,505.211,500.559,502.281,7771500,3903476791.5
2024-07-16,VOO,503.469,505.483,502.758,505.133,4164300,2103525351.9
2024-07-17,VOO,499.8,501.308,497.853,498.077,4984300,2482565191.1
2024-07-18,VOO,499.498,500.413,492.316,494.33,5055900,2499283047.0
2024-07-19,VOO,494.038,495.557,490.068,491.031,4039400,1983470621.4
2024-07-22,VOO,494.651,496.647,492.87,496.131,4342900,2154647319.9
2024-07-23,VOO,496.004,497.941,494.866,495.304,3116000,1543367264.0
2024-07-24,VOO,490.914,491.177,483.246,483.966,6157400,2979972248.4
2024-07-25,VOO,484.219,489.659,480.686,481.523,5646600,2718967771.8
2024-07-26,VOO,485.007,489.416,484.335,486.924,3636000,1770455664.0
2024-07-29,VOO,488.374,489.299,485.406,487.284,3096200,1508728720.8
2024-07-30,VOO,488.598,489.532,481.659,484.734,3817800,1850617465.2
2024-07-31,VOO,490.963,495.021,489.824,492.374,5367600,2642866682.4
2024-08-01,VOO,494.233,496.238,482.467,485.659,6939200,3370084932.8
2024-08-02,VOO,479.216,480.297,472.784,476.783,8561200,4081834619.6
2024-08-05,VOO,457.572,468.287,456.327,462.468,15244300,7050000932.4
2024-08-06,VOO,464.599,473.815,463.188,467.081,8255000,3855753655.0
2024-08-07,VOO,472.686,475.46,463.353,463.84,5976400,2772093376.0
2024-08-08,VOO,468.589,475.187,466.789,474.662,4177200,1982758106.4
2024-08-09,VOO,473.883,478.049,472.803,476.696,7661300,3652111064.8
2024-08-12,VOO,477.786,479.158,474.905,476.939,3578100,1706535435.9
2024-08-13,VOO,479.927,485.026,479.713,484.861,3247900,1574780041.9
2024-08-14,VOO,485.552,487.43,483.177,486.408,3700500,1799952804.0
2024-08-15,VOO,491.557,494.963,490.973,494.759,4279000,2117073761.0
2024-08-16,VOO,493.26,496.442,493.075,495.8,3449300,1710162940.0
2024-08-19,VOO,496.199,500.569,495.42,500.569,3804300,1904314646.7
2024-08-20,VOO,500.15,501.668,498.525,499.741,3156000,1577182596.0
2024-08-21,VOO,500.685,502.817,499.109,501.493,3344100,1677042741.3
2024-08-22,VOO,503.196,503.761,496.432,497.435,3677100,1829118238.5
2024-08-23,VOO,500.549,503.683,498.525,502.817,5102800,2565774587.6
2024-08-26,VOO,503.77,504.403,500.111,501.581,3398600,1704673186.6
2024-08-27,VOO,500.481,502.749,499.41,502.252,3031800,1522727613.6
2024-08-28,VOO,501.98,502.398,496.491,499.381,3940400,1967760892.4
2024-08-29,VOO,501.191,504.208,498.408,499.459,3487100,1741663478.9
2024-08-30,VOO,501.61,504.685,498.398,504.16,5637700,2842302832.0
2024-09-03,VOO,501.318,501.62,491.566,493.961,5866400,2897772810.4
2024-09-04,VOO,492.131,495.878,491.489,492.734,3601400,1774532227.6
2024-09-05,VOO,492.793,495.304,489.367,491.518,3425600,1683744060.8
2024-09-06,VOO,491.8,493.357,482.516,483.333,7411400,3582174196.2
2024-09-09,VOO,487.187,489.883,485.387,488.773,3656800,1787345106.4
2024-09-10,VOO,490.447,491.187,486.116,490.788,2975400,1460290615.2
2024-09-11,VOO,490.798,496.763,482.954,495.81,5956900,2953490589.0
2024-09-12,VOO,496.423,500.364,494.447,500.072,4092900,2046744688.8
2024-09-13,VOO,500.646,503.663,500.452,502.729,4416600,2220352901.4
2024-09-16,VOO,502.505,503.722,500.861,503.488,4256300,2142995974.4
2024-09-17,VOO,505.522,506.787,501.688,503.722,8150000,4105334300.0
2024-09-18,VOO,504.296,508.724,501.659,502.087,6921300,3475094753.1
2024-09-19,VOO,510.817,512.49,508.199,510.846,5558400,2839486406.4
2024-09-20,VOO,509.483,510.855,507.157,509.843,5612700,2861595806.1
2024-09-23,VOO,510.933,511.741,509.795,511.099,29289200,14969680830.8
2024-09-24,VOO,511.916,512.724,509.357,512.568,4650600,2383748740.8
2024-09-25,VOO,512.5,513.172,510.593,511.527,35418000,18117263286.0
2024-09-26,VOO,515.478,515.721,511.41,513.561,5273900,2708469357.9
2024-09-27,VOO,514.565,515.229,511.861,512.896,5598600,2871499545.6
2024-09-30,VOO,511.861,515.415,509.782,515.131,8013000,4127744703.0
2024-10-01,VOO,514.517,514.575,507.868,510.319,9198700,4694271385.3
2024-10-02,VOO,509.45,511.402,507.234,510.407,3270600,1669337134.2
2024-10-03,VOO,509.167,511.315,507.468,509.44,4008000,2041835520.0
2024-10-04,VOO,513.658,514.497,509.889,514.136,5354400,2752889798.4
2024-10-07,VOO,512.662,513.228,508.435,509.509,3970500,2023005484.5
2024-10-08,VOO,511.861,514.849,511.061,514.331,2626700,1350993237.7
2024-10-09,VOO,514.351,518.412,513.804,517.846,2941800,1523399362.8
2024-10-10,VOO,516.694,518.285,515.542,516.977,3637600,1880555535.2
2024-10-11,VOO,516.918,520.755,516.811,520.052,5429200,2823466318.4
2024-10-14,VOO,521.555,525.197,521.282,524.308,2638900,1383596381.2
2024-10-15,VOO,524.611,524.835,519.183,520.315,4811300,2503391559.5
2024-10-16,VOO,520.267,523.0,519.573,522.502,3237200,1691443474.4
2024-10-17,VOO,525.821,525.958,522.434,522.58,3225300,1685477274.0
2024-10-18,VOO,524.142,525.314,522.834,524.591,5070400,2659886206.4
2024-10-21,VOO,523.967,524.835,521.028,523.781,3671400,1923009563.4
2024-10-22,VOO,521.419,524.513,520.794,523.42,3366600,1762145772.0
2024-10-23,VOO,521.585,522.014,515.473,518.646,5227800,2711377558.8
2024-10-24,VOO,520.501,520.511,517.445,519.818,4477800,2327641040.4
2024-10-25,VOO,521.946,524.494,518.783,519.613,4327200,2248469373.6
2024-10-28,VOO,522.805,522.844,520.989,521.233,3408000,1776362064.0
2024-10-29,VOO,520.452,523.088,519.115,522.063,3027600,1580597938.8
2024-10-30,VOO,521.653,523.459,519.935,520.491,3067000,1596345897.0
2024-10-31,VOO,516.518,516.655,510.094,510.25,7972800,4068121200.0
2024-11-01,VOO,512.681,516.508,512.076,512.467,6106900,3129584722.3
2024-11-04,VOO,512.584,513.775,509.626,511.354,3681500,1882549751.0
2024-11-05,VOO,512.252,517.572,512.017,517.504,3300300,1707918451.2
2024-11-06,VOO,528.779,531.21,525.382,530.39,7483300,3969067487.0
2024-11-07,VOO,532.265,535.447,532.196,534.52,6051300,3234540876.0
2024-11-08,VOO,535.047,538.142,535.037,536.882,6798000,3649723836.0
2024-11-11,VOO,538.327,538.62,535.808,537.322,4893100,2629170278.2
2024-11-12,VOO,537.312,537.849,533.446,535.711,4818600,2581377024.6
2024-11-13,VOO,536.111,537.79,533.973,535.984,3701600,1983998374.4
2024-11-14,VOO,536.052,536.511,531.933,532.577,3940300,2098513153.1
2024-11-15,VOO,529.248,529.678,523.996,525.704,7360100,3869234010.4
2024-11-18,VOO,526.114,529.053,525.363,527.881,4494500,2372561154.5
2024-11-19,VOO,524.728,530.459,524.142,529.805,6978400,3697191212.0
2024-11-20,VOO,529.883,530.166,524.67,530.0,3949100,2093023000.0
2024-11-21,VOO,532.616,534.071,527.208,532.675,4530600,2413337355.0
2024-11-22,VOO,532.85,535.027,532.411,534.461,5574600,2979406290.6
2024-11-25,VOO,538.103,539.254,534.198,536.179,4305000,2308250595.0
2024-11-26,VOO,537.419,539.684,536.785,539.186,4438600,2393230979.6
2024-11-27,VOO,538.922,539.254,536.062,537.468,3312200,1780201509.6
2024-11-29,VOO,538.19,541.519,537.976,540.299,3988700,2155090621.3
2024-12-02,VOO,541.187,542.369,540.729,541.822,5441000,2948053502.0
2024-12-03,VOO,541.617,542.232,540.631,541.949,4202900,2277757452.1
2024-12-04,VOO,543.599,545.6,542.954,545.366,5490300,2994222949.8
2024-12-05,VOO,545.356,546.117,544.214,544.458,3021600,1645134292.8
2024-12-06,VOO,545.2,546.654,544.819,545.542,5134900,2801303615.8
2024-12-09,VOO,545.434,545.59,542.183,542.701,4412300,2394559622.3
2024-12-10,VOO,543.355,543.648,540.416,541.158,4110100,2224213495.8
2024-12-11,VOO,543.687,546.098,543.433,545.258,3514400,1916254715.2
2024-12-12,VOO,544.419,544.936,542.418,542.447,4048600,2196150924.2
2024-12-13,VOO,544.263,544.897,541.031,542.408,4666900,2531363895.2
2024-12-16,VOO,543.892,545.522,543.198,544.536,22846800,12440905084.8
2024-12-17,VOO,542.271,543.169,541.119,542.252,6110900,3313647746.8
2024-12-18,VOO,542.105,544.282,525.734,526.329,24584900,12939745832.1
2024-12-19,VOO,530.771,532.147,525.851,526.134,16792100,8834894741.4
2024-12-20,VOO,523.859,536.482,523.117,532.089,9389400,4995996456.6
2024-12-23,VOO,532.098,536.064,529.169,535.898,7063400,3785261933.2
2024-12-24,VOO,536.75,541.49,536.24,541.412,3439300,1862078291.6
2024-12-26,VOO,539.825,542.538,538.571,541.402,4492000,2431977784.0
2024-12-27,VOO,538.033,538.277,531.99,535.79,7077100,3791839409.0
2024-12-30,VOO,529.404,532.862,526.31,529.826,6505100,3446571112.6
2024-12-31,VOO,531.255,531.863,526.31,527.691,6040800,3187675792.8
2025-01-02,VOO,530.834,532.323,522.774,526.368,7142700,3759688713.6
2025-01-03,VOO,529.042,533.635,528.073,533.165,6416300,3420946589.5
2025-01-06,VOO,536.965,540.05,534.556,536.27,5983400,3208717918.0
2025-01-07,VOO,537.984,538.258,528.425,530.237,5383200,2854371818.4
2025-01-08,VOO,530.149,531.794,526.976,530.952,4317000,2292119784.0
2025-01-10,VOO,527.593,527.632,521.021,522.872,7935200,4149093894.4
2025-01-13,VOO,518.475,523.871,518.103,523.548,5621000,2942863308.0
2025-01-14,VOO,526.231,526.809,520.835,524.214,8820000,4623567480.0
2025-01-15,VOO,531.637,534.86,530.58,533.802,5307300,2833047354.6
2025-01-16,VOO,535.075,535.232,532.176,533.008,3632800,1936311462.4
2025-01-17,VOO,537.592,539.747,536.377,538.121,6558700,3529374202.7
2025-01-21,VOO,540.922,543.018,539.139,543.018,5301700,2878918530.6
2025-01-22,VOO,545.691,547.395,545.241,546.103,4780000,2610372340.0
2025-01-23,VOO,545.544,549.129,545.309,549.129,6217900,3414429209.1
2025-01-24,VOO,549.188,550.069,546.504,547.474,3612100,1977530835.4
2025-01-27,VOO,535.643,540.011,535.545,539.854,7617400,4112283859.6
2025-01-28,VOO,540.902,545.163,537.886,544.379,4164700,2267175221.3
2025-01-29,VOO,543.713,544.036,539.6,541.989,4174500,2262533080.5
2025-01-30,VOO,543.909,546.269,540.981,544.82,4296500,2340819130.0
2025-01-31,VOO,547.092,549.315,541.304,541.911,6233900,3378218982.9
2025-02-03,VOO,533.743,540.569,531.774,538.356,7824000,4212097344.0
2025-02-04,VOO,538.356,542.401,537.896,541.93,4181400,2266026102.0
2025-02-05,VOO,540.941,544.261,539.051,544.154,3424200,1863292126.8
2025-02-06,VOO,545.789,546.142,542.753,546.112,3606300,1969443705.6
2025-02-07,VOO,546.583,547.66,540.403,540.804,10161600,5495433926.4
2025-02-10,VOO,543.977,545.29,542.802,544.673,3517600,1915941744.8
2025-02-11,VOO,542.665,545.623,542.557,545.162,2752900,1500776469.8
2025-02-12,VOO,539.629,544.447,539.032,543.36,3579500,1944957120.0
2025-02-13,VOO,544.399,549.305,543.253,549.1,3388500,1860625350.0
2025-02-14,VOO,549.325,550.265,548.512,549.119,3380600,1856351691.4
2025-02-18,VOO,550.206,550.706,547.944,550.706,3844900,2117409499.4
2025-02-19,VOO,549.442,552.282,548.962,552.038,3857600,2129541788.8
2025-02-20,VOO,550.784,550.872,546.7,549.717,4446800,2444481555.6
2025-02-21,VOO,549.521,549.619,539.893,540.364,6148700,3322536126.8
2025-02-24,VOO,542.185,543.067,537.19,537.807,4772300,2566576346.1
2025-02-25,VOO,537.847,538.424,530.981,535.134,5491500,2938688361.0
2025-02-26,VOO,536.701,539.972,533.018,535.467,4180800,2238680433.6
2025-02-27,VOO,537.504,538.532,526.505,526.868,5521400,2909048975.2
2025-02-28,VOO,527.309,535.604,524.527,535.055,7328100,3920936545.5
2025-03-03,VOO,536.887,537.954,522.245,525.84,7290000,3833373600.0
2025-03-04,VOO,522.059,527.172,515.302,519.503,10477400,5443040732.2
2025-03-05,VOO,519.307,526.692,516.056,525.33,6221700,3268445661.0
2025-03-06,VOO,518.269,522.422,513.402,515.801,7228900,3728673848.9
2025-03-07,VOO,514.068,519.924,509.396,518.582,7308300,3789952830.6
2025-03-10,VOO,511.13,512.892,500.288,504.871,11176900,5642892679.9
2025-03-11,VOO,503.716,506.85,497.056,500.729,11208900,5612621288.1
2025-03-12,VOO,506.223,507.055,498.594,503.158,8590600,4322429114.8
2025-03-13,VOO,502.913,503.451,494.99,496.586,21650000,10751086900.0
2025-03-14,VOO,500.729,507.721,500.298,506.781,7412300,3756412806.3
2025-03-17,VOO,506.771,513.029,506.409,510.65,6269800,3201673370.0
2025-03-18,VOO,508.603,508.799,503.461,505.263,6010600,3036933787.8
2025-03-19,VOO,506.86,514.126,505.763,510.571,5373900,2743757496.9
2025-03-20,VOO,507.271,513.793,506.644,509.396,6029700,3071505061.2
2025-03-21,VOO,505.146,510.199,504.039,509.523,5059000,2577676857.0
2025-03-24,VOO,515.615,519.444,515.027,518.465,22376300,11601328379.5
2025-03-25,VOO,519.64,520.629,518.191,519.699,6260200,3253419679.8
2025-03-26,VOO,519.611,520.443,512.305,513.637,4410200,2265241897.4
2025-03-27,VOO,512.302,515.634,510.278,512.224,5534900,2835108617.6
2025-03-28,VOO,510.799,511.486,501.364,501.993,5831800,2927522777.4
2025-03-31,VOO,496.598,506.445,493.974,505.049,8196700,4139735138.3
2025-04-01,VOO,503.526,508.43,500.106,506.907,7697000,3901663179.0
2025-04-02,VOO,501.344,512.499,501.138,509.963,6308600,3217152581.8
2025-04-03,VOO,492.362,494.976,484.991,485.64,16226000,7879994640.0
2025-04-04,VOO,472.982,474.967,456.236,457.494,30966500,14166987951.0
2025-04-07,VOO,441.789,472.471,435.165,455.567,31285300,14252550265.1
2025-04-08,VOO,471.41,474.171,441.848,448.865,19002700,8529646935.5
2025-04-09,VOO,445.671,493.404,445.347,490.495,29286600,14364930867.0
2025-04-10,VOO,480.716,481.846,460.255,473.749,16651300,7888536723.7
2025-04-11,VOO,472.402,484.5,469.759,482.092,11541200,5563920190.4
2025-04-14,VOO,491.428,491.635,482.23,486.937,7701500,3750145305.5
2025-04-15,VOO,487.478,490.662,484.913,485.571,8200600,3981973542.6
2025-04-16,VOO,480.225,483.291,469.985,474.898,6374900,3027427260.2
2025-04-17,VOO,476.431,479.743,473.198,475.557,5638900,2681618367.3
2025-04-21,VOO,470.761,471.223,459.272,464.226,7762500,3603554325.0
2025-04-22,VOO,469.827,478.092,468.962,475.94,6236300,2968104622.0
2025-04-23,VOO,488.126,492.539,482.24,483.586,8047600,3891706693.6
2025-04-24,VOO,484.755,494.328,483.733,493.748,6184300,3053485756.4
2025-04-25,VOO,493.777,497.787,491.134,497.384,6933400,3448562225.6
2025-04-28,VOO,498.072,499.969,492.323,497.689,4210000,2095270690.0
2025-04-29,VOO,495.841,501.747,495.566,500.706,6525500,3267357003.0
2025-04-30,VOO,494.583,502.681,489.178,500.951,7873700,3944337888.7
2025-05-01,VOO,506.248,509.501,503.929,504.499,5784500,2918274465.5
2025-05-02,VOO,510.169,513.403,507.978,511.732,6285400,3216440312.8
2025-05-05,VOO,508.165,511.87,507.369,509.059,4793500,2440174316.5
2025-05-06,VOO,504.047,508.902,503.113,504.725,4694300,2369330567.5
2025-05-07,VOO,506.042,509.246,502.288,507.005,5460000,2768247300.0
2025-05-08,VOO,510.582,515.191,507.447,510.386,5088200,2596946045.2
2025-05-09,VOO,511.713,512.636,508.44,509.708,4739500,2415761066.0
2025-05-12,VOO,525.284,526.68,521.245,526.68,7793600,4104733248.0
2025-05-13,VOO,527.083,532.144,526.542,530.139,7356800,3900126595.2
2025-05-14,VOO,531.053,532.085,528.96,530.798,5031300,2670603977.4
2025-05-15,VOO,528.98,533.884,528.567,533.402,7362200,3927012204.4
2025-05-16,VOO,534.1,537.048,532.36,536.842,7255300,3894949762.6
2025-05-19,VOO,531.309,538.011,531.26,537.392,7766100,4173440011.2
2025-05-20,VOO,535.82,536.645,532.645,535.485,7158200,3833108727.0
2025-05-21,VOO,531.584,535.299,525.599,526.532,6339500,3337949614.0
2025-05-22,VOO,526.365,529.933,525.225,526.778,5816600,3064056914.8
2025-05-23,VOO,520.302,525.589,519.987,523.221,6455900,3377862453.9
2025-05-27,VOO,529.432,534.149,527.918,533.972,6118100,3266894093.2
2025-05-28,VOO,534.414,535.505,530.306,530.925,4910500,2607107212.5
2025-05-29,VOO,535.751,535.879,529.451,532.97,4659500,2483373715.0
2025-05-30,VOO,532.016,534.021,526.916,532.419,6171500,3285823858.5
2025-06-02,VOO,530.935,535.515,528.527,535.515,5933500,3177478252.5
2025-06-03,VOO,535.141,539.407,534.709,538.552,4993600,2689313267.2
2025-06-04,VOO,539.289,540.173,538.001,538.208,4543400,2445294227.2
2025-06-05,VOO,540.006,541.136,533.972,535.692,6372100,3413482993.2
2025-06-06,VOO,540.812,542.797,539.24,541.166,4736000,2562962176.0
2025-06-09,VOO,541.795,543.171,540.714,541.746,4516400,2446741634.4
2025-06-10,VOO,542.266,545.175,541.244,544.831,5984100,3260323187.1
2025-06-11,VOO,545.834,546.64,541.411,543.328,20800600,11301548396.8
2025-06-12,VOO,542.089,545.431,541.628,545.382,8422900,4593698047.8
2025-06-13,VOO,540.753,543.711,537.972,539.308,7100600,3829410384.8
2025-06-16,VOO,542.424,546.109,542.355,544.517,7421300,4041024012.1
2025-06-17,VOO,542.276,543.623,539.181,539.878,4753300,2566202097.4
2025-06-18,VOO,540.674,543.18,538.935,539.77,4602300,2484183471.0
2025-06-20,VOO,542.207,543.19,537.195,538.276,9978500,5371187066.0
2025-06-23,VOO,539.2,544.153,536.34,543.819,9820200,5340411343.8
2025-06-24,VOO,547.573,550.767,546.777,549.794,6770000,3722105380.0
2025-06-25,VOO,550.856,551.347,548.713,550.07,16472300,9060918061.0
2025-06-26,VOO,551.839,554.816,551.288,554.423,6081400,3371668032.2
2025-06-27,VOO,555.367,558.531,553.499,557.175,6056500,3374530387.5
2025-06-30,VOO,559.437,561.064,557.347,559.96,5750600,3220105976.0
2025-07-01,VOO,558.511,560.719,557.761,559.703,7412700,4148910428.1
2025-07-02,VOO,559.309,562.237,558.757,562.188,6164000,3465326832.0
2025-07-03,VOO,564.051,567.491,564.002,567.048,4837000,2742811176.0
2025-07-07,VOO,564.859,565.441,559.91,562.503,6417800,3610031753.4
2025-07-08,VOO,563.036,563.706,561.389,562.129,6944600,3903761053.4
2025-07-09,VOO,564.327,566.101,562.651,565.46,7156500,4046714490.0
2025-07-10,VOO,565.628,568.073,564.563,567.117,4961700,2813864418.9
2025-07-11,VOO,564.317,566.22,563.252,565.076,4428900,2502665096.4
2025-07-14,VOO,564.711,566.515,563.459,566.19,4747000,2687703930.0
2025-07-15,VOO,568.654,568.96,563.725,563.735,5399000,3043605265.0
2025-07-16,VOO,565.253,566.101,560.098,565.589,6141200,3473395166.8
2025-07-17,VOO,565.865,569.443,565.648,568.98,6495300,3695695794.0
2025-07-18,VOO,570.251,570.281,567.659,568.723,4262400,2424124915.2
2025-07-21,VOO,569.768,572.282,569.384,569.739,5913800,3369322498.2
2025-07-22,VOO,570.064,570.616,567.462,569.739,4767700,2716344630.3
2025-07-23,VOO,572.322,574.678,570.646,574.579,4257300,2446155176.7
2025-07-24,VOO,575.052,576.442,574.441,574.973,3840900,2208413795.7
2025-07-25,VOO,575.516,577.714,575.299,577.26,4210100,2430322326.0
2025-07-28,VOO,577.714,578.167,575.939,577.122,4193100,2419930258.2
2025-07-29,VOO,578.483,578.739,574.835,575.624,5053400,2908858321.6
2025-07-30,VOO,576.353,577.822,572.302,574.924,6974700,4009922422.8
2025-07-31,VOO,579.479,579.804,571.602,572.765,7046800,4036160402.0
2025-08-01,VOO,567.55,567.56,561.202,563.331,8781300,4946778510.3
2025-08-04,VOO,566.998,571.967,566.91,571.898,6640100,3797459909.8
2025-08-05,VOO,572.538,573.238,568.211,569.147,4647400,2645053767.8
2025-08-06,VOO,570.034,573.997,569.206,573.376,4545000,2605993920.0
2025-08-07,VOO,576.56,577.201,570.094,573.031,4594300,2632676323.3
2025-08-08,VOO,574.648,577.842,574.323,577.418,4342300,2507322181.4
2025-08-11,VOO,577.704,579.015,575.151,576.235,5373900,3096629266.5
2025-08-12,VOO,578.414,582.564,577.113,582.387,5851900,3408070485.3
2025-08-13,VOO,584.437,585.59,582.416,584.417,5393000,3151760881.0
2025-08-14,VOO,582.525,585.078,582.111,584.427,6236700,3644895870.9
2025-08-15,VOO,585.423,585.512,582.268,583.165,7196300,4196630289.5
2025-08-18,VOO,582.584,583.609,581.963,582.958,5311700,3096498008.6
2025-08-19,VOO,582.85,583.708,578.601,579.774,6739300,3907270918.2
2025-08-20,VOO,579.459,579.646,573.583,578.246,7113600,4113410745.6
2025-08-21,VOO,576.62,578.128,574.372,575.969,4807300,2768855773.7
2025-08-22,VOO,577.941,585.876,577.517,584.782,6389300,3736347632.6
2025-08-25,VOO,583.639,584.802,582.16,582.308,6483000,3775102764.0
2025-08-26,VOO,581.992,584.999,581.411,584.634,4776600,2792562764.4
2025-08-27,VOO,584.102,586.685,584.023,585.975,6171400,3616286115.0
2025-08-28,VOO,586.616,588.587,584.841,588.045,5058700,2974743241.5
2025-08-29,VOO,586.783,587.089,582.85,584.654,7512000,4391920848.0
2025-09-02,VOO,577.734,580.435,575.378,580.346,11116700,6451532378.2
2025-09-03,VOO,582.416,583.816,580.415,583.313,8205900,4786608146.7
2025-09-04,VOO,584.052,588.291,583.195,588.114,8045600,4731729998.4
2025-09-05,VOO,590.401,591.081,583.047,586.507,6641500,3895286240.5
2025-09-08,VOO,587.838,588.922,586.576,588.025,9472200,5569890405.0
2025-09-09,VOO,588.134,589.869,586.556,589.455,7844800,4624156584.0
2025-09-10,VOO,592.382,593.201,589.662,591.16,21641100,12793352676.0
2025-09-11,VOO,592.885,596.631,592.353,595.981,9109700,5429208115.7
2025-09-12,VOO,596.0,597.371,595.369,595.852,8130500,4844574686.0
2025-09-15,VOO,597.854,599.135,597.587,598.958,7710700,4618385450.6
2025-09-16,VOO,599.52,599.776,597.449,598.169,6393200,3824214050.8
2025-09-17,VOO,598.218,599.687,593.004,597.479,11613600,6938882114.4
2025-09-18,VOO,599.904,602.625,598.445,600.289,11057500,6637695617.5
2025-09-19,VOO,601.945,603.966,600.2,603.088,6065700,3658150881.6
2025-09-22,VOO,601.846,606.479,601.836,606.026,11583800,7020083978.8
2025-09-23,VOO,605.977,606.519,601.669,602.852,10753000,6482467556.0
2025-09-24,VOO,603.926,604.035,599.549,600.841,23787300,14292385119.3
2025-09-25,VOO,598.001,599.293,594.778,597.972,6965700,4165293560.4
2025-09-26,VOO,599.391,602.023,597.952,601.491,6438600,3872759952.6
2025-09-29,VOO,603.834,604.714,601.551,603.182,5658800,3413286301.6
2025-09-30,VOO,602.49,605.881,601.343,605.406,6515700,3944643874.2
2025-10-01,VOO,602.757,608.382,602.628,607.571,10020000,6087861420.0
2025-10-02,VOO,609.39,609.459,606.039,608.243,7139500,4342550898.5
2025-10-03,VOO,608.936,611.377,607.294,608.293,7210700,4386218335.1
2025-10-06,VOO,610.428,611.239,608.471,610.369,6056400,3696638811.6
2025-10-07,VOO,611.259,611.694,606.83,608.194,7466300,4540958862.2
2025-10-08,VOO,609.202,611.852,608.451,611.723,5035200,3080147649.6
2025-10-09,VOO,612.178,612.534,608.273,610.072,5898500,3598509692.0
2025-10-10,VOO,610.952,612.544,593.394,593.671,13664200,8112039278.2
2025-10-13,VOO,600.453,604.072,599.672,602.668,6968400,4199631691.2
2025-10-14,VOO,597.319,605.169,593.671,601.818,7493500,4509723183.0
2025-10-15,VOO,606.088,609.193,598.921,604.467,6504900,3931997388.3
2025-10-16,VOO,606.128,607.799,597.26,600.473,7594800,4560472340.4
2025-10-17,VOO,599.435,605.05,598.209,603.805,6911000,4172896355.0
2025-10-20,VOO,606.523,610.972,606.523,610.141,4086200,2493158154.2
2025-10-21,VOO,610.3,611.694,608.965,610.062,4216200,2572143404.4
2025-10-22,VOO,610.794,610.794,602.885,606.978,6961600,4225538044.8
2025-10-23,VOO,607.255,611.427,606.998,610.408,5851800,3571985534.4
2025-10-24,VOO,614.837,616.686,614.136,615.46,5694900,3504983154.0
2025-10-27,VOO,620.591,623.112,620.018,622.825,7804300,4860713147.5
2025-10-28,VOO,624.516,626.177,622.47,624.496,5625600,3513164697.6
2025-10-29,VOO,625.999,626.908,620.72,624.753,6104500,3813804688.5
2025-10-30,VOO,621.649,623.448,617.981,618.12,6243300,3859108596.0
2025-10-31,VOO,622.667,622.766,617.388,619.899,7058600,4375619081.4
2025-11-03,VOO,623.241,623.359,618.041,621.115,5568100,3458430431.5
2025-11-04,VOO,614.571,618.05,613.137,613.918,8390500,5151078979.0
2025-11-05,VOO,613.523,618.871,612.771,615.767,10323100,6356624317.7
2025-11-06,VOO,614.877,615.698,607.818,609.222,7099400,4325110666.8
2025-11-07,VOO,607.097,609.993,600.997,609.865,7571300,4617470874.5
2025-11-10,VOO,615.599,620.067,613.592,619.336,8425000,5217905800.0
2025-11-11,VOO,618.041,621.333,616.963,620.759,5639200,3500584152.8
2025-11-12,VOO,622.479,622.598,618.97,621.066,6090200,3782416153.2
2025-11-13,VOO,618.545,618.891,609.489,610.952,13065800,7982576641.6
2025-11-14,VOO,604.783,614.145,602.885,610.794,9681700,5913524269.8
2025-11-17,VOO,608.728,612.396,601.877,605.07,8902500,5386635675.0
2025-11-18,VOO,601.788,604.546,596.133,600.087,8542600,5126303206.2
2025-11-19,VOO,600.601,606.583,598.773,602.262,7449400,4486490542.8
2025-11-20,VOO,611.674,614.057,592.534,593.128,13985000,8294895080.0
2025-11-21,VOO,595.391,604.052,591.566,599.03,9821400,5883313242.0
2025-11-24,VOO,602.341,609.074,601.382,607.937,6242700,3795168309.9
2025-11-25,VOO,607.779,614.669,604.032,613.592,7389500,4534138084.0
2025-11-26,VOO,615.964,619.672,615.174,617.833,5323200,3288848625.6
2025-11-28,VOO,618.901,621.471,618.584,621.254,2953200,1834687312.8
2025-12-01,VOO,617.062,620.858,616.993,618.396,9191600,5684048673.6
2025-12-02,VOO,619.869,621.609,617.507,619.444,5280600,3271035986.4
2025-12-03,VOO,618.644,622.608,617.833,621.609,6338400,3940006485.6
2025-12-04,VOO,622.954,623.003,619.346,622.133,5147700,3202554044.1
2025-12-05,VOO,623.122,625.772,622.311,623.3,5693100,3548509230.0
2025-12-08,VOO,624.17,624.279,619.563,621.451,6876700,4273532091.7
2025-12-09,VOO,621.026,623.033,620.512,620.947,12849000,7978548003.0
2025-12-10,VOO,620.482,626.295,619.336,624.961,22457400,14034999161.4
2025-12-11,VOO,622.825,626.651,620.127,626.493,33921000,21251269053.0
2025-12-12,VOO,625.594,626.216,617.368,619.731,8534700,5289218165.7
2025-12-15,VOO,623.379,623.379,617.457,618.831,11337200,7015810813.2
2025-12-16,VOO,617.437,619.088,613.582,617.101,15819600,9762290979.6
2025-12-17,VOO,618.07,618.515,610.132,610.32,21356900,13034543208.0
2025-12-18,VOO,615.955,618.812,613.503,614.926,37062400,22790633382.4
2025-12-19,VOO,616.874,620.977,616.755,620.413,10487000,6506271131.0
2025-12-22,VOO,623.567,624.856,622.407,624.32,9850100,6149614432.0
2025-12-23,VOO,623.537,627.443,623.517,627.235,13798500,8654902147.5
2025-12-24,VOO,627.235,629.862,627.106,629.327,3275200,2061171790.4
2025-12-26,VOO,629.684,630.616,628.435,629.387,3852100,2424461662.7
2025-12-29,VOO,626.868,628.345,625.53,627.166,6579400,4126375980.4
2025-12-30,VOO,626.769,627.771,625.986,626.293,4180400,2618155257.2
2025-12-31,VOO,626.511,626.71,621.554,621.743,5556800,3454901502.4
2026-01-02,VOO,625.223,626.234,619.839,622.903,11337000,7061851311.0
2026-01-05,VOO,625.956,628.593,625.808,627.027,16175600,10142537941.2
2026-01-06,VOO,627.205,631.211,627.096,630.745,8672000,5469820640.0
2026-01-07,VOO,631.111,632.737,628.484,628.722,8820100,5545390912.2
2026-01-08,VOO,628.038,629.644,626.809,628.613,9017400,5668454866.2
2026-01-09,VOO,629.694,633.947,628.355,632.827,7864100,4976614810.7
2026-01-12,VOO,629.734,634.661,629.704,633.848,7929800,5026287870.4
2026-01-13,VOO,634.185,634.651,630.358,632.549,8860000,5604384140.0
2026-01-14,VOO,630.031,630.656,625.58,629.486,8683400,5466078732.4
2026-01-15,VOO,633.283,634.086,630.239,631.151,6937000,4378294487.0
2026-01-16,VOO,632.48,633.025,629.228,630.626,6733700,4246446296.2
2026-01-20,VOO,621.376,624.35,616.875,617.797,14877600,9191336647.2
2026-01-21,VOO,619.651,627.959,618.293,624.876,10403800,6501084928.8
2026-01-22,VOO,628.98,630.16,626.323,628.127,6085500,3822466858.5
2026-01-23,VOO,627.443,630.011,626.541,628.385,5850400,3676303604.0
2026-01-26,VOO,629.575,632.906,629.069,631.617,9007400,5689226965.8
2026-01-27,VOO,632.936,635.097,632.39,634.205,4339600,2752196018.0
2026-01-28,VOO,635.543,636.297,632.737,634.106,5568700,3531146082.2
2026-01-29,VOO,634.928,635.533,624.41,632.787,8697200,5503475096.4
2026-01-30,VOO,630.784,632.965,626.521,630.755,6562300,4139203536.5
2026-02-02,VOO,628.732,635.454,628.623,634.185,9490300,6018605905.5
2026-02-03,VOO,634.829,635.494,623.706,628.702,9702800,6100169765.6
2026-02-04,VOO,629.476,630.457,621.614,625.49,11322000,7081797780.0
2026-02-05,VOO,620.86,623.349,616.161,617.747,11714700,7236720780.9
2026-02-06,VOO,621.336,631.25,620.821,629.783,12987900,8179558625.7
2026-02-09,VOO,628.623,634.492,627.671,632.747,8908500,5636826649.5
2026-02-10,VOO,633.65,635.117,630.616,630.973,13645300,8609815876.9
2026-02-11,VOO,634.988,635.642,628.395,630.883,5345000,3372069635.0
2026-02-12,VOO,633.025,634.026,620.385,621.108,8951100,5559599818.8
2026-02-13,VOO,621.544,625.748,617.767,621.505,9312800,5787951764.0
2026-02-17,VOO,620.166,624.519,616.171,622.595,8718600,5428156767.0
2026-02-18,VOO,623.706,628.355,622.605,625.728,9509200,5950172697.6
2026-02-19,VOO,623.547,625.659,621.425,624.122,5212400,3253173512.8
2026-02-20,VOO,622.09,629.129,621.644,628.574,7482000,4702990668.0
2026-02-23,VOO,627.176,629.158,620.375,622.238,10868700,6762918150.6
2026-02-24,VOO,621.763,627.652,620.028,626.779,6930300,4343766503.7
2026-02-25,VOO,629.317,632.519,629.287,632.053,12135200,7670089565.6
2026-02-26,VOO,632.172,632.291,624.023,628.504,9497700,5969342440.8
2026-02-27,VOO,622.843,626.264,621.554,625.619,10471100,6550919110.9
2026-03-02,VOO,618.828,627.899,618.243,625.857,9211400,5765019169.8
2026-03-03,VOO,615.477,622.397,610.589,620.345,18493400,11472288223.0
2026-03-04,VOO,621.534,626.531,619.7,624.766,13489800,8427968386.8
2026-03-05,VOO,621.901,625.084,616.062,621.425,12198800,7580639290.0
2026-03-06,VOO,614.02,616.478,610.708,613.117,9739200,5971269086.4
2026-03-09,VOO,607.595,619.948,603.967,618.441,13929200,8614388377.2
2026-03-10,VOO,617.965,623.101,615.299,617.371,15570400,9612713418.4
2026-03-11,VOO,617.847,620.057,613.98,616.687,6433300,3967332477.1
2026-03-12,VOO,611.918,612.404,607.159,607.238,15487600,9404659248.8
2026-03-13,VOO,610.252,613.018,603.025,603.858,25527500,15414985095.0
2026-03-16,VOO,609.439,612.77,608.269,609.905,8303200,5064163196.0
2026-03-17,VOO,613.058,614.942,610.976,611.591,9941800,6080315403.8
2026-03-18,VOO,609.41,610.599,602.906,603.154,14276900,8611169342.6
2026-03-19,VOO,598.95,604.453,597.364,601.538,10271900,6178938182.2
2026-03-20,VOO,600.229,600.398,589.462,592.803,17685700,10484136017.1
2026-03-23,VOO,601.647,605.781,597.879,599.238,24014300,14390281103.4
2026-03-24,VOO,595.47,600.705,594.172,597.205,18363300,10966654576.5
2026-03-25,VOO,602.182,604.205,598.177,600.457,23288300,13983622753.1
2026-03-26,VOO,596.135,598.722,589.572,589.809,7712600,4548960893.4
2026-03-27,VOO,587.454,587.604,578.852,579.777,11707700,6787855182.9
2026-03-30,VOO,585.177,585.455,575.301,577.758,11839200,6840192513.6
2026-03-31,VOO,584.143,595.58,583.297,594.287,12447300,7397268575.1
2026-04-01,VOO,597.778,602.044,596.992,599.011,11332500,6788292157.5
2026-04-02,VOO,590.985,601.487,589.792,599.697,12780100,7664187629.7
2026-04-06,VOO,599.627,603.128,599.319,602.362,6316800,3805000281.6
2026-04-07,VOO,600.284,602.999,595.232,602.73,6690000,4032263700.0
2026-04-08,VOO,618.404,619.091,613.929,617.947,9805100,6059032129.7
2026-04-09,VOO,616.952,622.751,616.018,621.607,5498300,3417781768.1
2026-04-10,VOO,622.91,623.566,620.314,621.189,4609400,2863308576.6
2026-04-13,VOO,619.349,627.455,618.583,627.276,5158400,3235740518.4
2026-04-14,VOO,628.777,635.033,628.767,634.864,5042900,3201555665.6
2026-04-15,VOO,635.699,640.274,634.745,639.936,5165600,3305653401.6
2026-04-16,VOO,640.99,642.542,638.643,641.338,5882400,3772606651.2
2026-04-17,VOO,645.635,651.304,645.317,649.215,7815300,5073809989.5
2026-04-20,VOO,648.062,649.036,645.625,647.982,6384100,4136781886.2
2026-04-21,VOO,649.374,650.289,642.413,643.715,8514900,5481168853.5
2026-04-22,VOO,648.42,650.618,647.535,650.329,4537200,2950672738.8
2026-04-23,VOO,648.668,651.324,642.134,647.703,6519500,4222699708.5
2026-04-24,VOO,649.832,653.233,648.26,652.835,4793800,3129560423.0
2026-04-27,VOO,652.089,654.307,651.264,653.909,5319200,3478272752.8
2026-04-28,VOO,650.836,651.811,648.449,650.687,5527100,3596412117.7
2026-04-29,VOO,650.051,651.145,647.704,650.667,6302000,4100503434.0
2026-04-30,VOO,653.412,658.156,649.583,656.973,5948400,3907938193.2
2026-05-01,VOO,659.469,662.781,658.763,658.902,5426500,3575531703.0
2026-05-04,VOO,658.375,660.225,653.8,656.515,5962400,3914405036.0
2026-05-05,VOO,659.956,662.91,659.708,661.667,5052600,3343138684.2
2026-05-06,VOO,665.794,671.652,665.496,670.976,6441500,4322091904.0
2026-05-07,VOO,672.129,673.064,667.256,668.867,6260300,4187308080.1
2026-05-08,VOO,672.01,674.825,671.682,674.337,4348100,2932084709.7
2026-05-11,VOO,673.383,677.341,673.383,675.809,5693400,3847650960.6
2026-05-12,VOO,673.77,675.551,669.126,674.964,6073400,4099326357.6
2026-05-13,VOO,675.193,680.175,672.507,678.683,4918000,3337762994.0
2026-05-14,VOO,680.006,685.337,679.927,683.974,5370000,3672940380.0
2026-05-15,VOO,678.315,679.787,674.735,675.73,6448500,4357444905.0
2026-05-18,VOO,676.466,677.888,670.568,675.203,7585400,5121684836.2
2026-05-19,VOO,671.871,674.447,668.877,670.906,5664200,3800145765.2
2026-05-20,VOO,672.627,678.276,671.055,677.848,5506800,3732773366.4
2026-05-21,VOO,675.372,681.09,673.92,679.111,7335400,4981550829.4
2026-05-22,VOO,682.353,684.82,680.742,681.806,4319800,2945265558.8
2026-05-26,VOO,685.884,687.734,684.322,686.242,6633800,4552392179.6
2026-05-27,VOO,686.59,687.008,684.163,686.192,7386500,5068557208.0
2026-05-28,VOO,685.993,690.498,685.088,690.121,8477100,5850224729.1
2026-05-29,VOO,691.205,693.194,690.101,691.692,5080400,3514072036.8
2026-06-01,VOO,690.747,695.242,690.15,693.492,10051200,6970426790.4
2026-06-02,VOO,692.259,695.332,691.98,694.447,4750700,3299109362.9
2026-06-03,VOO,693.273,693.84,689.066,689.574,5970400,4117032609.6
2026-06-04,VOO,687.714,693.393,687.127,692.259,6630000,4589677170.0
2026-06-05,VOO,687.933,688.4,672.557,674.297,10846500,7313762410.5
2026-06-08,VOO,679.738,681.548,674.994,675.968,8867200,5993943449.6
2026-06-09,VOO,679.976,683.01,660.692,673.999,16197200,10916896602.8
2026-06-10,VOO,670.638,675.173,663.238,663.407,16472700,10928104488.9
2026-06-11,VOO,666.441,676.664,662.363,674.526,19974200,13473117229.2
2026-06-12,VOO,677.361,680.702,672.119,678.226,6328000,4291814128.0
2026-06-15,VOO,687.525,691.951,687.485,690.041,14068900,9708117824.9
2026-06-16,VOO,690.041,690.777,685.675,685.983,13324100,9140106090.3
2026-06-17,VOO,686.988,687.754,675.929,677.689,15029600,10185394594.4
2026-06-18,VOO,685.536,685.934,681.955,684.352,17747900,12145810860.8
2026-06-22,VOO,685.406,687.724,681.259,682.353,13367200,9121149021.6
2026-06-23,VOO,672.666,678.007,671.334,672.647,17581700,11826277759.9
2026-06-24,VOO,673.979,678.345,670.001,672.0,9677000,6502944000.0
2026-06-25,VOO,677.42,677.818,668.907,672.02,26266500,17651613330.0
2026-06-26,VOO,668.242,675.224,666.386,668.541,6007600,4016326911.6
2026-06-29,VOO,675.274,679.822,671.204,679.263,5703800,3874380299.4
2026-06-30,VOO,679.573,685.767,679.243,685.049,9892400,6776778727.6
2026-07-01,VOO,682.974,687.063,680.55,683.702,8659300,5920380728.6
2026-07-02,VOO,685.218,688.729,678.475,683.084,6994700,4777967654.8
2026-07-06,VOO,686.345,689.806,685.238,688.849,5610000,3864442890.0
2026-07-07,VOO,687.811,688.47,683.233,685.318,4847400,3322010473.2
2026-07-08,VOO,681.348,684.081,677.987,683.503,4839800,3308017819.4
2026-07-09,VOO,685.188,689.417,683.532,688.919,6423900,4425546764.1
2026-07-10,VOO,689.477,692.549,685.866,692.08,5326400,3686294912.0
2026-07-13,VOO,689.826,691.183,685.777,686.734,6637600,4558265598.4
2026-07-14,VOO,688.44,690.624,686.435,689.328,4610200,3177939945.6
2026-07-15,VOO,691.492,692.719,687.811,692.021,4132800,2859984388.8
2026-07-16,VOO,690.205,691.771,685.667,688.37,4764000,3279394680.0
2026-07-17,VOO,680.371,685.108,679.174,681.418,5679300,3869977247.4
2026-07-20,VOO,684.909,686.435,679.822,680.46,5360300,3647469738.0
2026-07-21,VOO,684.191,686.724,682.276,686.106,4075500,2796225003.0
2026-07-22,VOO,684.53,687.632,684.261,685.268,3418300,2342451604.4
2026-07-23,VOO,677.807,680.799,674.027,676.87,4983100,3372910897.0
2026-07-24,VOO,677.059,681.797,675.962,677.398,6311600,4275465216.8
2026-07-27,VOO,682.934,683.483,674.665,677.568,5232200,3545171289.6
2026-07-28,VOO,677.707,681.009,674.745,679.214,5090000,3457199260.0
2026-07-29,VOO,678.376,680.879,668.441,668.91,7970700,5331680937.0
2026-07-30,VOO,674.805,680.69,673.478,680.041,6094800,4144713886.8
2026-07-31,VOO,682.744,686.585,676.321,684.889,7715400,5284192590.6
2026-08-03,VOO,687.063,695.522,686.844,694.614,7283200,5059012684.8
2026-08-04,VOO,697.367,709.087,697.277,707.162,6566400,4643508556.8
2026-08-05,VOO,711.311,712.328,705.506,705.785,5225700,3688220674.5
2026-08-06,VOO,706.114,707.64,703.621,704.588,4668700,3289509995.6
2026-08-07,VOO,706.912,709.546,705.626,708.887,4653100,3298522099.7
2026-08-10,VOO,708.488,710.613,707.68,708.827,6689300,4741556451.1
2026-08-11,VOO,710.134,710.174,705.187,706.603,5169300,3652642887.9
2026-08-12,VOO,710.294,710.433,707.112,708.349,4919100,3484439565.9
2026-08-13,VOO,710.473,714.553,709.785,713.116,4590000,3273202440.0
2026-08-14,VOO,713.795,714.054,710.972,711.78,4236400,3015384792.0
2026-08-17,VOO,711.67,712.219,708.279,708.448,5745000,4070033760.0
2026-08-18,VOO,704.798,705.536,703.152,703.591,5278600,3713975452.6
2026-08-19,VOO,706.374,708.279,704.289,705.097,7021800,4951050114.6
2026-08-20,VOO,702.244,704.269,698.673,699.212,8458600,5914354623.2
2026-08-21,VOO,702.264,703.99,700.638,701.905,10712800,7519367884.0
2026-08-24,VOO,701.167,701.586,698.733,700.03,7727600,5409551828.0
2026-08-25,VOO,702.484,703.032,699.651,702.214,4315600,3030474738.4
2026-08-26,VOO,701.097,703.511,700.429,702.394,7157800,5027595773.2
2026-08-27,VOO,704.578,708.139,703.401,706.932,6745700,4768751192.4
2026-08-28,VOO,707.571,710.842,704.449,705.426,8084500,5703016497.0
2026-08-31,VOO,703.551,704.129,701.157,703.082,5733400,4031050338.8
2026-09-01,VOO,698.654,701.107,696.349,698.484,6486900,4530995859.6
2026-09-02,VOO,699.052,702.723,698.384,701.606,7742300,5432044133.8
2026-09-03,VOO,704.01,709.695,703.701,708.897,8585400,6086164303.8
2026-09-04,VOO,707.9,708.628,705.087,706.194,6806600,4806780080.4
2026-09-08,VOO,705.167,705.695,701.566,702.264,7827600,5497041686.4
2026-09-09,VOO,700.549,700.908,697.696,699.072,4293300,3001325817.6
2026-09-10,VOO,694.993,696.848,693.756,694.863,18313400,12725304064.2
2026-09-11,VOO,701.197,702.693,700.13,700.758,5792000,4058790336.0
2026-09-14,VOO,695.99,700.05,694.933,697.506,6801300,4743947557.8
2026-09-15,VOO,696.978,697.147,693.307,694.414,9657900,6706580970.6
2026-09-16,VOO,696.379,698.304,687.273,691.462,14168400,9796910200.8
2026-09-17,VOO,699.801,700.08,696.818,699.232,9903400,6924774188.8
2026-09-18,VOO,699.781,700.389,696.709,699.98,9586400,6710288272.0
2026-09-21,VOO,704.379,712.249,704.149,710.952,8859800,6298892529.6
2026-09-22,VOO,711.451,712.468,710.154,710.952,20719800,14730783249.6
2026-09-23,VOO,710.314,710.553,704.548,705.785,13808900,9746114486.5
2026-09-24,VOO,702.264,706.773,701.546,705.177,9419700,6642555786.9
2026-09-25,VOO,706.623,709.825,704.369,708.967,5462300,3872590444.1
2026-09-28,VOO,706.29,707.33,701.97,703.61,8539400,6008407234.0
2026-09-29,VOO,704.82,705.0,700.74,702.46,7643300,5369112518.0
2026-09-30,VOO,704.58,707.2,700.56,700.86,9876100,6921763446.0
2026-10-01,VOO,702.56,703.73,697.47,702.35,8433700,5923409195.0
2026-10-02,VOO,708.31,710.2,705.12,707.54,6607300,4674929042.0
2026-10-05,VOO,707.44,713.86,707.42,712.32,6163600,4390455552.0
2026-10-06,VOO,715.21,718.47,715.09,716.2,4568400,3271888080.0
2026-10-07,VOO,713.06,715.06,711.06,714.34,4666900,3333753346.0
2026-10-08,VOO,712.25,714.27,709.55,709.57,2362489,1676351319.73
